Acre;;;;;;;;;;;;;;;;;;;;;;;;;;;;;;;;;;;;;;;;;;;;;;;;;;;
Dados;;;;;;;;;;;;;;;;;;;;;;;;;;;;;;;;;;;;;;;;;;;;;;;;;;;
Ano;População total;Homens;Mulheres;Nascimentos;Óbitos;Taxa de Crescimento Geométrico;Taxa Bruta de Natalidade;Taxa Bruta de Mortalidade;Esperança de Vida ao Nascer;Esperança de Vida ao Nascer - Homens;Esperança de Vida ao Nascer - Mulheres;Taxa de Mortalidade Infantil;Taxa de Mortalidade Infantil - Homens;Taxa de Mortalidade Infantil - Mulheres;Taxa de Fecundidade Total;Razão de Dependência - Jovens 0 a 14 anos;Razão de Dependência - Idosos 65 ou mais anos;Razão de Dependência;Índice de Envelhecimento;;;;;;;;;;;;;;;;;;;;;;;;;;;;;;;;
2010;765325;384406;380919;16489;3899;x;21.55;5.09;71.68;68.46;75.4;22.08;24.17;19.88;2.45;59.25;6.97;66.22;11.8;;;;;;;;;;;;;;;;;;;;;;;;;;;;;;;;
2011;778499;390823;387676;18278;3903;1.72;23.48;5.01;72.11;68.87;75.8;21.03;22.99;18.96;2.67;57.64;7.03;64.67;12.29;;;;;;;;;;;;;;;;;;;;;;;;;;;;;;;;
2012;792045;397432;394613;17247;3921;1.74;21.78;4.95;72.51;69.27;76.19;20.06;21.92;18.11;2.47;56.06;7.09;63.15;12.5;;;;;;;;;;;;;;;;;;;;;;;;;;;;;;;;
2013;805014;403747;401267;17142;3930;1.64;21.29;4.88;72.89;69.66;76.56;19.18;20.93;17.34;2.41;54.34;7.16;61.5;13.1;;;;;;;;;;;;;;;;;;;;;;;;;;;;;;;;
2014;818273;410212;408061;17857;3961;1.65;21.82;4.84;73.26;70.02;76.9;18.37;20.03;16.62;2.46;52.7;7.25;59.94;13.68;;;;;;;;;;;;;;;;;;;;;;;;;;;;;;;;
2015;831665;416747;414918;17461;3995;1.64;21;4.8;73.61;70.37;77.23;17.63;19.21;15.97;2.37;51.14;7.35;58.48;14.24;;;;;;;;;;;;;;;;;;;;;;;;;;;;;;;;
2016;844137;422813;421324;16068;4019;1.5;19.03;4.76;73.94;70.7;77.54;16.95;18.46;15.37;2.15;49.41;7.47;56.88;15.24;;;;;;;;;;;;;;;;;;;;;;;;;;;;;;;;
2017;856457;428803;427654;17213;4061;1.46;20.1;4.74;74.25;71.01;77.83;16.34;17.78;14.83;2.26;47.74;7.6;55.34;15.96;;;;;;;;;;;;;;;;;;;;;;;;;;;;;;;;
2018;869265;435044;434221;17136;4122;1.5;19.71;4.74;74.55;71.31;78.1;15.78;17.16;14.33;2.22;46.26;7.75;54.02;16.67;;;;;;;;;;;;;;;;;;;;;;;;;;;;;;;;
2019;881935;441216;440719;17047;4178;1.46;19.33;4.74;74.83;71.6;78.36;15.27;16.6;13.88;2.18;44.96;7.92;52.89;17.69;;;;;;;;;;;;;;;;;;;;;;;;;;;;;;;;
2020;894470;447320;447150;16975;4240;1.42;18.98;4.74;75.09;71.87;78.6;14.81;16.09;13.48;2.14;43.66;8.1;51.76;18.4;;;;;;;;;;;;;;;;;;;;;;;;;;;;;;;;
2021;906876;453359;453517;16912;4312;1.39;18.65;4.75;75.33;72.12;78.83;14.4;15.63;13.11;2.1;42.4;8.29;50.69;19.57;;;;;;;;;;;;;;;;;;;;;;;;;;;;;;;;
2022;919145;459329;459816;16839;4388;1.35;18.32;4.77;75.57;72.36;79.04;14.02;15.22;12.77;2.07;41.29;8.5;49.79;20.65;;;;;;;;;;;;;;;;;;;;;;;;;;;;;;;;
2023;931268;465226;466042;16774;4474;1.32;18.01;4.8;75.78;72.59;79.24;13.69;14.84;12.47;2.04;40.21;8.72;48.93;21.85;;;;;;;;;;;;;;;;;;;;;;;;;;;;;;;;
2024;943235;471044;472191;16692;4564;1.29;17.7;4.84;75.99;72.8;79.43;13.38;14.51;12.2;2.01;39.27;8.96;48.23;22.64;;;;;;;;;;;;;;;;;;;;;;;;;;;;;;;;
2025;955012;476766;478246;16570;4660;1.25;17.35;4.88;76.18;73.01;79.61;13.1;14.2;11.95;1.99;38.63;9.21;47.85;23.75;;;;;;;;;;;;;;;;;;;;;;;;;;;;;;;;
2026;966579;482382;484197;16463;4762;1.21;17.03;4.93;76.37;73.2;79.77;12.86;13.93;11.73;1.97;37.96;9.47;47.44;24.9;;;;;;;;;;;;;;;;;;;;;;;;;;;;;;;;
2027;977945;487896;490049;16372;4874;1.18;16.74;4.98;76.54;73.38;79.93;12.63;13.68;11.53;1.95;37.23;9.73;46.96;26.09;;;;;;;;;;;;;;;;;;;;;;;;;;;;;;;;
2028;989104;493306;495798;16268;4991;1.14;16.45;5.05;76.7;73.55;80.07;12.43;13.46;11.35;1.93;36.62;10.01;46.63;27.2;;;;;;;;;;;;;;;;;;;;;;;;;;;;;;;;
2029;1000048;498606;501442;16174;5115;1.11;16.17;5.11;76.85;73.71;80.2;12.25;13.26;11.19;1.91;35.97;10.3;46.27;28.46;;;;;;;;;;;;;;;;;;;;;;;;;;;;;;;;
2030;1010772;503795;506977;16070;5244;1.07;15.9;5.19;76.99;73.85;80.33;12.09;13.08;11.04;1.89;35.31;10.62;45.92;30.17;;;;;;;;;;;;;;;;;;;;;;;;;;;;;;;;
2031;1021247;508858;512389;15938;5380;1.04;15.61;5.27;77.12;74;80.45;11.94;12.91;10.91;1.88;34.83;10.97;45.8;31.38;;;;;;;;;;;;;;;;;;;;;;;;;;;;;;;;
2032;1031453;513785;517668;15810;5521;1;15.33;5.35;77.24;74.13;80.56;11.81;12.77;10.8;1.87;34.38;11.35;45.73;33.05;;;;;;;;;;;;;;;;;;;;;;;;;;;;;;;;
2033;1041392;518577;522815;15693;5670;0.96;15.07;5.44;77.36;74.25;80.66;11.69;12.64;10.69;1.86;33.83;11.75;45.58;34.91;;;;;;;;;;;;;;;;;;;;;;;;;;;;;;;;
2034;1051065;523235;527830;15583;5826;0.93;14.83;5.54;77.47;74.37;80.75;11.58;12.52;10.6;1.85;33.31;12.16;45.46;36.68;;;;;;;;;;;;;;;;;;;;;;;;;;;;;;;;
2035;1060470;527757;532713;15473;5985;0.89;14.59;5.64;77.57;74.48;80.84;11.49;12.42;10.51;1.84;32.8;12.57;45.38;38.05;;;;;;;;;;;;;;;;;;;;;;;;;;;;;;;;
2036;1069591;532134;537457;15342;6154;0.86;14.34;5.75;77.66;74.58;80.92;11.4;12.32;10.44;1.83;32.31;13;45.31;40.09;;;;;;;;;;;;;;;;;;;;;;;;;;;;;;;;
2037;1078410;536358;542052;15211;6326;0.82;14.11;5.87;77.75;74.67;81;11.33;12.24;10.37;1.82;31.83;13.43;45.26;42.01;;;;;;;;;;;;;;;;;;;;;;;;;;;;;;;;
2038;1086926;540428;546498;15085;6505;0.79;13.88;5.98;77.84;74.76;81.07;11.26;12.16;10.31;1.81;31.37;13.88;45.25;44.44;;;;;;;;;;;;;;;;;;;;;;;;;;;;;;;;
2039;1095137;544343;550794;14967;6693;0.76;13.67;6.11;77.91;74.84;81.14;11.2;12.09;10.25;1.81;30.93;14.35;45.28;46.48;;;;;;;;;;;;;;;;;;;;;;;;;;;;;;;;
2040;1103044;548104;554940;14857;6884;0.72;13.47;6.24;77.98;74.92;81.2;11.14;12.03;10.2;1.8;30.51;14.87;45.38;48.57;;;;;;;;;;;;;;;;;;;;;;;;;;;;;;;;
2041;1110642;551708;558934;14739;7080;0.69;13.27;6.37;78.05;75;81.26;11.09;11.98;10.16;1.8;30.12;15.42;45.54;51.21;;;;;;;;;;;;;;;;;;;;;;;;;;;;;;;;
2042;1117921;555151;562770;14618;7285;0.66;13.08;6.52;78.11;75.06;81.31;11.04;11.93;10.12;1.79;29.74;16.01;45.75;53.92;;;;;;;;;;;;;;;;;;;;;;;;;;;;;;;;
2043;1124876;558430;566446;14503;7493;0.62;12.89;6.66;78.17;75.13;81.36;11.01;11.88;10.08;1.79;29.39;16.62;46.01;56.72;;;;;;;;;;;;;;;;;;;;;;;;;;;;;;;;
2044;1131507;561545;569962;14394;7707;0.59;12.72;6.81;78.22;75.19;81.41;10.97;11.84;10.05;1.78;29.06;17.26;46.32;59.3;;;;;;;;;;;;;;;;;;;;;;;;;;;;;;;;
2045;1137820;564499;573321;14297;7926;0.56;12.57;6.97;78.28;75.24;81.45;10.94;11.81;10.02;1.78;28.74;17.91;46.65;62.24;;;;;;;;;;;;;;;;;;;;;;;;;;;;;;;;
2046;1143815;567293;576522;14203;8150;0.53;12.42;7.13;78.32;75.3;81.49;10.91;11.78;10;1.78;28.44;18.58;47.02;65.28;;;;;;;;;;;;;;;;;;;;;;;;;;;;;;;;
2047;1149489;569925;579564;14107;8377;0.5;12.27;7.29;78.37;75.34;81.53;10.89;11.75;9.97;1.77;28.17;19.27;47.44;68.59;;;;;;;;;;;;;;;;;;;;;;;;;;;;;;;;
2048;1154836;572393;582443;14010;8610;0.47;12.13;7.46;78.41;75.39;81.56;10.86;11.72;9.95;1.77;27.91;19.96;47.87;71.43;;;;;;;;;;;;;;;;;;;;;;;;;;;;;;;;
2049;1159852;574695;585157;13914;8847;0.43;12;7.63;78.45;75.43;81.59;10.84;11.7;9.93;1.77;27.66;20.65;48.31;74.73;;;;;;;;;;;;;;;;;;;;;;;;;;;;;;;;
2050;1164538;576832;587706;13830;9092;0.4;11.88;7.81;78.48;75.47;81.62;10.82;11.68;9.92;1.77;27.42;21.31;48.73;77.72;;;;;;;;;;;;;;;;;;;;;;;;;;;;;;;;
2051;1168898;578806;590092;13753;9338;0.37;11.77;7.99;78.52;75.51;81.65;10.8;11.66;9.9;1.76;27.19;21.95;49.14;80.77;;;;;;;;;;;;;;;;;;;;;;;;;;;;;;;;
2052;1172928;580616;592312;13669;9590;0.34;11.65;8.18;78.55;75.54;81.68;10.79;11.64;9.89;1.76;26.97;22.57;49.54;83.89;;;;;;;;;;;;;;;;;;;;;;;;;;;;;;;;
2053;1176619;582257;594362;13582;9845;0.31;11.54;8.37;78.58;75.57;81.7;10.78;11.63;9.88;1.76;26.77;23.17;49.94;86.59;;;;;;;;;;;;;;;;;;;;;;;;;;;;;;;;
2054;1179964;583726;596238;13490;10103;0.28;11.43;8.56;78.6;75.6;81.72;10.76;11.62;9.87;1.76;26.58;23.77;50.35;89.27;;;;;;;;;;;;;;;;;;;;;;;;;;;;;;;;
2055;1182957;585021;597936;13397;10364;0.25;11.33;8.76;78.63;75.63;81.74;10.75;11.6;9.86;1.76;26.41;24.38;50.78;92.57;;;;;;;;;;;;;;;;;;;;;;;;;;;;;;;;
2056;1185600;586145;599455;13315;10628;0.22;11.23;8.96;78.65;75.66;81.76;10.74;11.59;9.85;1.76;26.25;24.99;51.24;94.83;;;;;;;;;;;;;;;;;;;;;;;;;;;;;;;;
2057;1187895;587099;600796;13230;10893;0.19;11.14;9.17;78.67;75.68;81.78;10.73;11.58;9.84;1.76;26.1;25.62;51.72;98.26;;;;;;;;;;;;;;;;;;;;;;;;;;;;;;;;
2058;1189835;587880;601955;13136;11157;0.16;11.04;9.38;78.69;75.71;81.8;10.72;11.58;9.83;1.75;25.97;26.26;52.23;100.58;;;;;;;;;;;;;;;;;;;;;;;;;;;;;;;;
2059;1191419;588488;602931;13041;11419;0.13;10.95;9.58;78.71;75.73;81.81;10.72;11.57;9.83;1.75;25.86;26.93;52.79;104.14;;;;;;;;;;;;;;;;;;;;;;;;;;;;;;;;
2060;1192647;588924;603723;12947;11679;0.1;10.86;9.79;78.73;75.75;81.83;10.71;11.56;9.82;1.75;25.77;27.65;53.42;107.14;;;;;;;;;;;;;;;;;;;;;;;;;;;;;;;;
Faixas etárias;;;;;;;;;;;;;;;;;;;;;;;;;;;;;;;;;;;;;;;;;;;;;;;;;;;
Total;;;;;;;;;;;;;;;;;;;;;;;;;;;;;;;;;;;;;;;;;;;;;;;;;;;
Faixa/Ano;2010;2011;2012;2013;2014;2015;2016;2017;2018;2019;2020;2021;2022;2023;2024;2025;2026;2027;2028;2029;2030;2031;2032;2033;2034;2035;2036;2037;2038;2039;2040;2041;2042;2043;2044;2045;2046;2047;2048;2049;2050;2051;2052;2053;2054;2055;2056;2057;2058;2059;2060
Total;765325;778499;792045;805014;818273;831665;844137;856457;869265;881935;894470;906876;919145;931268;943235;955012;966579;977945;989104;1000048;1010772;1021247;1031453;1041392;1051065;1060470;1069591;1078410;1086926;1095137;1103044;1110642;1117921;1124876;1131507;1137820;1143815;1149489;1154836;1159852;1164538;1168898;1172928;1176619;1179964;1182957;1185600;1187895;1189835;1191419;1192647
0-4;90458;88578;87495;85792;84870;85420;84882;83850;83908;83568;82983;83214;83493;83169;82857;82517;82130;81705;81251;80771;80294;79809;79289;78740;78177;77602;77021;76441;75852;75254;74653;74055;73468;72895;72326;71770;71230;70715;70221;69745;69277;68827;68391;67962;67543;67121;66691;66258;65818;65379;64937
05/set;93501;93418;92835;92365;91870;89829;87963;86896;85208;84300;84864;84343;83323;83389;83061;82488;82727;83019;82708;82403;82070;81692;81276;80829;80356;79879;79399;78880;78334;77775;77200;76622;76046;75455;74859;74261;73665;73080;72509;71939;71385;70845;70330;69842;69364;68895;68447;68013;67587;67167;66745
out/14;88826;90507;91818;92691;92861;93095;93025;92452;91992;91501;89474;87618;86557;84882;83980;84549;84037;83022;83094;82775;82207;82452;82747;82440;82138;81808;81432;81015;80571;80098;79625;79145;78627;78082;77527;76951;76374;75800;75209;74614;74019;73425;72840;72269;71700;71148;70609;70092;69608;69128;68659
15-19;77966;79882;82048;84311;86429;88239;89930;91248;92130;92314;92557;92500;91946;91498;91018;89005;87166;86120;84456;83567;84144;83639;82632;82710;82398;81837;82083;82381;82074;81779;81450;81076;80665;80224;79754;79282;78807;78292;77750;77198;76625;76051;75480;74890;74300;73707;73112;72531;71961;71394;70844
20-24;71232;71954;72890;74068;75502;77186;79106;81274;83539;85661;87475;89173;90497;91392;91590;91849;91804;91266;90835;90370;88378;86557;85528;83883;83004;83585;83087;82090;82177;81868;81315;81565;81863;81561;81269;80947;80577;80170;79733;79267;78800;78328;77818;77281;76731;76161;75596;75023;74436;73851;73263
25-29;68276;69008;69415;69652;69952;70477;71212;72163;73352;74790;76480;78398;80568;82828;84953;86766;88465;89795;90698;90906;91176;91145;90618;90200;89747;87776;85972;84956;83325;82458;83039;82548;81559;81652;81347;80802;81054;81353;81057;80768;80450;80081;79679;79247;78786;78324;77851;77351;76817;76272;75703
30-34;59860;61778;63572;65175;66516;67562;68305;68726;68978;69296;69833;70580;71538;72734;74171;75864;77780;79942;82194;84315;86125;87820;89151;90057;90273;90546;90526;90011;89603;89157;87207;85422;84418;82799;81944;82524;82040;81059;81155;80856;80318;80572;80874;80578;80294;79979;79615;79219;78789;78332;77874
35-39;48387;50297;52439;54705;56928;58985;60905;62699;64307;65654;66708;67465;67899;68169;68499;69048;69802;70771;71971;73404;75098;77008;79162;81404;83517;85323;87011;88340;89246;89469;89743;89732;89226;88832;88392;86460;84694;83703;82099;81254;81832;81358;80382;80483;80187;79658;79912;80212;79919;79640;79330
40-44;40437;41878;43181;44457;45882;47564;49466;51601;53854;56070;58117;60030;61820;63424;64772;65830;66594;67035;67316;67659;68212;68974;69946;71145;72571;74259;76157;78295;80524;82619;84416;86092;87416;88315;88543;88822;88816;88320;87934;87505;85591;83845;82869;81284;80452;81025;80559;79594;79696;79405;78884
45-49;31885;33227;34768;36425;38062;39590;41023;42318;43591;45005;46681;48564;50679;52910;55106;57132;59026;60803;62398;63736;64791;65553;65999;66288;66638;67193;67957;68926;70115;71533;73206;75081;77198;79401;81472;83247;84904;86216;87109;87335;87615;87614;87131;86754;86335;84446;82727;81768;80213;79396;79964
50-54;26250;27114;27944;28799;29773;30927;32255;33774;35405;37021;38523;39942;41222;42483;43879;45533;47392;49474;51667;53830;55826;57693;59444;61017;62337;63382;64139;64587;64881;65235;65788;66550;67505;68682;70080;71727;73569;75647;77813;79847;81592;83221;84510;85390;85611;85894;85898;85428;85062;84653;82798
55-59;20718;21553;22411;23282;24149;25017;25869;26691;27537;28493;29628;30926;32413;34003;35582;37048;38436;39690;40929;42297;43908;45726;47756;49892;52002;53946;55766;57473;59009;60302;61322;62066;62510;62804;63159;63707;64457;65394;66544;67910;69511;71305;73327;75432;77411;79102;80684;81937;82795;83012;83290
60-64;15415;16061;16795;17591;18408;19213;20024;20856;21702;22550;23392;24222;25023;25845;26774;27873;29126;30556;32084;33602;35015;36348;37560;38754;40074;41624;43373;45324;47373;49391;51259;53004;54645;56120;57362;58343;59063;59495;59782;60132;60670;61394;62299;63402;64716;66255;67974;69909;71919;73810;75426
65-69;11769;12213;12619;13023;13481;14017;14634;15337;16090;16867;17635;18407;19196;20003;20810;21610;22399;23165;23946;24828;25871;27058;28405;29851;31278;32614;33871;35015;36147;37397;38862;40511;42350;44281;46182;47941;49584;51132;52527;53694;54618;55300;55709;55989;56320;56834;57520;58380;59420;60658;62109
70-74;8188;8548;8966;9421;9870;10305;10719;11097;11481;11905;12405;12977;13626;14321;15036;15746;16461;17186;17933;18677;19414;20137;20845;21566;22379;23340;24431;25667;26989;28296;29514;30667;31712;32752;33900;35247;36761;38442;40208;41948;43555;45056;46468;47744;48808;49649;50274;50643;50903;51208;51684
75-79;5580;5727;5899;6097;6337;6619;6944;7318;7719;8116;8499;8864;9198;9539;9914;10355;10854;11424;12029;12655;13273;13900;14534;15183;15837;16477;17107;17724;18353;19060;19902;20851;21926;23071;24202;25256;26252;27158;28058;29058;30235;31551;33012;34538;36045;37435;38728;39948;41049;41967;42687
80-84;3621;3693;3768;3855;3955;4070;4203;4351;4526;4726;4963;5227;5533;5860;6179;6488;6785;7052;7330;7634;7992;8397;8857;9343;9846;10342;10844;11356;11878;12407;12917;13423;13919;14424;14993;15670;16433;17297;18213;19112;19949;20743;21464;22186;22989;23934;24990;26162;27381;28582;29687
85-89;1814;1931;2019;2089;2152;2216;2276;2343;2415;2499;2587;2692;2805;2933;3084;3253;3442;3664;3896;4121;4341;4547;4736;4934;5152;5408;5697;6022;6367;6721;7068;7421;7785;8153;8526;8885;9239;9587;9943;10349;10827;11366;11979;12620;13248;13829;14383;14884;15390;15957;16628
90+;1142;1132;1163;1216;1276;1334;1396;1463;1531;1599;1666;1734;1809;1886;1970;2058;2153;2256;2369;2498;2637;2792;2968;3156;3341;3529;3718;3907;4108;4318;4558;4811;5083;5373;5670;5978;6296;6629;6972;7321;7669;8016;8366;8728;9124;9561;10030;10543;11072;11608;12135
Homens;;;;;;;;;;;;;;;;;;;;;;;;;;;;;;;;;;;;;;;;;;;;;;;;;;;
Faixa/Ano;2010;2011;2012;2013;2014;2015;2016;2017;2018;2019;2020;2021;2022;2023;2024;2025;2026;2027;2028;2029;2030;2031;2032;2033;2034;2035;2036;2037;2038;2039;2040;2041;2042;2043;2044;2045;2046;2047;2048;2049;2050;2051;2052;2053;2054;2055;2056;2057;2058;2059;2060
Total;384406;390823;397432;403747;410212;416747;422813;428803;435044;441216;447320;453359;459329;465226;471044;476766;482382;487896;493306;498606;503795;508858;513785;518577;523235;527757;532134;536358;540428;544343;548104;551708;555151;558430;561545;564499;567293;569925;572393;574695;576832;578806;580616;582257;583726;585021;586145;587099;587880;588488;588924
0-4;46211;45272;44737;43880;43420;43707;43435;42910;42943;42772;42476;42595;42740;42575;42416;42243;42047;41831;41599;41353;41110;40862;40596;40316;40028;39734;39437;39141;38840;38534;38227;37921;37622;37329;37037;36753;36477;36214;35961;35718;35479;35249;35025;34805;34590;34374;34154;33934;33708;33484;33258
05/set;47692;47644;47345;47113;46873;45852;44921;44395;43546;43093;43387;43126;42607;42645;42482;42194;42316;42468;42311;42156;41988;41796;41585;41356;41115;40871;40627;40360;40082;39797;39503;39208;38913;38611;38307;38001;37696;37397;37107;36814;36530;36255;35992;35742;35499;35260;35030;34806;34589;34373;34157
out/14;45015;45944;46659;47128;47227;47351;47311;47020;46797;46560;45549;44626;44104;43265;42816;43114;42860;42345;42389;42233;41949;42077;42232;42078;41924;41760;41569;41357;41130;40889;40646;40402;40136;39859;39576;39282;38987;38693;38390;38087;37783;37478;37181;36892;36598;36315;36042;35777;35528;35284;35045
15-19;38932;39970;41177;42454;43647;44657;45591;46310;46783;46891;47019;46987;46709;46492;46263;45261;44349;43837;43006;42565;42865;42616;42108;42155;42005;41725;41854;42012;41858;41708;41546;41356;41148;40923;40683;40442;40201;39938;39662;39381;39090;38797;38505;38202;37903;37601;37295;37001;36713;36420;36138
20-24;35637;35981;36398;36929;37622;38495;39534;40739;42013;43207;44217;45152;45873;46354;46468;46606;46583;46315;46105;45887;44901;43999;43496;42678;42245;42547;42302;41802;41855;41708;41434;41565;41723;41573;41427;41268;41082;40878;40655;40419;40181;39942;39682;39411;39131;38843;38556;38264;37963;37668;37369
25-29;33794;34213;34487;34681;34883;35163;35515;35941;36479;37173;38048;39085;40288;41557;42751;43758;44691;45414;45902;46021;46164;46151;45891;45691;45479;44509;43620;43126;42318;41894;42196;41957;41463;41520;41376;41108;41241;41398;41254;41109;40953;40769;40569;40349;40117;39881;39643;39388;39121;38843;38558
30-34;29499;30412;31290;32093;32788;33347;33773;34054;34257;34470;34758;35117;35548;36089;36781;37657;38691;39888;41147;42337;43340;44271;44993;45481;45607;45753;45747;45496;45303;45097;44141;43266;42781;41983;41567;41869;41634;41146;41206;41066;40803;40938;41097;40954;40812;40659;40478;40283;40063;39836;39602
35-39;24141;25026;25999;27023;28034;28991;29902;30780;31584;32280;32843;33274;33563;33777;33998;34292;34655;35091;35634;36322;37198;38226;39415;40666;41848;42846;43773;44493;44982;45112;45261;45261;45017;44833;44632;43690;42829;42353;41565;41157;41458;41230;40745;40808;40671;40414;40549;40708;40568;40428;40278
40-44;20194;20879;21511;22134;22819;23612;24492;25459;26474;27480;28431;29338;30211;31011;31708;32272;32705;32999;33220;33449;33746;34112;34551;35094;35778;36650;37669;38846;40086;41256;42245;43164;43881;44365;44500;44651;44654;44419;44241;44048;43118;42271;41806;41031;40634;40931;40709;40231;40295;40162;39912
45-49;15967;16611;17338;18115;18881;19599;20278;20905;21528;22207;22995;23863;24819;25821;26814;27753;28650;29514;30309;30998;31560;31992;32289;32516;32749;33047;33415;33854;34392;35070;35933;36936;38097;39318;40470;41444;42351;43058;43538;43673;43825;43831;43605;43435;43247;42334;41507;41053;40298;39912;40204
50-54;13047;13468;13884;14314;14798;15359;15993;16707;17468;18221;18924;19596;20214;20829;21497;22271;23125;24062;25042;26018;26938;27819;28667;29448;30126;30683;31110;31406;31636;31871;32167;32534;32965;33497;34163;35009;35990;37127;38321;39447;40402;41289;41981;42453;42585;42741;42747;42530;42367;42185;41296
55-59;10348;10725;11114;11514;11920;12332;12746;13155;13578;14051;14600;15215;15909;16647;17378;18061;18715;19318;19919;20569;21319;22149;23058;24007;24954;25845;26700;27523;28281;28941;29482;29900;30192;30419;30652;30945;31305;31724;32244;32890;33709;34661;35761;36914;38003;38922;39781;40450;40907;41037;41189
60-64;7812;8121;8454;8804;9164;9521;9885;10260;10645;11039;11434;11835;12230;12636;13093;13619;14207;14868;15571;16270;16921;17545;18124;18697;19320;20034;20826;21693;22596;23495;24345;25158;25942;26665;27294;27810;28211;28494;28712;28940;29223;29569;29971;30465;31083;31864;32768;33813;34907;35939;36811
65-69;5830;6049;6269;6498;6742;7011;7303;7617;7944;8284;8620;8962;9314;9677;10048;10419;10794;11167;11548;11975;12470;13020;13633;14291;14938;15548;16129;16669;17205;17787;18453;19191;19999;20838;21675;22464;23220;23950;24626;25210;25691;26065;26330;26539;26752;27020;27345;27722;28182;28756;29484
70-74;4138;4259;4405;4571;4752;4944;5143;5345;5557;5776;6023;6288;6572;6868;7173;7478;7790;8106;8436;8771;9105;9441;9780;10124;10510;10956;11450;11999;12588;13167;13711;14232;14713;15196;15717;16318;16979;17700;18448;19197;19900;20575;21226;21830;22352;22780;23116;23352;23542;23736;23978
75-79;2852;2884;2932;2992;3068;3160;3268;3396;3540;3696;3860;4029;4201;4383;4570;4779;5001;5243;5489;5748;6003;6267;6532;6809;7094;7372;7655;7940;8228;8551;8928;9340;9799;10288;10770;11220;11654;12055;12456;12891;13398;13950;14550;15169;15790;16374;16932;17473;17973;18407;18760
80-84;1852;1873;1890;1911;1933;1960;1994;2036;2089;2151;2227;2313;2412;2524;2644;2770;2901;3031;3173;3315;3476;3646;3832;4018;4215;4410;4609;4813;5025;5243;5452;5668;5887;6106;6353;6641;6953;7302;7673;8035;8371;8699;9003;9309;9639;10022;10440;10896;11363;11831;12271
85-89;923;970;1003;1027;1048;1070;1088;1107;1127;1148;1169;1195;1229;1267;1312;1363;1421;1489;1564;1643;1728;1813;1898;1994;2087;2194;2307;2428;2551;2681;2808;2939;3073;3212;3356;3493;3634;3778;3921;4087;4276;4482;4712;4952;5188;5407;5619;5815;6015;6232;6485
90+;522;522;540;566;593;616;641;667;692;717;740;763;786;809;832;856;881;910;942;976;1014;1056;1105;1158;1213;1273;1335;1400;1472;1542;1626;1710;1800;1895;1990;2091;2195;2301;2413;2526;2642;2756;2875;2997;3132;3279;3434;3603;3778;3955;4129
Mulheres;;;;;;;;;;;;;;;;;;;;;;;;;;;;;;;;;;;;;;;;;;;;;;;;;;;
Faixa/Ano;2010;2011;2012;2013;2014;2015;2016;2017;2018;2019;2020;2021;2022;2023;2024;2025;2026;2027;2028;2029;2030;2031;2032;2033;2034;2035;2036;2037;2038;2039;2040;2041;2042;2043;2044;2045;2046;2047;2048;2049;2050;2051;2052;2053;2054;2055;2056;2057;2058;2059;2060
Total;380919;387676;394613;401267;408061;414918;421324;427654;434221;440719;447150;453517;459816;466042;472191;478246;484197;490049;495798;501442;506977;512389;517668;522815;527830;532713;537457;542052;546498;550794;554940;558934;562770;566446;569962;573321;576522;579564;582443;585157;587706;590092;592312;594362;596238;597936;599455;600796;601955;602931;603723
0-4;44247;43306;42758;41912;41450;41713;41447;40940;40965;40796;40507;40619;40753;40594;40441;40274;40083;39874;39652;39418;39184;38947;38693;38424;38149;37868;37584;37300;37012;36720;36426;36134;35846;35566;35289;35017;34753;34501;34260;34027;33798;33578;33366;33157;32953;32747;32537;32324;32110;31895;31679
05/set;45809;45774;45490;45252;44997;43977;43042;42501;41662;41207;41477;41217;40716;40744;40579;40294;40411;40551;40397;40247;40082;39896;39691;39473;39241;39008;38772;38520;38252;37978;37697;37414;37133;36844;36552;36260;35969;35683;35402;35125;34855;34590;34338;34100;33865;33635;33417;33207;32998;32794;32588
out/14;43811;44563;45159;45563;45634;45744;45714;45432;45195;44941;43925;42992;42453;41617;41164;41435;41177;40677;40705;40542;40258;40375;40515;40362;40214;40048;39863;39658;39441;39209;38979;38743;38491;38223;37951;37669;37387;37107;36819;36527;36236;35947;35659;35377;35102;34833;34567;34315;34080;33844;33614
15-19;39034;39912;40871;41857;42782;43582;44339;44938;45347;45423;45538;45513;45237;45006;44755;43744;42817;42283;41450;41002;41279;41023;40524;40555;40393;40112;40229;40369;40216;40071;39904;39720;39517;39301;39071;38840;38606;38354;38088;37817;37535;37254;36975;36688;36397;36106;35817;35530;35248;34974;34706
20-24;35595;35973;36492;37139;37880;38691;39572;40535;41526;42454;43258;44021;44624;45038;45122;45243;45221;44951;44730;44483;43477;42558;42032;41205;40759;41038;40785;40288;40322;40160;39881;40000;40140;39988;39842;39679;39495;39292;39078;38848;38619;38386;38136;37870;37600;37318;37040;36759;36473;36183;35894
25-29;34482;34795;34928;34971;35069;35314;35697;36222;36873;37617;38432;39313;40280;41271;42202;43008;43774;44381;44796;44885;45012;44994;44727;44509;44268;43267;42352;41830;41007;40564;40843;40591;40096;40132;39971;39694;39813;39955;39803;39659;39497;39312;39110;38898;38669;38443;38208;37963;37696;37429;37145
30-34;30361;31366;32282;33082;33728;34215;34532;34672;34721;34826;35075;35463;35990;36645;37390;38207;39089;40054;41047;41978;42785;43549;44158;44576;44666;44793;44779;44515;44300;44060;43066;42156;41637;40816;40377;40655;40406;39913;39949;39790;39515;39634;39777;39624;39482;39320;39137;38936;38726;38496;38272
35-39;24246;25271;26440;27682;28894;29994;31003;31919;32723;33374;33865;34191;34336;34392;34501;34756;35147;35680;36337;37082;37900;38782;39747;40738;41669;42477;43238;43847;44264;44357;44482;44471;44209;43999;43760;42770;41865;41350;40534;40097;40374;40128;39637;39675;39516;39244;39363;39504;39351;39212;39052
40-44;20243;20999;21670;22323;23063;23952;24974;26142;27380;28590;29686;30692;31609;32413;33064;33558;33889;34036;34096;34210;34466;34862;35395;36051;36793;37609;38488;39449;40438;41363;42171;42928;43535;43950;44043;44171;44162;43901;43693;43457;42473;41574;41063;40253;39818;40094;39850;39363;39401;39243;38972
45-49;15918;16616;17430;18310;19181;19991;20745;21413;22063;22798;23686;24701;25860;27089;28292;29379;30376;31289;32089;32738;33231;33561;33710;33772;33889;34146;34542;35072;35723;36463;37273;38145;39101;40083;41002;41803;42553;43158;43571;43662;43790;43783;43526;43319;43088;42112;41220;40715;39915;39484;39760
50-54;13203;13646;14060;14485;14975;15568;16262;17067;17937;18800;19599;20346;21008;21654;22382;23262;24267;25412;26625;27812;28888;29874;30777;31569;32211;32699;33029;33181;33245;33364;33621;34016;34540;35185;35917;36718;37579;38520;39492;40400;41190;41932;42529;42937;43026;43153;43151;42898;42695;42468;41502
55-59;10370;10828;11297;11768;12229;12685;13123;13536;13959;14442;15028;15711;16504;17356;18204;18987;19721;20372;21010;21728;22589;23577;24698;25885;27048;28101;29066;29950;30728;31361;31840;32166;32318;32385;32507;32762;33152;33670;34300;35020;35802;36644;37566;38518;39408;40180;40903;41487;41888;41975;42101
60-64;7603;7940;8341;8787;9244;9692;10139;10596;11057;11511;11958;12387;12793;13209;13681;14254;14919;15688;16513;17332;18094;18803;19436;20057;20754;21590;22547;23631;24777;25896;26914;27846;28703;29455;30068;30533;30852;31001;31070;31192;31447;31825;32328;32937;33633;34391;35206;36096;37012;37871;38615
65-69;5939;6164;6350;6525;6739;7006;7331;7720;8146;8583;9015;9445;9882;10326;10762;11191;11605;11998;12398;12853;13401;14038;14772;15560;16340;17066;17742;18346;18942;19610;20409;21320;22351;23443;24507;25477;26364;27182;27901;28484;28927;29235;29379;29450;29568;29814;30175;30658;31238;31902;32625
70-74;4050;4289;4561;4850;5118;5361;5576;5752;5924;6129;6382;6689;7054;7453;7863;8268;8671;9080;9497;9906;10309;10696;11065;11442;11869;12384;12981;13668;14401;15129;15803;16435;16999;17556;18183;18929;19782;20742;21760;22751;23655;24481;25242;25914;26456;26869;27158;27291;27361;27472;27706
75-79;2728;2843;2967;3105;3269;3459;3676;3922;4179;4420;4639;4835;4997;5156;5344;5576;5853;6181;6540;6907;7270;7633;8002;8374;8743;9105;9452;9784;10125;10509;10974;11511;12127;12783;13432;14036;14598;15103;15602;16167;16837;17601;18462;19369;20255;21061;21796;22475;23076;23560;23927
80-84;1769;1820;1878;1944;2022;2110;2209;2315;2437;2575;2736;2914;3121;3336;3535;3718;3884;4021;4157;4319;4516;4751;5025;5325;5631;5932;6235;6543;6853;7164;7465;7755;8032;8318;8640;9029;9480;9995;10540;11077;11578;12044;12461;12877;13350;13912;14550;15266;16018;16751;17416
85-89;891;961;1016;1062;1104;1146;1188;1236;1288;1351;1418;1497;1576;1666;1772;1890;2021;2175;2332;2478;2613;2734;2838;2940;3065;3214;3390;3594;3816;4040;4260;4482;4712;4941;5170;5392;5605;5809;6022;6262;6551;6884;7267;7668;8060;8422;8764;9069;9375;9725;10143
90+;620;610;623;650;683;718;755;796;839;882;926;971;1023;1077;1138;1202;1272;1346;1427;1522;1623;1736;1863;1998;2128;2256;2383;2507;2636;2776;2932;3101;3283;3478;3680;3887;4101;4328;4559;4795;5027;5260;5491;5731;5992;6282;6596;6940;7294;7653;8006
Brasil;;;;;;;;;;;;;;;;;;;;;;;;;;;;;;;;;;;;;;;;;;;;;;;;;;;
Dados;;;;;;;;;;;;;;;;;;;;;;;;;;;;;;;;;;;;;;;;;;;;;;;;;;;
Ano;População total;Homens;Mulheres;Nascimentos;Óbitos;Taxa de Crescimento Geométrico;Taxa Bruta de Natalidade;Taxa Bruta de Mortalidade;Esperança de Vida ao Nascer;Esperança de Vida ao Nascer - Homens;Esperança de Vida ao Nascer - Mulheres;Taxa de Mortalidade Infantil;Taxa de Mortalidade Infantil - Homens;Taxa de Mortalidade Infantil - Mulheres;Taxa de Fecundidade Total;Razão de Dependência - Jovens 0 a 14 anos;Razão de Dependência - Idosos 65 ou mais anos;Razão de Dependência;Índice de Envelhecimento;;;;;;;;;;;;;;;;;;;;;;;;;;;;;;;;
2010;194890682;95513298;99377384;2939435;1240083;x;15.08;6.36;73.86;70.21;77.6;17.22;18.76;15.59;1.75;36.32;10.77;47.09;29.55;;;;;;;;;;;;;;;;;;;;;;;;;;;;;;;;
2011;196603732;96322635;100281097;2974525;1247751;0.88;15.13;6.35;74.2;70.57;77.91;16.43;17.86;14.92;1.76;35.37;10.99;46.36;30.99;;;;;;;;;;;;;;;;;;;;;;;;;;;;;;;;
2012;198314934;97132054;101182880;2953890;1258235;0.87;14.89;6.34;74.52;70.91;78.22;15.69;17.03;14.29;1.75;34.45;11.24;45.68;32.63;;;;;;;;;;;;;;;;;;;;;;;;;;;;;;;;
2013;200004188;97931331;102072857;2953178;1270306;0.85;14.77;6.35;74.84;71.25;78.51;15.02;16.27;13.7;1.74;33.56;11.51;45.07;34.2;;;;;;;;;;;;;;;;;;;;;;;;;;;;;;;;
2014;201717541;98744098;102973443;3028202;1284346;0.86;15.01;6.37;75.14;71.57;78.78;14.4;15.58;13.16;1.78;32.78;11.81;44.59;36.12;;;;;;;;;;;;;;;;;;;;;;;;;;;;;;;;
2015;203475683;99581002;103894681;3070979;1299541;0.87;15.09;6.39;75.44;71.88;79.05;13.82;14.93;12.65;1.8;32.15;12.13;44.29;37.67;;;;;;;;;;;;;;;;;;;;;;;;;;;;;;;;
2016;205156587;100379640;104776947;2901053;1314164;0.83;14.14;6.41;75.72;72.18;79.31;13.29;14.35;12.19;1.7;31.57;12.49;44.05;39.73;;;;;;;;;;;;;;;;;;;;;;;;;;;;;;;;
2017;206804741;101163599;105641142;3020743;1330811;0.8;14.61;6.44;75.99;72.46;79.56;12.81;13.8;11.75;1.78;31.11;12.87;43.98;41.2;;;;;;;;;;;;;;;;;;;;;;;;;;;;;;;;
2018;208494900;101971173;106523727;3003585;1349693;0.82;14.41;6.47;76.25;72.74;79.8;12.35;13.31;11.35;1.77;30.75;13.28;44.03;43.19;;;;;;;;;;;;;;;;;;;;;;;;;;;;;;;;
2019;210147125;102760295;107386830;2984414;1368954;0.79;14.2;6.51;76.5;73;80.03;11.94;12.85;10.98;1.77;30.42;13.72;44.14;45.02;;;;;;;;;;;;;;;;;;;;;;;;;;;;;;;;
2020;211755692;103527689;108228003;2963516;1389144;0.77;13.99;6.56;76.74;73.26;80.25;11.56;12.43;10.64;1.76;30.11;14.18;44.29;46.89;;;;;;;;;;;;;;;;;;;;;;;;;;;;;;;;
2021;213317639;104271843;109045796;2940629;1410602;0.74;13.79;6.61;76.97;73.5;80.46;11.2;12.04;10.32;1.76;29.83;14.67;44.5;49.51;;;;;;;;;;;;;;;;;;;;;;;;;;;;;;;;
2022;214828540;104990487;109838053;2913688;1433605;0.71;13.56;6.67;77.19;73.74;80.67;10.88;11.68;10.03;1.75;29.63;15.19;44.82;51.22;;;;;;;;;;;;;;;;;;;;;;;;;;;;;;;;
2023;216284269;105681529;110602740;2885501;1458023;0.68;13.34;6.74;77.4;73.96;80.86;10.58;11.36;9.75;1.75;29.43;15.74;45.17;53.2;;;;;;;;;;;;;;;;;;;;;;;;;;;;;;;;
2024;217684462;106345043;111339419;2856690;1483777;0.65;13.12;6.82;77.6;74.17;81.05;10.3;11.05;9.5;1.74;29.26;16.31;45.56;55.72;;;;;;;;;;;;;;;;;;;;;;;;;;;;;;;;
2025;219029093;106981304;112047789;2827039;1510693;0.62;12.91;6.9;77.8;74.38;81.22;10.04;10.77;9.27;1.74;29.11;16.9;46.01;58.29;;;;;;;;;;;;;;;;;;;;;;;;;;;;;;;;
2026;220316530;107589495;112727035;2797674;1539159;0.59;12.7;6.99;77.98;74.57;81.39;9.8;10.51;9.05;1.74;28.95;17.51;46.45;60.61;;;;;;;;;;;;;;;;;;;;;;;;;;;;;;;;
2027;221545234;108168830;113376404;2768000;1569117;0.56;12.49;7.08;78.16;74.76;81.56;9.58;10.27;8.85;1.73;28.77;18.14;46.9;62.76;;;;;;;;;;;;;;;;;;;;;;;;;;;;;;;;
2028;222713669;108718587;113995082;2738355;1600375;0.53;12.3;7.19;78.32;74.94;81.71;9.37;10.05;8.66;1.73;28.59;18.78;47.37;65.46;;;;;;;;;;;;;;;;;;;;;;;;;;;;;;;;
2029;223821305;109238514;114582791;2710134;1632845;0.5;12.11;7.3;78.49;75.11;81.86;9.18;9.84;8.49;1.72;28.36;19.42;47.79;68.23;;;;;;;;;;;;;;;;;;;;;;;;;;;;;;;;
2030;224868462;109728762;115139700;2683440;1666427;0.47;11.93;7.41;78.64;75.28;82;9.01;9.65;8.33;1.72;28.08;20.06;48.14;71.05;;;;;;;;;;;;;;;;;;;;;;;;;;;;;;;;
2031;225854415;110189007;115665408;2655850;1700970;0.44;11.76;7.53;78.78;75.43;82.14;8.85;9.48;8.18;1.72;27.84;20.71;48.55;74.33;;;;;;;;;;;;;;;;;;;;;;;;;;;;;;;;
2032;226777802;110618592;116159210;2628742;1736861;0.41;11.59;7.66;78.92;75.58;82.27;8.7;9.32;8.05;1.72;27.61;21.36;48.97;77.3;;;;;;;;;;;;;;;;;;;;;;;;;;;;;;;;
2033;227638581;111017537;116621044;2603540;1773877;0.38;11.44;7.79;79.05;75.72;82.39;8.57;9.18;7.92;1.71;27.32;22.01;49.33;80.33;;;;;;;;;;;;;;;;;;;;;;;;;;;;;;;;
2034;228437122;111386062;117051060;2579544;1812136;0.35;11.29;7.93;79.18;75.86;82.51;8.44;9.04;7.81;1.71;27.04;22.65;49.69;83.43;;;;;;;;;;;;;;;;;;;;;;;;;;;;;;;;
2035;229173685;111724392;117449293;2557147;1851454;0.32;11.16;8.08;79.3;75.99;82.62;8.32;8.92;7.7;1.71;26.76;23.28;50.04;87.08;;;;;;;;;;;;;;;;;;;;;;;;;;;;;;;;
2036;229847832;112032426;117815406;2534413;1891832;0.29;11.03;8.23;79.42;76.11;82.73;8.22;8.8;7.6;1.7;26.48;23.9;50.39;90.34;;;;;;;;;;;;;;;;;;;;;;;;;;;;;;;;
2037;230459062;112309958;118149104;2513030;1933167;0.27;10.9;8.39;79.53;76.23;82.83;8.12;8.69;7.51;1.7;26.22;24.52;50.74;93.68;;;;;;;;;;;;;;;;;;;;;;;;;;;;;;;;
2038;231007871;112557327;118450544;2493021;1975283;0.24;10.79;8.55;79.63;76.34;82.93;8.02;8.59;7.42;1.7;25.97;25.13;51.1;96.51;;;;;;;;;;;;;;;;;;;;;;;;;;;;;;;;
2039;231494650;112774820;118719830;2473758;2017958;0.21;10.69;8.72;79.73;76.45;83.02;7.93;8.49;7.34;1.7;25.74;25.77;51.52;100;;;;;;;;;;;;;;;;;;;;;;;;;;;;;;;;
2040;231919922;112962751;118957171;2455519;2060782;0.18;10.59;8.89;79.83;76.55;83.11;7.85;8.4;7.27;1.69;25.54;26.46;51.99;103.57;;;;;;;;;;;;;;;;;;;;;;;;;;;;;;;;
2041;232284233;113121438;119162795;2437785;2103915;0.16;10.49;9.06;79.92;76.65;83.2;7.77;8.32;7.2;1.69;25.35;27.18;52.53;107.23;;;;;;;;;;;;;;;;;;;;;;;;;;;;;;;;
2042;232588580;113251454;119337126;2422219;2147419;0.13;10.41;9.23;80;76.74;83.28;7.7;8.24;7.13;1.69;25.19;27.93;53.13;110.3;;;;;;;;;;;;;;;;;;;;;;;;;;;;;;;;
2043;232834065;113353443;119480622;2407325;2191168;0.11;10.34;9.41;80.09;76.83;83.36;7.63;8.16;7.06;1.69;25.06;28.73;53.78;114.72;;;;;;;;;;;;;;;;;;;;;;;;;;;;;;;;
2044;233020996;113427597;119593399;2392409;2234730;0.08;10.27;9.59;80.17;76.92;83.43;7.56;8.09;7;1.69;24.94;29.55;54.49;118.63;;;;;;;;;;;;;;;;;;;;;;;;;;;;;;;;
2045;233149625;113474061;119675564;2377677;2278119;0.06;10.2;9.77;80.24;77;83.5;7.5;8.02;6.95;1.68;24.85;30.4;55.25;122.5;;;;;;;;;;;;;;;;;;;;;;;;;;;;;;;;
2046;233220257;113493052;119727205;2363150;2321466;0.03;10.13;9.95;80.31;77.08;83.57;7.44;7.96;6.9;1.68;24.77;31.27;56.04;125.79;;;;;;;;;;;;;;;;;;;;;;;;;;;;;;;;
2047;233233670;113485011;119748659;2349527;2364398;0.01;10.07;10.14;80.38;77.16;83.63;7.39;7.9;6.84;1.68;24.72;32.17;56.89;129.75;;;;;;;;;;;;;;;;;;;;;;;;;;;;;;;;
2048;233190482;113450253;119740229;2335541;2407046;-0.02;10.02;10.32;80.45;77.23;83.7;7.33;7.84;6.8;1.68;24.68;33.08;57.76;134.62;;;;;;;;;;;;;;;;;;;;;;;;;;;;;;;;
2049;233090464;113388652;119701812;2320604;2449148;-0.04;9.96;10.51;80.51;77.3;83.75;7.29;7.79;6.75;1.68;24.66;33.99;58.64;138.06;;;;;;;;;;;;;;;;;;;;;;;;;;;;;;;;
2050;232933276;113300060;119633216;2304717;2490559;-0.07;9.89;10.69;80.57;77.37;83.81;7.24;7.74;6.71;1.68;24.64;34.88;59.52;142.21;;;;;;;;;;;;;;;;;;;;;;;;;;;;;;;;
2051;232719169;113184593;119534576;2288973;2531362;-0.09;9.84;10.88;80.63;77.43;83.86;7.2;7.69;6.67;1.67;24.63;35.76;60.38;144.81;;;;;;;;;;;;;;;;;;;;;;;;;;;;;;;;
2052;232448867;113042592;119406275;2273127;2571362;-0.12;9.78;11.06;80.68;77.49;83.91;7.16;7.65;6.64;1.67;24.62;36.62;61.24;148.37;;;;;;;;;;;;;;;;;;;;;;;;;;;;;;;;
2053;232122448;112874076;119248372;2255972;2610595;-0.14;9.72;11.25;80.74;77.55;83.96;7.12;7.61;6.6;1.67;24.62;37.45;62.07;151.97;;;;;;;;;;;;;;;;;;;;;;;;;;;;;;;;
2054;231739632;112678873;119060759;2237804;2648830;-0.16;9.66;11.43;80.78;77.61;84;7.08;7.57;6.57;1.67;24.62;38.26;62.89;155.63;;;;;;;;;;;;;;;;;;;;;;;;;;;;;;;;
2055;231300323;112456873;118843450;2218450;2686056;-0.19;9.59;11.61;80.83;77.66;84.04;7.05;7.54;6.54;1.67;24.63;39.05;63.68;159.33;;;;;;;;;;;;;;;;;;;;;;;;;;;;;;;;
2056;230805223;112208379;118596844;2199622;2722232;-0.21;9.53;11.79;80.88;77.71;84.08;7.02;7.5;6.51;1.67;24.63;39.81;64.43;161.33;;;;;;;;;;;;;;;;;;;;;;;;;;;;;;;;
2057;230255685;111934042;118321643;2180831;2757317;-0.24;9.47;11.98;80.92;77.76;84.12;6.99;7.47;6.48;1.66;24.62;40.52;65.15;164.43;;;;;;;;;;;;;;;;;;;;;;;;;;;;;;;;
2058;229652286;111634119;118018167;2161015;2791329;-0.26;9.41;12.15;80.96;77.81;84.16;6.96;7.44;6.46;1.66;24.62;41.22;65.84;168.24;;;;;;;;;;;;;;;;;;;;;;;;;;;;;;;;
2059;228995541;111308845;117686696;2141033;2824224;-0.29;9.35;12.33;81;77.86;84.19;6.94;7.41;6.44;1.66;24.61;41.91;66.53;170.27;;;;;;;;;;;;;;;;;;;;;;;;;;;;;;;;
2060;228286347;110958642;117327705;2120842;2856059;-0.31;9.29;12.51;81.04;77.9;84.23;6.91;7.39;6.42;1.66;24.61;42.62;67.23;173.47;;;;;;;;;;;;;;;;;;;;;;;;;;;;;;;;
Faixas etárias;;;;;;;;;;;;;;;;;;;;;;;;;;;;;;;;;;;;;;;;;;;;;;;;;;;
Total;;;;;;;;;;;;;;;;;;;;;;;;;;;;;;;;;;;;;;;;;;;;;;;;;;;
Faixa/Ano;2010;2011;2012;2013;2014;2015;2016;2017;2018;2019;2020;2021;2022;2023;2024;2025;2026;2027;2028;2029;2030;2031;2032;2033;2034;2035;2036;2037;2038;2039;2040;2041;2042;2043;2044;2045;2046;2047;2048;2049;2050;2051;2052;2053;2054;2055;2056;2057;2058;2059;2060
Total;194890682;196603732;198314934;200004188;201717541;203475683;205156587;206804741;208494900;210147125;211755692;213317639;214828540;216284269;217684462;219029093;220316530;221545234;222713669;223821305;224868462;225854415;226777802;227638581;228437122;229173685;229847832;230459062;231007871;231494650;231919922;232284233;232588580;232834065;233020996;233149625;233220257;233233670;233190482;233090464;232933276;232719169;232448867;232122448;231739632;231300323;230805223;230255685;229652286;228995541;228286347
0-4;14858280;14697433;14624301;14567170;14570070;14677159;14715112;14720776;14787557;14798332;14730311;14703281;14675523;14569055;14452355;14326234;14192256;14053426;13912226;13770272;13629815;13491399;13354905;13221642;13092489;12967369;12846604;12730937;12620549;12514918;12413588;12316709;12225086;12138798;12057106;11979238;11904624;11832490;11761709;11691308;11620256;11547982;11473958;11397201;11317212;11233863;11147191;11057520;10965028;10870292;10774218
05/set;15865195;15600504;15387507;15203145;15029641;14824271;14664918;14593299;14537829;14542132;14650311;14689394;14695773;14762671;14773628;14705941;14679311;14652033;14546208;14430226;14304778;14171490;14033278;13892710;13751331;13611405;13473529;13337523;13204728;13076037;12951361;12830995;12715703;12605672;12500387;12399373;12302790;12211456;12125433;12043993;11966376;11891973;11820071;11749531;11679356;11608504;11536459;11462615;11386046;11306224;11223031
out/14;17397304;17216843;16880174;16495325;16131984;15840860;15577214;15365237;15182024;15009676;14805478;14647164;14576191;14520972;14525347;14633526;14672711;14679300;14746432;14757724;14690423;14664114;14637176;14531700;14416109;14291049;14158125;14020272;13880038;13738984;13599376;13461829;13326122;13193611;13065182;12940762;12820626;12705545;12595720;12490655;12389855;12293466;12202305;12116445;12035156;11957694;11883455;11811703;11741278;11671246;11600532
15-19;17219086;17238401;17315601;17402809;17424089;17334096;17155615;16821630;16439846;16079464;15790863;15529387;15318916;15136923;14965724;14762869;14605891;14536019;14481942;14487286;14596110;14635967;14643187;14710785;14722659;14656163;14630405;14603997;14499263;14384409;14260078;14127872;13990752;13851207;13710840;13571863;13434947;13299846;13167907;13040010;12916108;12796510;12681921;12572557;12467934;12367551;12271531;12180736;12095228;12014265;11937109
20-24;17476779;17396868;17296030;17195219;17124785;17100769;17122881;17203520;17294780;17319853;17233266;17057794;16726717;16347561;15989803;15703800;15444924;15236871;15057313;14888503;14688175;14533531;14465563;14413260;14420025;14529708;14570602;14578856;14647162;14659931;14594614;14569782;14544238;14440723;14327061;14203946;14072906;13936948;13798559;13659314;13521425;13385549;13251456;13120499;12993545;12870528;12751775;12637977;12529386;12425516;12325847
25-29;17334110;17423848;17454135;17436877;17391346;17331851;17256322;17161679;17068593;17004904;16985866;17011218;17092427;17182193;17206153;17119972;16946247;16618500;16243415;15889766;15607291;15351552;15146240;14969263;14802897;14605190;14452983;14386955;14336521;14344709;14455193;14497153;14506501;14575436;14589082;14524961;14501063;14476422;14374170;14261783;14139942;14010163;13875462;13738287;13600246;13463536;13328803;13195813;13065893;12939931;12817887
30-34;15955949;16275019;16567575;16822855;17028854;17178656;17271648;17306947;17296659;17258318;17205416;17135646;17044190;16951251;16886952;16867543;16892885;16974395;17065211;17091062;17007393;16836728;16512899;16141856;15792033;15512843;15259983;15057188;14882572;14718488;14523256;14373318;14309113;14260407;14269902;14381026;14423898;14434174;14503630;14518027;14455019;14431957;14408126;14307058;14195853;14075191;13946610;13813084;13677088;13540196;13404578
35-39;14075108;14350827;14689558;15066579;15441748;15787821;16107943;16402815;16661965;16872342;17026545;17123723;17161844;17152616;17115112;17063584;16995707;16906691;16816670;16755274;16738294;16765601;16848588;16940702;16968189;16886844;16719129;16399166;16032170;15686230;15410325;15160396;14960090;14787787;14625966;14433207;14285523;14223058;14175984;14186704;14298311;14341981;14353071;14422945;14437977;14376076;14353778;14330671;14230768;14120755;14001307
40-44;13184170;13311309;13414041;13519509;13668343;13884283;14161178;14500831;14879035;15255513;15602974;15924417;16219710;16478229;16688213;16842846;16941312;16981681;16975459;16941357;16893256;16828804;16743240;16656520;16598022;16583446;16612647;16696902;16790065;16818996;16739962;16575282;16259556;15897111;15555535;15283397;15036761;14839171;14669407;14510049;14320041;14174828;14114206;14068807;14080737;14192649;14236987;14248844;14318948;14334584;14273861
45-49;11992439;12218181;12426314;12615601;12784211;12933598;13064058;13171048;13281287;13434076;13652504;13930420;14269004;14644402;15017933;15363171;15683089;15977567;16236139;16446903;16602926;16703462;16746553;16743579;16713006;16668492;16607681;16525845;16442743;16387431;16375387;16406437;16491724;16585608;16615819;16539189;16377988;16067408;15710668;15374594;15107158;14864721;14670479;14503796;14347422;14160785;14018586;13960052;13916591;13929788;14041783
50-54;10276773;10574366;10868062;11152415;11419933;11666086;11892707;12102371;12293932;12465329;12617804;12751592;12861867;12974530;13128538;13346782;13623237;13959030;14330885;14700984;15043388;15361008;15653779;15911350;16121912;16278600;16380728;16426408;16426757;16399939;16359306;16302574;16224958;16146006;16094242;16084875;16117711;16203642;16297801;16329111;16255195;16098244;15794311;15445094;15116301;14855005;14618039;14428117;14265353;14112793;13930535
55-59;8387564;8679820;8977656;9278724;9579705;9877881;10172542;10463716;10746091;11012111;11257277;11483368;11692613;11883880;12055490;12208751;12343963;12456465;12571436;12726473;12943766;13217366;13548288;13914012;14277951;14615019;14928011;15216929;15471607;15680383;15836527;15939411;15987269;15990939;15968053;15931630;15879345;15806522;15732281;15684468;15677945;15712380;15798347;15891980;15924009;15853162;15701406;15406171;15066946;14747850;14494713
60-64;6596741;6859058;7119004;7379912;7647936;7926230;8211893;8503042;8797470;9091910;9383728;9672175;9957156;10233460;10493988;10734491;10956693;11162776;11351609;11521660;11673982;11809015;11922324;12038067;12192258;12406090;12673729;12996043;13351492;13705082;14032901;14337648;14619346;14868106;15072540;15226101;15328313;15377469;15384059;15365094;15332980;15285499;15218052;15149158;15105746;15102049;15137666;15222586;15314436;15346470;15279016
65-69;4905988;5095516;5318713;5565313;5819304;6071240;6322755;6572590;6823731;7081680;7349244;7623733;7903288;8185834;8468411;8748627;9025766;9299757;9565627;9816554;10048512;10263166;10462649;10645868;10811283;10959940;11092321;11204363;11318835;11469648;11676652;11934133;12242752;12582173;12919685;13232909;13524376;13794222;14032965;14229585;14377822;14477368;14526754;14535915;14520894;14493445;14451348;14390212;14327671;14289289;14288480
70-74;3792042;3889352;3974955;4063519;4175947;4323465;4501441;4709484;4938529;5174388;5408663;5642901;5876091;6110754;6351769;6601500;6857600;7118354;7381902;7645534;7907040;8165785;8421765;8670307;8905063;9122289;9323635;9511104;9683679;9839876;9980630;10106571;10214158;10324288;10467931;10663049;10904126;11191369;11506226;11819031;12109555;12380193;12631212;12853724;13037277;13176002;13269879;13317776;13328895;13317878;13295484
75-79;2597990;2688798;2797237;2913384;3023576;3121818;3211601;3292375;3376250;3480536;3614389;3774018;3959070;4161906;4370673;4578361;4786387;4994114;5203523;5418622;5641260;5869405;6101656;6336314;6571128;6804078;7034690;7263005;7484798;7694408;7888458;8068562;8236631;8391702;8532383;8659541;8773851;8872509;8973811;9104799;9280868;9496727;9752138;10030863;10307408;10564467;10804204;11027068;11224976;11388373;11511971
80-84;1689444;1727063;1764898;1807817;1861166;1926871;2004365;2095235;2191860;2283815;2366558;2443191;2513706;2587330;2677251;2790280;2923509;3076687;3243763;3415649;3586931;3758879;3931160;4105249;4284098;4468984;4658301;4850986;5045614;5240341;5433588;5624985;5814637;5998934;6173117;6334346;6484201;6624391;6754088;6872004;6978835;7075422;7159683;7246694;7358416;7506972;7687508;7899218;8128899;8356311;8567809
85-89;830529;901360;954570;996763;1032554;1065148;1097017;1129489;1165517;1208442;1259330;1318006;1385731;1457236;1525459;1587405;1645581;1700356;1758056;1827478;1913020;2012666;2126181;2249361;2375978;2502391;2629690;2757777;2887609;3021064;3158814;3299768;3443164;3587930;3732788;3876586;4019065;4160416;4297807;4427602;4547659;4659375;4764254;4861528;4950167;5030651;5103867;5168499;5235780;5321722;5434778
90+;455191;459166;484603;521252;562349;603580;645377;688657;731945;774304;815165;856211;898723;943466;991663;1043410;1099461;1161212;1225853;1289978;1352102;1414477;1478371;1546036;1620691;1703785;1795039;1894806;2001669;2113776;2229906;2350808;2476780;2607627;2743377;2883626;3028143;3176612;3328257;3482333;3637926;3794831;3953061;4110366;4263976;4412193;4556131;4697023;4833076;4962058;5083408
Homens;;;;;;;;;;;;;;;;;;;;;;;;;;;;;;;;;;;;;;;;;;;;;;;;;;;
Faixa/Ano;2010;2011;2012;2013;2014;2015;2016;2017;2018;2019;2020;2021;2022;2023;2024;2025;2026;2027;2028;2029;2030;2031;2032;2033;2034;2035;2036;2037;2038;2039;2040;2041;2042;2043;2044;2045;2046;2047;2048;2049;2050;2051;2052;2053;2054;2055;2056;2057;2058;2059;2060
Total;95513298;96322635;97132054;97931331;98744098;99581002;100379640;101163599;101971173;102760295;103527689;104271843;104990487;105681529;106345043;106981304;107589495;108168830;108718587;109238514;109728762;110189007;110618592;111017537;111386062;111724392;112032426;112309958;112557327;112774820;112962751;113121438;113251454;113353443;113427597;113474061;113493052;113485011;113450253;113388652;113300060;113184593;113042592;112874076;112678873;112456873;112208379;111934042;111634119;111308845;110958642
0-4;7594516;7513761;7477567;7449337;7451690;7507226;7527223;7530642;7565301;7571223;7536789;7523299;7509386;7455164;7395678;7331364;7263006;7192133;7120032;7047528;6975778;6905062;6835307;6767195;6701192;6637231;6575502;6516373;6459937;6405936;6354123;6304598;6257751;6213632;6171861;6132043;6093885;6056997;6020798;5984802;5948471;5911502;5873639;5834370;5793447;5750809;5706456;5660575;5613249;5564770;5515605
05/set;8094637;7962532;7856445;7764679;7678145;7574960;7495049;7459700;7432381;7435509;7491634;7512252;7516076;7550810;7556858;7522618;7509351;7495730;7441882;7382807;7318878;7250909;7180401;7108665;7036481;6965042;6894634;6825161;6757331;6691592;6627900;6566392;6507477;6451252;6397457;6345822;6296474;6249795;6205831;6164206;6124537;6086502;6049752;6013699;5977830;5941609;5904776;5867020;5827860;5787041;5744493
out/14;8842587;8760868;8596730;8405865;8224795;8080135;7948620;7843086;7751948;7666040;7563501;7484190;7449226;7422072;7425264;7481411;7502112;7506047;7540921;7547162;7513141;7500066;7486634;7433002;7374143;7310452;7242697;7172400;7100861;7028875;6957623;6887413;6818125;6750468;6684877;6621345;6559981;6501187;6445082;6391415;6339911;6290699;6244133;6200276;6158737;6119162;6081226;6044568;6008592;5972801;5936671
15-19;8673836;8693267;8745322;8804210;8829069;8795446;8715095;8552810;8364062;8185062;8042202;7912260;7807878;7717747;7632793;7531320;7453057;7418949;7392651;7396587;7453221;7474403;7478801;7514010;7520683;7487251;7474592;7461547;7408463;7350163;7287028;7219811;7150062;7079046;7007575;6936806;6867067;6798239;6731019;6665837;6602699;6541729;6483312;6427561;6374235;6323041;6274127;6227836;6184244;6142973;6103630
20-24;8746116;8711375;8663577;8614902;8583358;8578611;8600164;8654720;8716490;8744065;8712945;8634909;8475014;8288587;8111918;7971317;7843582;7741213;7653070;7570037;7470597;7394220;7361652;7336794;7341891;7399228;7421254;7426487;7462264;7469669;7437195;7425286;7412946;7360848;7303529;7241380;7175120;7106330;7036251;6965698;6895815;6826928;6758931;6692510;6628106;6565701;6505416;6447653;6392537;6339825;6289218
25-29;8574606;8629711;8657414;8662143;8651184;8630266;8598875;8555561;8512314;8485534;8484394;8508378;8563553;8624538;8651626;8621118;8544666;8387530;8204388;8031009;7893232;7767999;7667829;7581750;7500675;7403356;7328943;7297950;7274594;7280847;7338836;7361712;7367822;7404119;7412226;7380713;7369573;7357978;7306911;7250628;7189512;7124285;7056509;6987423;6917849;6848930;6780967;6713878;6648312;6584723;6523112
30-34;7821287;7982363;8131551;8263753;8373348;8457008;8514439;8545686;8555280;8549320;8532944;8505514;8464499;8421615;8394693;8393527;8417664;8473141;8534872;8563312;8534665;8460519;8306365;8126302;7955838;7820545;7697488;7599240;7514973;7435649;7340229;7267552;7237960;7215936;7223197;7281677;7305262;7312099;7348805;7357492;7326843;7316343;7305373;7255224;7199860;7139664;7075362;7008494;6940318;6871646;6803583
35-39;6857527;6990523;7155946;7341635;7527745;7700900;7862666;8013399;8148183;8260741;8347421;8407755;8440996;8451369;8446055;8430688;8404634;8365378;8324589;8299702;8300209;8325674;8382118;8444696;8474256;8447253;8375224;8223858;8046719;7879049;7746136;7625181;7528741;7446144;7368454;7274845;7203808;7175501;7154681;7162834;7221685;7245877;7253323;7290325;7299496;7269639;7259722;7249292;7200007;7145508;7086207
40-44;6405478;6465519;6511227;6557089;6624863;6727359;6861189;7027271;7213769;7400750;7574836;7737477;7888496;8022898;8135221;8222214;8283430;8318165;8330545;8327522;8314471;8290745;8253830;8215289;8192354;8194452;8221147;8278370;8341585;8372088;8346626;8276663;8128189;7954176;7789503;7659150;7540448;7445888;7365050;7289066;7197348;7128025;7100999;7081359;7090362;7149455;7174123;7182135;7219317;7228927;7199896
45-49;5768516;5880219;5985481;6082367;6167931;6241647;6303978;6352579;6401687;6472175;6576419;6711034;6876531;7061277;7246407;7419108;7580798;7731316;7865760;7978594;8066468;8128987;8165432;8179855;8179060;8168292;8146911;8112423;8076237;8055349;8059034;8086849;8144623;8208179;8239414;8215443;8147699;8002569;7832277;7671186;7543900;7427925;7335566;7256745;7182722;7093220;7025894;7000246;6981909;6991754;7050917
50-54;4900002;5040349;5178764;5313246;5441195;5561009;5673316;5779573;5877917;5965268;6041008;6105571;6156429;6207294;6278778;6383077;6516900;6680739;6863310;7046315;7217244;7377487;7526925;7660698;7773367;7861606;7925036;7962995;7979372;7980824;7972437;7953589;7921753;7888179;7869486;7874764;7903569;7961564;8025093;8056849;8034455;7969304;7828334;7662799;7506320;7382926;7270417;7180814;7104474;7032873;6946162
55-59;3954821;4089187;4227766;4368987;4510555;4650762;4789417;4926386;5059761;5186871;5306101;5418069;5523994;5622071;5709488;5785731;5851268;5903677;5956190;6028485;6132308;6264412;6425224;6603964;6783080;6950611;7107892;7254823;7386666;7498065;7585774;7649457;7688505;7706661;7710316;7704363;7688149;7659220;7628530;7612199;7619074;7648657;7706356;7769208;7801082;7780353;7718248;7582612;7423293;7272866;7154556
60-64;3081961;3198692;3313737;3429277;3548963;3674713;3805186;3939707;4076794;4214303;4350563;4485379;4618536;4748149;4871821;4988027;5097383;5201061;5297302;5383487;5458969;5524298;5577221;5630273;5702081;5803746;5932098;6087478;6259725;6432268;6593867;6745779;6887959;7015825;7124175;7209866;7272652;7311982;7331395;7336975;7333300;7319725;7293901;7266311;7252466;7260725;7290580;7347073;7408221;7439552;7420473
65-69;2253998;2339108;2439108;2549140;2661907;2773210;2883883;2993314;3103440;3217426;3337000;3460918;3588535;3718492;3848844;3978090;4106032;4232502;4355732;4473440;4584216;4688647;4787847;4880176;4963105;5036045;5099560;5151653;5203924;5273663;5371091;5493166;5640066;5802391;5964930;6117373;6260872;6395434;6516731;6619770;6701600;6762068;6800700;6820803;6827971;6826458;6815605;6793193;6769102;6757874;6767303
70-74;1689818;1732563;1770303;1809593;1859518;1924795;2003224;2094581;2194687;2297297;2398778;2499910;2600243;2701380;2806006;2915566;3028989;3145702;3264515;3383680;3501868;3618911;3734717;3847628;3955595;4057304;4153367;4244811;4330120;4406952;4474742;4534111;4583407;4633065;4698510;4788775;4900975;5035044;5182591;5330211;5468808;5599462;5722265;5833225;5927673;6002895;6058911;6095418;6115370;6123684;6124121
75-79;1105206;1144121;1190922;1240998;1288273;1330216;1368574;1403314;1439622;1484658;1542105;1610235;1688895;1774682;1862608;1949716;2036732;2123408;2210961;2301516;2396166;2494028;2594665;2697044;2799720;2901547;3002440;3102353;3199832;3293112;3381052;3464237;3543625;3617852;3684841;3744109;3796312;3840217;3884676;3942722;4021823;4119269;4234768;4361237;4487603;4606394;4718561;4824282;4920042;5001664;5066803
80-84;677628;692280;707304;724631;746369;773094;804695;841980;881564;919059;952619;983758;1012641;1042996;1079956;1126100;1180178;1242110;1309326;1378193;1446541;1514999;1583484;1652852;1724591;1799420;1876683;1956079;2036796;2117674;2197885;2277383;2356175;2433074;2506675;2576080;2641835;2704769;2763770;2817079;2864310;2906165;2941812;2978203;3025436;3089091;3166772;3257946;3357133;3456065;3549148
85-89;314944;340306;359247;374268;387076;398787;410381;422377;435871;452078;471252;493422;519178;546326;572074;595279;617114;637836;659812;686235;718616;756161;798785;844827;891952;938795;985869;1033177;1081264;1131002;1182750;1236101;1290875;1346482;1402163;1457337;1512013;1566262;1619219;1669886;1717634;1762927;1806456;1847353;1884307;1917047;1946213;1971377;1997388;2031094;2076107
90+;155814;155891;163643;175211;188114;200858;213666;226913;240102;252916;265178;277513;290381;304062;318955;335033;352599;372193;392729;412903;432174;451480;471355;492517;515998;542216;571089;602780;636664;672043;708423;746158;785393;826114;868408;912170;957358;1003936;1051543;1099797;1148335;1197201;1246463;1295445;1343371;1389754;1435003;1479630;1522751;1563205;1600637
Mulheres;;;;;;;;;;;;;;;;;;;;;;;;;;;;;;;;;;;;;;;;;;;;;;;;;;;
Faixa/Ano;2010;2011;2012;2013;2014;2015;2016;2017;2018;2019;2020;2021;2022;2023;2024;2025;2026;2027;2028;2029;2030;2031;2032;2033;2034;2035;2036;2037;2038;2039;2040;2041;2042;2043;2044;2045;2046;2047;2048;2049;2050;2051;2052;2053;2054;2055;2056;2057;2058;2059;2060
Total;99377384;100281097;101182880;102072857;102973443;103894681;104776947;105641142;106523727;107386830;108228003;109045796;109838053;110602740;111339419;112047789;112727035;113376404;113995082;114582791;115139700;115665408;116159210;116621044;117051060;117449293;117815406;118149104;118450544;118719830;118957171;119162795;119337126;119480622;119593399;119675564;119727205;119748659;119740229;119701812;119633216;119534576;119406275;119248372;119060759;118843450;118596844;118321643;118018167;117686696;117327705
0-4;7263764;7183672;7146734;7117833;7118380;7169933;7187889;7190134;7222256;7227109;7193522;7179982;7166137;7113891;7056677;6994870;6929250;6861293;6792194;6722744;6654037;6586337;6519598;6454447;6391297;6330138;6271102;6214564;6160612;6108982;6059465;6012111;5967335;5925166;5885245;5847195;5810739;5775493;5740911;5706506;5671785;5636480;5600319;5562831;5523765;5483054;5440735;5396945;5351779;5305522;5258613
05/set;7770558;7637972;7531062;7438466;7351496;7249311;7169869;7133599;7105448;7106623;7158677;7177142;7179697;7211861;7216770;7183323;7169960;7156303;7104326;7047419;6985900;6920581;6852877;6784045;6714850;6646363;6578895;6512362;6447397;6384445;6323461;6264603;6208226;6154420;6102930;6053551;6006316;5961661;5919602;5879787;5841839;5805471;5770319;5735832;5701526;5666895;5631683;5595595;5558186;5519183;5478538
out/14;8554717;8455975;8283444;8089460;7907189;7760725;7628594;7522151;7430076;7343636;7241977;7162974;7126965;7098900;7100083;7152115;7170599;7173253;7205511;7210562;7177282;7164048;7150542;7098698;7041966;6980597;6915428;6847872;6779177;6710109;6641753;6574416;6507997;6443143;6380305;6319417;6260645;6204358;6150638;6099240;6049944;6002767;5958172;5916169;5876419;5838532;5802229;5767135;5732686;5698445;5663861
15-19;8545250;8545134;8570279;8598599;8595020;8538650;8440520;8268820;8075784;7894402;7748661;7617127;7511038;7419176;7332931;7231549;7152834;7117070;7089291;7090699;7142889;7161564;7164386;7196775;7201976;7168912;7155813;7142450;7090800;7034246;6973050;6908061;6840690;6772161;6703265;6635057;6567880;6501607;6436888;6374173;6313409;6254781;6198609;6144996;6093699;6044510;5997404;5952900;5910984;5871292;5833479
20-24;8730663;8685493;8632453;8580317;8541427;8522158;8522717;8548800;8578290;8575788;8520321;8422885;8251703;8058974;7877885;7732483;7601342;7495658;7404243;7318466;7217578;7139311;7103911;7076466;7078134;7130480;7149348;7152369;7184898;7190262;7157419;7144496;7131292;7079875;7023532;6962566;6897786;6830618;6762308;6693616;6625610;6558621;6492525;6427989;6365439;6304827;6246359;6190324;6136849;6085691;6036629
25-29;8759504;8794137;8796721;8774734;8740162;8701585;8657447;8606118;8556279;8519370;8501472;8502840;8528874;8557655;8554527;8498854;8401581;8230970;8039027;7858757;7714059;7583553;7478411;7387513;7302222;7201834;7124040;7089005;7061927;7063862;7116357;7135441;7138679;7171317;7176856;7144248;7131490;7118444;7067259;7011155;6950430;6885878;6818953;6750864;6682397;6614606;6547836;6481935;6417581;6355208;6294775
30-34;8134662;8292656;8436024;8559102;8655506;8721648;8757209;8761261;8741379;8708998;8672472;8630132;8579691;8529636;8492259;8474016;8475221;8501254;8530339;8527750;8472728;8376209;8206534;8015554;7836195;7692298;7562495;7457948;7367599;7282839;7183027;7105766;7071153;7044471;7046705;7099349;7118636;7122075;7154825;7160535;7128176;7115614;7102753;7051834;6995993;6935527;6871248;6804590;6736770;6668550;6600995
35-39;7217581;7360304;7533612;7724944;7914003;8086921;8245277;8389416;8513782;8611601;8679124;8715968;8720848;8701247;8669057;8632896;8591073;8541313;8492081;8455572;8438085;8439927;8466470;8496006;8493933;8439591;8343905;8175308;7985451;7807181;7664189;7535215;7431349;7341643;7257512;7158362;7081715;7047557;7021303;7023870;7076626;7096104;7099748;7132620;7138481;7106437;7094056;7081379;7030761;6975247;6915100
40-44;6778692;6845790;6902814;6962420;7043480;7156924;7299989;7473560;7665266;7854763;8028138;8186940;8331214;8455331;8552992;8620632;8657882;8663516;8644914;8613835;8578785;8538059;8489410;8441231;8405668;8388994;8391500;8418532;8448480;8446908;8393336;8298619;8131367;7942935;7766032;7624247;7496313;7393283;7304357;7220983;7122693;7046803;7013207;6987448;6990375;7043194;7062864;7066709;7099631;7105657;7073965
45-49;6223923;6337962;6440833;6533234;6616280;6691951;6760080;6818469;6879600;6961901;7076085;7219386;7392473;7583125;7771526;7944063;8102291;8246251;8370379;8468309;8536458;8574475;8581121;8563724;8533946;8500200;8460770;8413422;8366506;8332082;8316353;8319588;8347101;8377429;8376405;8323746;8230289;8064839;7878391;7703408;7563258;7436796;7334913;7247051;7164700;7067565;6992692;6959806;6934682;6938034;6990866
50-54;5376771;5534017;5689298;5839169;5978738;6105077;6219391;6322798;6416015;6500061;6576796;6646021;6705438;6767236;6849760;6963705;7106337;7278291;7467575;7654669;7826144;7983521;8126854;8250652;8348545;8416994;8455692;8463413;8447385;8419115;8386869;8348985;8303205;8257827;8224756;8210111;8214142;8242078;8272708;8272262;8220740;8128940;7965977;7782295;7609981;7472079;7347622;7247303;7160879;7079920;6984373
55-59;4432743;4590633;4749890;4909737;5069150;5227119;5383125;5537330;5686330;5825240;5951176;6065299;6168619;6261809;6346002;6423020;6492695;6552788;6615246;6697988;6811458;6952954;7123064;7310048;7494871;7664408;7820119;7962106;8084941;8182318;8250753;8289954;8298764;8284278;8257737;8227267;8191196;8147302;8103751;8072269;8058871;8063723;8091991;8122772;8122927;8072809;7983158;7823559;7643653;7474984;7340157
60-64;3514780;3660366;3805267;3950635;4098973;4251517;4406707;4563335;4720676;4877607;5033165;5186796;5338620;5485311;5622167;5746464;5859310;5961715;6054307;6138173;6215013;6284717;6345103;6407794;6490177;6602344;6741631;6908565;7091767;7272814;7439034;7591869;7731387;7852281;7948365;8016235;8055661;8065487;8052664;8028119;7999680;7965774;7924151;7882847;7853280;7841324;7847086;7875513;7906215;7906918;7858543
65-69;2651990;2756408;2879605;3016173;3157397;3298030;3438872;3579276;3720291;3864254;4012244;4162815;4314753;4467342;4619567;4770537;4919734;5067255;5209895;5343114;5464296;5574519;5674802;5765692;5848178;5923895;5992761;6052710;6114911;6195985;6305561;6440967;6602686;6779782;6954755;7115536;7263504;7398788;7516234;7609815;7676222;7715300;7726054;7715112;7692923;7666987;7635743;7597019;7558569;7531415;7521177
70-74;2102224;2156789;2204652;2253926;2316429;2398670;2498217;2614903;2743842;2877091;3009885;3142991;3275848;3409374;3545763;3685934;3828611;3972652;4117387;4261854;4405172;4546874;4687048;4822679;4949468;5064985;5170268;5266293;5353559;5432924;5505888;5572460;5630751;5691223;5769421;5874274;6003151;6156325;6323635;6488820;6640747;6780731;6908947;7020499;7109604;7173107;7210968;7222358;7213525;7194194;7171363
75-79;1492784;1544677;1606315;1672386;1735303;1791602;1843027;1889061;1936628;1995878;2072284;2163783;2270175;2387224;2508065;2628645;2749655;2870706;2992562;3117106;3245094;3375377;3506991;3639270;3771408;3902531;4032250;4160652;4284966;4401296;4507406;4604325;4693006;4773850;4847542;4915432;4977539;5032292;5089135;5162077;5259045;5377458;5517370;5669626;5819805;5958073;6085643;6202786;6304934;6386709;6445168
80-84;1011816;1034783;1057594;1083186;1114797;1153777;1199670;1253255;1310296;1364756;1413939;1459433;1501065;1544334;1597295;1664180;1743331;1834577;1934437;2037456;2140390;2243880;2347676;2452397;2559507;2669564;2781618;2894907;3008818;3122667;3235703;3347602;3458462;3565860;3666442;3758266;3842366;3919622;3990318;4054925;4114525;4169257;4217871;4268491;4332980;4417881;4520736;4641272;4771766;4900246;5018661
85-89;515585;561054;595323;622495;645478;666361;686636;707112;729646;756364;788078;824584;866553;910910;953385;992126;1028467;1062520;1098244;1141243;1194404;1256505;1327396;1404534;1484026;1563596;1643821;1724600;1806345;1890062;1976064;2063667;2152289;2241448;2330625;2419249;2507052;2594154;2678588;2757716;2830025;2896448;2957798;3014175;3065860;3113604;3157654;3197122;3238392;3290628;3358671
90+;299377;303275;320960;346041;374235;402722;431711;461744;491843;521388;549987;578698;608342;639404;672708;708377;746862;789019;833124;877075;919928;962997;1007016;1053519;1104693;1161569;1223950;1292026;1365005;1441733;1521483;1604650;1691387;1781513;1874969;1971456;2070785;2172676;2276714;2382536;2489591;2597630;2706598;2814921;2920605;3022439;3121128;3217393;3310325;3398853;3482771
