Alagoas;;;;;;;;;;;;;;;;;;;;;;;;;;;;;;;;;;;;;;;;;;;;;;;;;;;
Dados;;;;;;;;;;;;;;;;;;;;;;;;;;;;;;;;;;;;;;;;;;;;;;;;;;;
Ano;População total;Homens;Mulheres;Nascimentos;Óbitos;Taxa de Crescimento Geométrico;Taxa Bruta de Natalidade;Taxa Bruta de Mortalidade;Esperança de Vida ao Nascer;Esperança de Vida ao Nascer - Homens;Esperança de Vida ao Nascer - Mulheres;Taxa de Mortalidade Infantil;Taxa de Mortalidade Infantil - Homens;Taxa de Mortalidade Infantil - Mulheres;Taxa de Fecundidade Total;Razão de Dependência - Jovens 0 a 14 anos;Razão de Dependência - Idosos 65 ou mais anos;Razão de Dependência;Índice de Envelhecimento;;;;;;;;;;;;;;;;;;;;;;;;;;;;;;;;
2010;3195720;1549036;1646684;57270;23088;x;17.92;7.22;69.18;64.6;73.97;30.22;32.6;27.7;2;46.6;9.28;55.88;20.07;;;;;;;;;;;;;;;;;;;;;;;;;;;;;;;;
2011;3213606;1555888;1657718;56780;22937;0.56;17.67;7.14;69.61;65;74.43;27.95;29.97;25.82;1.97;45.21;9.41;54.63;20.89;;;;;;;;;;;;;;;;;;;;;;;;;;;;;;;;
2012;3230877;1562426;1668451;55297;22832;0.54;17.12;7.07;70.03;65.39;74.86;25.9;27.59;24.1;1.91;43.75;9.56;53.31;21.75;;;;;;;;;;;;;;;;;;;;;;;;;;;;;;;;
2013;3247527;1568655;1678872;54896;22782;0.52;16.9;7.02;70.44;65.78;75.28;24.03;25.47;22.51;1.88;42.28;9.73;52.01;23.02;;;;;;;;;;;;;;;;;;;;;;;;;;;;;;;;
2014;3263524;1574565;1688959;53428;22759;0.49;16.37;6.97;70.84;66.15;75.69;22.36;23.58;21.07;1.82;40.86;9.92;50.78;24.35;;;;;;;;;;;;;;;;;;;;;;;;;;;;;;;;
2015;3279222;1580342;1698880;53802;22771;0.48;16.41;6.94;71.23;66.53;76.07;20.86;21.89;19.77;1.83;39.56;10.13;49.69;25.76;;;;;;;;;;;;;;;;;;;;;;;;;;;;;;;;
2016;3293629;1585481;1708148;50391;22792;0.44;15.3;6.92;71.6;66.89;76.44;19.53;20.41;18.6;1.71;38.33;10.36;48.69;27.13;;;;;;;;;;;;;;;;;;;;;;;;;;;;;;;;
2017;3307532;1590391;1717141;52398;22863;0.42;15.84;6.91;71.97;67.24;76.8;18.34;19.09;17.55;1.77;37.18;10.61;47.79;28.57;;;;;;;;;;;;;;;;;;;;;;;;;;;;;;;;
2018;3322379;1595815;1726564;51984;22986;0.45;15.65;6.92;72.32;67.59;77.13;17.29;17.94;16.61;1.76;36.2;10.89;47.08;30.08;;;;;;;;;;;;;;;;;;;;;;;;;;;;;;;;
2019;3336911;1601112;1735799;51523;23106;0.44;15.44;6.92;72.65;67.93;77.46;16.37;16.93;15.78;1.75;35.36;11.18;46.54;31.54;;;;;;;;;;;;;;;;;;;;;;;;;;;;;;;;
2020;3351092;1606269;1744823;51049;23241;0.42;15.23;6.94;72.98;68.26;77.76;15.56;16.04;15.04;1.74;34.59;11.49;46.08;33.33;;;;;;;;;;;;;;;;;;;;;;;;;;;;;;;;
2021;3364895;1611274;1753621;50578;23404;0.41;15.03;6.96;73.3;68.58;78.06;14.84;15.27;14.39;1.73;33.86;11.81;45.67;34.91;;;;;;;;;;;;;;;;;;;;;;;;;;;;;;;;
2022;3378277;1616109;1762168;50067;23588;0.4;14.82;6.98;73.6;68.9;78.33;14.22;14.59;13.82;1.72;33.24;12.16;45.39;36.68;;;;;;;;;;;;;;;;;;;;;;;;;;;;;;;;
2023;3391204;1620761;1770443;49566;23789;0.38;14.62;7.01;73.89;69.21;78.6;13.67;14;13.32;1.72;32.62;12.51;45.14;38.22;;;;;;;;;;;;;;;;;;;;;;;;;;;;;;;;
2024;3403637;1625212;1778425;49020;24017;0.37;14.4;7.06;74.17;69.51;78.85;13.19;13.49;12.88;1.71;32.09;12.89;44.99;40.27;;;;;;;;;;;;;;;;;;;;;;;;;;;;;;;;
2025;3415514;1629433;1786081;48429;24252;0.35;14.18;7.1;74.45;69.8;79.09;12.78;13.05;12.5;1.71;31.68;13.31;44.98;42.2;;;;;;;;;;;;;;;;;;;;;;;;;;;;;;;;
2026;3426799;1633409;1793390;47851;24520;0.33;13.96;7.16;74.7;70.08;79.32;12.42;12.67;12.16;1.7;31.26;13.74;45;43.98;;;;;;;;;;;;;;;;;;;;;;;;;;;;;;;;
2027;3437464;1637129;1800335;47254;24804;0.31;13.75;7.22;74.96;70.35;79.53;12.11;12.34;11.87;1.7;30.88;14.2;45.08;46.01;;;;;;;;;;;;;;;;;;;;;;;;;;;;;;;;
2028;3447480;1640580;1806900;46659;25114;0.29;13.53;7.28;75.2;70.62;79.73;11.84;12.05;11.62;1.7;30.53;14.68;45.21;48.1;;;;;;;;;;;;;;;;;;;;;;;;;;;;;;;;
2029;3456820;1643751;1813069;46050;25440;0.27;13.32;7.36;75.43;70.88;79.92;11.61;11.8;11.4;1.69;30.2;15.19;45.4;50.48;;;;;;;;;;;;;;;;;;;;;;;;;;;;;;;;
2030;3465453;1646628;1818825;45426;25782;0.25;13.11;7.44;75.65;71.13;80.11;11.4;11.59;11.2;1.69;29.89;15.74;45.63;52.68;;;;;;;;;;;;;;;;;;;;;;;;;;;;;;;;
2031;3473215;1649126;1824089;44772;26148;0.22;12.89;7.53;75.86;71.37;80.28;11.22;11.4;11.04;1.69;29.63;16.33;45.96;55.17;;;;;;;;;;;;;;;;;;;;;;;;;;;;;;;;
2032;3479940;1651157;1828783;44101;26528;0.19;12.67;7.62;76.06;71.6;80.44;11.07;11.24;10.89;1.69;29.4;16.95;46.35;57.71;;;;;;;;;;;;;;;;;;;;;;;;;;;;;;;;
2033;3485617;1652717;1832900;43458;26933;0.16;12.47;7.73;76.26;71.83;80.59;10.94;11.1;10.77;1.69;29.09;17.59;46.68;60.61;;;;;;;;;;;;;;;;;;;;;;;;;;;;;;;;
2034;3490239;1653804;1836435;42822;27359;0.13;12.27;7.84;76.44;72.05;80.74;10.83;10.98;10.66;1.69;28.79;18.23;47.02;63.27;;;;;;;;;;;;;;;;;;;;;;;;;;;;;;;;
2035;3493794;1654413;1839381;42191;27801;0.1;12.08;7.96;76.61;72.26;80.88;10.73;10.88;10.56;1.69;28.48;18.87;47.34;66.32;;;;;;;;;;;;;;;;;;;;;;;;;;;;;;;;
2036;3496257;1654532;1841725;41542;28261;0.07;11.88;8.08;76.78;72.46;81.01;10.64;10.79;10.48;1.68;28.16;19.5;47.66;69.11;;;;;;;;;;;;;;;;;;;;;;;;;;;;;;;;
2037;3497601;1654150;1843451;40889;28739;0.04;11.69;8.22;76.94;72.66;81.13;10.57;10.72;10.41;1.68;27.84;20.13;47.98;72.34;;;;;;;;;;;;;;;;;;;;;;;;;;;;;;;;
2038;3497815;1653262;1844553;40254;29232;0.01;11.51;8.36;77.1;72.85;81.24;10.51;10.65;10.35;1.68;27.53;20.77;48.3;75.27;;;;;;;;;;;;;;;;;;;;;;;;;;;;;;;;
2039;3496909;1651874;1845035;39650;29741;-0.03;11.34;8.5;77.25;73.03;81.35;10.45;10.59;10.3;1.68;27.22;21.45;48.67;78.69;;;;;;;;;;;;;;;;;;;;;;;;;;;;;;;;
2040;3494895;1649994;1844901;39069;30261;-0.06;11.18;8.66;77.39;73.21;81.45;10.4;10.54;10.25;1.68;26.93;22.17;49.1;82.32;;;;;;;;;;;;;;;;;;;;;;;;;;;;;;;;
2041;3491771;1647623;1844148;38485;30796;-0.09;11.02;8.82;77.52;73.38;81.55;10.36;10.5;10.21;1.68;26.65;22.94;49.59;85.96;;;;;;;;;;;;;;;;;;;;;;;;;;;;;;;;
2042;3487534;1644760;1842774;37920;31338;-0.12;10.87;8.99;77.65;73.54;81.64;10.33;10.47;10.18;1.68;26.39;23.75;50.14;89.77;;;;;;;;;;;;;;;;;;;;;;;;;;;;;;;;
2043;3482188;1641407;1840781;37363;31892;-0.15;10.73;9.16;77.78;73.7;81.72;10.3;10.43;10.15;1.68;26.15;24.6;50.75;94.22;;;;;;;;;;;;;;;;;;;;;;;;;;;;;;;;
2044;3475744;1637571;1838173;36845;32458;-0.19;10.6;9.34;77.89;73.85;81.8;10.27;10.41;10.12;1.68;25.91;25.49;51.4;98.25;;;;;;;;;;;;;;;;;;;;;;;;;;;;;;;;
2045;3468233;1633268;1834965;36359;33024;-0.22;10.48;9.52;78.01;74;81.88;10.25;10.38;10.1;1.68;25.69;26.39;52.08;102.96;;;;;;;;;;;;;;;;;;;;;;;;;;;;;;;;
2046;3459661;1628503;1831158;35874;33609;-0.25;10.37;9.71;78.11;74.14;81.95;10.23;10.36;10.08;1.68;25.49;27.31;52.8;107.19;;;;;;;;;;;;;;;;;;;;;;;;;;;;;;;;
2047;3450030;1623277;1826753;35410;34194;-0.28;10.26;9.91;78.21;74.27;82.01;10.21;10.35;10.07;1.68;25.3;28.24;53.54;111.52;;;;;;;;;;;;;;;;;;;;;;;;;;;;;;;;
2048;3439343;1617590;1821753;34939;34783;-0.31;10.16;10.11;78.32;74.4;82.08;10.2;10.33;10.05;1.68;25.13;29.18;54.31;115.95;;;;;;;;;;;;;;;;;;;;;;;;;;;;;;;;
2049;3427603;1611446;1816157;34493;35385;-0.34;10.06;10.32;78.4;74.52;82.13;10.18;10.32;10.04;1.68;24.97;30.12;55.09;120.5;;;;;;;;;;;;;;;;;;;;;;;;;;;;;;;;
2050;3414828;1604853;1809975;34067;35980;-0.37;9.98;10.54;78.49;74.64;82.19;10.17;10.31;10.03;1.68;24.82;31.06;55.88;125.16;;;;;;;;;;;;;;;;;;;;;;;;;;;;;;;;
2051;3401028;1597816;1803212;33639;36583;-0.4;9.89;10.76;78.57;74.76;82.24;10.16;10.3;10.02;1.68;24.68;32;56.68;129.11;;;;;;;;;;;;;;;;;;;;;;;;;;;;;;;;
2052;3386203;1590337;1795866;33219;37180;-0.44;9.81;10.98;78.65;74.87;82.29;10.16;10.29;10.01;1.68;24.56;32.92;57.48;133.97;;;;;;;;;;;;;;;;;;;;;;;;;;;;;;;;
2053;3370351;1582415;1787936;32776;37776;-0.47;9.72;11.21;78.73;74.97;82.34;10.15;10.28;10.01;1.68;24.45;33.82;58.28;138.96;;;;;;;;;;;;;;;;;;;;;;;;;;;;;;;;
2054;3353463;1574046;1779417;32338;38369;-0.5;9.64;11.44;78.8;75.07;82.38;10.14;10.28;10;1.68;24.36;34.73;59.08;142.48;;;;;;;;;;;;;;;;;;;;;;;;;;;;;;;;
2055;3335549;1565235;1770314;31901;38953;-0.53;9.56;11.68;78.87;75.17;82.42;10.14;10.27;10;1.68;24.27;35.64;59.91;146.71;;;;;;;;;;;;;;;;;;;;;;;;;;;;;;;;
2056;3316619;1555989;1760630;31469;39532;-0.57;9.49;11.92;78.94;75.26;82.46;10.13;10.27;9.99;1.68;24.2;36.56;60.76;150.33;;;;;;;;;;;;;;;;;;;;;;;;;;;;;;;;
2057;3296685;1546313;1750372;31037;40100;-0.6;9.41;12.16;79;75.35;82.49;10.13;10.26;9.99;1.68;24.15;37.5;61.65;155.7;;;;;;;;;;;;;;;;;;;;;;;;;;;;;;;;
2058;3275745;1536205;1739540;30582;40655;-0.64;9.34;12.41;79.06;75.43;82.53;10.13;10.26;9.98;1.68;24.11;38.49;62.6;160.14;;;;;;;;;;;;;;;;;;;;;;;;;;;;;;;;
2059;3253802;1525667;1728135;30123;41191;-0.67;9.26;12.66;79.11;75.52;82.56;10.12;10.26;9.98;1.68;24.09;39.54;63.63;164.63;;;;;;;;;;;;;;;;;;;;;;;;;;;;;;;;
2060;3230875;1514704;1716171;29662;41704;-0.7;9.18;12.91;79.16;75.59;82.59;10.12;10.25;9.98;1.68;24.09;40.66;64.76;169.18;;;;;;;;;;;;;;;;;;;;;;;;;;;;;;;;
Faixas etárias;;;;;;;;;;;;;;;;;;;;;;;;;;;;;;;;;;;;;;;;;;;;;;;;;;;
Total;;;;;;;;;;;;;;;;;;;;;;;;;;;;;;;;;;;;;;;;;;;;;;;;;;;
Faixa/Ano;2010;2011;2012;2013;2014;2015;2016;2017;2018;2019;2020;2021;2022;2023;2024;2025;2026;2027;2028;2029;2030;2031;2032;2033;2034;2035;2036;2037;2038;2039;2040;2041;2042;2043;2044;2045;2046;2047;2048;2049;2050;2051;2052;2053;2054;2055;2056;2057;2058;2059;2060
Total;3195720;3213606;3230877;3247527;3263524;3279222;3293629;3307532;3322379;3336911;3351092;3364895;3378277;3391204;3403637;3415514;3426799;3437464;3447480;3456820;3465453;3473215;3479940;3485617;3490239;3493794;3496257;3497601;3497815;3496909;3494895;3491771;3487534;3482188;3475744;3468233;3459661;3450030;3439343;3427603;3414828;3401028;3386203;3370351;3353463;3335549;3316619;3296685;3275745;3253802;3230875
0-4;292449;285962;280637;274805;269849;266605;262295;258215;255804;253816;251860;250897;250102;247989;245774;243435;240966;238382;235693;232913;230075;227162;224156;221073;217939;214780;211617;208460;205310;202175;199080;196043;193074;190190;187379;184664;182039;179511;177077;174721;172427;170192;168008;165859;163726;161592;159446;157296;155133;152951;150751
05/set;320086;313055;305173;298706;292963;286257;279910;274724;269021;264190;261064;256875;252908;250601;248720;246867;246005;245309;243300;241185;238942;236565;234051;231412;228671;225851;222949;219956;216886;213764;210616;207460;204317;201173;198050;194962;191931;188973;186096;183292;180585;177966;175443;173012;170664;168371;166144;163965;161819;159693;157560
out/14;342792;340628;336207;329721;321598;313824;306915;299146;292794;287165;280570;274334;269257;263661;258934;255916;251825;247966;245756;243974;242221;241446;240821;238867;236788;234565;232196;229690;227058;224327;221510;218619;215632;212569;209455;206312;203166;200024;196889;193768;190687;187661;184710;181836;179035;176333;173719;171197;168771;166427;164136
15-19;317276;320743;325224;329709;332668;333171;331169;326933;320644;312722;305150;298435;290859;284693;279243;272824;266770;261863;256442;251884;249019;245075;241326;239201;237475;235758;235000;234392;232460;230401;228205;225853;223368;220759;218048;215252;212378;209411;206364;203269;200140;197015;193884;190767;187658;184592;181579;178642;175781;172992;170301
20-24;294028;293054;292785;293367;295023;297809;301551;306303;311057;314307;315125;313459;309591;303694;296169;288987;282650;275449;269649;264548;258487;252743;248082;242852;238429;235645;231774;228088;226020;224341;222671;221948;221372;219481;217463;215306;212993;210546;207974;205301;202539;199699;196770;193754;190692;187594;184500;181398;178309;175226;172190
25-29;275727;275805;275243;274256;273157;272144;271546;271637;272561;274544;277643;281692;286741;291796;295365;296530;295243;291778;286298;279201;272439;266482;259617;254083;249178;243257;237616;233043;227898;223559;220835;217035;213413;211395;209760;208131;207444;206899;205048;203067;200953;198675;196264;193732;191093;188367;185561;182668;179683;176656;173589
30-34;249846;253816;256882;259097;260618;261553;261879;261573;260852;260015;259260;258913;259230;260369;262555;265848;270076;275293;280521;284282;285655;284597;281353;276084;269177;262554;256696;249941;244502;239673;233844;228285;223785;218714;214440;211767;208025;204455;202475;200876;199281;198618;198095;196276;194329;192243;189997;187616;185117;182506;179808
35-39;214814;219149;224544;230497;236174;241041;245116;248302;250650;252315;253408;253893;253759;253212;252545;251951;251761;252218;253482;255775;259166;263480;268759;274031;277837;279258;278268;275107;269940;263149;256628;250869;244211;238854;234102;228354;222870;218439;213437;209223;206590;202903;199380;197433;195860;194300;193656;193152;191364;189444;187389
40-44;195731;198599;200456;201942;204061;207419;211817;217253;223240;228962;233882;238035;241311;243764;245549;246769;247383;247394;246992;246468;246014;245941;246491;247827;250162;253575;257890;263162;268421;272234;273687;272752;269675;264618;257942;251534;245875;239321;234054;229385;223724;218320;213961;209034;204887;202296;198665;195194;193281;191745;190214
45-49;163855;168906;174307;179674;184421;188233;191172;193128;194724;196938;200367;204806;210264;216258;221994;226949;231156;234502;237042;238929;240256;240990;241116;240829;240411;240046;240047;240651;242025;244376;247788;252086;257333;262560;266358;267832;266957;263970;259030;252490;246213;240668;234241;229077;224499;218943;213637;209362;204527;200456;197919
50-54;135488;139212;143173;147385;151876;156628;161644;167005;172337;177074;180904;183892;185933;187626;189921;193391;197847;203287;209247;214956;219907;224126;227508;230099;232043;233436;234248;234457;234261;233935;233652;233722;234372;235772;238134;241525;245782;250973;256140;259900;261383;260565;257675;252875;246502;240382;234977;228704;223671;219204;213776
55-59;113074;115912;118677;121497;124550;127944;131625;135535;139692;144117;148805;153752;159030;164289;168976;172795;175807;177914;179688;182041;185526;189955;195327;201191;206812;211702;215874;219246;221855;223833;225281;226162;226454;226353;226120;225924;226065;226758;228174;230521;233868;238049;243140;248205;251892;253365;252603;249833;245207;239048;233134
60-64;90226;93113;96058;99018;101932;104780;107569;110298;113078;116084;119410;123006;126824;130875;135185;139756;144573;149708;154825;159407;163162;166154;168293;170118;172494;175940;180283;185515;191204;196662;201425;205506;208823;211413;213398;214877;215813;216185;216175;216037;215925;216130;216854;218262;220565;223818;227871;232798;237693;241257;242694
65-69;68492;70713;73111;75655;78294;81002;83775;86611;89469;92288;95047;97755;100408;103112;106027;109237;112694;116362;120246;124371;128748;133359;138263;143155;147546;151166;154077;156197;158029;160379;163726;167902;172904;178319;183521;188071;191985;195179;197697;199650;201123;202093;202524;202598;202543;202515;202772;203505;204875;207090;210190
70-74;50064;51599;53120;54690;56405;58304;60372;62601;64960;67415;69942;72533;75194;77885;80539;83135;85692;88199;90756;93502;96507;99734;103151;106759;110588;114650;118925;123465;127996;132073;135445;138185;140217;142001;144258;147418;151318;155954;160952;165748;169953;173579;176560;178928;180784;182201;183167;183639;183784;183809;183853
75-79;32992;34096;35392;36803;38222;39601;40972;42341;43764;45307;47000;48840;50812;52902;55083;57330;59643;62023;64437;66820;69153;71450;73704;76001;78459;81133;84000;87025;90210;93592;97185;100960;104968;108965;112564;115561;118014;119869;121520;123583;126425;129902;133993;138384;142595;146295;149492;152136;154256;155935;157236
80-84;20641;20943;21305;21770;22389;23173;24103;25173;26331;27495;28631;29766;30920;32113;33402;34806;36326;37950;39670;41467;43323;45236;47214;49222;51205;53143;55045;56923;58836;60873;63081;65437;67919;70527;73299;76244;79337;82618;85888;88831;91287;93308;94872;96283;98039;100419;103303;106655;110229;113646;116654
85-89;10270;10850;11274;11608;11894;12166;12454;12789;13189;13683;14282;14976;15758;16599;17446;18278;19113;19971;20860;21816;22847;23961;25146;26404;27718;29079;30488;31944;33433;34895;36321;37729;39115;40531;42036;43656;45382;47192;49089;51113;53262;55521;57913;60295;62432;64219;65696;66863;67936;69267;71048
90+;7869;7451;7309;7327;7430;7568;7745;7965;8212;8474;8742;9036;9376;9766;10210;10710;11269;11896;12576;13281;14006;14759;15562;16409;17307;18256;19264;20339;21471;22668;23915;25218;26582;27994;29417;30843;32287;33753;35264;36828;38463;40164;41916;43741;45668;47704;49834;52062;54309;56450;58433
Homens;;;;;;;;;;;;;;;;;;;;;;;;;;;;;;;;;;;;;;;;;;;;;;;;;;;
Faixa/Ano;2010;2011;2012;2013;2014;2015;2016;2017;2018;2019;2020;2021;2022;2023;2024;2025;2026;2027;2028;2029;2030;2031;2032;2033;2034;2035;2036;2037;2038;2039;2040;2041;2042;2043;2044;2045;2046;2047;2048;2049;2050;2051;2052;2053;2054;2055;2056;2057;2058;2059;2060
Total;1549036;1555888;1562426;1568655;1574565;1580342;1585481;1590391;1595815;1601112;1606269;1611274;1616109;1620761;1625212;1629433;1633409;1637129;1640580;1643751;1646628;1649126;1651157;1652717;1653804;1654413;1654532;1654150;1653262;1651874;1649994;1647623;1644760;1641407;1637571;1633268;1628503;1623277;1617590;1611446;1604853;1597816;1590337;1582415;1574046;1565235;1555989;1546313;1536205;1525667;1514704
0-4;149132;145943;143312;140397;137914;136298;134126;132067;130858;129860;128876;128396;128000;126928;125801;124609;123352;122033;120661;119242;117791;116302;114765;113188;111585;109969;108350;106734;105122;103519;101935;100380;98860;97384;95945;94554;93211;91917;90672;89465;88291;87146;86028;84929;83835;82743;81645;80544;79438;78320;77193
05/set;161952;158682;154955;151913;149196;145935;142821;140262;137414;134997;133441;131332;129333;128178;127237;126306;125877;125533;124513;123437;122296;121087;119805;118460;117063;115621;114140;112611;111043;109446;107836;106224;104617;103008;101413;99835;98283;96770;95297;93863;92477;91138;89847;88603;87403;86230;85089;83974;82876;81788;80696
out/14;173295;172242;170030;166784;162740;158929;155717;152043;149055;146392;143186;140127;137618;134823;132456;130954;128892;126944;125838;124944;124062;123675;123364;122374;121314;120187;118981;117704;116364;114972;113533;112057;110533;108970;107377;105770;104164;102558;100955;99361;97787;96238;94730;93260;91827;90445;89109;87818;86578;85378;84208
15-19;158586;160724;163292;165790;167488;167941;166974;164869;161740;157817;154125;151027;147470;144592;142034;138931;135980;133573;130880;128611;127195;125219;123337;122280;121423;120565;120193;119896;118922;117880;116774;115584;114323;113001;111626;110203;108742;107232;105683;104107;102511;100922;99325;97736;96155;94592;93053;91557;90096;88673;87300
20-24;142745;142345;142579;143420;144821;146708;149001;151718;154366;156233;156875;156120;154252;151383;147725;144292;141441;138130;135490;133158;130287;127538;125295;122736;120569;119218;117304;115478;114472;113657;112840;112499;112231;111295;110288;109218;108062;106837;105546;104204;102813;101381;99905;98384;96836;95268;93706;92135;90571;89013;87475
25-29;132595;132209;131464;130538;129699;129101;128936;129391;130438;132032;134103;136574;139462;142283;144342;145202;144693;143093;140504;137137;133984;131386;128304;125850;123659;120901;118243;116079;113596;111501;110205;108354;106586;105623;104848;104070;103760;103518;102620;101646;100613;99491;98297;97041;95731;94372;92971;91527;90034;88518;86977
30-34;119100;120844;122124;122958;123404;123514;123288;122713;121964;121298;120867;120861;121456;122635;124349;126532;129107;132090;135012;137185;138179;137822;136375;133935;130709;127664;125148;122155;119778;117652;114969;112381;110277;107855;105815;104560;102757;101036;100103;99359;98610;98320;98098;97227;96280;95272;94178;93009;91781;90494;89160
35-39;101443;103345;105791;108526;111127;113330;115132;116484;117400;117938;118152;118033;117577;116944;116394;116071;116165;116848;118101;119878;122116;124739;127755;130700;132901;133930;133625;132242;129880;126744;123779;121334;118415;116102;114033;111414;108885;106830;104464;102469;101247;99486;97802;96896;96174;95450;95177;94971;94123;93200;92215
40-44;92373;93440;94032;94470;95245;96647;98579;101042;103789;106407;108641;110488;111893;112879;113495;113795;113766;113409;112876;112423;112193;112364;113106;114402;116200;118449;121070;124076;127011;129217;130268;130006;128686;126402;123354;120469;118095;115254;113003;110995;108438;105968;103966;101653;99707;98519;96799;95154;94275;93578;92877
45-49;77414;79595;81875;84095;86018;87521;88629;89282;89789;90625;92067;94021;96494;99238;101861;104114;105995;107445;108490;109176;109552;109608;109334;108885;108510;108344;108566;109343;110660;112462;114705;117312;120297;123210;125405;126472;126254;124998;122798;119846;117054;114758;112003;109824;107880;105394;102994;101051;98802;96912;95761
50-54;63025;64824;66732;68730;70790;72889;75039;77288;79482;81398;82912;84054;84762;85332;86219;87686;89648;92108;94827;97433;99683;101573;103049;104132;104862;105290;105405;105197;104817;104510;104402;104669;105472;106797;108596;110818;113392;116335;119209;121379;122450;122272;121082;118975;116133;113443;111235;108578;106481;104606;102205
55-59;51877;53033;54239;55535;56978;58588;60340;62195;64142;66148;68199;70300;72497;74648;76535;78044;79204;79956;80578;81502;82979;84926;87344;90003;92556;94770;96637;98112;99212;99971;100444;100614;100470;100162;99922;99872;100182;101005;102325;104100;106283;108799;111672;114477;116596;117658;117513;116398;114400;111692;109129
60-64;41933;43005;44020;45009;46019;47087;48204;49373;50627;52021;53570;55254;57036;58903;60831;62805;64826;66940;69014;70845;72322;73478;74256;74917;75862;77320;79217;81553;84111;86569;88709;90526;91975;93071;93846;94351;94570;94490;94254;94084;94091;94435;95262;96555;98281;100387;102808;105567;108259;110295;111325
65-69;31361;32387;33488;34622;35728;36777;37783;38745;39688;40652;41672;42737;43852;45048;46371;47838;49424;51104;52860;54672;56533;58437;60427;62382;64116;65529;66652;67432;68108;69047;70457;72262;74468;76873;79185;81207;82932;84319;85384;86152;86669;86927;86903;86736;86629;86688;87054;87864;89102;90742;92728
70-74;22230;22896;23559;24249;25007;25851;26764;27745;28756;29750;30700;31616;32503;33379;34274;35216;36203;37232;38335;39550;40889;42331;43857;45449;47091;48780;50507;52311;54086;55668;56963;58009;58759;59424;60325;61640;63302;65310;67486;69579;71412;72984;74261;75254;75983;76488;76768;76794;76692;76645;76748
75-79;14062;14461;14958;15516;16083;16638;17194;17755;18345;18990;19703;20474;21298;22152;22997;23806;24596;25365;26132;26914;27736;28596;29490;30447;31495;32644;33878;35180;36534;37932;39374;40848;42385;43900;45252;46371;47284;47961;48574;49386;50544;51985;53704;55555;57335;58899;60245;61349;62220;62871;63336
80-84;8558;8581;8634;8734;8906;9148;9460;9838;10260;10688;11109;11534;11974;12434;12935;13486;14080;14714;15371;16025;16653;17270;17877;18486;19109;19759;20436;21143;21899;22720;23619;24578;25592;26641;27725;28844;29990;31182;32360;33411;34286;35008;35561;36073;36740;37672;38816;40158;41592;42969;44182
85-89;4309;4435;4505;4547;4576;4607;4647;4708;4798;4927;5097;5310;5558;5834;6115;6393;6675;6972;7282;7620;7988;8383;8805;9243;9679;10101;10519;10932;11351;11778;12220;12686;13168;13684;14246;14856;15505;16189;16894;17626;18380;19154;19959;20754;21463;22056;22548;22937;23307;23784;24440
90+;3046;2897;2837;2822;2826;2833;2847;2873;2904;2939;2974;3016;3074;3148;3241;3353;3485;3640;3816;3999;4190;4392;4612;4848;5101;5372;5661;5972;6296;6629;6962;7300;7646;8005;8370;8744;9133;9536;9963;10414;10897;11404;11932;12483;13058;13659;14281;14928;15578;16189;16749
Mulheres;;;;;;;;;;;;;;;;;;;;;;;;;;;;;;;;;;;;;;;;;;;;;;;;;;;
Faixa/Ano;2010;2011;2012;2013;2014;2015;2016;2017;2018;2019;2020;2021;2022;2023;2024;2025;2026;2027;2028;2029;2030;2031;2032;2033;2034;2035;2036;2037;2038;2039;2040;2041;2042;2043;2044;2045;2046;2047;2048;2049;2050;2051;2052;2053;2054;2055;2056;2057;2058;2059;2060
Total;1646684;1657718;1668451;1678872;1688959;1698880;1708148;1717141;1726564;1735799;1744823;1753621;1762168;1770443;1778425;1786081;1793390;1800335;1806900;1813069;1818825;1824089;1828783;1832900;1836435;1839381;1841725;1843451;1844553;1845035;1844901;1844148;1842774;1840781;1838173;1834965;1831158;1826753;1821753;1816157;1809975;1803212;1795866;1787936;1779417;1770314;1760630;1750372;1739540;1728135;1716171
0-4;143317;140019;137325;134408;131935;130307;128169;126148;124946;123956;122984;122501;122102;121061;119973;118826;117614;116349;115032;113671;112284;110860;109391;107885;106354;104811;103267;101726;100188;98656;97145;95663;94214;92806;91434;90110;88828;87594;86405;85256;84136;83046;81980;80930;79891;78849;77801;76752;75695;74631;73558
05/set;158134;154373;150218;146793;143767;140322;137089;134462;131607;129193;127623;125543;123575;122423;121483;120561;120128;119776;118787;117748;116646;115478;114246;112952;111608;110230;108809;107345;105843;104318;102780;101236;99700;98165;96637;95127;93648;92203;90799;89429;88108;86828;85596;84409;83261;82141;81055;79991;78943;77905;76864
out/14;169497;168386;166177;162937;158858;154895;151198;147103;143739;140773;137384;134207;131639;128838;126478;124962;122933;121022;119918;119030;118159;117771;117457;116493;115474;114378;113215;111986;110694;109355;107977;106562;105099;103599;102078;100542;99002;97466;95934;94407;92900;91423;89980;88576;87208;85888;84610;83379;82193;81049;79928
15-19;158690;160019;161932;163919;165180;165230;164195;162064;158904;154905;151025;147408;143389;140101;137209;133893;130790;128290;125562;123273;121824;119856;117989;116921;116052;115193;114807;114496;113538;112521;111431;110269;109045;107758;106422;105049;103636;102179;100681;99162;97629;96093;94559;93031;91503;90000;88526;87085;85685;84319;83001
20-24;151283;150709;150206;149947;150202;151101;152550;154585;156691;158074;158250;157339;155339;152311;148444;144695;141209;137319;134159;131390;128200;125205;122787;120116;117860;116427;114470;112610;111548;110684;109831;109449;109141;108186;107175;106088;104931;103709;102428;101097;99726;98318;96865;95370;93856;92326;90794;89263;87738;86213;84715
25-29;143132;143596;143779;143718;143458;143043;142610;142246;142123;142512;143540;145118;147279;149513;151023;151328;150550;148685;145794;142064;138455;135096;131313;128233;125519;122356;119373;116964;114302;112058;110630;108681;106827;105772;104912;104061;103684;103381;102428;101421;100340;99184;97967;96691;95362;93995;92590;91141;89649;88138;86612
30-34;130746;132972;134758;136139;137214;138039;138591;138860;138888;138717;138393;138052;137774;137734;138206;139316;140969;143203;145509;147097;147476;146775;144978;142149;138468;134890;131548;127786;124724;122021;118875;115904;113508;110859;108625;107207;105268;103419;102372;101517;100671;100298;99997;99049;98049;96971;95819;94607;93336;92012;90648
35-39;113371;115804;118753;121971;125047;127711;129984;131818;133250;134377;135256;135860;136182;136268;136151;135880;135596;135370;135381;135897;137050;138741;141004;143331;144936;145328;144643;142865;140060;136405;132849;129535;125796;122752;120069;116940;113985;111609;108973;106754;105343;103417;101578;100537;99686;98850;98479;98181;97241;96244;95174
40-44;103358;105159;106424;107472;108816;110772;113238;116211;119451;122555;125241;127547;129418;130885;132054;132974;133617;133985;134116;134045;133821;133577;133385;133425;133962;135126;136820;139086;141410;143017;143419;142746;140989;138216;134588;131065;127780;124067;121051;118390;115286;112352;109995;107381;105180;103777;101866;100040;99006;98167;97337
45-49;86441;89311;92432;95579;98403;100712;102543;103846;104935;106313;108300;110785;113770;117020;120133;122835;125161;127057;128552;129753;130704;131382;131782;131944;131901;131702;131481;131308;131365;131914;133083;134774;137036;139350;140953;141360;140703;138972;136232;132644;129159;125910;122238;119253;116619;113549;110643;108311;105725;103544;102158
50-54;72463;74388;76441;78655;81086;83739;86605;89717;92855;95676;97992;99838;101171;102294;103702;105705;108199;111179;114420;117523;120224;122553;124459;125967;127181;128146;128843;129260;129444;129425;129250;129053;128900;128975;129538;130707;132390;134638;136931;138521;138933;138293;136593;133900;130369;126939;123742;120126;117190;114598;111571
55-59;61197;62879;64438;65962;67572;69356;71285;73340;75550;77969;80606;83452;86533;89641;92441;94751;96603;97958;99110;100539;102547;105029;107983;111188;114256;116932;119237;121134;122643;123862;124837;125548;125984;126191;126198;126052;125883;125753;125849;126421;127585;129250;131468;133728;135296;135707;135090;133435;130807;127356;124005
60-64;48293;50108;52038;54009;55913;57693;59365;60925;62451;64063;65840;67752;69788;71972;74354;76951;79747;82768;85811;88562;90840;92676;94037;95201;96632;98620;101066;103962;107093;110093;112716;114980;116848;118342;119552;120526;121243;121695;121921;121953;121834;121695;121592;121707;122284;123431;125063;127231;129434;130962;131369
65-69;37131;38326;39623;41033;42566;44225;45992;47866;49781;51636;53375;55018;56556;58064;59656;61399;63270;65258;67386;69699;72215;74922;77836;80773;83430;85637;87425;88765;89921;91332;93269;95640;98436;101446;104336;106864;109053;110860;112313;113498;114454;115166;115621;115862;115914;115827;115718;115641;115773;116348;117462
70-74;27834;28703;29561;30441;31398;32453;33608;34856;36204;37665;39242;40917;42691;44506;46265;47919;49489;50967;52421;53952;55618;57403;59294;61310;63497;65870;68418;71154;73910;76405;78482;80176;81458;82577;83933;85778;88016;90644;93466;96169;98541;100595;102299;103674;104801;105713;106399;106845;107092;107164;107105
75-79;18930;19635;20434;21287;22139;22963;23778;24586;25419;26317;27297;28366;29514;30750;32086;33524;35047;36658;38305;39906;41417;42854;44214;45554;46964;48489;50122;51845;53676;55660;57811;60112;62583;65065;67312;69190;70730;71908;72946;74197;75881;77917;80289;82829;85260;87396;89247;90787;92036;93064;93900
80-84;12083;12362;12671;13036;13483;14025;14643;15335;16071;16807;17522;18232;18946;19679;20467;21320;22246;23236;24299;25442;26670;27966;29337;30736;32096;33384;34609;35780;36937;38153;39462;40859;42327;43886;45574;47400;49347;51436;53528;55420;57001;58300;59311;60210;61299;62747;64487;66497;68637;70677;72472
85-89;5961;6415;6769;7061;7318;7559;7807;8081;8391;8756;9185;9666;10200;10765;11331;11885;12438;12999;13578;14196;14859;15578;16341;17161;18039;18978;19969;21012;22082;23117;24101;25043;25947;26847;27790;28800;29877;31003;32195;33487;34882;36367;37954;39541;40969;42163;43148;43926;44629;45483;46608
90+;4823;4554;4472;4505;4604;4735;4898;5092;5308;5535;5768;6020;6302;6618;6969;7357;7784;8256;8760;9282;9816;10367;10950;11561;12206;12884;13603;14367;15175;16039;16953;17918;18936;19989;21047;22099;23154;24217;25301;26414;27566;28760;29984;31258;32610;34045;35553;37134;38731;40261;41684
Brasil;;;;;;;;;;;;;;;;;;;;;;;;;;;;;;;;;;;;;;;;;;;;;;;;;;;
Dados;;;;;;;;;;;;;;;;;;;;;;;;;;;;;;;;;;;;;;;;;;;;;;;;;;;
Ano;População total;Homens;Mulheres;Nascimentos;Óbitos;Taxa de Crescimento Geométrico;Taxa Bruta de Natalidade;Taxa Bruta de Mortalidade;Esperança de Vida ao Nascer;Esperança de Vida ao Nascer - Homens;Esperança de Vida ao Nascer - Mulheres;Taxa de Mortalidade Infantil;Taxa de Mortalidade Infantil - Homens;Taxa de Mortalidade Infantil - Mulheres;Taxa de Fecundidade Total;Razão de Dependência - Jovens 0 a 14 anos;Razão de Dependência - Idosos 65 ou mais anos;Razão de Dependência;Índice de Envelhecimento;;;;;;;;;;;;;;;;;;;;;;;;;;;;;;;;
2010;194890682;95513298;99377384;2939435;1240083;x;15.08;6.36;73.86;70.21;77.6;17.22;18.76;15.59;1.75;36.32;10.77;47.09;29.55;;;;;;;;;;;;;;;;;;;;;;;;;;;;;;;;
2011;196603732;96322635;100281097;2974525;1247751;0.88;15.13;6.35;74.2;70.57;77.91;16.43;17.86;14.92;1.76;35.37;10.99;46.36;30.99;;;;;;;;;;;;;;;;;;;;;;;;;;;;;;;;
2012;198314934;97132054;101182880;2953890;1258235;0.87;14.89;6.34;74.52;70.91;78.22;15.69;17.03;14.29;1.75;34.45;11.24;45.68;32.63;;;;;;;;;;;;;;;;;;;;;;;;;;;;;;;;
2013;200004188;97931331;102072857;2953178;1270306;0.85;14.77;6.35;74.84;71.25;78.51;15.02;16.27;13.7;1.74;33.56;11.51;45.07;34.2;;;;;;;;;;;;;;;;;;;;;;;;;;;;;;;;
2014;201717541;98744098;102973443;3028202;1284346;0.86;15.01;6.37;75.14;71.57;78.78;14.4;15.58;13.16;1.78;32.78;11.81;44.59;36.12;;;;;;;;;;;;;;;;;;;;;;;;;;;;;;;;
2015;203475683;99581002;103894681;3070979;1299541;0.87;15.09;6.39;75.44;71.88;79.05;13.82;14.93;12.65;1.8;32.15;12.13;44.29;37.67;;;;;;;;;;;;;;;;;;;;;;;;;;;;;;;;
2016;205156587;100379640;104776947;2901053;1314164;0.83;14.14;6.41;75.72;72.18;79.31;13.29;14.35;12.19;1.7;31.57;12.49;44.05;39.73;;;;;;;;;;;;;;;;;;;;;;;;;;;;;;;;
2017;206804741;101163599;105641142;3020743;1330811;0.8;14.61;6.44;75.99;72.46;79.56;12.81;13.8;11.75;1.78;31.11;12.87;43.98;41.2;;;;;;;;;;;;;;;;;;;;;;;;;;;;;;;;
2018;208494900;101971173;106523727;3003585;1349693;0.82;14.41;6.47;76.25;72.74;79.8;12.35;13.31;11.35;1.77;30.75;13.28;44.03;43.19;;;;;;;;;;;;;;;;;;;;;;;;;;;;;;;;
2019;210147125;102760295;107386830;2984414;1368954;0.79;14.2;6.51;76.5;73;80.03;11.94;12.85;10.98;1.77;30.42;13.72;44.14;45.02;;;;;;;;;;;;;;;;;;;;;;;;;;;;;;;;
2020;211755692;103527689;108228003;2963516;1389144;0.77;13.99;6.56;76.74;73.26;80.25;11.56;12.43;10.64;1.76;30.11;14.18;44.29;46.89;;;;;;;;;;;;;;;;;;;;;;;;;;;;;;;;
2021;213317639;104271843;109045796;2940629;1410602;0.74;13.79;6.61;76.97;73.5;80.46;11.2;12.04;10.32;1.76;29.83;14.67;44.5;49.51;;;;;;;;;;;;;;;;;;;;;;;;;;;;;;;;
2022;214828540;104990487;109838053;2913688;1433605;0.71;13.56;6.67;77.19;73.74;80.67;10.88;11.68;10.03;1.75;29.63;15.19;44.82;51.22;;;;;;;;;;;;;;;;;;;;;;;;;;;;;;;;
2023;216284269;105681529;110602740;2885501;1458023;0.68;13.34;6.74;77.4;73.96;80.86;10.58;11.36;9.75;1.75;29.43;15.74;45.17;53.2;;;;;;;;;;;;;;;;;;;;;;;;;;;;;;;;
2024;217684462;106345043;111339419;2856690;1483777;0.65;13.12;6.82;77.6;74.17;81.05;10.3;11.05;9.5;1.74;29.26;16.31;45.56;55.72;;;;;;;;;;;;;;;;;;;;;;;;;;;;;;;;
2025;219029093;106981304;112047789;2827039;1510693;0.62;12.91;6.9;77.8;74.38;81.22;10.04;10.77;9.27;1.74;29.11;16.9;46.01;58.29;;;;;;;;;;;;;;;;;;;;;;;;;;;;;;;;
2026;220316530;107589495;112727035;2797674;1539159;0.59;12.7;6.99;77.98;74.57;81.39;9.8;10.51;9.05;1.74;28.95;17.51;46.45;60.61;;;;;;;;;;;;;;;;;;;;;;;;;;;;;;;;
2027;221545234;108168830;113376404;2768000;1569117;0.56;12.49;7.08;78.16;74.76;81.56;9.58;10.27;8.85;1.73;28.77;18.14;46.9;62.76;;;;;;;;;;;;;;;;;;;;;;;;;;;;;;;;
2028;222713669;108718587;113995082;2738355;1600375;0.53;12.3;7.19;78.32;74.94;81.71;9.37;10.05;8.66;1.73;28.59;18.78;47.37;65.46;;;;;;;;;;;;;;;;;;;;;;;;;;;;;;;;
2029;223821305;109238514;114582791;2710134;1632845;0.5;12.11;7.3;78.49;75.11;81.86;9.18;9.84;8.49;1.72;28.36;19.42;47.79;68.23;;;;;;;;;;;;;;;;;;;;;;;;;;;;;;;;
2030;224868462;109728762;115139700;2683440;1666427;0.47;11.93;7.41;78.64;75.28;82;9.01;9.65;8.33;1.72;28.08;20.06;48.14;71.05;;;;;;;;;;;;;;;;;;;;;;;;;;;;;;;;
2031;225854415;110189007;115665408;2655850;1700970;0.44;11.76;7.53;78.78;75.43;82.14;8.85;9.48;8.18;1.72;27.84;20.71;48.55;74.33;;;;;;;;;;;;;;;;;;;;;;;;;;;;;;;;
2032;226777802;110618592;116159210;2628742;1736861;0.41;11.59;7.66;78.92;75.58;82.27;8.7;9.32;8.05;1.72;27.61;21.36;48.97;77.3;;;;;;;;;;;;;;;;;;;;;;;;;;;;;;;;
2033;227638581;111017537;116621044;2603540;1773877;0.38;11.44;7.79;79.05;75.72;82.39;8.57;9.18;7.92;1.71;27.32;22.01;49.33;80.33;;;;;;;;;;;;;;;;;;;;;;;;;;;;;;;;
2034;228437122;111386062;117051060;2579544;1812136;0.35;11.29;7.93;79.18;75.86;82.51;8.44;9.04;7.81;1.71;27.04;22.65;49.69;83.43;;;;;;;;;;;;;;;;;;;;;;;;;;;;;;;;
2035;229173685;111724392;117449293;2557147;1851454;0.32;11.16;8.08;79.3;75.99;82.62;8.32;8.92;7.7;1.71;26.76;23.28;50.04;87.08;;;;;;;;;;;;;;;;;;;;;;;;;;;;;;;;
2036;229847832;112032426;117815406;2534413;1891832;0.29;11.03;8.23;79.42;76.11;82.73;8.22;8.8;7.6;1.7;26.48;23.9;50.39;90.34;;;;;;;;;;;;;;;;;;;;;;;;;;;;;;;;
2037;230459062;112309958;118149104;2513030;1933167;0.27;10.9;8.39;79.53;76.23;82.83;8.12;8.69;7.51;1.7;26.22;24.52;50.74;93.68;;;;;;;;;;;;;;;;;;;;;;;;;;;;;;;;
2038;231007871;112557327;118450544;2493021;1975283;0.24;10.79;8.55;79.63;76.34;82.93;8.02;8.59;7.42;1.7;25.97;25.13;51.1;96.51;;;;;;;;;;;;;;;;;;;;;;;;;;;;;;;;
2039;231494650;112774820;118719830;2473758;2017958;0.21;10.69;8.72;79.73;76.45;83.02;7.93;8.49;7.34;1.7;25.74;25.77;51.52;100;;;;;;;;;;;;;;;;;;;;;;;;;;;;;;;;
2040;231919922;112962751;118957171;2455519;2060782;0.18;10.59;8.89;79.83;76.55;83.11;7.85;8.4;7.27;1.69;25.54;26.46;51.99;103.57;;;;;;;;;;;;;;;;;;;;;;;;;;;;;;;;
2041;232284233;113121438;119162795;2437785;2103915;0.16;10.49;9.06;79.92;76.65;83.2;7.77;8.32;7.2;1.69;25.35;27.18;52.53;107.23;;;;;;;;;;;;;;;;;;;;;;;;;;;;;;;;
2042;232588580;113251454;119337126;2422219;2147419;0.13;10.41;9.23;80;76.74;83.28;7.7;8.24;7.13;1.69;25.19;27.93;53.13;110.3;;;;;;;;;;;;;;;;;;;;;;;;;;;;;;;;
2043;232834065;113353443;119480622;2407325;2191168;0.11;10.34;9.41;80.09;76.83;83.36;7.63;8.16;7.06;1.69;25.06;28.73;53.78;114.72;;;;;;;;;;;;;;;;;;;;;;;;;;;;;;;;
2044;233020996;113427597;119593399;2392409;2234730;0.08;10.27;9.59;80.17;76.92;83.43;7.56;8.09;7;1.69;24.94;29.55;54.49;118.63;;;;;;;;;;;;;;;;;;;;;;;;;;;;;;;;
2045;233149625;113474061;119675564;2377677;2278119;0.06;10.2;9.77;80.24;77;83.5;7.5;8.02;6.95;1.68;24.85;30.4;55.25;122.5;;;;;;;;;;;;;;;;;;;;;;;;;;;;;;;;
2046;233220257;113493052;119727205;2363150;2321466;0.03;10.13;9.95;80.31;77.08;83.57;7.44;7.96;6.9;1.68;24.77;31.27;56.04;125.79;;;;;;;;;;;;;;;;;;;;;;;;;;;;;;;;
2047;233233670;113485011;119748659;2349527;2364398;0.01;10.07;10.14;80.38;77.16;83.63;7.39;7.9;6.84;1.68;24.72;32.17;56.89;129.75;;;;;;;;;;;;;;;;;;;;;;;;;;;;;;;;
2048;233190482;113450253;119740229;2335541;2407046;-0.02;10.02;10.32;80.45;77.23;83.7;7.33;7.84;6.8;1.68;24.68;33.08;57.76;134.62;;;;;;;;;;;;;;;;;;;;;;;;;;;;;;;;
2049;233090464;113388652;119701812;2320604;2449148;-0.04;9.96;10.51;80.51;77.3;83.75;7.29;7.79;6.75;1.68;24.66;33.99;58.64;138.06;;;;;;;;;;;;;;;;;;;;;;;;;;;;;;;;
2050;232933276;113300060;119633216;2304717;2490559;-0.07;9.89;10.69;80.57;77.37;83.81;7.24;7.74;6.71;1.68;24.64;34.88;59.52;142.21;;;;;;;;;;;;;;;;;;;;;;;;;;;;;;;;
2051;232719169;113184593;119534576;2288973;2531362;-0.09;9.84;10.88;80.63;77.43;83.86;7.2;7.69;6.67;1.67;24.63;35.76;60.38;144.81;;;;;;;;;;;;;;;;;;;;;;;;;;;;;;;;
2052;232448867;113042592;119406275;2273127;2571362;-0.12;9.78;11.06;80.68;77.49;83.91;7.16;7.65;6.64;1.67;24.62;36.62;61.24;148.37;;;;;;;;;;;;;;;;;;;;;;;;;;;;;;;;
2053;232122448;112874076;119248372;2255972;2610595;-0.14;9.72;11.25;80.74;77.55;83.96;7.12;7.61;6.6;1.67;24.62;37.45;62.07;151.97;;;;;;;;;;;;;;;;;;;;;;;;;;;;;;;;
2054;231739632;112678873;119060759;2237804;2648830;-0.16;9.66;11.43;80.78;77.61;84;7.08;7.57;6.57;1.67;24.62;38.26;62.89;155.63;;;;;;;;;;;;;;;;;;;;;;;;;;;;;;;;
2055;231300323;112456873;118843450;2218450;2686056;-0.19;9.59;11.61;80.83;77.66;84.04;7.05;7.54;6.54;1.67;24.63;39.05;63.68;159.33;;;;;;;;;;;;;;;;;;;;;;;;;;;;;;;;
2056;230805223;112208379;118596844;2199622;2722232;-0.21;9.53;11.79;80.88;77.71;84.08;7.02;7.5;6.51;1.67;24.63;39.81;64.43;161.33;;;;;;;;;;;;;;;;;;;;;;;;;;;;;;;;
2057;230255685;111934042;118321643;2180831;2757317;-0.24;9.47;11.98;80.92;77.76;84.12;6.99;7.47;6.48;1.66;24.62;40.52;65.15;164.43;;;;;;;;;;;;;;;;;;;;;;;;;;;;;;;;
2058;229652286;111634119;118018167;2161015;2791329;-0.26;9.41;12.15;80.96;77.81;84.16;6.96;7.44;6.46;1.66;24.62;41.22;65.84;168.24;;;;;;;;;;;;;;;;;;;;;;;;;;;;;;;;
2059;228995541;111308845;117686696;2141033;2824224;-0.29;9.35;12.33;81;77.86;84.19;6.94;7.41;6.44;1.66;24.61;41.91;66.53;170.27;;;;;;;;;;;;;;;;;;;;;;;;;;;;;;;;
2060;228286347;110958642;117327705;2120842;2856059;-0.31;9.29;12.51;81.04;77.9;84.23;6.91;7.39;6.42;1.66;24.61;42.62;67.23;173.47;;;;;;;;;;;;;;;;;;;;;;;;;;;;;;;;
Faixas etárias;;;;;;;;;;;;;;;;;;;;;;;;;;;;;;;;;;;;;;;;;;;;;;;;;;;
Total;;;;;;;;;;;;;;;;;;;;;;;;;;;;;;;;;;;;;;;;;;;;;;;;;;;
Faixa/Ano;2010;2011;2012;2013;2014;2015;2016;2017;2018;2019;2020;2021;2022;2023;2024;2025;2026;2027;2028;2029;2030;2031;2032;2033;2034;2035;2036;2037;2038;2039;2040;2041;2042;2043;2044;2045;2046;2047;2048;2049;2050;2051;2052;2053;2054;2055;2056;2057;2058;2059;2060
Total;194890682;196603732;198314934;200004188;201717541;203475683;205156587;206804741;208494900;210147125;211755692;213317639;214828540;216284269;217684462;219029093;220316530;221545234;222713669;223821305;224868462;225854415;226777802;227638581;228437122;229173685;229847832;230459062;231007871;231494650;231919922;232284233;232588580;232834065;233020996;233149625;233220257;233233670;233190482;233090464;232933276;232719169;232448867;232122448;231739632;231300323;230805223;230255685;229652286;228995541;228286347
0-4;14858280;14697433;14624301;14567170;14570070;14677159;14715112;14720776;14787557;14798332;14730311;14703281;14675523;14569055;14452355;14326234;14192256;14053426;13912226;13770272;13629815;13491399;13354905;13221642;13092489;12967369;12846604;12730937;12620549;12514918;12413588;12316709;12225086;12138798;12057106;11979238;11904624;11832490;11761709;11691308;11620256;11547982;11473958;11397201;11317212;11233863;11147191;11057520;10965028;10870292;10774218
05/set;15865195;15600504;15387507;15203145;15029641;14824271;14664918;14593299;14537829;14542132;14650311;14689394;14695773;14762671;14773628;14705941;14679311;14652033;14546208;14430226;14304778;14171490;14033278;13892710;13751331;13611405;13473529;13337523;13204728;13076037;12951361;12830995;12715703;12605672;12500387;12399373;12302790;12211456;12125433;12043993;11966376;11891973;11820071;11749531;11679356;11608504;11536459;11462615;11386046;11306224;11223031
out/14;17397304;17216843;16880174;16495325;16131984;15840860;15577214;15365237;15182024;15009676;14805478;14647164;14576191;14520972;14525347;14633526;14672711;14679300;14746432;14757724;14690423;14664114;14637176;14531700;14416109;14291049;14158125;14020272;13880038;13738984;13599376;13461829;13326122;13193611;13065182;12940762;12820626;12705545;12595720;12490655;12389855;12293466;12202305;12116445;12035156;11957694;11883455;11811703;11741278;11671246;11600532
15-19;17219086;17238401;17315601;17402809;17424089;17334096;17155615;16821630;16439846;16079464;15790863;15529387;15318916;15136923;14965724;14762869;14605891;14536019;14481942;14487286;14596110;14635967;14643187;14710785;14722659;14656163;14630405;14603997;14499263;14384409;14260078;14127872;13990752;13851207;13710840;13571863;13434947;13299846;13167907;13040010;12916108;12796510;12681921;12572557;12467934;12367551;12271531;12180736;12095228;12014265;11937109
20-24;17476779;17396868;17296030;17195219;17124785;17100769;17122881;17203520;17294780;17319853;17233266;17057794;16726717;16347561;15989803;15703800;15444924;15236871;15057313;14888503;14688175;14533531;14465563;14413260;14420025;14529708;14570602;14578856;14647162;14659931;14594614;14569782;14544238;14440723;14327061;14203946;14072906;13936948;13798559;13659314;13521425;13385549;13251456;13120499;12993545;12870528;12751775;12637977;12529386;12425516;12325847
25-29;17334110;17423848;17454135;17436877;17391346;17331851;17256322;17161679;17068593;17004904;16985866;17011218;17092427;17182193;17206153;17119972;16946247;16618500;16243415;15889766;15607291;15351552;15146240;14969263;14802897;14605190;14452983;14386955;14336521;14344709;14455193;14497153;14506501;14575436;14589082;14524961;14501063;14476422;14374170;14261783;14139942;14010163;13875462;13738287;13600246;13463536;13328803;13195813;13065893;12939931;12817887
30-34;15955949;16275019;16567575;16822855;17028854;17178656;17271648;17306947;17296659;17258318;17205416;17135646;17044190;16951251;16886952;16867543;16892885;16974395;17065211;17091062;17007393;16836728;16512899;16141856;15792033;15512843;15259983;15057188;14882572;14718488;14523256;14373318;14309113;14260407;14269902;14381026;14423898;14434174;14503630;14518027;14455019;14431957;14408126;14307058;14195853;14075191;13946610;13813084;13677088;13540196;13404578
35-39;14075108;14350827;14689558;15066579;15441748;15787821;16107943;16402815;16661965;16872342;17026545;17123723;17161844;17152616;17115112;17063584;16995707;16906691;16816670;16755274;16738294;16765601;16848588;16940702;16968189;16886844;16719129;16399166;16032170;15686230;15410325;15160396;14960090;14787787;14625966;14433207;14285523;14223058;14175984;14186704;14298311;14341981;14353071;14422945;14437977;14376076;14353778;14330671;14230768;14120755;14001307
40-44;13184170;13311309;13414041;13519509;13668343;13884283;14161178;14500831;14879035;15255513;15602974;15924417;16219710;16478229;16688213;16842846;16941312;16981681;16975459;16941357;16893256;16828804;16743240;16656520;16598022;16583446;16612647;16696902;16790065;16818996;16739962;16575282;16259556;15897111;15555535;15283397;15036761;14839171;14669407;14510049;14320041;14174828;14114206;14068807;14080737;14192649;14236987;14248844;14318948;14334584;14273861
45-49;11992439;12218181;12426314;12615601;12784211;12933598;13064058;13171048;13281287;13434076;13652504;13930420;14269004;14644402;15017933;15363171;15683089;15977567;16236139;16446903;16602926;16703462;16746553;16743579;16713006;16668492;16607681;16525845;16442743;16387431;16375387;16406437;16491724;16585608;16615819;16539189;16377988;16067408;15710668;15374594;15107158;14864721;14670479;14503796;14347422;14160785;14018586;13960052;13916591;13929788;14041783
50-54;10276773;10574366;10868062;11152415;11419933;11666086;11892707;12102371;12293932;12465329;12617804;12751592;12861867;12974530;13128538;13346782;13623237;13959030;14330885;14700984;15043388;15361008;15653779;15911350;16121912;16278600;16380728;16426408;16426757;16399939;16359306;16302574;16224958;16146006;16094242;16084875;16117711;16203642;16297801;16329111;16255195;16098244;15794311;15445094;15116301;14855005;14618039;14428117;14265353;14112793;13930535
55-59;8387564;8679820;8977656;9278724;9579705;9877881;10172542;10463716;10746091;11012111;11257277;11483368;11692613;11883880;12055490;12208751;12343963;12456465;12571436;12726473;12943766;13217366;13548288;13914012;14277951;14615019;14928011;15216929;15471607;15680383;15836527;15939411;15987269;15990939;15968053;15931630;15879345;15806522;15732281;15684468;15677945;15712380;15798347;15891980;15924009;15853162;15701406;15406171;15066946;14747850;14494713
60-64;6596741;6859058;7119004;7379912;7647936;7926230;8211893;8503042;8797470;9091910;9383728;9672175;9957156;10233460;10493988;10734491;10956693;11162776;11351609;11521660;11673982;11809015;11922324;12038067;12192258;12406090;12673729;12996043;13351492;13705082;14032901;14337648;14619346;14868106;15072540;15226101;15328313;15377469;15384059;15365094;15332980;15285499;15218052;15149158;15105746;15102049;15137666;15222586;15314436;15346470;15279016
65-69;4905988;5095516;5318713;5565313;5819304;6071240;6322755;6572590;6823731;7081680;7349244;7623733;7903288;8185834;8468411;8748627;9025766;9299757;9565627;9816554;10048512;10263166;10462649;10645868;10811283;10959940;11092321;11204363;11318835;11469648;11676652;11934133;12242752;12582173;12919685;13232909;13524376;13794222;14032965;14229585;14377822;14477368;14526754;14535915;14520894;14493445;14451348;14390212;14327671;14289289;14288480
70-74;3792042;3889352;3974955;4063519;4175947;4323465;4501441;4709484;4938529;5174388;5408663;5642901;5876091;6110754;6351769;6601500;6857600;7118354;7381902;7645534;7907040;8165785;8421765;8670307;8905063;9122289;9323635;9511104;9683679;9839876;9980630;10106571;10214158;10324288;10467931;10663049;10904126;11191369;11506226;11819031;12109555;12380193;12631212;12853724;13037277;13176002;13269879;13317776;13328895;13317878;13295484
75-79;2597990;2688798;2797237;2913384;3023576;3121818;3211601;3292375;3376250;3480536;3614389;3774018;3959070;4161906;4370673;4578361;4786387;4994114;5203523;5418622;5641260;5869405;6101656;6336314;6571128;6804078;7034690;7263005;7484798;7694408;7888458;8068562;8236631;8391702;8532383;8659541;8773851;8872509;8973811;9104799;9280868;9496727;9752138;10030863;10307408;10564467;10804204;11027068;11224976;11388373;11511971
80-84;1689444;1727063;1764898;1807817;1861166;1926871;2004365;2095235;2191860;2283815;2366558;2443191;2513706;2587330;2677251;2790280;2923509;3076687;3243763;3415649;3586931;3758879;3931160;4105249;4284098;4468984;4658301;4850986;5045614;5240341;5433588;5624985;5814637;5998934;6173117;6334346;6484201;6624391;6754088;6872004;6978835;7075422;7159683;7246694;7358416;7506972;7687508;7899218;8128899;8356311;8567809
85-89;830529;901360;954570;996763;1032554;1065148;1097017;1129489;1165517;1208442;1259330;1318006;1385731;1457236;1525459;1587405;1645581;1700356;1758056;1827478;1913020;2012666;2126181;2249361;2375978;2502391;2629690;2757777;2887609;3021064;3158814;3299768;3443164;3587930;3732788;3876586;4019065;4160416;4297807;4427602;4547659;4659375;4764254;4861528;4950167;5030651;5103867;5168499;5235780;5321722;5434778
90+;455191;459166;484603;521252;562349;603580;645377;688657;731945;774304;815165;856211;898723;943466;991663;1043410;1099461;1161212;1225853;1289978;1352102;1414477;1478371;1546036;1620691;1703785;1795039;1894806;2001669;2113776;2229906;2350808;2476780;2607627;2743377;2883626;3028143;3176612;3328257;3482333;3637926;3794831;3953061;4110366;4263976;4412193;4556131;4697023;4833076;4962058;5083408
Homens;;;;;;;;;;;;;;;;;;;;;;;;;;;;;;;;;;;;;;;;;;;;;;;;;;;
Faixa/Ano;2010;2011;2012;2013;2014;2015;2016;2017;2018;2019;2020;2021;2022;2023;2024;2025;2026;2027;2028;2029;2030;2031;2032;2033;2034;2035;2036;2037;2038;2039;2040;2041;2042;2043;2044;2045;2046;2047;2048;2049;2050;2051;2052;2053;2054;2055;2056;2057;2058;2059;2060
Total;95513298;96322635;97132054;97931331;98744098;99581002;100379640;101163599;101971173;102760295;103527689;104271843;104990487;105681529;106345043;106981304;107589495;108168830;108718587;109238514;109728762;110189007;110618592;111017537;111386062;111724392;112032426;112309958;112557327;112774820;112962751;113121438;113251454;113353443;113427597;113474061;113493052;113485011;113450253;113388652;113300060;113184593;113042592;112874076;112678873;112456873;112208379;111934042;111634119;111308845;110958642
0-4;7594516;7513761;7477567;7449337;7451690;7507226;7527223;7530642;7565301;7571223;7536789;7523299;7509386;7455164;7395678;7331364;7263006;7192133;7120032;7047528;6975778;6905062;6835307;6767195;6701192;6637231;6575502;6516373;6459937;6405936;6354123;6304598;6257751;6213632;6171861;6132043;6093885;6056997;6020798;5984802;5948471;5911502;5873639;5834370;5793447;5750809;5706456;5660575;5613249;5564770;5515605
05/set;8094637;7962532;7856445;7764679;7678145;7574960;7495049;7459700;7432381;7435509;7491634;7512252;7516076;7550810;7556858;7522618;7509351;7495730;7441882;7382807;7318878;7250909;7180401;7108665;7036481;6965042;6894634;6825161;6757331;6691592;6627900;6566392;6507477;6451252;6397457;6345822;6296474;6249795;6205831;6164206;6124537;6086502;6049752;6013699;5977830;5941609;5904776;5867020;5827860;5787041;5744493
out/14;8842587;8760868;8596730;8405865;8224795;8080135;7948620;7843086;7751948;7666040;7563501;7484190;7449226;7422072;7425264;7481411;7502112;7506047;7540921;7547162;7513141;7500066;7486634;7433002;7374143;7310452;7242697;7172400;7100861;7028875;6957623;6887413;6818125;6750468;6684877;6621345;6559981;6501187;6445082;6391415;6339911;6290699;6244133;6200276;6158737;6119162;6081226;6044568;6008592;5972801;5936671
15-19;8673836;8693267;8745322;8804210;8829069;8795446;8715095;8552810;8364062;8185062;8042202;7912260;7807878;7717747;7632793;7531320;7453057;7418949;7392651;7396587;7453221;7474403;7478801;7514010;7520683;7487251;7474592;7461547;7408463;7350163;7287028;7219811;7150062;7079046;7007575;6936806;6867067;6798239;6731019;6665837;6602699;6541729;6483312;6427561;6374235;6323041;6274127;6227836;6184244;6142973;6103630
20-24;8746116;8711375;8663577;8614902;8583358;8578611;8600164;8654720;8716490;8744065;8712945;8634909;8475014;8288587;8111918;7971317;7843582;7741213;7653070;7570037;7470597;7394220;7361652;7336794;7341891;7399228;7421254;7426487;7462264;7469669;7437195;7425286;7412946;7360848;7303529;7241380;7175120;7106330;7036251;6965698;6895815;6826928;6758931;6692510;6628106;6565701;6505416;6447653;6392537;6339825;6289218
25-29;8574606;8629711;8657414;8662143;8651184;8630266;8598875;8555561;8512314;8485534;8484394;8508378;8563553;8624538;8651626;8621118;8544666;8387530;8204388;8031009;7893232;7767999;7667829;7581750;7500675;7403356;7328943;7297950;7274594;7280847;7338836;7361712;7367822;7404119;7412226;7380713;7369573;7357978;7306911;7250628;7189512;7124285;7056509;6987423;6917849;6848930;6780967;6713878;6648312;6584723;6523112
30-34;7821287;7982363;8131551;8263753;8373348;8457008;8514439;8545686;8555280;8549320;8532944;8505514;8464499;8421615;8394693;8393527;8417664;8473141;8534872;8563312;8534665;8460519;8306365;8126302;7955838;7820545;7697488;7599240;7514973;7435649;7340229;7267552;7237960;7215936;7223197;7281677;7305262;7312099;7348805;7357492;7326843;7316343;7305373;7255224;7199860;7139664;7075362;7008494;6940318;6871646;6803583
35-39;6857527;6990523;7155946;7341635;7527745;7700900;7862666;8013399;8148183;8260741;8347421;8407755;8440996;8451369;8446055;8430688;8404634;8365378;8324589;8299702;8300209;8325674;8382118;8444696;8474256;8447253;8375224;8223858;8046719;7879049;7746136;7625181;7528741;7446144;7368454;7274845;7203808;7175501;7154681;7162834;7221685;7245877;7253323;7290325;7299496;7269639;7259722;7249292;7200007;7145508;7086207
40-44;6405478;6465519;6511227;6557089;6624863;6727359;6861189;7027271;7213769;7400750;7574836;7737477;7888496;8022898;8135221;8222214;8283430;8318165;8330545;8327522;8314471;8290745;8253830;8215289;8192354;8194452;8221147;8278370;8341585;8372088;8346626;8276663;8128189;7954176;7789503;7659150;7540448;7445888;7365050;7289066;7197348;7128025;7100999;7081359;7090362;7149455;7174123;7182135;7219317;7228927;7199896
45-49;5768516;5880219;5985481;6082367;6167931;6241647;6303978;6352579;6401687;6472175;6576419;6711034;6876531;7061277;7246407;7419108;7580798;7731316;7865760;7978594;8066468;8128987;8165432;8179855;8179060;8168292;8146911;8112423;8076237;8055349;8059034;8086849;8144623;8208179;8239414;8215443;8147699;8002569;7832277;7671186;7543900;7427925;7335566;7256745;7182722;7093220;7025894;7000246;6981909;6991754;7050917
50-54;4900002;5040349;5178764;5313246;5441195;5561009;5673316;5779573;5877917;5965268;6041008;6105571;6156429;6207294;6278778;6383077;6516900;6680739;6863310;7046315;7217244;7377487;7526925;7660698;7773367;7861606;7925036;7962995;7979372;7980824;7972437;7953589;7921753;7888179;7869486;7874764;7903569;7961564;8025093;8056849;8034455;7969304;7828334;7662799;7506320;7382926;7270417;7180814;7104474;7032873;6946162
55-59;3954821;4089187;4227766;4368987;4510555;4650762;4789417;4926386;5059761;5186871;5306101;5418069;5523994;5622071;5709488;5785731;5851268;5903677;5956190;6028485;6132308;6264412;6425224;6603964;6783080;6950611;7107892;7254823;7386666;7498065;7585774;7649457;7688505;7706661;7710316;7704363;7688149;7659220;7628530;7612199;7619074;7648657;7706356;7769208;7801082;7780353;7718248;7582612;7423293;7272866;7154556
60-64;3081961;3198692;3313737;3429277;3548963;3674713;3805186;3939707;4076794;4214303;4350563;4485379;4618536;4748149;4871821;4988027;5097383;5201061;5297302;5383487;5458969;5524298;5577221;5630273;5702081;5803746;5932098;6087478;6259725;6432268;6593867;6745779;6887959;7015825;7124175;7209866;7272652;7311982;7331395;7336975;7333300;7319725;7293901;7266311;7252466;7260725;7290580;7347073;7408221;7439552;7420473
65-69;2253998;2339108;2439108;2549140;2661907;2773210;2883883;2993314;3103440;3217426;3337000;3460918;3588535;3718492;3848844;3978090;4106032;4232502;4355732;4473440;4584216;4688647;4787847;4880176;4963105;5036045;5099560;5151653;5203924;5273663;5371091;5493166;5640066;5802391;5964930;6117373;6260872;6395434;6516731;6619770;6701600;6762068;6800700;6820803;6827971;6826458;6815605;6793193;6769102;6757874;6767303
70-74;1689818;1732563;1770303;1809593;1859518;1924795;2003224;2094581;2194687;2297297;2398778;2499910;2600243;2701380;2806006;2915566;3028989;3145702;3264515;3383680;3501868;3618911;3734717;3847628;3955595;4057304;4153367;4244811;4330120;4406952;4474742;4534111;4583407;4633065;4698510;4788775;4900975;5035044;5182591;5330211;5468808;5599462;5722265;5833225;5927673;6002895;6058911;6095418;6115370;6123684;6124121
75-79;1105206;1144121;1190922;1240998;1288273;1330216;1368574;1403314;1439622;1484658;1542105;1610235;1688895;1774682;1862608;1949716;2036732;2123408;2210961;2301516;2396166;2494028;2594665;2697044;2799720;2901547;3002440;3102353;3199832;3293112;3381052;3464237;3543625;3617852;3684841;3744109;3796312;3840217;3884676;3942722;4021823;4119269;4234768;4361237;4487603;4606394;4718561;4824282;4920042;5001664;5066803
80-84;677628;692280;707304;724631;746369;773094;804695;841980;881564;919059;952619;983758;1012641;1042996;1079956;1126100;1180178;1242110;1309326;1378193;1446541;1514999;1583484;1652852;1724591;1799420;1876683;1956079;2036796;2117674;2197885;2277383;2356175;2433074;2506675;2576080;2641835;2704769;2763770;2817079;2864310;2906165;2941812;2978203;3025436;3089091;3166772;3257946;3357133;3456065;3549148
85-89;314944;340306;359247;374268;387076;398787;410381;422377;435871;452078;471252;493422;519178;546326;572074;595279;617114;637836;659812;686235;718616;756161;798785;844827;891952;938795;985869;1033177;1081264;1131002;1182750;1236101;1290875;1346482;1402163;1457337;1512013;1566262;1619219;1669886;1717634;1762927;1806456;1847353;1884307;1917047;1946213;1971377;1997388;2031094;2076107
90+;155814;155891;163643;175211;188114;200858;213666;226913;240102;252916;265178;277513;290381;304062;318955;335033;352599;372193;392729;412903;432174;451480;471355;492517;515998;542216;571089;602780;636664;672043;708423;746158;785393;826114;868408;912170;957358;1003936;1051543;1099797;1148335;1197201;1246463;1295445;1343371;1389754;1435003;1479630;1522751;1563205;1600637
Mulheres;;;;;;;;;;;;;;;;;;;;;;;;;;;;;;;;;;;;;;;;;;;;;;;;;;;
Faixa/Ano;2010;2011;2012;2013;2014;2015;2016;2017;2018;2019;2020;2021;2022;2023;2024;2025;2026;2027;2028;2029;2030;2031;2032;2033;2034;2035;2036;2037;2038;2039;2040;2041;2042;2043;2044;2045;2046;2047;2048;2049;2050;2051;2052;2053;2054;2055;2056;2057;2058;2059;2060
Total;99377384;100281097;101182880;102072857;102973443;103894681;104776947;105641142;106523727;107386830;108228003;109045796;109838053;110602740;111339419;112047789;112727035;113376404;113995082;114582791;115139700;115665408;116159210;116621044;117051060;117449293;117815406;118149104;118450544;118719830;118957171;119162795;119337126;119480622;119593399;119675564;119727205;119748659;119740229;119701812;119633216;119534576;119406275;119248372;119060759;118843450;118596844;118321643;118018167;117686696;117327705
0-4;7263764;7183672;7146734;7117833;7118380;7169933;7187889;7190134;7222256;7227109;7193522;7179982;7166137;7113891;7056677;6994870;6929250;6861293;6792194;6722744;6654037;6586337;6519598;6454447;6391297;6330138;6271102;6214564;6160612;6108982;6059465;6012111;5967335;5925166;5885245;5847195;5810739;5775493;5740911;5706506;5671785;5636480;5600319;5562831;5523765;5483054;5440735;5396945;5351779;5305522;5258613
05/set;7770558;7637972;7531062;7438466;7351496;7249311;7169869;7133599;7105448;7106623;7158677;7177142;7179697;7211861;7216770;7183323;7169960;7156303;7104326;7047419;6985900;6920581;6852877;6784045;6714850;6646363;6578895;6512362;6447397;6384445;6323461;6264603;6208226;6154420;6102930;6053551;6006316;5961661;5919602;5879787;5841839;5805471;5770319;5735832;5701526;5666895;5631683;5595595;5558186;5519183;5478538
out/14;8554717;8455975;8283444;8089460;7907189;7760725;7628594;7522151;7430076;7343636;7241977;7162974;7126965;7098900;7100083;7152115;7170599;7173253;7205511;7210562;7177282;7164048;7150542;7098698;7041966;6980597;6915428;6847872;6779177;6710109;6641753;6574416;6507997;6443143;6380305;6319417;6260645;6204358;6150638;6099240;6049944;6002767;5958172;5916169;5876419;5838532;5802229;5767135;5732686;5698445;5663861
15-19;8545250;8545134;8570279;8598599;8595020;8538650;8440520;8268820;8075784;7894402;7748661;7617127;7511038;7419176;7332931;7231549;7152834;7117070;7089291;7090699;7142889;7161564;7164386;7196775;7201976;7168912;7155813;7142450;7090800;7034246;6973050;6908061;6840690;6772161;6703265;6635057;6567880;6501607;6436888;6374173;6313409;6254781;6198609;6144996;6093699;6044510;5997404;5952900;5910984;5871292;5833479
20-24;8730663;8685493;8632453;8580317;8541427;8522158;8522717;8548800;8578290;8575788;8520321;8422885;8251703;8058974;7877885;7732483;7601342;7495658;7404243;7318466;7217578;7139311;7103911;7076466;7078134;7130480;7149348;7152369;7184898;7190262;7157419;7144496;7131292;7079875;7023532;6962566;6897786;6830618;6762308;6693616;6625610;6558621;6492525;6427989;6365439;6304827;6246359;6190324;6136849;6085691;6036629
25-29;8759504;8794137;8796721;8774734;8740162;8701585;8657447;8606118;8556279;8519370;8501472;8502840;8528874;8557655;8554527;8498854;8401581;8230970;8039027;7858757;7714059;7583553;7478411;7387513;7302222;7201834;7124040;7089005;7061927;7063862;7116357;7135441;7138679;7171317;7176856;7144248;7131490;7118444;7067259;7011155;6950430;6885878;6818953;6750864;6682397;6614606;6547836;6481935;6417581;6355208;6294775
30-34;8134662;8292656;8436024;8559102;8655506;8721648;8757209;8761261;8741379;8708998;8672472;8630132;8579691;8529636;8492259;8474016;8475221;8501254;8530339;8527750;8472728;8376209;8206534;8015554;7836195;7692298;7562495;7457948;7367599;7282839;7183027;7105766;7071153;7044471;7046705;7099349;7118636;7122075;7154825;7160535;7128176;7115614;7102753;7051834;6995993;6935527;6871248;6804590;6736770;6668550;6600995
35-39;7217581;7360304;7533612;7724944;7914003;8086921;8245277;8389416;8513782;8611601;8679124;8715968;8720848;8701247;8669057;8632896;8591073;8541313;8492081;8455572;8438085;8439927;8466470;8496006;8493933;8439591;8343905;8175308;7985451;7807181;7664189;7535215;7431349;7341643;7257512;7158362;7081715;7047557;7021303;7023870;7076626;7096104;7099748;7132620;7138481;7106437;7094056;7081379;7030761;6975247;6915100
40-44;6778692;6845790;6902814;6962420;7043480;7156924;7299989;7473560;7665266;7854763;8028138;8186940;8331214;8455331;8552992;8620632;8657882;8663516;8644914;8613835;8578785;8538059;8489410;8441231;8405668;8388994;8391500;8418532;8448480;8446908;8393336;8298619;8131367;7942935;7766032;7624247;7496313;7393283;7304357;7220983;7122693;7046803;7013207;6987448;6990375;7043194;7062864;7066709;7099631;7105657;7073965
45-49;6223923;6337962;6440833;6533234;6616280;6691951;6760080;6818469;6879600;6961901;7076085;7219386;7392473;7583125;7771526;7944063;8102291;8246251;8370379;8468309;8536458;8574475;8581121;8563724;8533946;8500200;8460770;8413422;8366506;8332082;8316353;8319588;8347101;8377429;8376405;8323746;8230289;8064839;7878391;7703408;7563258;7436796;7334913;7247051;7164700;7067565;6992692;6959806;6934682;6938034;6990866
50-54;5376771;5534017;5689298;5839169;5978738;6105077;6219391;6322798;6416015;6500061;6576796;6646021;6705438;6767236;6849760;6963705;7106337;7278291;7467575;7654669;7826144;7983521;8126854;8250652;8348545;8416994;8455692;8463413;8447385;8419115;8386869;8348985;8303205;8257827;8224756;8210111;8214142;8242078;8272708;8272262;8220740;8128940;7965977;7782295;7609981;7472079;7347622;7247303;7160879;7079920;6984373
55-59;4432743;4590633;4749890;4909737;5069150;5227119;5383125;5537330;5686330;5825240;5951176;6065299;6168619;6261809;6346002;6423020;6492695;6552788;6615246;6697988;6811458;6952954;7123064;7310048;7494871;7664408;7820119;7962106;8084941;8182318;8250753;8289954;8298764;8284278;8257737;8227267;8191196;8147302;8103751;8072269;8058871;8063723;8091991;8122772;8122927;8072809;7983158;7823559;7643653;7474984;7340157
60-64;3514780;3660366;3805267;3950635;4098973;4251517;4406707;4563335;4720676;4877607;5033165;5186796;5338620;5485311;5622167;5746464;5859310;5961715;6054307;6138173;6215013;6284717;6345103;6407794;6490177;6602344;6741631;6908565;7091767;7272814;7439034;7591869;7731387;7852281;7948365;8016235;8055661;8065487;8052664;8028119;7999680;7965774;7924151;7882847;7853280;7841324;7847086;7875513;7906215;7906918;7858543
65-69;2651990;2756408;2879605;3016173;3157397;3298030;3438872;3579276;3720291;3864254;4012244;4162815;4314753;4467342;4619567;4770537;4919734;5067255;5209895;5343114;5464296;5574519;5674802;5765692;5848178;5923895;5992761;6052710;6114911;6195985;6305561;6440967;6602686;6779782;6954755;7115536;7263504;7398788;7516234;7609815;7676222;7715300;7726054;7715112;7692923;7666987;7635743;7597019;7558569;7531415;7521177
70-74;2102224;2156789;2204652;2253926;2316429;2398670;2498217;2614903;2743842;2877091;3009885;3142991;3275848;3409374;3545763;3685934;3828611;3972652;4117387;4261854;4405172;4546874;4687048;4822679;4949468;5064985;5170268;5266293;5353559;5432924;5505888;5572460;5630751;5691223;5769421;5874274;6003151;6156325;6323635;6488820;6640747;6780731;6908947;7020499;7109604;7173107;7210968;7222358;7213525;7194194;7171363
75-79;1492784;1544677;1606315;1672386;1735303;1791602;1843027;1889061;1936628;1995878;2072284;2163783;2270175;2387224;2508065;2628645;2749655;2870706;2992562;3117106;3245094;3375377;3506991;3639270;3771408;3902531;4032250;4160652;4284966;4401296;4507406;4604325;4693006;4773850;4847542;4915432;4977539;5032292;5089135;5162077;5259045;5377458;5517370;5669626;5819805;5958073;6085643;6202786;6304934;6386709;6445168
80-84;1011816;1034783;1057594;1083186;1114797;1153777;1199670;1253255;1310296;1364756;1413939;1459433;1501065;1544334;1597295;1664180;1743331;1834577;1934437;2037456;2140390;2243880;2347676;2452397;2559507;2669564;2781618;2894907;3008818;3122667;3235703;3347602;3458462;3565860;3666442;3758266;3842366;3919622;3990318;4054925;4114525;4169257;4217871;4268491;4332980;4417881;4520736;4641272;4771766;4900246;5018661
85-89;515585;561054;595323;622495;645478;666361;686636;707112;729646;756364;788078;824584;866553;910910;953385;992126;1028467;1062520;1098244;1141243;1194404;1256505;1327396;1404534;1484026;1563596;1643821;1724600;1806345;1890062;1976064;2063667;2152289;2241448;2330625;2419249;2507052;2594154;2678588;2757716;2830025;2896448;2957798;3014175;3065860;3113604;3157654;3197122;3238392;3290628;3358671
90+;299377;303275;320960;346041;374235;402722;431711;461744;491843;521388;549987;578698;608342;639404;672708;708377;746862;789019;833124;877075;919928;962997;1007016;1053519;1104693;1161569;1223950;1292026;1365005;1441733;1521483;1604650;1691387;1781513;1874969;1971456;2070785;2172676;2276714;2382536;2489591;2597630;2706598;2814921;2920605;3022439;3121128;3217393;3310325;3398853;3482771
