Amazonas;;;;;;;;;;;;;;;;;;;;;;;;;;;;;;;;;;;;;;;;;;;;;;;;;;;
Dados;;;;;;;;;;;;;;;;;;;;;;;;;;;;;;;;;;;;;;;;;;;;;;;;;;;
Ano;População total;Homens;Mulheres;Nascimentos;Óbitos;Taxa de Crescimento Geométrico;Taxa Bruta de Natalidade;Taxa Bruta de Mortalidade;Esperança de Vida ao Nascer;Esperança de Vida ao Nascer - Homens;Esperança de Vida ao Nascer - Mulheres;Taxa de Mortalidade Infantil;Taxa de Mortalidade Infantil - Homens;Taxa de Mortalidade Infantil - Mulheres;Taxa de Fecundidade Total;Taxa de Fecundidade Total;Razão de Dependência - Jovens 0 a 14 anos;Razão de Dependência - Idosos 65 ou mais anos;Razão de Dependência;Índice de Envelhecimento;;;;;;;;;;;;;;;;;;;;;;;;;;;;;;;
2010;3553148;1789736;1763412;79633;19636;x;22.41;5.53;70.37;67.27;73.81;22.2;24.26;20.03;2.47;53.99;6.43;60.42;11.87;;;;;;;;;;;;;;;;;;;;;;;;;;;;;;;;
2011;3618040;1821875;1796165;81847;19821;1.83;22.62;5.48;70.64;67.51;74.11;21.43;23.48;19.28;2.49;52.51;6.46;58.97;12.42;;;;;;;;;;;;;;;;;;;;;;;;;;;;;;;;
2012;3684326;1854683;1829643;82986;20084;1.83;22.52;5.45;70.91;67.75;74.41;20.71;22.74;18.57;2.48;51.06;6.5;57.56;12.65;;;;;;;;;;;;;;;;;;;;;;;;;;;;;;;;
2013;3751293;1887797;1863496;83861;20356;1.82;22.36;5.43;71.17;67.98;74.7;20.03;22.04;17.91;2.46;49.68;6.56;56.24;13.21;;;;;;;;;;;;;;;;;;;;;;;;;;;;;;;;
2014;3819636;1921573;1898063;86433;20662;1.82;22.63;5.41;71.42;68.2;74.98;19.38;21.38;17.28;2.49;48.48;6.64;55.12;13.74;;;;;;;;;;;;;;;;;;;;;;;;;;;;;;;;
2015;3887740;1955183;1932557;84097;20954;1.78;21.63;5.39;71.67;68.42;75.25;18.77;20.76;16.69;2.39;47.46;6.74;54.2;14.29;;;;;;;;;;;;;;;;;;;;;;;;;;;;;;;;
2016;3952171;1986871;1965300;79746;21202;1.66;20.18;5.36;71.91;68.64;75.51;18.21;20.17;16.14;2.24;46.32;6.87;53.19;14.9;;;;;;;;;;;;;;;;;;;;;;;;;;;;;;;;
2017;4015812;2018116;1997696;83212;21533;1.61;20.72;5.36;72.14;68.86;75.77;17.67;19.62;15.62;2.31;45.4;7.02;52.42;15.44;;;;;;;;;;;;;;;;;;;;;;;;;;;;;;;;
2018;4080611;2049916;2030695;82900;21920;1.61;20.32;5.37;72.37;69.07;76.01;17.17;19.11;15.13;2.28;44.69;7.2;51.89;15.99;;;;;;;;;;;;;;;;;;;;;;;;;;;;;;;;
2019;4144597;2081262;2063335;82462;22295;1.57;19.9;5.38;72.59;69.27;76.25;16.7;18.62;14.68;2.25;44.09;7.4;51.49;16.84;;;;;;;;;;;;;;;;;;;;;;;;;;;;;;;;
2020;4207714;2112128;2095586;82049;22688;1.52;19.5;5.39;72.81;69.47;76.48;16.26;18.17;14.25;2.22;43.43;7.61;51.04;17.36;;;;;;;;;;;;;;;;;;;;;;;;;;;;;;;;
2021;4269995;2142533;2127462;81713;23100;1.48;19.14;5.41;73.02;69.67;76.71;15.85;17.74;13.85;2.19;42.69;7.83;50.52;18.31;;;;;;;;;;;;;;;;;;;;;;;;;;;;;;;;
2022;4331430;2172473;2158957;81331;23545;1.44;18.78;5.44;73.23;69.86;76.92;15.46;17.34;13.48;2.17;41.95;8.06;50.01;19.29;;;;;;;;;;;;;;;;;;;;;;;;;;;;;;;;
2023;4391960;2201917;2190043;80935;24015;1.4;18.43;5.47;73.42;70.05;77.13;15.11;16.97;13.14;2.15;41.21;8.31;49.52;20.29;;;;;;;;;;;;;;;;;;;;;;;;;;;;;;;;
2024;4451551;2230851;2220700;80526;24503;1.36;18.09;5.5;73.62;70.23;77.33;14.77;16.62;12.82;2.12;40.47;8.57;49.03;20.96;;;;;;;;;;;;;;;;;;;;;;;;;;;;;;;;
2025;4510151;2259251;2250900;80066;25010;1.32;17.75;5.55;73.81;70.41;77.53;14.45;16.29;12.52;2.1;39.83;8.84;48.67;22.01;;;;;;;;;;;;;;;;;;;;;;;;;;;;;;;;
2026;4567703;2287087;2280616;79589;25546;1.28;17.42;5.59;73.99;70.59;77.72;14.16;15.99;12.24;2.08;39.24;9.13;48.37;23.48;;;;;;;;;;;;;;;;;;;;;;;;;;;;;;;;
2027;4624211;2314364;2309847;79194;26106;1.24;17.13;5.65;74.17;70.76;77.9;13.89;15.7;11.98;2.06;38.59;9.43;48.03;24.52;;;;;;;;;;;;;;;;;;;;;;;;;;;;;;;;
2028;4679714;2341102;2338612;78847;26697;1.2;16.85;5.7;74.34;70.93;78.07;13.64;15.44;11.74;2.05;37.92;9.74;47.66;25.68;;;;;;;;;;;;;;;;;;;;;;;;;;;;;;;;
2029;4734251;2367321;2366930;78576;27306;1.17;16.6;5.77;74.51;71.09;78.24;13.4;15.19;11.52;2.03;37.21;10.05;47.26;26.88;;;;;;;;;;;;;;;;;;;;;;;;;;;;;;;;
2030;4787816;2393017;2394799;78271;27946;1.13;16.35;5.84;74.67;71.25;78.4;13.18;14.96;11.31;2.01;36.51;10.38;46.88;28.51;;;;;;;;;;;;;;;;;;;;;;;;;;;;;;;;
2031;4840312;2418147;2422165;77800;28609;1.1;16.07;5.91;74.83;71.41;78.56;12.98;14.74;11.12;2;35.96;10.72;46.69;29.8;;;;;;;;;;;;;;;;;;;;;;;;;;;;;;;;
2032;4891675;2442685;2448990;77361;29302;1.06;15.81;5.99;74.98;71.56;78.71;12.79;14.54;10.94;1.98;35.45;11.08;46.53;31.4;;;;;;;;;;;;;;;;;;;;;;;;;;;;;;;;
2033;4941934;2466644;2475290;77010;30026;1.03;15.58;6.08;75.13;71.71;78.85;12.61;14.35;10.78;1.97;34.88;11.45;46.33;32.77;;;;;;;;;;;;;;;;;;;;;;;;;;;;;;;;
2034;4991129;2490045;2501084;76702;30771;1;15.37;6.17;75.28;71.85;78.99;12.44;14.17;10.63;1.96;34.34;11.84;46.18;34.47;;;;;;;;;;;;;;;;;;;;;;;;;;;;;;;;
2035;5039255;2512888;2526367;76389;31544;0.96;15.16;6.26;75.42;71.99;79.12;12.29;14.01;10.49;1.95;33.84;12.24;46.08;36.21;;;;;;;;;;;;;;;;;;;;;;;;;;;;;;;;
2036;5086236;2535138;2551098;75978;32336;0.93;14.94;6.36;75.55;72.13;79.25;12.15;13.85;10.36;1.93;33.36;12.65;46.01;38.16;;;;;;;;;;;;;;;;;;;;;;;;;;;;;;;;
2037;5132009;2556764;2575245;75577;33149;0.9;14.73;6.46;75.69;72.26;79.37;12.01;13.71;10.23;1.92;32.91;13.08;45.99;40;;;;;;;;;;;;;;;;;;;;;;;;;;;;;;;;
2038;5176569;2577766;2598803;75212;33997;0.87;14.53;6.57;75.81;72.39;79.49;11.89;13.57;10.12;1.91;32.48;13.52;46;41.89;;;;;;;;;;;;;;;;;;;;;;;;;;;;;;;;
2039;5219919;2598148;2621771;74871;34863;0.84;14.34;6.68;75.93;72.52;79.6;11.78;13.45;10.02;1.9;32.08;14;46.07;43.64;;;;;;;;;;;;;;;;;;;;;;;;;;;;;;;;
2040;5262059;2617912;2644147;74546;35750;0.81;14.17;6.79;76.06;72.64;79.71;11.67;13.33;9.92;1.89;31.7;14.5;46.21;45.62;;;;;;;;;;;;;;;;;;;;;;;;;;;;;;;;
2041;5302957;2637046;2665911;74187;36662;0.78;13.99;6.91;76.17;72.76;79.82;11.57;13.22;9.84;1.89;31.36;15.04;46.4;48.13;;;;;;;;;;;;;;;;;;;;;;;;;;;;;;;;
2042;5342574;2655533;2687041;73836;37604;0.75;13.82;7.04;76.28;72.88;79.92;11.48;13.12;9.75;1.88;31.04;15.61;46.65;50;;;;;;;;;;;;;;;;;;;;;;;;;;;;;;;;
2043;5380889;2673365;2707524;73485;38563;0.72;13.66;7.17;76.39;72.99;80.02;11.39;13.02;9.68;1.87;30.74;16.2;46.94;52.63;;;;;;;;;;;;;;;;;;;;;;;;;;;;;;;;
2044;5417887;2690535;2727352;73136;39539;0.69;13.5;7.3;76.5;73.1;80.11;11.31;12.93;9.61;1.86;30.46;16.81;47.27;55.07;;;;;;;;;;;;;;;;;;;;;;;;;;;;;;;;
2045;5453552;2707036;2746516;72792;40536;0.66;13.35;7.43;76.6;73.21;80.2;11.24;12.84;9.54;1.86;30.2;17.43;47.62;57.56;;;;;;;;;;;;;;;;;;;;;;;;;;;;;;;;
2046;5487876;2722870;2765006;72466;41550;0.63;13.2;7.57;76.69;73.32;80.28;11.17;12.76;9.48;1.85;29.95;18.06;48.01;60.4;;;;;;;;;;;;;;;;;;;;;;;;;;;;;;;;
2047;5520840;2738030;2782810;72115;42579;0.6;13.06;7.71;76.79;73.42;80.36;11.1;12.69;9.43;1.84;29.72;18.71;48.42;63;;;;;;;;;;;;;;;;;;;;;;;;;;;;;;;;
2048;5552396;2752493;2799903;71722;43622;0.57;12.92;7.86;76.88;73.51;80.44;11.04;12.62;9.38;1.84;29.5;19.36;48.86;65.66;;;;;;;;;;;;;;;;;;;;;;;;;;;;;;;;
2049;5582496;2766236;2816260;71305;44680;0.54;12.77;8;76.97;73.61;80.52;10.98;12.55;9.33;1.83;29.29;20;49.29;68.37;;;;;;;;;;;;;;;;;;;;;;;;;;;;;;;;
2050;5611125;2779255;2831870;70911;45755;0.51;12.64;8.15;77.05;73.7;80.59;10.93;12.49;9.29;1.83;29.08;20.63;49.71;71.13;;;;;;;;;;;;;;;;;;;;;;;;;;;;;;;;
2051;5638304;2791563;2846741;70568;46843;0.48;12.52;8.31;77.14;73.79;80.66;10.88;12.43;9.25;1.82;28.88;21.24;50.12;73.44;;;;;;;;;;;;;;;;;;;;;;;;;;;;;;;;
2052;5664036;2803163;2860873;70204;47942;0.46;12.39;8.46;77.22;73.88;80.72;10.83;12.37;9.21;1.82;28.69;21.84;50.53;75.92;;;;;;;;;;;;;;;;;;;;;;;;;;;;;;;;
2053;5688278;2814038;2874240;69798;49052;0.43;12.27;8.62;77.29;73.96;80.78;10.79;12.32;9.18;1.82;28.51;22.43;50.94;78.84;;;;;;;;;;;;;;;;;;;;;;;;;;;;;;;;
2054;5710995;2824174;2886821;69373;50160;0.4;12.15;8.78;77.37;74.05;80.85;10.75;12.27;9.15;1.81;28.33;23.02;51.35;81.28;;;;;;;;;;;;;;;;;;;;;;;;;;;;;;;;
2055;5732178;2833571;2898607;68954;51277;0.37;12.03;8.95;77.44;74.13;80.9;10.71;12.22;9.12;1.81;28.16;23.61;51.78;83.87;;;;;;;;;;;;;;;;;;;;;;;;;;;;;;;;
2056;5751847;2842241;2909606;68586;52399;0.34;11.92;9.11;77.51;74.2;80.96;10.68;12.18;9.09;1.8;28;24.2;52.21;86.41;;;;;;;;;;;;;;;;;;;;;;;;;;;;;;;;
2057;5770028;2850198;2919830;68218;53520;0.32;11.82;9.28;77.57;74.28;81.01;10.64;12.14;9.07;1.8;27.85;24.79;52.65;89.01;;;;;;;;;;;;;;;;;;;;;;;;;;;;;;;;
2058;5786706;2857439;2929267;67825;54643;0.29;11.72;9.44;77.64;74.35;81.06;10.61;12.1;9.04;1.8;27.71;25.39;53.1;91.71;;;;;;;;;;;;;;;;;;;;;;;;;;;;;;;;
2059;5801873;2863966;2937907;67431;55756;0.26;11.62;9.61;77.7;74.42;81.11;10.58;12.06;9.02;1.8;27.58;26;53.58;93.89;;;;;;;;;;;;;;;;;;;;;;;;;;;;;;;;
2060;5815537;2869789;2945748;67046;56868;0.24;11.53;9.78;77.76;74.49;81.16;10.55;12.02;9;1.79;27.46;26.65;54.11;97.19;;;;;;;;;;;;;;;;;;;;;;;;;;;;;;;;
Faixas etárias;;;;;;;;;;;;;;;;;;;;;;;;;;;;;;;;;;;;;;;;;;;;;;;;;;;
Total;;;;;;;;;;;;;;;;;;;;;;;;;;;;;;;;;;;;;;;;;;;;;;;;;;;
Faixa/Ano;2010;2011;2012;2013;2014;2015;2016;2017;2018;2019;2020;2021;2022;2023;2024;2025;2026;2027;2028;2029;2030;2031;2032;2033;2034;2035;2036;2037;2038;2039;2040;2041;2042;2043;2044;2045;2046;2047;2048;2049;2050;2051;2052;2053;2054;2055;2056;2057;2058;2059;2060
Total;3553148;3618040;3684326;3751293;3819636;3887740;3952171;4015812;4080611;4144597;4207714;4269995;4331430;4391960;4451551;4510151;4567703;4624211;4679714;4734251;4787816;4840312;4891675;4941934;4991129;5039255;5086236;5132009;5176569;5219919;5262059;5302957;5342574;5380889;5417887;5453552;5487876;5520840;5552396;5582496;5611125;5638304;5664036;5688278;5710995;5732178;5751847;5770028;5786706;5801873;5815537
0-4;401044;400499;401135;402072;404171;408138;409533;408846;408742;406547;403816;404001;404232;402508;400757;398988;397110;395147;393196;391328;389595;387931;386242;384520;382775;381000;379243;377533;375832;374100;372342;370601;368905;367235;365567;363883;362199;360533;358844;357096;355287;353446;351588;349716;347831;345929;343998;342055;340115;338194;336308
05/set;389220;386900;387963;391512;397358;399759;399254;399915;400870;402987;406968;408397;407743;407663;405494;402786;402997;403251;401548;399819;398072;396218;394274;392344;390494;388779;387137;385466;383759;382032;380272;378532;376837;375151;373434;371687;369964;368278;366615;364963;363290;361618;359961;358284;356544;354744;352916;351068;349204;347330;345433
out/14;405489;407597;404782;399140;392271;388591;386290;387365;390922;396768;399177;398684;399352;400318;402443;406427;407862;407217;407144;404988;402293;402509;402775;401084;399369;397635;395793;393861;391945;390102;388401;386766;385104;383408;381686;379937;378205;376518;374841;373132;371393;369675;368000;366340;364696;363029;361363;359708;358038;356304;354512
15-19;369404;377108;386130;395071;401776;404985;407089;404293;398681;391850;388197;385927;387014;390562;396386;398782;398291;398960;399927;402053;406022;407449;406810;406753;404626;401965;402197;402478;400809;399122;397407;395587;393677;391783;389961;388278;386662;385019;383340;381634;379901;378185;376513;374853;373158;371434;369727;368068;366416;364785;363131
20-24;343925;348091;352553;357532;363326;370005;377636;386576;395428;402062;405227;407298;404509;398934;392144;388512;386252;387318;390827;396584;398937;398436;399104;400085;402229;406208;407659;407056;407032;404955;402345;402608;402918;401286;399640;397962;396179;394306;392450;390661;389011;387425;385812;384162;382483;380780;379091;377445;375813;374142;372442
25-29;327491;331892;335191;337905;340818;344440;348562;352971;357895;363618;370216;377753;386581;395317;401867;404981;407017;404250;398719;391985;388381;386140;387200;390692;396420;398794;398348;399066;400093;402269;406263;407744;407186;407210;405190;402649;402948;403290;401711;400116;398488;396755;394927;393112;391367;389755;388212;386635;385025;383382;381715
30-34;289128;298023;306288;313757;320233;325650;330031;333328;336043;338955;342570;346674;351066;355966;361647;368199;375673;384416;393079;399576;402680;404721;402016;396582;389966;386453;384293;385395;388907;394629;397037;396647;397408;398470;400677;404678;406189;405682;405747;403785;401306;401639;402014;400485;398937;397354;395665;393884;392110;390403;388829
35-39;235776;245216;255400;265913;276121;285605;294427;302629;310054;316498;321898;326283;329597;332335;335272;338901;343012;347406;352299;357971;364495;371929;380622;389233;395706;398832;400909;398292;392977;386491;383069;380991;382139;385669;391380;393806;393464;394262;395358;397591;401592;403124;402657;402758;400851;398434;398794;399194;397710;396210;394668
40-44;194471;201439;208460;215747;223631;232265;241599;251669;262062;272163;281555;290296;298431;305805;312215;317595;321977;325308;328064;331016;334651;338763;343160;348047;353706;360206;367601;376242;384799;391243;394383;396491;393960;388759;382406;379075;377072;378252;381787;387474;389916;389617;390447;391570;393816;397808;399358;398928;399063;397207;394847
45-49;159321;165249;171355;177647;184138;190848;197724;204653;211852;219634;228157;237366;247296;257545;267509;276782;285423;293464;300767;307119;312461;316825;320153;322927;325894;329534;333646;338034;342906;348537;354999;362337;370897;379373;385758;388894;391017;388565;383486;377269;374036;372119;373333;376864;382503;384941;384677;385533;386678;388934;392906
50-54;127537;132887;138272;143720;149262;154923;160728;166712;172876;179242;185820;192564;199368;206439;214083;222450;231482;241221;251271;261044;270146;278639;286553;293751;300022;305310;309644;312970;315753;318729;322360;326453;330814;335650;341230;347618;354855;363293;371641;377938;381046;383176;380819;375894;369858;366742;364932;366179;369685;375247;377667
55-59;97462;102107;106860;111716;116683;121774;126943;132154;137432;142800;148290;153920;159724;165706;171885;178275;184832;191452;198335;205778;213917;222696;232156;241914;251413;260265;268539;276261;283291;289431;294619;298889;302189;304967;307935;311538;315589;319895;324656;330135;336402;343483;351725;359861;366003;369053;371165;368932;364217;358425;355472
60-64;70426;73922;77833;82042;86373;90717;95132;99654;104277;109009;113860;118789;123769;128811;133945;139196;144580;150136;155860;161781;167911;174201;180562;187182;194333;202150;210572;219633;228985;238088;246580;254530;261964;268743;274675;279703;283857;287090;289832;292758;296289;300244;304441;309072;314385;320448;327283;335213;343032;348941;351901
65-69;52375;54258;56165;58235;60648;63507;66756;70384;74284;78301;82333;86446;90654;94968;99382;103910;108518;113174;117898;122706;127620;132671;137882;143251;148812;154577;160493;166491;172732;179470;186832;194750;203259;212035;220577;228555;236036;243046;249453;255065;259834;263797;266895;269550;272382;275781;279574;283589;288007;293061;298812
70-74;37032;38385;39892;41495;43144;44805;46507;48243;50125;52312;54887;57795;61043;64529;68119;71731;75421;79205;83086;87063;91149;95303;99509;103782;108133;112577;117155;121876;126739;131788;137024;142408;147873;153562;159707;166411;173613;181335;189291;197038;204280;211078;217473;223324;228460;232833;236481;239358;241851;244508;247682
75-79;24999;25771;26570;27428;28372;29423;30585;31866;33231;34633;36050;37511;39005;40628;42510;44707;47178;49928;52876;55912;58976;62110;65332;68645;72043;75534;79085;82681;86351;90081;93894;97822;101874;106056;110405;114920;119569;124302;129231;134556;140361;146582;153234;160078;166739;172973;178836;184369;189440;193902;197702
80-84;14989;15452;15970;16534;17116;17716;18336;18985;19681;20440;21274;22187;23193;24261;25362;26472;27625;28814;30104;31599;33325;35260;37408;39705;42069;44463;46916;49449;52055;54732;57478;60279;63119;66021;68970;71987;75097;78306;81624;85082;88677;92389;96177;100126;104395;109039;114006;119301;124734;130018;134967
85-89;7926;8004;8169;8394;8663;8957;9285;9655;10053;10464;10885;11326;11790;12286;12823;13411;14045;14740;15481;16242;17013;17819;18656;19565;20618;21820;23166;24650;26235;27864;29522;31220;32984;34800;36668;38583;40539;42526;44561;46628;48742;50923;53178;55512;57949;60493;63126;65819;68629;71671;74978
90+;5133;5240;5338;5433;5532;5632;5754;5914;6103;6314;6534;6778;7063;7379;7708;8046;8408;8804;9233;9687;10172;10692;11261;11872;12501;13153;13840;14575;15369;16256;17232;18302;19467;20711;22021;23388;24822;26342;27928;29575;31274;33029;34842;36717;38638;40608;42643;44750;46939;49209;51565
Homens;;;;;;;;;;;;;;;;;;;;;;;;;;;;;;;;;;;;;;;;;;;;;;;;;;;
Faixa/Ano;2010;2011;2012;2013;2014;2015;2016;2017;2018;2019;2020;2021;2022;2023;2024;2025;2026;2027;2028;2029;2030;2031;2032;2033;2034;2035;2036;2037;2038;2039;2040;2041;2042;2043;2044;2045;2046;2047;2048;2049;2050;2051;2052;2053;2054;2055;2056;2057;2058;2059;2060
Total;1789736;1821875;1854683;1887797;1921573;1955183;1986871;2018116;2049916;2081262;2112128;2142533;2172473;2201917;2230851;2259251;2287087;2314364;2341102;2367321;2393017;2418147;2442685;2466644;2490045;2512888;2535138;2556764;2577766;2598148;2617912;2637046;2655533;2673365;2690535;2707036;2722870;2738030;2752493;2766236;2779255;2791563;2803163;2814038;2824174;2833571;2842241;2850198;2857439;2863966;2869789
0-4;204945;204705;205061;205564;206652;208687;209399;209047;208997;207876;206480;206576;206696;205815;204922;204020;203062;202060;201063;200109;199225;198376;197514;196637;195748;194842;193945;193074;192206;191324;190429;189541;188677;187824;186974;186115;185256;184406;183544;182654;181731;180792;179844;178889;177927;176957;175971;174979;173989;173008;172045
05/set;198783;197607;198166;200001;203019;204280;204059;204426;204934;206028;208071;208798;208463;208425;207316;205931;206039;206170;205300;204419;203527;202581;201590;200603;199656;198783;197948;197095;196227;195348;194449;193563;192700;191844;190969;190081;189201;188345;187497;186655;185803;184951;184107;183252;182368;181450;180520;179579;178627;177672;176705
out/14;205771;207300;206193;203537;200185;198417;197250;197816;199654;202671;203933;203720;204089;204601;205699;207744;208474;208145;208110;207007;205629;205740;205876;205013;204141;203257;202317;201334;200354;199410;198546;197713;196865;196002;195127;194233;193355;192495;191644;190773;189892;189014;188165;187319;186480;185634;184786;183942;183092;182211;181296
15-19;185049;189136;194093;199140;203061;205146;206672;205576;202941;199615;197868;196727;197303;199140;202143;203396;203187;203560;204078;205181;207221;207946;207622;207599;206516;205161;205283;205428;204581;203728;202856;201932;200965;199999;199070;198219;197398;196563;195713;194849;193965;193100;192251;191411;190552;189681;188811;187972;187132;186303;185468
20-24;172338;174220;176161;178354;181082;184458;188499;193401;198388;202263;204323;205834;204756;202161;198882;197165;196050;196625;198448;201416;202648;202445;202829;203363;204483;206532;207273;206976;206979;205934;204622;204768;204934;204117;203297;202453;201558;200621;199683;198782;197958;197161;196351;195524;194681;193821;192978;192151;191334;190493;189642
25-29;163289;165531;167268;168711;170177;171876;173731;175643;177803;180486;183809;187784;192606;197508;201324;203352;204842;203791;201240;198013;196330;195241;195821;197639;200591;201841;201681;202100;202668;203813;205872;206636;206376;206418;205418;204160;204335;204527;203752;202971;202166;201311;200410;199506;198640;197847;197082;196302;195506;194694;193864
30-34;144285;148644;152667;156293;159458;162149;164366;166089;167524;168980;170665;172501;174397;176536;179182;182466;186384;191134;195971;199742;201755;203240;202228;199743;196600;194980;193949;194558;196389;199336;200610;200491;200941;201534;202699;204762;205550;205328;205401;204445;203230;203431;203647;202910;202164;201394;200574;199707;198834;197997;197230
35-39;118256;122645;127517;132637;137633;142266;146565;150537;154121;157255;159925;162134;163854;165293;166756;168440;170275;172168;174298;176930;180186;184068;188773;193564;197310;199331;200833;199879;197470;194415;192855;191880;192518;194359;197299;198587;198500;198974;199590;200772;202837;203640;203446;203543;202626;201454;201675;201911;201206;200490;199751
40-44;99478;102645;105671;108739;112135;116007;120325;125118;130156;135074;139640;143880;147807;151352;154459;157110;159312;161035;162483;163955;165640;167475;169369;171497;174119;177356;181211;185874;190624;194345;196369;197887;196988;194655;191686;190185;189260;189920;191766;194689;195989;195931;196427;197062;198253;200312;201129;200963;201084;200204;199072
45-49;81107;84250;87505;90811;94082;97274;100385;103357;106373;109714;113517;117758;122462;127409;132238;136729;140904;144769;148265;151334;153960;156147;157866;159320;160799;162487;164321;166215;168337;170942;174155;177970;182577;187269;190948;192965;194486;193635;191374;188490;187049;186176;186855;188698;191594;192893;192858;193370;194019;195217;197263
50-54;64519;67236;69973;72756;75617;78578;81631;84798;88015;91197;94307;97339;100239;103186;106451;110164;114299;118887;123712;128418;132800;136882;140666;144097;147114;149704;151870;153581;155038;156521;158205;160029;161913;164017;166594;169762;173515;178039;182643;186257;188247;189764;188964;186794;184016;182646;181842;182542;184371;187219;188507
55-59;48982;51289;53641;56043;58512;61059;63656;66274;68940;71683;74524;77455;80497;83587;86644;89636;92558;95358;98204;101359;104942;108929;113349;117993;122531;126758;130704;134371;137700;140636;143163;145288;146978;148429;149905;151574;153376;155234;157301;159822;162917;166571;170965;175425;178930;180872;182364;181633;179587;176958;175685
60-64;34946;36616;38533;40622;42766;44898;47055;49259;51510;53827;56217;58657;61122;63632;66220;68899;71665;74535;77452;80344;83178;85945;88603;91312;94308;97711;101492;105674;110069;114366;118373;122121;125613;128789;131598;134025;136077;137720;139144;140592;142220;143969;145771;147771;150198;153168;156665;160854;165100;168441;170310
65-69;26042;26899;27711;28574;29618;30915;32436;34177;36072;38020;39956;41925;43935;45993;48113;50301;52537;54800;57107;59486;61948;64496;67141;69828;72497;75116;77675;80142;82658;85438;88592;92092;95954;100011;103978;107683;111153;114397;117356;119977;122251;124187;125743;127107;128496;130047;131707;133416;135307;137589;140375
70-74;17887;18535;19295;20113;20926;21700;22449;23167;23934;24854;25993;27315;28830;30476;32166;33851;35568;37326;39128;40987;42909;44871;46863;48897;50994;53165;55417;57755;60129;62491;64812;67083;69278;71521;74001;76808;79919;83343;86935;90449;93732;96814;99709;102353;104701;106747;108497;109915;111174;112458;113883
75-79;11896;12192;12482;12797;13173;13627;14157;14774;15437;16094;16721;17336;17928;18564;19325;20259;21335;22562;23896;25264;26633;28030;29464;30940;32465;34042;35653;37289;38968;40698;42491;44350;46283;48249;50204;52129;54015;55845;57717;59790;62136;64726;67569;70546;73458;76180;78743;81161;83375;85348;87068
80-84;6834;7044;7276;7521;7757;7984;8207;8429;8673;8960;9299;9688;10142;10627;11110;11567;12023;12466;12943;13514;14205;14998;15901;16880;17881;18887;19915;20978;22073;23207;24377;25578;26797;28052;29346;30690;32084;33533;35010;36479;37925;39347;40732;42152;43726;45507;47469;49613;51852;54040;56090
85-89;3376;3391;3454;3547;3661;3780;3916;4066;4223;4373;4517;4664;4810;4973;5160;5380;5627;5915;6221;6524;6813;7106;7390;7698;8070;8512;9019;9592;10212;10843;11482;12133;12815;13515;14244;14993;15765;16550;17360;18197;19067;19970;20911;21869;22823;23762;24688;25594;26526;27563;28736
90+;1953;1990;2016;2037;2059;2082;2113;2162;2221;2292;2363;2442;2537;2639;2741;2841;2946;3058;3183;3319;3468;3631;3820;4021;4222;4423;4632;4849;5084;5353;5654;5991;6361;6761;7178;7612;8067;8555;9063;9593;10140;10708;11296;11907;12541;13199;13882;14594;15324;16061;16799
Mulheres;;;;;;;;;;;;;;;;;;;;;;;;;;;;;;;;;;;;;;;;;;;;;;;;;;;
Faixa/Ano;2010;2011;2012;2013;2014;2015;2016;2017;2018;2019;2020;2021;2022;2023;2024;2025;2026;2027;2028;2029;2030;2031;2032;2033;2034;2035;2036;2037;2038;2039;2040;2041;2042;2043;2044;2045;2046;2047;2048;2049;2050;2051;2052;2053;2054;2055;2056;2057;2058;2059;2060
Total;1763412;1796165;1829643;1863496;1898063;1932557;1965300;1997696;2030695;2063335;2095586;2127462;2158957;2190043;2220700;2250900;2280616;2309847;2338612;2366930;2394799;2422165;2448990;2475290;2501084;2526367;2551098;2575245;2598803;2621771;2644147;2665911;2687041;2707524;2727352;2746516;2765006;2782810;2799903;2816260;2831870;2846741;2860873;2874240;2886821;2898607;2909606;2919830;2929267;2937907;2945748
0-4;196099;195794;196074;196508;197519;199451;200134;199799;199745;198671;197336;197425;197536;196693;195835;194968;194048;193087;192133;191219;190370;189555;188728;187883;187027;186158;185298;184459;183626;182776;181913;181060;180228;179411;178593;177768;176943;176127;175300;174442;173556;172654;171744;170827;169904;168972;168027;167076;166126;165186;164263
05/set;190437;189293;189797;191511;194339;195479;195195;195489;195936;196959;198897;199599;199280;199238;198178;196855;196958;197081;196248;195400;194545;193637;192684;191741;190838;189996;189189;188371;187532;186684;185823;184969;184137;183307;182465;181606;180763;179933;179118;178308;177487;176667;175854;175032;174176;173294;172396;171489;170577;169658;168728
out/14;199718;200297;198589;195603;192086;190174;189040;189549;191268;194097;195244;194964;195263;195717;196744;198683;199388;199072;199034;197981;196664;196769;196899;196071;195228;194378;193476;192527;191591;190692;189855;189053;188239;187406;186559;185704;184850;184023;183197;182359;181501;180661;179835;179021;178216;177395;176577;175766;174946;174093;173216
15-19;184355;187972;192037;195931;198715;199839;200417;198717;195740;192235;190329;189200;189711;191422;194243;195386;195104;195400;195849;196872;198801;199503;199188;199154;198110;196804;196914;197050;196228;195394;194551;193655;192712;191784;190891;190059;189264;188456;187627;186785;185936;185085;184262;183442;182606;181753;180916;180096;179284;178482;177663
20-24;171587;173871;176392;179178;182244;185547;189137;193175;197040;199799;200904;201464;199753;196773;193262;191347;190202;190693;192379;195168;196289;195991;196275;196722;197746;199676;200386;200080;200053;199021;197723;197840;197984;197169;196343;195509;194621;193685;192767;191879;191053;190264;189461;188638;187802;186959;186113;185294;184479;183649;182800
25-29;164202;166361;167923;169194;170641;172564;174831;177328;180092;183132;186407;189969;193975;197809;200543;201629;202175;200459;197479;193972;192051;190899;191379;193053;195829;196953;196667;196966;197425;198456;200391;201108;200810;200792;199772;198489;198613;198763;197959;197145;196322;195444;194517;193606;192727;191908;191130;190333;189519;188688;187851
30-34;144843;149379;153621;157464;160775;163501;165665;167239;168519;169975;171905;174173;176669;179430;182465;185733;189289;193282;197108;199834;200925;201481;199788;196839;193366;191473;190344;190837;192518;195293;196427;196156;196467;196936;197978;199916;200639;200354;200346;199340;198076;198208;198367;197575;196773;195960;195091;194177;193276;192406;191599
35-39;117520;122571;127883;133276;138488;143339;147862;152092;155933;159243;161973;164149;165743;167042;168516;170461;172737;175238;178001;181041;184309;187861;191849;195669;198396;199501;200076;198413;195507;192076;190214;189111;189621;191310;194081;195219;194964;195288;195768;196819;198755;199484;199211;199215;198225;196980;197119;197283;196504;195720;194917
40-44;94993;98794;102789;107008;111496;116258;121274;126551;131906;137089;141915;146416;150624;154453;157756;160485;162665;164273;165581;167061;169011;171288;173791;176550;179587;182850;186390;190368;194175;196898;198014;198604;196972;194104;190720;188890;187812;188332;190021;192785;193927;193686;194020;194508;195563;197496;198229;197965;197979;197003;195775
45-49;78214;80999;83850;86836;90056;93574;97339;101296;105479;109920;114640;119608;124834;130136;135271;140053;144519;148695;152502;155785;158501;160678;162287;163607;165095;167047;169325;171819;174569;177595;180844;184367;188320;192104;194810;195929;196531;194930;192112;188779;186987;185943;186478;188166;190909;192048;191819;192163;192659;193717;195643
50-54;63018;65651;68299;70964;73645;76345;79097;81914;84861;88045;91513;95225;99129;103253;107632;112286;117183;122334;127559;132626;137346;141757;145887;149654;152908;155606;157774;159389;160715;162208;164155;166424;168901;171633;174636;177856;181340;185254;188998;191681;192799;193412;191855;189100;185842;184096;183090;183637;185314;188028;189160
55-59;48480;50818;53219;55673;58171;60715;63287;65880;68492;71117;73766;76465;79227;82119;85241;88639;92274;96094;100131;104419;108975;113767;118807;123921;128882;133507;137835;141890;145591;148795;151456;153601;155211;156538;158030;159964;162213;164661;167355;170313;173485;176912;180760;184436;187073;188181;188801;187299;184630;181467;179787
60-64;35480;37306;39300;41420;43607;45819;48077;50395;52767;55182;57643;60132;62647;65179;67725;70297;72915;75601;78408;81437;84733;88256;91959;95870;100025;104439;109080;113959;118916;123722;128207;132409;136351;139954;143077;145678;147780;149370;150688;152166;154069;156275;158670;161301;164187;167280;170618;174359;177932;180500;181591
65-69;26333;27359;28454;29661;31030;32592;34320;36207;38212;40281;42377;44521;46719;48975;51269;53609;55981;58374;60791;63220;65672;68175;70741;73423;76315;79461;82818;86349;90074;94032;98240;102658;107305;112024;116599;120872;124883;128649;132097;135088;137583;139610;141152;142443;143886;145734;147867;150173;152700;155472;158437
70-74;19145;19850;20597;21382;22218;23105;24058;25076;26191;27458;28894;30480;32213;34053;35953;37880;39853;41879;43958;46076;48240;50432;52646;54885;57139;59412;61738;64121;66610;69297;72212;75325;78595;82041;85706;89603;93694;97992;102356;106589;110548;114264;117764;120971;123759;126086;127984;129443;130677;132050;133799
75-79;13103;13579;14088;14631;15199;15796;16428;17092;17794;18539;19329;20175;21077;22064;23185;24448;25843;27366;28980;30648;32343;34080;35868;37705;39578;41492;43432;45392;47383;49383;51403;53472;55591;57807;60201;62791;65554;68457;71514;74766;78225;81856;85665;89532;93281;96793;100093;103208;106065;108554;110634
80-84;8155;8408;8694;9013;9359;9732;10129;10556;11008;11480;11975;12499;13051;13634;14252;14905;15602;16348;17161;18085;19120;20262;21507;22825;24188;25576;27001;28471;29982;31525;33101;34701;36322;37969;39624;41297;43013;44773;46614;48603;50752;53042;55445;57974;60669;63532;66537;69688;72882;75978;78877
85-89;4550;4613;4715;4847;5002;5177;5369;5589;5830;6091;6368;6662;6980;7313;7663;8031;8418;8825;9260;9718;10200;10713;11266;11867;12548;13308;14147;15058;16023;17021;18040;19087;20169;21285;22424;23590;24774;25976;27201;28431;29675;30953;32267;33643;35126;36731;38438;40225;42103;44108;46242
90+;3180;3250;3322;3396;3473;3550;3641;3752;3882;4022;4171;4336;4526;4740;4967;5205;5462;5746;6050;6368;6704;7061;7441;7851;8279;8730;9208;9726;10285;10903;11578;12311;13106;13950;14843;15776;16755;17787;18865;19982;21134;22321;23546;24810;26097;27409;28761;30156;31615;33148;34766
Brasil;;;;;;;;;;;;;;;;;;;;;;;;;;;;;;;;;;;;;;;;;;;;;;;;;;;
Dados;;;;;;;;;;;;;;;;;;;;;;;;;;;;;;;;;;;;;;;;;;;;;;;;;;;
Ano;População total;Homens;Mulheres;Nascimentos;Óbitos;Taxa de Crescimento Geométrico;Taxa Bruta de Natalidade;Taxa Bruta de Mortalidade;Esperança de Vida ao Nascer;Esperança de Vida ao Nascer - Homens;Esperança de Vida ao Nascer - Mulheres;Taxa de Mortalidade Infantil;Taxa de Mortalidade Infantil - Homens;Taxa de Mortalidade Infantil - Mulheres;Taxa de Fecundidade Total;Taxa de Fecundidade Total;Razão de Dependência - Jovens 0 a 14 anos;Razão de Dependência - Idosos 65 ou mais anos;Razão de Dependência;Índice de Envelhecimento;;;;;;;;;;;;;;;;;;;;;;;;;;;;;;;
2010;194890682;95513298;99377384;2939435;1240083;x;15.08;6.36;73.86;70.21;77.6;17.22;18.76;15.59;1.75;36.32;10.77;47.09;29.55;;;;;;;;;;;;;;;;;;;;;;;;;;;;;;;;
2011;196603732;96322635;100281097;2974525;1247751;0.88;15.13;6.35;74.2;70.57;77.91;16.43;17.86;14.92;1.76;35.37;10.99;46.36;30.99;;;;;;;;;;;;;;;;;;;;;;;;;;;;;;;;
2012;198314934;97132054;101182880;2953890;1258235;0.87;14.89;6.34;74.52;70.91;78.22;15.69;17.03;14.29;1.75;34.45;11.24;45.68;32.63;;;;;;;;;;;;;;;;;;;;;;;;;;;;;;;;
2013;200004188;97931331;102072857;2953178;1270306;0.85;14.77;6.35;74.84;71.25;78.51;15.02;16.27;13.7;1.74;33.56;11.51;45.07;34.2;;;;;;;;;;;;;;;;;;;;;;;;;;;;;;;;
2014;201717541;98744098;102973443;3028202;1284346;0.86;15.01;6.37;75.14;71.57;78.78;14.4;15.58;13.16;1.78;32.78;11.81;44.59;36.12;;;;;;;;;;;;;;;;;;;;;;;;;;;;;;;;
2015;203475683;99581002;103894681;3070979;1299541;0.87;15.09;6.39;75.44;71.88;79.05;13.82;14.93;12.65;1.8;32.15;12.13;44.29;37.67;;;;;;;;;;;;;;;;;;;;;;;;;;;;;;;;
2016;205156587;100379640;104776947;2901053;1314164;0.83;14.14;6.41;75.72;72.18;79.31;13.29;14.35;12.19;1.7;31.57;12.49;44.05;39.73;;;;;;;;;;;;;;;;;;;;;;;;;;;;;;;;
2017;206804741;101163599;105641142;3020743;1330811;0.8;14.61;6.44;75.99;72.46;79.56;12.81;13.8;11.75;1.78;31.11;12.87;43.98;41.2;;;;;;;;;;;;;;;;;;;;;;;;;;;;;;;;
2018;208494900;101971173;106523727;3003585;1349693;0.82;14.41;6.47;76.25;72.74;79.8;12.35;13.31;11.35;1.77;30.75;13.28;44.03;43.19;;;;;;;;;;;;;;;;;;;;;;;;;;;;;;;;
2019;210147125;102760295;107386830;2984414;1368954;0.79;14.2;6.51;76.5;73;80.03;11.94;12.85;10.98;1.77;30.42;13.72;44.14;45.02;;;;;;;;;;;;;;;;;;;;;;;;;;;;;;;;
2020;211755692;103527689;108228003;2963516;1389144;0.77;13.99;6.56;76.74;73.26;80.25;11.56;12.43;10.64;1.76;30.11;14.18;44.29;46.89;;;;;;;;;;;;;;;;;;;;;;;;;;;;;;;;
2021;213317639;104271843;109045796;2940629;1410602;0.74;13.79;6.61;76.97;73.5;80.46;11.2;12.04;10.32;1.76;29.83;14.67;44.5;49.51;;;;;;;;;;;;;;;;;;;;;;;;;;;;;;;;
2022;214828540;104990487;109838053;2913688;1433605;0.71;13.56;6.67;77.19;73.74;80.67;10.88;11.68;10.03;1.75;29.63;15.19;44.82;51.22;;;;;;;;;;;;;;;;;;;;;;;;;;;;;;;;
2023;216284269;105681529;110602740;2885501;1458023;0.68;13.34;6.74;77.4;73.96;80.86;10.58;11.36;9.75;1.75;29.43;15.74;45.17;53.2;;;;;;;;;;;;;;;;;;;;;;;;;;;;;;;;
2024;217684462;106345043;111339419;2856690;1483777;0.65;13.12;6.82;77.6;74.17;81.05;10.3;11.05;9.5;1.74;29.26;16.31;45.56;55.72;;;;;;;;;;;;;;;;;;;;;;;;;;;;;;;;
2025;219029093;106981304;112047789;2827039;1510693;0.62;12.91;6.9;77.8;74.38;81.22;10.04;10.77;9.27;1.74;29.11;16.9;46.01;58.29;;;;;;;;;;;;;;;;;;;;;;;;;;;;;;;;
2026;220316530;107589495;112727035;2797674;1539159;0.59;12.7;6.99;77.98;74.57;81.39;9.8;10.51;9.05;1.74;28.95;17.51;46.45;60.61;;;;;;;;;;;;;;;;;;;;;;;;;;;;;;;;
2027;221545234;108168830;113376404;2768000;1569117;0.56;12.49;7.08;78.16;74.76;81.56;9.58;10.27;8.85;1.73;28.77;18.14;46.9;62.76;;;;;;;;;;;;;;;;;;;;;;;;;;;;;;;;
2028;222713669;108718587;113995082;2738355;1600375;0.53;12.3;7.19;78.32;74.94;81.71;9.37;10.05;8.66;1.73;28.59;18.78;47.37;65.46;;;;;;;;;;;;;;;;;;;;;;;;;;;;;;;;
2029;223821305;109238514;114582791;2710134;1632845;0.5;12.11;7.3;78.49;75.11;81.86;9.18;9.84;8.49;1.72;28.36;19.42;47.79;68.23;;;;;;;;;;;;;;;;;;;;;;;;;;;;;;;;
2030;224868462;109728762;115139700;2683440;1666427;0.47;11.93;7.41;78.64;75.28;82;9.01;9.65;8.33;1.72;28.08;20.06;48.14;71.05;;;;;;;;;;;;;;;;;;;;;;;;;;;;;;;;
2031;225854415;110189007;115665408;2655850;1700970;0.44;11.76;7.53;78.78;75.43;82.14;8.85;9.48;8.18;1.72;27.84;20.71;48.55;74.33;;;;;;;;;;;;;;;;;;;;;;;;;;;;;;;;
2032;226777802;110618592;116159210;2628742;1736861;0.41;11.59;7.66;78.92;75.58;82.27;8.7;9.32;8.05;1.72;27.61;21.36;48.97;77.3;;;;;;;;;;;;;;;;;;;;;;;;;;;;;;;;
2033;227638581;111017537;116621044;2603540;1773877;0.38;11.44;7.79;79.05;75.72;82.39;8.57;9.18;7.92;1.71;27.32;22.01;49.33;80.33;;;;;;;;;;;;;;;;;;;;;;;;;;;;;;;;
2034;228437122;111386062;117051060;2579544;1812136;0.35;11.29;7.93;79.18;75.86;82.51;8.44;9.04;7.81;1.71;27.04;22.65;49.69;83.43;;;;;;;;;;;;;;;;;;;;;;;;;;;;;;;;
2035;229173685;111724392;117449293;2557147;1851454;0.32;11.16;8.08;79.3;75.99;82.62;8.32;8.92;7.7;1.71;26.76;23.28;50.04;87.08;;;;;;;;;;;;;;;;;;;;;;;;;;;;;;;;
2036;229847832;112032426;117815406;2534413;1891832;0.29;11.03;8.23;79.42;76.11;82.73;8.22;8.8;7.6;1.7;26.48;23.9;50.39;90.34;;;;;;;;;;;;;;;;;;;;;;;;;;;;;;;;
2037;230459062;112309958;118149104;2513030;1933167;0.27;10.9;8.39;79.53;76.23;82.83;8.12;8.69;7.51;1.7;26.22;24.52;50.74;93.68;;;;;;;;;;;;;;;;;;;;;;;;;;;;;;;;
2038;231007871;112557327;118450544;2493021;1975283;0.24;10.79;8.55;79.63;76.34;82.93;8.02;8.59;7.42;1.7;25.97;25.13;51.1;96.51;;;;;;;;;;;;;;;;;;;;;;;;;;;;;;;;
2039;231494650;112774820;118719830;2473758;2017958;0.21;10.69;8.72;79.73;76.45;83.02;7.93;8.49;7.34;1.7;25.74;25.77;51.52;100;;;;;;;;;;;;;;;;;;;;;;;;;;;;;;;;
2040;231919922;112962751;118957171;2455519;2060782;0.18;10.59;8.89;79.83;76.55;83.11;7.85;8.4;7.27;1.69;25.54;26.46;51.99;103.57;;;;;;;;;;;;;;;;;;;;;;;;;;;;;;;;
2041;232284233;113121438;119162795;2437785;2103915;0.16;10.49;9.06;79.92;76.65;83.2;7.77;8.32;7.2;1.69;25.35;27.18;52.53;107.23;;;;;;;;;;;;;;;;;;;;;;;;;;;;;;;;
2042;232588580;113251454;119337126;2422219;2147419;0.13;10.41;9.23;80;76.74;83.28;7.7;8.24;7.13;1.69;25.19;27.93;53.13;110.3;;;;;;;;;;;;;;;;;;;;;;;;;;;;;;;;
2043;232834065;113353443;119480622;2407325;2191168;0.11;10.34;9.41;80.09;76.83;83.36;7.63;8.16;7.06;1.69;25.06;28.73;53.78;114.72;;;;;;;;;;;;;;;;;;;;;;;;;;;;;;;;
2044;233020996;113427597;119593399;2392409;2234730;0.08;10.27;9.59;80.17;76.92;83.43;7.56;8.09;7;1.69;24.94;29.55;54.49;118.63;;;;;;;;;;;;;;;;;;;;;;;;;;;;;;;;
2045;233149625;113474061;119675564;2377677;2278119;0.06;10.2;9.77;80.24;77;83.5;7.5;8.02;6.95;1.68;24.85;30.4;55.25;122.5;;;;;;;;;;;;;;;;;;;;;;;;;;;;;;;;
2046;233220257;113493052;119727205;2363150;2321466;0.03;10.13;9.95;80.31;77.08;83.57;7.44;7.96;6.9;1.68;24.77;31.27;56.04;125.79;;;;;;;;;;;;;;;;;;;;;;;;;;;;;;;;
2047;233233670;113485011;119748659;2349527;2364398;0.01;10.07;10.14;80.38;77.16;83.63;7.39;7.9;6.84;1.68;24.72;32.17;56.89;129.75;;;;;;;;;;;;;;;;;;;;;;;;;;;;;;;;
2048;233190482;113450253;119740229;2335541;2407046;-0.02;10.02;10.32;80.45;77.23;83.7;7.33;7.84;6.8;1.68;24.68;33.08;57.76;134.62;;;;;;;;;;;;;;;;;;;;;;;;;;;;;;;;
2049;233090464;113388652;119701812;2320604;2449148;-0.04;9.96;10.51;80.51;77.3;83.75;7.29;7.79;6.75;1.68;24.66;33.99;58.64;138.06;;;;;;;;;;;;;;;;;;;;;;;;;;;;;;;;
2050;232933276;113300060;119633216;2304717;2490559;-0.07;9.89;10.69;80.57;77.37;83.81;7.24;7.74;6.71;1.68;24.64;34.88;59.52;142.21;;;;;;;;;;;;;;;;;;;;;;;;;;;;;;;;
2051;232719169;113184593;119534576;2288973;2531362;-0.09;9.84;10.88;80.63;77.43;83.86;7.2;7.69;6.67;1.67;24.63;35.76;60.38;144.81;;;;;;;;;;;;;;;;;;;;;;;;;;;;;;;;
2052;232448867;113042592;119406275;2273127;2571362;-0.12;9.78;11.06;80.68;77.49;83.91;7.16;7.65;6.64;1.67;24.62;36.62;61.24;148.37;;;;;;;;;;;;;;;;;;;;;;;;;;;;;;;;
2053;232122448;112874076;119248372;2255972;2610595;-0.14;9.72;11.25;80.74;77.55;83.96;7.12;7.61;6.6;1.67;24.62;37.45;62.07;151.97;;;;;;;;;;;;;;;;;;;;;;;;;;;;;;;;
2054;231739632;112678873;119060759;2237804;2648830;-0.16;9.66;11.43;80.78;77.61;84;7.08;7.57;6.57;1.67;24.62;38.26;62.89;155.63;;;;;;;;;;;;;;;;;;;;;;;;;;;;;;;;
2055;231300323;112456873;118843450;2218450;2686056;-0.19;9.59;11.61;80.83;77.66;84.04;7.05;7.54;6.54;1.67;24.63;39.05;63.68;159.33;;;;;;;;;;;;;;;;;;;;;;;;;;;;;;;;
2056;230805223;112208379;118596844;2199622;2722232;-0.21;9.53;11.79;80.88;77.71;84.08;7.02;7.5;6.51;1.67;24.63;39.81;64.43;161.33;;;;;;;;;;;;;;;;;;;;;;;;;;;;;;;;
2057;230255685;111934042;118321643;2180831;2757317;-0.24;9.47;11.98;80.92;77.76;84.12;6.99;7.47;6.48;1.66;24.62;40.52;65.15;164.43;;;;;;;;;;;;;;;;;;;;;;;;;;;;;;;;
2058;229652286;111634119;118018167;2161015;2791329;-0.26;9.41;12.15;80.96;77.81;84.16;6.96;7.44;6.46;1.66;24.62;41.22;65.84;168.24;;;;;;;;;;;;;;;;;;;;;;;;;;;;;;;;
2059;228995541;111308845;117686696;2141033;2824224;-0.29;9.35;12.33;81;77.86;84.19;6.94;7.41;6.44;1.66;24.61;41.91;66.53;170.27;;;;;;;;;;;;;;;;;;;;;;;;;;;;;;;;
2060;228286347;110958642;117327705;2120842;2856059;-0.31;9.29;12.51;81.04;77.9;84.23;6.91;7.39;6.42;1.66;24.61;42.62;67.23;173.47;;;;;;;;;;;;;;;;;;;;;;;;;;;;;;;;
Faixas etárias;;;;;;;;;;;;;;;;;;;;;;;;;;;;;;;;;;;;;;;;;;;;;;;;;;;
Total;;;;;;;;;;;;;;;;;;;;;;;;;;;;;;;;;;;;;;;;;;;;;;;;;;;
Faixa/Ano;2010;2011;2012;2013;2014;2015;2016;2017;2018;2019;2020;2021;2022;2023;2024;2025;2026;2027;2028;2029;2030;2031;2032;2033;2034;2035;2036;2037;2038;2039;2040;2041;2042;2043;2044;2045;2046;2047;2048;2049;2050;2051;2052;2053;2054;2055;2056;2057;2058;2059;2060
Total;194890682;196603732;198314934;200004188;201717541;203475683;205156587;206804741;208494900;210147125;211755692;213317639;214828540;216284269;217684462;219029093;220316530;221545234;222713669;223821305;224868462;225854415;226777802;227638581;228437122;229173685;229847832;230459062;231007871;231494650;231919922;232284233;232588580;232834065;233020996;233149625;233220257;233233670;233190482;233090464;232933276;232719169;232448867;232122448;231739632;231300323;230805223;230255685;229652286;228995541;228286347
0-4;14858280;14697433;14624301;14567170;14570070;14677159;14715112;14720776;14787557;14798332;14730311;14703281;14675523;14569055;14452355;14326234;14192256;14053426;13912226;13770272;13629815;13491399;13354905;13221642;13092489;12967369;12846604;12730937;12620549;12514918;12413588;12316709;12225086;12138798;12057106;11979238;11904624;11832490;11761709;11691308;11620256;11547982;11473958;11397201;11317212;11233863;11147191;11057520;10965028;10870292;10774218
05/set;15865195;15600504;15387507;15203145;15029641;14824271;14664918;14593299;14537829;14542132;14650311;14689394;14695773;14762671;14773628;14705941;14679311;14652033;14546208;14430226;14304778;14171490;14033278;13892710;13751331;13611405;13473529;13337523;13204728;13076037;12951361;12830995;12715703;12605672;12500387;12399373;12302790;12211456;12125433;12043993;11966376;11891973;11820071;11749531;11679356;11608504;11536459;11462615;11386046;11306224;11223031
out/14;17397304;17216843;16880174;16495325;16131984;15840860;15577214;15365237;15182024;15009676;14805478;14647164;14576191;14520972;14525347;14633526;14672711;14679300;14746432;14757724;14690423;14664114;14637176;14531700;14416109;14291049;14158125;14020272;13880038;13738984;13599376;13461829;13326122;13193611;13065182;12940762;12820626;12705545;12595720;12490655;12389855;12293466;12202305;12116445;12035156;11957694;11883455;11811703;11741278;11671246;11600532
15-19;17219086;17238401;17315601;17402809;17424089;17334096;17155615;16821630;16439846;16079464;15790863;15529387;15318916;15136923;14965724;14762869;14605891;14536019;14481942;14487286;14596110;14635967;14643187;14710785;14722659;14656163;14630405;14603997;14499263;14384409;14260078;14127872;13990752;13851207;13710840;13571863;13434947;13299846;13167907;13040010;12916108;12796510;12681921;12572557;12467934;12367551;12271531;12180736;12095228;12014265;11937109
20-24;17476779;17396868;17296030;17195219;17124785;17100769;17122881;17203520;17294780;17319853;17233266;17057794;16726717;16347561;15989803;15703800;15444924;15236871;15057313;14888503;14688175;14533531;14465563;14413260;14420025;14529708;14570602;14578856;14647162;14659931;14594614;14569782;14544238;14440723;14327061;14203946;14072906;13936948;13798559;13659314;13521425;13385549;13251456;13120499;12993545;12870528;12751775;12637977;12529386;12425516;12325847
25-29;17334110;17423848;17454135;17436877;17391346;17331851;17256322;17161679;17068593;17004904;16985866;17011218;17092427;17182193;17206153;17119972;16946247;16618500;16243415;15889766;15607291;15351552;15146240;14969263;14802897;14605190;14452983;14386955;14336521;14344709;14455193;14497153;14506501;14575436;14589082;14524961;14501063;14476422;14374170;14261783;14139942;14010163;13875462;13738287;13600246;13463536;13328803;13195813;13065893;12939931;12817887
30-34;15955949;16275019;16567575;16822855;17028854;17178656;17271648;17306947;17296659;17258318;17205416;17135646;17044190;16951251;16886952;16867543;16892885;16974395;17065211;17091062;17007393;16836728;16512899;16141856;15792033;15512843;15259983;15057188;14882572;14718488;14523256;14373318;14309113;14260407;14269902;14381026;14423898;14434174;14503630;14518027;14455019;14431957;14408126;14307058;14195853;14075191;13946610;13813084;13677088;13540196;13404578
35-39;14075108;14350827;14689558;15066579;15441748;15787821;16107943;16402815;16661965;16872342;17026545;17123723;17161844;17152616;17115112;17063584;16995707;16906691;16816670;16755274;16738294;16765601;16848588;16940702;16968189;16886844;16719129;16399166;16032170;15686230;15410325;15160396;14960090;14787787;14625966;14433207;14285523;14223058;14175984;14186704;14298311;14341981;14353071;14422945;14437977;14376076;14353778;14330671;14230768;14120755;14001307
40-44;13184170;13311309;13414041;13519509;13668343;13884283;14161178;14500831;14879035;15255513;15602974;15924417;16219710;16478229;16688213;16842846;16941312;16981681;16975459;16941357;16893256;16828804;16743240;16656520;16598022;16583446;16612647;16696902;16790065;16818996;16739962;16575282;16259556;15897111;15555535;15283397;15036761;14839171;14669407;14510049;14320041;14174828;14114206;14068807;14080737;14192649;14236987;14248844;14318948;14334584;14273861
45-49;11992439;12218181;12426314;12615601;12784211;12933598;13064058;13171048;13281287;13434076;13652504;13930420;14269004;14644402;15017933;15363171;15683089;15977567;16236139;16446903;16602926;16703462;16746553;16743579;16713006;16668492;16607681;16525845;16442743;16387431;16375387;16406437;16491724;16585608;16615819;16539189;16377988;16067408;15710668;15374594;15107158;14864721;14670479;14503796;14347422;14160785;14018586;13960052;13916591;13929788;14041783
50-54;10276773;10574366;10868062;11152415;11419933;11666086;11892707;12102371;12293932;12465329;12617804;12751592;12861867;12974530;13128538;13346782;13623237;13959030;14330885;14700984;15043388;15361008;15653779;15911350;16121912;16278600;16380728;16426408;16426757;16399939;16359306;16302574;16224958;16146006;16094242;16084875;16117711;16203642;16297801;16329111;16255195;16098244;15794311;15445094;15116301;14855005;14618039;14428117;14265353;14112793;13930535
55-59;8387564;8679820;8977656;9278724;9579705;9877881;10172542;10463716;10746091;11012111;11257277;11483368;11692613;11883880;12055490;12208751;12343963;12456465;12571436;12726473;12943766;13217366;13548288;13914012;14277951;14615019;14928011;15216929;15471607;15680383;15836527;15939411;15987269;15990939;15968053;15931630;15879345;15806522;15732281;15684468;15677945;15712380;15798347;15891980;15924009;15853162;15701406;15406171;15066946;14747850;14494713
60-64;6596741;6859058;7119004;7379912;7647936;7926230;8211893;8503042;8797470;9091910;9383728;9672175;9957156;10233460;10493988;10734491;10956693;11162776;11351609;11521660;11673982;11809015;11922324;12038067;12192258;12406090;12673729;12996043;13351492;13705082;14032901;14337648;14619346;14868106;15072540;15226101;15328313;15377469;15384059;15365094;15332980;15285499;15218052;15149158;15105746;15102049;15137666;15222586;15314436;15346470;15279016
65-69;4905988;5095516;5318713;5565313;5819304;6071240;6322755;6572590;6823731;7081680;7349244;7623733;7903288;8185834;8468411;8748627;9025766;9299757;9565627;9816554;10048512;10263166;10462649;10645868;10811283;10959940;11092321;11204363;11318835;11469648;11676652;11934133;12242752;12582173;12919685;13232909;13524376;13794222;14032965;14229585;14377822;14477368;14526754;14535915;14520894;14493445;14451348;14390212;14327671;14289289;14288480
70-74;3792042;3889352;3974955;4063519;4175947;4323465;4501441;4709484;4938529;5174388;5408663;5642901;5876091;6110754;6351769;6601500;6857600;7118354;7381902;7645534;7907040;8165785;8421765;8670307;8905063;9122289;9323635;9511104;9683679;9839876;9980630;10106571;10214158;10324288;10467931;10663049;10904126;11191369;11506226;11819031;12109555;12380193;12631212;12853724;13037277;13176002;13269879;13317776;13328895;13317878;13295484
75-79;2597990;2688798;2797237;2913384;3023576;3121818;3211601;3292375;3376250;3480536;3614389;3774018;3959070;4161906;4370673;4578361;4786387;4994114;5203523;5418622;5641260;5869405;6101656;6336314;6571128;6804078;7034690;7263005;7484798;7694408;7888458;8068562;8236631;8391702;8532383;8659541;8773851;8872509;8973811;9104799;9280868;9496727;9752138;10030863;10307408;10564467;10804204;11027068;11224976;11388373;11511971
80-84;1689444;1727063;1764898;1807817;1861166;1926871;2004365;2095235;2191860;2283815;2366558;2443191;2513706;2587330;2677251;2790280;2923509;3076687;3243763;3415649;3586931;3758879;3931160;4105249;4284098;4468984;4658301;4850986;5045614;5240341;5433588;5624985;5814637;5998934;6173117;6334346;6484201;6624391;6754088;6872004;6978835;7075422;7159683;7246694;7358416;7506972;7687508;7899218;8128899;8356311;8567809
85-89;830529;901360;954570;996763;1032554;1065148;1097017;1129489;1165517;1208442;1259330;1318006;1385731;1457236;1525459;1587405;1645581;1700356;1758056;1827478;1913020;2012666;2126181;2249361;2375978;2502391;2629690;2757777;2887609;3021064;3158814;3299768;3443164;3587930;3732788;3876586;4019065;4160416;4297807;4427602;4547659;4659375;4764254;4861528;4950167;5030651;5103867;5168499;5235780;5321722;5434778
90+;455191;459166;484603;521252;562349;603580;645377;688657;731945;774304;815165;856211;898723;943466;991663;1043410;1099461;1161212;1225853;1289978;1352102;1414477;1478371;1546036;1620691;1703785;1795039;1894806;2001669;2113776;2229906;2350808;2476780;2607627;2743377;2883626;3028143;3176612;3328257;3482333;3637926;3794831;3953061;4110366;4263976;4412193;4556131;4697023;4833076;4962058;5083408
Homens;;;;;;;;;;;;;;;;;;;;;;;;;;;;;;;;;;;;;;;;;;;;;;;;;;;
Faixa/Ano;2010;2011;2012;2013;2014;2015;2016;2017;2018;2019;2020;2021;2022;2023;2024;2025;2026;2027;2028;2029;2030;2031;2032;2033;2034;2035;2036;2037;2038;2039;2040;2041;2042;2043;2044;2045;2046;2047;2048;2049;2050;2051;2052;2053;2054;2055;2056;2057;2058;2059;2060
Total;95513298;96322635;97132054;97931331;98744098;99581002;100379640;101163599;101971173;102760295;103527689;104271843;104990487;105681529;106345043;106981304;107589495;108168830;108718587;109238514;109728762;110189007;110618592;111017537;111386062;111724392;112032426;112309958;112557327;112774820;112962751;113121438;113251454;113353443;113427597;113474061;113493052;113485011;113450253;113388652;113300060;113184593;113042592;112874076;112678873;112456873;112208379;111934042;111634119;111308845;110958642
0-4;7594516;7513761;7477567;7449337;7451690;7507226;7527223;7530642;7565301;7571223;7536789;7523299;7509386;7455164;7395678;7331364;7263006;7192133;7120032;7047528;6975778;6905062;6835307;6767195;6701192;6637231;6575502;6516373;6459937;6405936;6354123;6304598;6257751;6213632;6171861;6132043;6093885;6056997;6020798;5984802;5948471;5911502;5873639;5834370;5793447;5750809;5706456;5660575;5613249;5564770;5515605
05/set;8094637;7962532;7856445;7764679;7678145;7574960;7495049;7459700;7432381;7435509;7491634;7512252;7516076;7550810;7556858;7522618;7509351;7495730;7441882;7382807;7318878;7250909;7180401;7108665;7036481;6965042;6894634;6825161;6757331;6691592;6627900;6566392;6507477;6451252;6397457;6345822;6296474;6249795;6205831;6164206;6124537;6086502;6049752;6013699;5977830;5941609;5904776;5867020;5827860;5787041;5744493
out/14;8842587;8760868;8596730;8405865;8224795;8080135;7948620;7843086;7751948;7666040;7563501;7484190;7449226;7422072;7425264;7481411;7502112;7506047;7540921;7547162;7513141;7500066;7486634;7433002;7374143;7310452;7242697;7172400;7100861;7028875;6957623;6887413;6818125;6750468;6684877;6621345;6559981;6501187;6445082;6391415;6339911;6290699;6244133;6200276;6158737;6119162;6081226;6044568;6008592;5972801;5936671
15-19;8673836;8693267;8745322;8804210;8829069;8795446;8715095;8552810;8364062;8185062;8042202;7912260;7807878;7717747;7632793;7531320;7453057;7418949;7392651;7396587;7453221;7474403;7478801;7514010;7520683;7487251;7474592;7461547;7408463;7350163;7287028;7219811;7150062;7079046;7007575;6936806;6867067;6798239;6731019;6665837;6602699;6541729;6483312;6427561;6374235;6323041;6274127;6227836;6184244;6142973;6103630
20-24;8746116;8711375;8663577;8614902;8583358;8578611;8600164;8654720;8716490;8744065;8712945;8634909;8475014;8288587;8111918;7971317;7843582;7741213;7653070;7570037;7470597;7394220;7361652;7336794;7341891;7399228;7421254;7426487;7462264;7469669;7437195;7425286;7412946;7360848;7303529;7241380;7175120;7106330;7036251;6965698;6895815;6826928;6758931;6692510;6628106;6565701;6505416;6447653;6392537;6339825;6289218
25-29;8574606;8629711;8657414;8662143;8651184;8630266;8598875;8555561;8512314;8485534;8484394;8508378;8563553;8624538;8651626;8621118;8544666;8387530;8204388;8031009;7893232;7767999;7667829;7581750;7500675;7403356;7328943;7297950;7274594;7280847;7338836;7361712;7367822;7404119;7412226;7380713;7369573;7357978;7306911;7250628;7189512;7124285;7056509;6987423;6917849;6848930;6780967;6713878;6648312;6584723;6523112
30-34;7821287;7982363;8131551;8263753;8373348;8457008;8514439;8545686;8555280;8549320;8532944;8505514;8464499;8421615;8394693;8393527;8417664;8473141;8534872;8563312;8534665;8460519;8306365;8126302;7955838;7820545;7697488;7599240;7514973;7435649;7340229;7267552;7237960;7215936;7223197;7281677;7305262;7312099;7348805;7357492;7326843;7316343;7305373;7255224;7199860;7139664;7075362;7008494;6940318;6871646;6803583
35-39;6857527;6990523;7155946;7341635;7527745;7700900;7862666;8013399;8148183;8260741;8347421;8407755;8440996;8451369;8446055;8430688;8404634;8365378;8324589;8299702;8300209;8325674;8382118;8444696;8474256;8447253;8375224;8223858;8046719;7879049;7746136;7625181;7528741;7446144;7368454;7274845;7203808;7175501;7154681;7162834;7221685;7245877;7253323;7290325;7299496;7269639;7259722;7249292;7200007;7145508;7086207
40-44;6405478;6465519;6511227;6557089;6624863;6727359;6861189;7027271;7213769;7400750;7574836;7737477;7888496;8022898;8135221;8222214;8283430;8318165;8330545;8327522;8314471;8290745;8253830;8215289;8192354;8194452;8221147;8278370;8341585;8372088;8346626;8276663;8128189;7954176;7789503;7659150;7540448;7445888;7365050;7289066;7197348;7128025;7100999;7081359;7090362;7149455;7174123;7182135;7219317;7228927;7199896
45-49;5768516;5880219;5985481;6082367;6167931;6241647;6303978;6352579;6401687;6472175;6576419;6711034;6876531;7061277;7246407;7419108;7580798;7731316;7865760;7978594;8066468;8128987;8165432;8179855;8179060;8168292;8146911;8112423;8076237;8055349;8059034;8086849;8144623;8208179;8239414;8215443;8147699;8002569;7832277;7671186;7543900;7427925;7335566;7256745;7182722;7093220;7025894;7000246;6981909;6991754;7050917
50-54;4900002;5040349;5178764;5313246;5441195;5561009;5673316;5779573;5877917;5965268;6041008;6105571;6156429;6207294;6278778;6383077;6516900;6680739;6863310;7046315;7217244;7377487;7526925;7660698;7773367;7861606;7925036;7962995;7979372;7980824;7972437;7953589;7921753;7888179;7869486;7874764;7903569;7961564;8025093;8056849;8034455;7969304;7828334;7662799;7506320;7382926;7270417;7180814;7104474;7032873;6946162
55-59;3954821;4089187;4227766;4368987;4510555;4650762;4789417;4926386;5059761;5186871;5306101;5418069;5523994;5622071;5709488;5785731;5851268;5903677;5956190;6028485;6132308;6264412;6425224;6603964;6783080;6950611;7107892;7254823;7386666;7498065;7585774;7649457;7688505;7706661;7710316;7704363;7688149;7659220;7628530;7612199;7619074;7648657;7706356;7769208;7801082;7780353;7718248;7582612;7423293;7272866;7154556
60-64;3081961;3198692;3313737;3429277;3548963;3674713;3805186;3939707;4076794;4214303;4350563;4485379;4618536;4748149;4871821;4988027;5097383;5201061;5297302;5383487;5458969;5524298;5577221;5630273;5702081;5803746;5932098;6087478;6259725;6432268;6593867;6745779;6887959;7015825;7124175;7209866;7272652;7311982;7331395;7336975;7333300;7319725;7293901;7266311;7252466;7260725;7290580;7347073;7408221;7439552;7420473
65-69;2253998;2339108;2439108;2549140;2661907;2773210;2883883;2993314;3103440;3217426;3337000;3460918;3588535;3718492;3848844;3978090;4106032;4232502;4355732;4473440;4584216;4688647;4787847;4880176;4963105;5036045;5099560;5151653;5203924;5273663;5371091;5493166;5640066;5802391;5964930;6117373;6260872;6395434;6516731;6619770;6701600;6762068;6800700;6820803;6827971;6826458;6815605;6793193;6769102;6757874;6767303
70-74;1689818;1732563;1770303;1809593;1859518;1924795;2003224;2094581;2194687;2297297;2398778;2499910;2600243;2701380;2806006;2915566;3028989;3145702;3264515;3383680;3501868;3618911;3734717;3847628;3955595;4057304;4153367;4244811;4330120;4406952;4474742;4534111;4583407;4633065;4698510;4788775;4900975;5035044;5182591;5330211;5468808;5599462;5722265;5833225;5927673;6002895;6058911;6095418;6115370;6123684;6124121
75-79;1105206;1144121;1190922;1240998;1288273;1330216;1368574;1403314;1439622;1484658;1542105;1610235;1688895;1774682;1862608;1949716;2036732;2123408;2210961;2301516;2396166;2494028;2594665;2697044;2799720;2901547;3002440;3102353;3199832;3293112;3381052;3464237;3543625;3617852;3684841;3744109;3796312;3840217;3884676;3942722;4021823;4119269;4234768;4361237;4487603;4606394;4718561;4824282;4920042;5001664;5066803
80-84;677628;692280;707304;724631;746369;773094;804695;841980;881564;919059;952619;983758;1012641;1042996;1079956;1126100;1180178;1242110;1309326;1378193;1446541;1514999;1583484;1652852;1724591;1799420;1876683;1956079;2036796;2117674;2197885;2277383;2356175;2433074;2506675;2576080;2641835;2704769;2763770;2817079;2864310;2906165;2941812;2978203;3025436;3089091;3166772;3257946;3357133;3456065;3549148
85-89;314944;340306;359247;374268;387076;398787;410381;422377;435871;452078;471252;493422;519178;546326;572074;595279;617114;637836;659812;686235;718616;756161;798785;844827;891952;938795;985869;1033177;1081264;1131002;1182750;1236101;1290875;1346482;1402163;1457337;1512013;1566262;1619219;1669886;1717634;1762927;1806456;1847353;1884307;1917047;1946213;1971377;1997388;2031094;2076107
90+;155814;155891;163643;175211;188114;200858;213666;226913;240102;252916;265178;277513;290381;304062;318955;335033;352599;372193;392729;412903;432174;451480;471355;492517;515998;542216;571089;602780;636664;672043;708423;746158;785393;826114;868408;912170;957358;1003936;1051543;1099797;1148335;1197201;1246463;1295445;1343371;1389754;1435003;1479630;1522751;1563205;1600637
Mulheres;;;;;;;;;;;;;;;;;;;;;;;;;;;;;;;;;;;;;;;;;;;;;;;;;;;
Faixa/Ano;2010;2011;2012;2013;2014;2015;2016;2017;2018;2019;2020;2021;2022;2023;2024;2025;2026;2027;2028;2029;2030;2031;2032;2033;2034;2035;2036;2037;2038;2039;2040;2041;2042;2043;2044;2045;2046;2047;2048;2049;2050;2051;2052;2053;2054;2055;2056;2057;2058;2059;2060
Total;99377384;100281097;101182880;102072857;102973443;103894681;104776947;105641142;106523727;107386830;108228003;109045796;109838053;110602740;111339419;112047789;112727035;113376404;113995082;114582791;115139700;115665408;116159210;116621044;117051060;117449293;117815406;118149104;118450544;118719830;118957171;119162795;119337126;119480622;119593399;119675564;119727205;119748659;119740229;119701812;119633216;119534576;119406275;119248372;119060759;118843450;118596844;118321643;118018167;117686696;117327705
0-4;7263764;7183672;7146734;7117833;7118380;7169933;7187889;7190134;7222256;7227109;7193522;7179982;7166137;7113891;7056677;6994870;6929250;6861293;6792194;6722744;6654037;6586337;6519598;6454447;6391297;6330138;6271102;6214564;6160612;6108982;6059465;6012111;5967335;5925166;5885245;5847195;5810739;5775493;5740911;5706506;5671785;5636480;5600319;5562831;5523765;5483054;5440735;5396945;5351779;5305522;5258613
05/set;7770558;7637972;7531062;7438466;7351496;7249311;7169869;7133599;7105448;7106623;7158677;7177142;7179697;7211861;7216770;7183323;7169960;7156303;7104326;7047419;6985900;6920581;6852877;6784045;6714850;6646363;6578895;6512362;6447397;6384445;6323461;6264603;6208226;6154420;6102930;6053551;6006316;5961661;5919602;5879787;5841839;5805471;5770319;5735832;5701526;5666895;5631683;5595595;5558186;5519183;5478538
out/14;8554717;8455975;8283444;8089460;7907189;7760725;7628594;7522151;7430076;7343636;7241977;7162974;7126965;7098900;7100083;7152115;7170599;7173253;7205511;7210562;7177282;7164048;7150542;7098698;7041966;6980597;6915428;6847872;6779177;6710109;6641753;6574416;6507997;6443143;6380305;6319417;6260645;6204358;6150638;6099240;6049944;6002767;5958172;5916169;5876419;5838532;5802229;5767135;5732686;5698445;5663861
15-19;8545250;8545134;8570279;8598599;8595020;8538650;8440520;8268820;8075784;7894402;7748661;7617127;7511038;7419176;7332931;7231549;7152834;7117070;7089291;7090699;7142889;7161564;7164386;7196775;7201976;7168912;7155813;7142450;7090800;7034246;6973050;6908061;6840690;6772161;6703265;6635057;6567880;6501607;6436888;6374173;6313409;6254781;6198609;6144996;6093699;6044510;5997404;5952900;5910984;5871292;5833479
20-24;8730663;8685493;8632453;8580317;8541427;8522158;8522717;8548800;8578290;8575788;8520321;8422885;8251703;8058974;7877885;7732483;7601342;7495658;7404243;7318466;7217578;7139311;7103911;7076466;7078134;7130480;7149348;7152369;7184898;7190262;7157419;7144496;7131292;7079875;7023532;6962566;6897786;6830618;6762308;6693616;6625610;6558621;6492525;6427989;6365439;6304827;6246359;6190324;6136849;6085691;6036629
25-29;8759504;8794137;8796721;8774734;8740162;8701585;8657447;8606118;8556279;8519370;8501472;8502840;8528874;8557655;8554527;8498854;8401581;8230970;8039027;7858757;7714059;7583553;7478411;7387513;7302222;7201834;7124040;7089005;7061927;7063862;7116357;7135441;7138679;7171317;7176856;7144248;7131490;7118444;7067259;7011155;6950430;6885878;6818953;6750864;6682397;6614606;6547836;6481935;6417581;6355208;6294775
30-34;8134662;8292656;8436024;8559102;8655506;8721648;8757209;8761261;8741379;8708998;8672472;8630132;8579691;8529636;8492259;8474016;8475221;8501254;8530339;8527750;8472728;8376209;8206534;8015554;7836195;7692298;7562495;7457948;7367599;7282839;7183027;7105766;7071153;7044471;7046705;7099349;7118636;7122075;7154825;7160535;7128176;7115614;7102753;7051834;6995993;6935527;6871248;6804590;6736770;6668550;6600995
35-39;7217581;7360304;7533612;7724944;7914003;8086921;8245277;8389416;8513782;8611601;8679124;8715968;8720848;8701247;8669057;8632896;8591073;8541313;8492081;8455572;8438085;8439927;8466470;8496006;8493933;8439591;8343905;8175308;7985451;7807181;7664189;7535215;7431349;7341643;7257512;7158362;7081715;7047557;7021303;7023870;7076626;7096104;7099748;7132620;7138481;7106437;7094056;7081379;7030761;6975247;6915100
40-44;6778692;6845790;6902814;6962420;7043480;7156924;7299989;7473560;7665266;7854763;8028138;8186940;8331214;8455331;8552992;8620632;8657882;8663516;8644914;8613835;8578785;8538059;8489410;8441231;8405668;8388994;8391500;8418532;8448480;8446908;8393336;8298619;8131367;7942935;7766032;7624247;7496313;7393283;7304357;7220983;7122693;7046803;7013207;6987448;6990375;7043194;7062864;7066709;7099631;7105657;7073965
45-49;6223923;6337962;6440833;6533234;6616280;6691951;6760080;6818469;6879600;6961901;7076085;7219386;7392473;7583125;7771526;7944063;8102291;8246251;8370379;8468309;8536458;8574475;8581121;8563724;8533946;8500200;8460770;8413422;8366506;8332082;8316353;8319588;8347101;8377429;8376405;8323746;8230289;8064839;7878391;7703408;7563258;7436796;7334913;7247051;7164700;7067565;6992692;6959806;6934682;6938034;6990866
50-54;5376771;5534017;5689298;5839169;5978738;6105077;6219391;6322798;6416015;6500061;6576796;6646021;6705438;6767236;6849760;6963705;7106337;7278291;7467575;7654669;7826144;7983521;8126854;8250652;8348545;8416994;8455692;8463413;8447385;8419115;8386869;8348985;8303205;8257827;8224756;8210111;8214142;8242078;8272708;8272262;8220740;8128940;7965977;7782295;7609981;7472079;7347622;7247303;7160879;7079920;6984373
55-59;4432743;4590633;4749890;4909737;5069150;5227119;5383125;5537330;5686330;5825240;5951176;6065299;6168619;6261809;6346002;6423020;6492695;6552788;6615246;6697988;6811458;6952954;7123064;7310048;7494871;7664408;7820119;7962106;8084941;8182318;8250753;8289954;8298764;8284278;8257737;8227267;8191196;8147302;8103751;8072269;8058871;8063723;8091991;8122772;8122927;8072809;7983158;7823559;7643653;7474984;7340157
60-64;3514780;3660366;3805267;3950635;4098973;4251517;4406707;4563335;4720676;4877607;5033165;5186796;5338620;5485311;5622167;5746464;5859310;5961715;6054307;6138173;6215013;6284717;6345103;6407794;6490177;6602344;6741631;6908565;7091767;7272814;7439034;7591869;7731387;7852281;7948365;8016235;8055661;8065487;8052664;8028119;7999680;7965774;7924151;7882847;7853280;7841324;7847086;7875513;7906215;7906918;7858543
65-69;2651990;2756408;2879605;3016173;3157397;3298030;3438872;3579276;3720291;3864254;4012244;4162815;4314753;4467342;4619567;4770537;4919734;5067255;5209895;5343114;5464296;5574519;5674802;5765692;5848178;5923895;5992761;6052710;6114911;6195985;6305561;6440967;6602686;6779782;6954755;7115536;7263504;7398788;7516234;7609815;7676222;7715300;7726054;7715112;7692923;7666987;7635743;7597019;7558569;7531415;7521177
70-74;2102224;2156789;2204652;2253926;2316429;2398670;2498217;2614903;2743842;2877091;3009885;3142991;3275848;3409374;3545763;3685934;3828611;3972652;4117387;4261854;4405172;4546874;4687048;4822679;4949468;5064985;5170268;5266293;5353559;5432924;5505888;5572460;5630751;5691223;5769421;5874274;6003151;6156325;6323635;6488820;6640747;6780731;6908947;7020499;7109604;7173107;7210968;7222358;7213525;7194194;7171363
75-79;1492784;1544677;1606315;1672386;1735303;1791602;1843027;1889061;1936628;1995878;2072284;2163783;2270175;2387224;2508065;2628645;2749655;2870706;2992562;3117106;3245094;3375377;3506991;3639270;3771408;3902531;4032250;4160652;4284966;4401296;4507406;4604325;4693006;4773850;4847542;4915432;4977539;5032292;5089135;5162077;5259045;5377458;5517370;5669626;5819805;5958073;6085643;6202786;6304934;6386709;6445168
80-84;1011816;1034783;1057594;1083186;1114797;1153777;1199670;1253255;1310296;1364756;1413939;1459433;1501065;1544334;1597295;1664180;1743331;1834577;1934437;2037456;2140390;2243880;2347676;2452397;2559507;2669564;2781618;2894907;3008818;3122667;3235703;3347602;3458462;3565860;3666442;3758266;3842366;3919622;3990318;4054925;4114525;4169257;4217871;4268491;4332980;4417881;4520736;4641272;4771766;4900246;5018661
85-89;515585;561054;595323;622495;645478;666361;686636;707112;729646;756364;788078;824584;866553;910910;953385;992126;1028467;1062520;1098244;1141243;1194404;1256505;1327396;1404534;1484026;1563596;1643821;1724600;1806345;1890062;1976064;2063667;2152289;2241448;2330625;2419249;2507052;2594154;2678588;2757716;2830025;2896448;2957798;3014175;3065860;3113604;3157654;3197122;3238392;3290628;3358671
90+;299377;303275;320960;346041;374235;402722;431711;461744;491843;521388;549987;578698;608342;639404;672708;708377;746862;789019;833124;877075;919928;962997;1007016;1053519;1104693;1161569;1223950;1292026;1365005;1441733;1521483;1604650;1691387;1781513;1874969;1971456;2070785;2172676;2276714;2382536;2489591;2597630;2706598;2814921;2920605;3022439;3121128;3217393;3310325;3398853;3482771
