Amapá;;;;;;;;;;;;;;;;;;;;;;;;;;;;;;;;;;;;;;;;;;;;;;;;;;;
Dados;;;;;;;;;;;;;;;;;;;;;;;;;;;;;;;;;;;;;;;;;;;;;;;;;;;
Ano;População total;Homens;Mulheres;Nascimentos;Óbitos;Taxa de Crescimento Geométrico;Taxa Bruta de Natalidade;Taxa Bruta de Mortalidade;Esperança de Vida ao Nascer;Esperança de Vida ao Nascer - Homens;Esperança de Vida ao Nascer - Mulheres;Taxa de Mortalidade Infantil;Taxa de Mortalidade Infantil - Homens;Taxa de Mortalidade Infantil - Mulheres;Taxa de Fecundidade Total;Razão de Dependência - Jovens 0 a 14 anos;Razão de Dependência - Idosos 65 ou mais anos;Razão de Dependência;Índice de Envelhecimento;;;;;;;;;;;;;;;;;;;;;;;;;;;;;;;;
2010;694261;347935;346326;16436;3145;x;23.67;4.53;72.13;69.2;75.36;24.58;25.01;24.13;2.55;56.15;5.44;61.59;9.8;;;;;;;;;;;;;;;;;;;;;;;;;;;;;;;;
2011;711453;356510;354943;15903;3184;2.48;22.35;4.48;72.47;69.6;75.61;24.34;24.75;23.9;2.39;54.37;5.48;59.85;10;;;;;;;;;;;;;;;;;;;;;;;;;;;;;;;;
2012;728015;364765;363250;15378;3220;2.33;21.12;4.42;72.78;69.98;75.85;24.11;24.51;23.68;2.26;52.5;5.52;58.02;10.54;;;;;;;;;;;;;;;;;;;;;;;;;;;;;;;;
2013;744809;373140;371669;16591;3282;2.31;22.28;4.41;73.09;70.34;76.08;23.88;24.28;23.47;2.38;50.77;5.56;56.33;11.08;;;;;;;;;;;;;;;;;;;;;;;;;;;;;;;;
2014;762156;381800;380356;16746;3356;2.33;21.97;4.4;73.38;70.69;76.31;23.67;24.05;23.25;2.35;49.25;5.63;54.88;11.32;;;;;;;;;;;;;;;;;;;;;;;;;;;;;;;;
2015;779416;390417;388999;16681;3418;2.26;21.4;4.39;73.66;71.02;76.53;23.45;23.84;23.04;2.29;47.82;5.72;53.54;11.9;;;;;;;;;;;;;;;;;;;;;;;;;;;;;;;;
2016;796419;398904;397515;16484;3483;2.18;20.7;4.37;73.93;71.33;76.74;23.24;23.62;22.83;2.22;46.28;5.84;52.11;12.5;;;;;;;;;;;;;;;;;;;;;;;;;;;;;;;;
2017;813084;407218;405866;16264;3550;2.09;20;4.37;74.19;71.62;76.94;23.03;23.41;22.62;2.15;44.9;5.98;50.88;13.42;;;;;;;;;;;;;;;;;;;;;;;;;;;;;;;;
2018;829494;415402;414092;16239;3624;2.02;19.58;4.37;74.43;71.9;77.14;22.82;23.2;22.41;2.11;43.59;6.15;49.75;14.09;;;;;;;;;;;;;;;;;;;;;;;;;;;;;;;;
2019;845731;423498;422233;16202;3704;1.96;19.16;4.38;74.66;72.17;77.33;22.61;22.99;22.21;2.07;42.46;6.35;48.81;15.09;;;;;;;;;;;;;;;;;;;;;;;;;;;;;;;;
2020;861773;431494;430279;16139;3789;1.9;18.73;4.4;74.88;72.41;77.52;22.41;22.79;22;2.04;41.57;6.57;48.14;15.66;;;;;;;;;;;;;;;;;;;;;;;;;;;;;;;;
2021;877613;439387;438226;16098;3880;1.84;18.34;4.42;75.09;72.65;77.7;22.21;22.59;21.8;2.01;40.68;6.81;47.48;16.67;;;;;;;;;;;;;;;;;;;;;;;;;;;;;;;;
2022;893253;447178;446075;16054;3977;1.78;17.97;4.45;75.29;72.87;77.87;22.01;22.39;21.61;1.98;39.84;7.06;46.91;17.71;;;;;;;;;;;;;;;;;;;;;;;;;;;;;;;;
2023;908689;454864;453825;16020;4080;1.73;17.63;4.49;75.47;73.08;78.04;21.81;22.2;21.41;1.96;39.01;7.33;46.35;18.73;;;;;;;;;;;;;;;;;;;;;;;;;;;;;;;;
2024;923930;462449;461481;16002;4189;1.68;17.32;4.53;75.66;73.27;78.2;21.62;22;21.22;1.94;38.13;7.61;45.74;19.85;;;;;;;;;;;;;;;;;;;;;;;;;;;;;;;;
2025;938973;469931;469042;15971;4302;1.63;17.01;4.58;75.82;73.45;78.35;21.42;21.81;21.02;1.93;37.32;7.89;45.21;21.01;;;;;;;;;;;;;;;;;;;;;;;;;;;;;;;;
2026;953802;477301;476501;15934;4422;1.58;16.71;4.64;75.99;73.62;78.5;21.24;21.62;20.84;1.91;36.6;8.18;44.78;22.53;;;;;;;;;;;;;;;;;;;;;;;;;;;;;;;;
2027;968401;484550;483851;15881;4547;1.53;16.4;4.7;76.14;73.78;78.65;21.05;21.43;20.65;1.9;36.02;8.49;44.51;23.69;;;;;;;;;;;;;;;;;;;;;;;;;;;;;;;;
2028;982762;491674;491088;15843;4679;1.48;16.12;4.76;76.28;73.93;78.79;20.87;21.25;20.46;1.88;35.39;8.81;44.2;24.9;;;;;;;;;;;;;;;;;;;;;;;;;;;;;;;;
2029;996900;498679;498221;15834;4818;1.44;15.88;4.83;76.42;74.07;78.92;20.68;21.06;20.28;1.87;34.68;9.14;43.81;26.56;;;;;;;;;;;;;;;;;;;;;;;;;;;;;;;;
2030;1010824;505570;505254;15824;4964;1.4;15.65;4.91;76.55;74.21;79.05;20.5;20.88;20.1;1.86;34;9.48;43.48;27.85;;;;;;;;;;;;;;;;;;;;;;;;;;;;;;;;
2031;1024549;512355;512194;15799;5118;1.36;15.42;5;76.67;74.33;79.18;20.33;20.7;19.92;1.86;33.37;9.85;43.23;29.61;;;;;;;;;;;;;;;;;;;;;;;;;;;;;;;;
2032;1038086;519040;519046;15763;5277;1.32;15.18;5.08;76.79;74.44;79.3;20.15;20.53;19.74;1.85;32.82;10.24;43.06;31.44;;;;;;;;;;;;;;;;;;;;;;;;;;;;;;;;
2033;1051422;525617;525805;15725;5447;1.28;14.96;5.18;76.9;74.55;79.41;19.97;20.35;19.57;1.84;32.32;10.65;42.97;33.19;;;;;;;;;;;;;;;;;;;;;;;;;;;;;;;;
2034;1064553;532084;532469;15697;5620;1.25;14.75;5.28;77.01;74.65;79.52;19.8;20.18;19.39;1.84;31.84;11.09;42.93;34.98;;;;;;;;;;;;;;;;;;;;;;;;;;;;;;;;
2035;1077482;538443;539039;15676;5804;1.21;14.55;5.39;77.1;74.75;79.63;19.63;20.01;19.22;1.83;31.4;11.54;42.94;36.82;;;;;;;;;;;;;;;;;;;;;;;;;;;;;;;;
2036;1090196;544687;545509;15641;5994;1.18;14.35;5.5;77.2;74.83;79.73;19.46;19.84;19.05;1.83;31;12.02;43.02;38.71;;;;;;;;;;;;;;;;;;;;;;;;;;;;;;;;
2037;1102682;550808;551874;15607;6191;1.15;14.15;5.61;77.29;74.92;79.83;19.29;19.67;18.89;1.82;30.62;12.52;43.14;40.65;;;;;;;;;;;;;;;;;;;;;;;;;;;;;;;;
2038;1114930;556802;558128;15567;6396;1.11;13.96;5.74;77.37;74.99;79.93;19.13;19.51;18.72;1.82;30.27;13.04;43.31;43.13;;;;;;;;;;;;;;;;;;;;;;;;;;;;;;;;
2039;1126929;562663;564266;15527;6609;1.08;13.78;5.86;77.45;75.06;80.02;18.96;19.34;18.56;1.82;29.93;13.58;43.52;45.45;;;;;;;;;;;;;;;;;;;;;;;;;;;;;;;;
2040;1138677;568390;570287;15498;6829;1.04;13.61;6;77.53;75.13;80.1;18.8;19.18;18.4;1.82;29.62;14.13;43.75;47.57;;;;;;;;;;;;;;;;;;;;;;;;;;;;;;;;
2041;1150166;573979;576187;15460;7058;1.01;13.44;6.14;77.6;75.19;80.19;18.64;19.02;18.24;1.81;29.33;14.7;44.02;50;;;;;;;;;;;;;;;;;;;;;;;;;;;;;;;;
2042;1161390;579427;581963;15434;7295;0.98;13.29;6.28;77.67;75.25;80.27;18.49;18.87;18.08;1.81;29.06;15.27;44.33;52.74;;;;;;;;;;;;;;;;;;;;;;;;;;;;;;;;
2043;1172345;584732;587613;15401;7539;0.94;13.14;6.43;77.73;75.3;80.35;18.33;18.71;17.93;1.81;28.81;15.87;44.67;55.28;;;;;;;;;;;;;;;;;;;;;;;;;;;;;;;;
2044;1183015;589886;593129;15360;7791;0.91;12.98;6.59;77.79;75.35;80.42;18.18;18.56;17.78;1.81;28.57;16.48;45.05;57.87;;;;;;;;;;;;;;;;;;;;;;;;;;;;;;;;
2045;1193397;594889;598508;15332;8046;0.88;12.85;6.74;77.86;75.4;80.49;18.03;18.41;17.63;1.81;28.35;17.12;45.47;60.51;;;;;;;;;;;;;;;;;;;;;;;;;;;;;;;;
2046;1203492;599741;603751;15304;8308;0.85;12.72;6.9;77.91;75.44;80.56;17.88;18.26;17.48;1.81;28.15;17.77;45.92;63.21;;;;;;;;;;;;;;;;;;;;;;;;;;;;;;;;
2047;1213300;604442;608858;15288;8575;0.81;12.6;7.07;77.96;75.48;80.63;17.73;18.11;17.33;1.81;27.96;18.45;46.42;65.97;;;;;;;;;;;;;;;;;;;;;;;;;;;;;;;;
2048;1222818;608991;613827;15265;8849;0.78;12.48;7.24;78.01;75.52;80.69;17.59;17.97;17.18;1.81;27.8;19.15;46.95;68.78;;;;;;;;;;;;;;;;;;;;;;;;;;;;;;;;
2049;1232031;613381;618650;15228;9126;0.75;12.36;7.41;78.06;75.55;80.75;17.45;17.83;17.04;1.8;27.64;19.85;47.49;72.19;;;;;;;;;;;;;;;;;;;;;;;;;;;;;;;;
2050;1240930;617608;623322;15195;9407;0.72;12.24;7.58;78.11;75.59;80.81;17.3;17.68;16.9;1.8;27.49;20.54;48.04;74.73;;;;;;;;;;;;;;;;;;;;;;;;;;;;;;;;
2051;1249514;621672;627842;15165;9693;0.69;12.14;7.76;78.15;75.62;80.87;17.17;17.54;16.76;1.8;27.36;21.24;48.6;77.72;;;;;;;;;;;;;;;;;;;;;;;;;;;;;;;;
2052;1257785;625575;632210;15145;9983;0.66;12.04;7.94;78.19;75.64;80.92;17.03;17.41;16.62;1.8;27.23;21.93;49.16;80.33;;;;;;;;;;;;;;;;;;;;;;;;;;;;;;;;
2053;1265743;629317;636426;15122;10276;0.63;11.95;8.12;78.23;75.67;80.97;16.89;17.27;16.49;1.8;27.12;22.63;49.74;83.43;;;;;;;;;;;;;;;;;;;;;;;;;;;;;;;;
2054;1273378;632894;640484;15088;10572;0.6;11.85;8.3;78.28;75.69;81.02;16.76;17.14;16.35;1.8;27.01;23.32;50.34;86.11;;;;;;;;;;;;;;;;;;;;;;;;;;;;;;;;
2055;1280682;636302;644380;15055;10871;0.57;11.76;8.49;78.31;75.72;81.07;16.62;17;16.22;1.8;26.92;24.03;50.95;89.33;;;;;;;;;;;;;;;;;;;;;;;;;;;;;;;;
2056;1287654;639541;648113;15025;11174;0.54;11.67;8.68;78.34;75.74;81.12;16.5;16.87;16.09;1.8;26.84;24.73;51.57;92.09;;;;;;;;;;;;;;;;;;;;;;;;;;;;;;;;
2057;1294295;642613;651682;14999;11475;0.52;11.59;8.87;78.37;75.76;81.16;16.36;16.74;15.96;1.8;26.77;25.42;52.19;94.89;;;;;;;;;;;;;;;;;;;;;;;;;;;;;;;;
2058;1300609;645520;655089;14975;11779;0.49;11.51;9.06;78.41;75.77;81.2;16.23;16.62;15.83;1.8;26.7;26.12;52.82;97.71;;;;;;;;;;;;;;;;;;;;;;;;;;;;;;;;
2059;1306591;648260;658331;14947;12086;0.46;11.44;9.25;78.43;75.79;81.24;16.11;16.49;15.71;1.8;26.65;26.82;53.47;100.57;;;;;;;;;;;;;;;;;;;;;;;;;;;;;;;;
2060;1312240;650834;661406;14920;12391;0.43;11.37;9.44;78.46;75.81;81.28;15.99;16.37;15.58;1.8;26.61;27.54;54.15;103.47;;;;;;;;;;;;;;;;;;;;;;;;;;;;;;;;
Faixas etárias;;;;;;;;;;;;;;;;;;;;;;;;;;;;;;;;;;;;;;;;;;;;;;;;;;;
Total;;;;;;;;;;;;;;;;;;;;;;;;;;;;;;;;;;;;;;;;;;;;;;;;;;;
Faixa/Ano;2010;2011;2012;2013;2014;2015;2016;2017;2018;2019;2020;2021;2022;2023;2024;2025;2026;2027;2028;2029;2030;2031;2032;2033;2034;2035;2036;2037;2038;2039;2040;2041;2042;2043;2044;2045;2046;2047;2048;2049;2050;2051;2052;2053;2054;2055;2056;2057;2058;2059;2060
Total;694261;711453;728015;744809;762156;779416;796419;813084;829494;845731;861773;877613;893253;908689;923930;938973;953802;968401;982762;996900;1010824;1024549;1038086;1051422;1064553;1077482;1090196;1102682;1114930;1126929;1138677;1150166;1161390;1172345;1183015;1193397;1203492;1213300;1222818;1232031;1240930;1249514;1257785;1265743;1273378;1280682;1287654;1294295;1300609;1306591;1312240
0-4;79189;79467;79276;79232;79398;79722;80137;80866;81129;80698;80179;79738;79459;79258;79066;78894;78738;78584;78419;78256;78109;77979;77869;77764;77652;77527;77394;77255;77116;76967;76808;76648;76487;76335;76183;76031;75889;75751;75624;75503;75383;75256;75130;75002;74872;74745;74617;74488;74353;74221;74097
05/set;81886;80762;79904;79228;79369;80104;80368;80169;80117;80265;80576;80978;81691;81945;81499;80967;80516;80222;80009;79802;79615;79447;79278;79111;78947;78802;78674;78565;78464;78355;78234;78103;77967;77831;77684;77529;77365;77208;77058;76907;76756;76619;76482;76354;76236;76115;75992;75863;75740;75612;75482
out/14;80177;81759;82711;83417;83586;82919;81788;80919;80229;80356;81075;81327;81114;81041;81175;81470;81855;82550;82785;82325;81778;81313;81011;80789;80578;80391;80224;80061;79894;79733;79589;79459;79354;79252;79147;79026;78897;78762;78627;78480;78327;78163;78006;77858;77708;77559;77421;77287;77157;77037;76921
15-19;74149;75773;77451;79097;80561;81750;83308;84237;84920;85068;84379;83230;82341;81638;81742;82435;82662;82420;82326;82433;82702;83067;83741;83964;83506;82960;82501;82203;81983;81776;81594;81433;81269;81104;80946;80805;80677;80574;80473;80373;80251;80125;79992;79855;79710;79562;79396;79239;79095;78947;78796
20-24;69366;70909;72395;73858;75349;76889;78468;80095;81694;83112;84256;85763;86651;87286;87394;86670;85488;84565;83821;83883;84529;84713;84445;84337;84435;84709;85078;85751;85978;85527;84987;84533;84243;84032;83826;83649;83494;83331;83171;83014;82879;82749;82649;82554;82455;82332;82210;82081;81942;81799;81653
25-29;64565;66331;67905;69356;70791;72281;73774;75211;76625;78066;79556;81083;82655;84203;85568;86659;88111;88949;89536;89598;88834;87616;86670;85908;85962;86604;86791;86532;86431;86535;86814;87183;87861;88085;87643;87110;86662;86378;86168;85968;85793;85646;85485;85327;85172;85038;84914;84811;84719;84624;84501
30-34;55953;58092;60319;62549;64658;66572;68299;69836;71249;72646;74096;75552;76951;78328;79732;81183;82670;84202;85706;87034;88083;89498;90308;90879;90932;90175;88976;88040;87290;87350;87992;88186;87928;87836;87941;88223;88590;89267;89498;89059;88533;88087;87809;87602;87405;87234;87086;86932;86775;86621;86489
35-39;47312;49264;51163;53048;54988;57021;59127;61321;63520;65598;67485;69183;70695;72083;73450;74872;76302;77675;79026;80401;81828;83286;84800;86284;87600;88646;90055;90869;91442;91499;90753;89569;88646;87905;87972;88612;88811;88560;88464;88575;88859;89227;89899;90132;89699;89179;88739;88463;88260;88064;87896
40-44;37721;39627;41607;43628;45637;47604;49532;51407;53269;55185;57193;59277;61444;63614;65667;67533;69210;70703;72073;73423;74822;76236;77589;78931;80297;81716;83167;84676;86154;87464;88507;89907;90721;91295;91357;90619;89451;88538;87814;87885;88522;88723;88476;88381;88496;88779;89146;89813;90046;89621;89108
45-49;29306;30795;32396;34092;35859;37675;39551;41504;43496;45478;47417;49317;51167;53006;54900;56880;58936;61071;63214;65237;67080;68734;70211;71565;72900;74290;75698;77037;78371;79727;81136;82579;84072;85536;86834;87873;89260;90070;90639;90701;89973;88824;87927;87218;87293;87925;88126;87882;87790;87906;88190
50-54;23124;24257;25359;26479;27691;29031;30491;32060;33724;35450;37231;39067;40987;42938;44879;46781;48643;50459;52264;54124;56064;58082;60180;62283;64278;66090;67721;69181;70515;71833;73206;74592;75913;77231;78572;79958;81382;82852;84295;85574;86597;87964;88761;89324;89384;88672;87546;86672;85985;86062;86686
55-59;16831;17997;19180;20360;21513;22643;23744;24815;25901;27085;28388;29812;31331;32952;34630;36363;38149;40021;41920;43807;45660;47474;49246;51009;52825;54723;56692;58742;60797;62748;64516;66113;67541;68847;70135;71480;72835;74129;75417;76728;78086;79478;80914;82322;83574;84572;85910;86688;87235;87297;86602
60-64;11322;12039;12937;13968;15061;16156;17271;18402;19534;20639;21721;22779;23811;24855;25998;27248;28619;30077;31631;33247;34914;36634;38430;40261;42076;43864;45612;47321;49022;50773;52605;54504;56481;58461;60339;62042;63581;64957;66217;67462;68756;70062;71314;72555;73820;75132;76477;77861;79215;80420;81379
65-69;8936;9208;9412;9628;9960;10470;11145;11986;12943;13961;14985;16023;17083;18140;19172;20192;21184;22154;23138;24212;25390;26676;28048;29507;31026;32591;34212;35903;37625;39334;41018;42662;44273;45876;47526;49253;51042;52900;54765;56530;58134;59581;60873;62060;63232;64450;65680;66858;68031;69225;70461
70-74;6050;6392;6790;7201;7570;7872;8120;8314;8521;8831;9294;9904;10656;11518;12429;13344;14274;15227;16179;17108;18024;18921;19797;20692;21667;22736;23900;25140;26464;27837;29253;30721;32254;33814;35363;36888;38377;39840;41292;42791;44359;45981;47662;49352;50950;52398;53705;54876;55948;57010;58114
75-79;3977;4171;4358;4553;4778;5036;5331;5668;6022;6336;6598;6816;6989;7172;7445;7844;8370;9009;9744;10519;11299;12091;12905;13717;14516;15304;16074;16829;17600;18442;19365;20367;21433;22571;23751;24970;26236;27556;28902;30236;31549;32832;34099;35353;36646;38003;39396;40845;42304;43676;44921
80-84;2253;2398;2552;2712;2866;3025;3180;3331;3488;3670;3877;4110;4379;4660;4909;5116;5289;5432;5583;5807;6131;6552;7061;7643;8257;8872;9502;10148;10794;11429;12054;12668;13271;13889;14565;15304;16105;16956;17868;18809;19782;20798;21854;22931;23999;25048;26079;27096;28098;29137;30223
85-89;1078;1144;1221;1308;1403;1497;1596;1705;1816;1926;2037;2151;2258;2368;2497;2646;2811;3001;3198;3373;3516;3639;3744;3857;4020;4253;4554;4917;5328;5760;6190;6637;7091;7548;7998;8438;8871;9303;9740;10224;10752;11322;11926;12576;13247;13937;14660;15413;16181;16943;17689
90+;1066;1068;1079;1095;1118;1149;1189;1238;1297;1361;1430;1503;1591;1684;1778;1876;1975;2080;2190;2311;2446;2591;2753;2921;3079;3229;3371;3512;3662;3840;4056;4302;4585;4897;5233;5587;5967;6368;6786;7212;7639;8077;8527;8987;9480;10002;10554;11127;11735;12369;13032
Homens;;;;;;;;;;;;;;;;;;;;;;;;;;;;;;;;;;;;;;;;;;;;;;;;;;;
Faixa/Ano;2010;2011;2012;2013;2014;2015;2016;2017;2018;2019;2020;2021;2022;2023;2024;2025;2026;2027;2028;2029;2030;2031;2032;2033;2034;2035;2036;2037;2038;2039;2040;2041;2042;2043;2044;2045;2046;2047;2048;2049;2050;2051;2052;2053;2054;2055;2056;2057;2058;2059;2060
Total;347935;356510;364765;373140;381800;390417;398904;407218;415402;423498;431494;439387;447178;454864;462449;469931;477301;484550;491674;498679;505570;512355;519040;525617;532084;538443;544687;550808;556802;562663;568390;573979;579427;584732;589886;594889;599741;604442;608991;613381;617608;621672;625575;629317;632894;636302;639541;642613;645520;648260;650834
0-4;40533;40673;40573;40550;40634;40800;41014;41389;41524;41304;41039;40813;40671;40569;40471;40384;40304;40226;40141;40058;39982;39917;39861;39807;39749;39685;39617;39546;39475;39399;39317;39235;39152;39075;38996;38919;38846;38775;38709;38647;38587;38521;38457;38391;38325;38260;38194;38128;38059;37991;37928
05/set;41856;41293;40862;40519;40594;40969;41103;41001;40975;41051;41211;41421;41789;41919;41692;41420;41191;41042;40934;40830;40737;40650;40566;40479;40397;40323;40259;40203;40150;40093;40032;39965;39895;39825;39751;39670;39587;39506;39430;39352;39273;39204;39133;39067;39005;38945;38880;38815;38752;38686;38620
out/14;40405;41294;41867;42317;42481;42206;41643;41210;40864;40935;41305;41436;41329;41296;41368;41524;41728;42089;42214;41982;41705;41471;41318;41208;41102;41009;40921;40841;40754;40675;40600;40535;40483;40428;40372;40312;40245;40175;40107;40033;39953;39869;39788;39714;39636;39558;39489;39419;39351;39289;39230
15-19;36980;37766;38599;39434;40197;40837;41721;42287;42732;42893;42614;42049;41614;41270;41336;41698;41822;41706;41667;41731;41880;42079;42432;42553;42326;42050;41823;41671;41564;41459;41371;41286;41205;41121;41044;40971;40907;40857;40802;40748;40689;40624;40555;40485;40413;40335;40251;40170;40098;40021;39943
20-24;34452;35291;36050;36759;37470;38208;38974;39784;40597;41338;41958;42818;43365;43789;43933;43641;43064;42615;42255;42303;42642;42745;42620;42576;42636;42790;42992;43345;43469;43247;42976;42752;42606;42503;42401;42315;42234;42155;42074;41998;41928;41862;41815;41764;41711;41652;41588;41521;41451;41380;41303
25-29;31545;32465;33342;34191;35032;35879;36692;37428;38113;38799;39514;40253;41035;41821;42535;43128;43959;44480;44879;44999;44688;44095;43636;43270;43314;43652;43756;43637;43598;43663;43818;44022;44375;44499;44282;44016;43796;43654;43552;43453;43368;43293;43214;43134;43060;42990;42928;42880;42830;42779;42720
30-34;27392;28411;29470;30533;31556;32511;33412;34270;35100;35922;36746;37541;38259;38925;39593;40286;41004;41766;42530;43223;43793;44604;45110;45500;45618;45312;44732;44283;43923;43971;44309;44418;44301;44266;44332;44488;44692;45043;45170;44956;44694;44476;44338;44237;44140;44058;43982;43908;43828;43755;43685
35-39;23490;24359;25209;26066;26962;27921;28922;29964;31010;32017;32957;33843;34687;35502;36307;37117;37896;38599;39251;39903;40583;41286;42036;42790;43474;44042;44850;45355;45747;45867;45569;44995;44557;44202;44254;44590;44700;44588;44552;44620;44778;44981;45329;45457;45246;44987;44774;44636;44537;44440;44361
40-44;19063;19963;20882;21804;22711;23588;24446;25285;26130;27015;27963;28951;29979;31012;32005;32932;33808;34641;35443;36239;37037;37805;38497;39144;39793;40468;41166;41914;42663;43343;43908;44711;45213;45605;45727;45432;44869;44436;44091;44144;44477;44588;44477;44441;44512;44670;44870;45214;45343;45136;44880
45-49;14951;15701;16502;17344;18206;19077;19962;20864;21773;22665;23525;24370;25195;26025;26897;27831;28803;29812;30830;31804;32715;33577;34399;35189;35974;36765;37529;38212;38854;39497;40165;40859;41597;42338;43008;43572;44364;44862;45247;45369;45078;44527;44102;43765;43819;44147;44259;44149;44113;44186;44342
50-54;11846;12425;12985;13549;14160;14836;15569;16352;17175;18014;18868;19729;20615;21503;22374;23214;24038;24846;25657;26510;27422;28372;29362;30357;31313;32206;33053;33864;34640;35411;36191;36940;37609;38242;38877;39529;40213;40936;41665;42322;42875;43652;44140;44520;44637;44354;43814;43401;43076;43128;43453
55-59;8563;9163;9776;10392;10991;11571;12133;12676;13222;13818;14472;15185;15939;16737;17551;18378;19212;20073;20933;21776;22590;23389;24172;24962;25791;26680;27602;28564;29532;30463;31329;32154;32944;33699;34447;35208;35935;36587;37202;37820;38453;39117;39819;40525;41166;41701;42456;42931;43297;43412;43133
60-64;5761;6115;6556;7062;7603;8156;8727;9309;9896;10469;11020;11558;12078;12602;13174;13797;14480;15198;15959;16738;17528;18326;19146;19968;20773;21555;22319;23068;23826;24619;25470;26350;27272;28196;29085;29913;30700;31456;32177;32892;33620;34314;34939;35525;36115;36720;37357;38025;38698;39308;39818
65-69;4434;4576;4690;4812;4989;5247;5577;5989;6457;6956;7470;7999;8541;9084;9615;10133;10633;11118;11608;12143;12725;13359;14030;14737;15465;16196;16941;17706;18469;19220;19949;20661;21358;22064;22802;23595;24415;25269;26129;26955;27724;28455;29156;29826;30490;31167;31810;32390;32935;33484;34046
70-74;2957;3125;3316;3511;3689;3838;3968;4077;4191;4355;4589;4883;5247;5664;6105;6558;7025;7508;7989;8460;8918;9365;9796;10236;10714;11234;11799;12396;13027;13674;14324;14985;15666;16346;17014;17662;18293;18914;19541;20199;20906;21633;22390;23154;23886;24566;25214;25836;26429;27018;27618
75-79;1873;1952;2035;2129;2237;2364;2505;2662;2828;2975;3103;3214;3311;3409;3551;3749;3997;4297;4644;5008;5384;5771;6172;6571;6962;7346;7718;8079;8446;8847;9282;9754;10252;10776;11314;11853;12406;12972;13538;14091;14627;15152;15670;16192;16738;17327;17929;18558;19193;19797;20359
80-84;1026;1092;1159;1224;1286;1348;1411;1478;1551;1637;1734;1842;1962;2091;2203;2301;2388;2465;2544;2655;2809;3000;3229;3494;3772;4056;4353;4658;4964;5260;5553;5838;6112;6395;6703;7035;7396;7776;8177;8587;8998;9420;9849;10280;10702;11109;11509;11904;12300;12717;13166
85-89;443;479;518;558;603;645;689;734;779;820;862;908;953;1002;1061;1127;1200;1281;1366;1441;1507;1564;1617;1672;1748;1855;1983;2138;2316;2502;2689;2889;3093;3296;3493;3690;3878;4062;4250;4458;4681;4923;5177;5446;5719;5992;6272;6557;6844;7126;7394
90+;365;367;374;386;399;416;436;459;485;515;544;574;609;644;678;713;749;788;830;876;925;980;1041;1104;1163;1219;1274;1328;1385;1453;1538;1630;1737;1856;1984;2119;2265;2419;2578;2737;2899;3061;3227;3394;3574;3764;3965;4171;4386;4607;4835
Mulheres;;;;;;;;;;;;;;;;;;;;;;;;;;;;;;;;;;;;;;;;;;;;;;;;;;;
Faixa/Ano;2010;2011;2012;2013;2014;2015;2016;2017;2018;2019;2020;2021;2022;2023;2024;2025;2026;2027;2028;2029;2030;2031;2032;2033;2034;2035;2036;2037;2038;2039;2040;2041;2042;2043;2044;2045;2046;2047;2048;2049;2050;2051;2052;2053;2054;2055;2056;2057;2058;2059;2060
Total;346326;354943;363250;371669;380356;388999;397515;405866;414092;422233;430279;438226;446075;453825;461481;469042;476501;483851;491088;498221;505254;512194;519046;525805;532469;539039;545509;551874;558128;564266;570287;576187;581963;587613;593129;598508;603751;608858;613827;618650;623322;627842;632210;636426;640484;644380;648113;651682;655089;658331;661406
0-4;38656;38794;38703;38682;38764;38922;39123;39477;39605;39394;39140;38925;38788;38689;38595;38510;38434;38358;38278;38198;38127;38062;38008;37957;37903;37842;37777;37709;37641;37568;37491;37413;37335;37260;37187;37112;37043;36976;36915;36856;36796;36735;36673;36611;36547;36485;36423;36360;36294;36230;36169
05/set;40030;39469;39042;38709;38775;39135;39265;39168;39142;39214;39365;39557;39902;40026;39807;39547;39325;39180;39075;38972;38878;38797;38712;38632;38550;38479;38415;38362;38314;38262;38202;38138;38072;38006;37933;37859;37778;37702;37628;37555;37483;37415;37349;37287;37231;37170;37112;37048;36988;36926;36862
out/14;39772;40465;40844;41100;41105;40713;40145;39709;39365;39421;39770;39891;39785;39745;39807;39946;40127;40461;40571;40343;40073;39842;39693;39581;39476;39382;39303;39220;39140;39058;38989;38924;38871;38824;38775;38714;38652;38587;38520;38447;38374;38294;38218;38144;38072;38001;37932;37868;37806;37748;37691
15-19;37169;38007;38852;39663;40364;40913;41587;41950;42188;42175;41765;41181;40727;40368;40406;40737;40840;40714;40659;40702;40822;40988;41309;41411;41180;40910;40678;40532;40419;40317;40223;40147;40064;39983;39902;39834;39770;39717;39671;39625;39562;39501;39437;39370;39297;39227;39145;39069;38997;38926;38853
20-24;34914;35618;36345;37099;37879;38681;39494;40311;41097;41774;42298;42945;43286;43497;43461;43029;42424;41950;41566;41580;41887;41968;41825;41761;41799;41919;42086;42406;42509;42280;42011;41781;41637;41529;41425;41334;41260;41176;41097;41016;40951;40887;40834;40790;40744;40680;40622;40560;40491;40419;40350
25-29;33020;33866;34563;35165;35759;36402;37082;37783;38512;39267;40042;40830;41620;42382;43033;43531;44152;44469;44657;44599;44146;43521;43034;42638;42648;42952;43035;42895;42833;42872;42996;43161;43486;43586;43361;43094;42866;42724;42616;42515;42425;42353;42271;42193;42112;42048;41986;41931;41889;41845;41781
30-34;28561;29681;30849;32016;33102;34061;34887;35566;36149;36724;37350;38011;38692;39403;40139;40897;41666;42436;43176;43811;44290;44894;45198;45379;45314;44863;44244;43757;43367;43379;43683;43768;43627;43570;43609;43735;43898;44224;44328;44103;43839;43611;43471;43365;43265;43176;43104;43024;42947;42866;42804
35-39;23822;24905;25954;26982;28026;29100;30205;31357;32510;33581;34528;35340;36008;36581;37143;37755;38406;39076;39775;40498;41245;42000;42764;43494;44126;44604;45205;45514;45695;45632;45184;44574;44089;43703;43718;44022;44111;43972;43912;43955;44081;44246;44570;44675;44453;44192;43965;43827;43723;43624;43535
40-44;18658;19664;20725;21824;22926;24016;25086;26122;27139;28170;29230;30326;31465;32602;33662;34601;35402;36062;36630;37184;37785;38431;39092;39787;40504;41248;42001;42762;43491;44121;44599;45196;45508;45690;45630;45187;44582;44102;43723;43741;44045;44135;43999;43940;43984;44109;44276;44599;44703;44485;44228
45-49;14355;15094;15894;16748;17653;18598;19589;20640;21723;22813;23892;24947;25972;26981;28003;29049;30133;31259;32384;33433;34365;35157;35812;36376;36926;37525;38169;38825;39517;40230;40971;41720;42475;43198;43826;44301;44896;45208;45392;45332;44895;44297;43825;43453;43474;43778;43867;43733;43677;43720;43848
50-54;11278;11832;12374;12930;13531;14195;14922;15708;16549;17436;18363;19338;20372;21435;22505;23567;24605;25613;26607;27614;28642;29710;30818;31926;32965;33884;34668;35317;35875;36422;37015;37652;38304;38989;39695;40429;41169;41916;42630;43252;43722;44312;44621;44804;44747;44318;43732;43271;42909;42934;43233
55-59;8268;8834;9404;9968;10522;11072;11611;12139;12679;13267;13916;14627;15392;16215;17079;17985;18937;19948;20987;22031;23070;24085;25074;26047;27034;28043;29090;30178;31265;32285;33187;33959;34597;35148;35688;36272;36900;37542;38215;38908;39633;40361;41095;41797;42408;42871;43454;43757;43938;43885;43469
60-64;5561;5924;6381;6906;7458;8000;8544;9093;9638;10170;10701;11221;11733;12253;12824;13451;14139;14879;15672;16509;17386;18308;19284;20293;21303;22309;23293;24253;25196;26154;27135;28154;29209;30265;31254;32129;32881;33501;34040;34570;35136;35748;36375;37030;37705;38412;39120;39836;40517;41112;41561
65-69;4502;4632;4722;4816;4971;5223;5568;5997;6486;7005;7515;8024;8542;9056;9557;10059;10551;11036;11530;12069;12665;13317;14018;14770;15561;16395;17271;18197;19156;20114;21069;22001;22915;23812;24724;25658;26627;27631;28636;29575;30410;31126;31717;32234;32742;33283;33870;34468;35096;35741;36415
70-74;3093;3267;3474;3690;3881;4034;4152;4237;4330;4476;4705;5021;5409;5854;6324;6786;7249;7719;8190;8648;9106;9556;10001;10456;10953;11502;12101;12744;13437;14163;14929;15736;16588;17468;18349;19226;20084;20926;21751;22592;23453;24348;25272;26198;27064;27832;28491;29040;29519;29992;30496
75-79;2104;2219;2323;2424;2541;2672;2826;3006;3194;3361;3495;3602;3678;3763;3894;4095;4373;4712;5100;5511;5915;6320;6733;7146;7554;7958;8356;8750;9154;9595;10083;10613;11181;11795;12437;13117;13830;14584;15364;16145;16922;17680;18429;19161;19908;20676;21467;22287;23111;23879;24562
80-84;1227;1306;1393;1488;1580;1677;1769;1853;1937;2033;2143;2268;2417;2569;2706;2815;2901;2967;3039;3152;3322;3552;3832;4149;4485;4816;5149;5490;5830;6169;6501;6830;7159;7494;7862;8269;8709;9180;9691;10222;10784;11378;12005;12651;13297;13939;14570;15192;15798;16420;17057
85-89;635;665;703;750;800;852;907;971;1037;1106;1175;1243;1305;1366;1436;1519;1611;1720;1832;1932;2009;2075;2127;2185;2272;2398;2571;2779;3012;3258;3501;3748;3998;4252;4505;4748;4993;5241;5490;5766;6071;6399;6749;7130;7528;7945;8388;8856;9337;9817;10295
90+;701;701;705;709;719;733;753;779;812;846;886;929;982;1040;1100;1163;1226;1292;1360;1435;1521;1611;1712;1817;1916;2010;2097;2184;2277;2387;2518;2672;2848;3041;3249;3468;3702;3949;4208;4475;4740;5016;5300;5593;5906;6238;6589;6956;7349;7762;8197
Brasil;;;;;;;;;;;;;;;;;;;;;;;;;;;;;;;;;;;;;;;;;;;;;;;;;;;
Dados;;;;;;;;;;;;;;;;;;;;;;;;;;;;;;;;;;;;;;;;;;;;;;;;;;;
Ano;População total;Homens;Mulheres;Nascimentos;Óbitos;Taxa de Crescimento Geométrico;Taxa Bruta de Natalidade;Taxa Bruta de Mortalidade;Esperança de Vida ao Nascer;Esperança de Vida ao Nascer - Homens;Esperança de Vida ao Nascer - Mulheres;Taxa de Mortalidade Infantil;Taxa de Mortalidade Infantil - Homens;Taxa de Mortalidade Infantil - Mulheres;Taxa de Fecundidade Total;Razão de Dependência - Jovens 0 a 14 anos;Razão de Dependência - Idosos 65 ou mais anos;Razão de Dependência;Índice de Envelhecimento;;;;;;;;;;;;;;;;;;;;;;;;;;;;;;;;
2010;194890682;95513298;99377384;2939435;1240083;x;15.08;6.36;73.86;70.21;77.6;17.22;18.76;15.59;1.75;36.32;10.77;47.09;29.55;;;;;;;;;;;;;;;;;;;;;;;;;;;;;;;;
2011;196603732;96322635;100281097;2974525;1247751;0.88;15.13;6.35;74.2;70.57;77.91;16.43;17.86;14.92;1.76;35.37;10.99;46.36;30.99;;;;;;;;;;;;;;;;;;;;;;;;;;;;;;;;
2012;198314934;97132054;101182880;2953890;1258235;0.87;14.89;6.34;74.52;70.91;78.22;15.69;17.03;14.29;1.75;34.45;11.24;45.68;32.63;;;;;;;;;;;;;;;;;;;;;;;;;;;;;;;;
2013;200004188;97931331;102072857;2953178;1270306;0.85;14.77;6.35;74.84;71.25;78.51;15.02;16.27;13.7;1.74;33.56;11.51;45.07;34.2;;;;;;;;;;;;;;;;;;;;;;;;;;;;;;;;
2014;201717541;98744098;102973443;3028202;1284346;0.86;15.01;6.37;75.14;71.57;78.78;14.4;15.58;13.16;1.78;32.78;11.81;44.59;36.12;;;;;;;;;;;;;;;;;;;;;;;;;;;;;;;;
2015;203475683;99581002;103894681;3070979;1299541;0.87;15.09;6.39;75.44;71.88;79.05;13.82;14.93;12.65;1.8;32.15;12.13;44.29;37.67;;;;;;;;;;;;;;;;;;;;;;;;;;;;;;;;
2016;205156587;100379640;104776947;2901053;1314164;0.83;14.14;6.41;75.72;72.18;79.31;13.29;14.35;12.19;1.7;31.57;12.49;44.05;39.73;;;;;;;;;;;;;;;;;;;;;;;;;;;;;;;;
2017;206804741;101163599;105641142;3020743;1330811;0.8;14.61;6.44;75.99;72.46;79.56;12.81;13.8;11.75;1.78;31.11;12.87;43.98;41.2;;;;;;;;;;;;;;;;;;;;;;;;;;;;;;;;
2018;208494900;101971173;106523727;3003585;1349693;0.82;14.41;6.47;76.25;72.74;79.8;12.35;13.31;11.35;1.77;30.75;13.28;44.03;43.19;;;;;;;;;;;;;;;;;;;;;;;;;;;;;;;;
2019;210147125;102760295;107386830;2984414;1368954;0.79;14.2;6.51;76.5;73;80.03;11.94;12.85;10.98;1.77;30.42;13.72;44.14;45.02;;;;;;;;;;;;;;;;;;;;;;;;;;;;;;;;
2020;211755692;103527689;108228003;2963516;1389144;0.77;13.99;6.56;76.74;73.26;80.25;11.56;12.43;10.64;1.76;30.11;14.18;44.29;46.89;;;;;;;;;;;;;;;;;;;;;;;;;;;;;;;;
2021;213317639;104271843;109045796;2940629;1410602;0.74;13.79;6.61;76.97;73.5;80.46;11.2;12.04;10.32;1.76;29.83;14.67;44.5;49.51;;;;;;;;;;;;;;;;;;;;;;;;;;;;;;;;
2022;214828540;104990487;109838053;2913688;1433605;0.71;13.56;6.67;77.19;73.74;80.67;10.88;11.68;10.03;1.75;29.63;15.19;44.82;51.22;;;;;;;;;;;;;;;;;;;;;;;;;;;;;;;;
2023;216284269;105681529;110602740;2885501;1458023;0.68;13.34;6.74;77.4;73.96;80.86;10.58;11.36;9.75;1.75;29.43;15.74;45.17;53.2;;;;;;;;;;;;;;;;;;;;;;;;;;;;;;;;
2024;217684462;106345043;111339419;2856690;1483777;0.65;13.12;6.82;77.6;74.17;81.05;10.3;11.05;9.5;1.74;29.26;16.31;45.56;55.72;;;;;;;;;;;;;;;;;;;;;;;;;;;;;;;;
2025;219029093;106981304;112047789;2827039;1510693;0.62;12.91;6.9;77.8;74.38;81.22;10.04;10.77;9.27;1.74;29.11;16.9;46.01;58.29;;;;;;;;;;;;;;;;;;;;;;;;;;;;;;;;
2026;220316530;107589495;112727035;2797674;1539159;0.59;12.7;6.99;77.98;74.57;81.39;9.8;10.51;9.05;1.74;28.95;17.51;46.45;60.61;;;;;;;;;;;;;;;;;;;;;;;;;;;;;;;;
2027;221545234;108168830;113376404;2768000;1569117;0.56;12.49;7.08;78.16;74.76;81.56;9.58;10.27;8.85;1.73;28.77;18.14;46.9;62.76;;;;;;;;;;;;;;;;;;;;;;;;;;;;;;;;
2028;222713669;108718587;113995082;2738355;1600375;0.53;12.3;7.19;78.32;74.94;81.71;9.37;10.05;8.66;1.73;28.59;18.78;47.37;65.46;;;;;;;;;;;;;;;;;;;;;;;;;;;;;;;;
2029;223821305;109238514;114582791;2710134;1632845;0.5;12.11;7.3;78.49;75.11;81.86;9.18;9.84;8.49;1.72;28.36;19.42;47.79;68.23;;;;;;;;;;;;;;;;;;;;;;;;;;;;;;;;
2030;224868462;109728762;115139700;2683440;1666427;0.47;11.93;7.41;78.64;75.28;82;9.01;9.65;8.33;1.72;28.08;20.06;48.14;71.05;;;;;;;;;;;;;;;;;;;;;;;;;;;;;;;;
2031;225854415;110189007;115665408;2655850;1700970;0.44;11.76;7.53;78.78;75.43;82.14;8.85;9.48;8.18;1.72;27.84;20.71;48.55;74.33;;;;;;;;;;;;;;;;;;;;;;;;;;;;;;;;
2032;226777802;110618592;116159210;2628742;1736861;0.41;11.59;7.66;78.92;75.58;82.27;8.7;9.32;8.05;1.72;27.61;21.36;48.97;77.3;;;;;;;;;;;;;;;;;;;;;;;;;;;;;;;;
2033;227638581;111017537;116621044;2603540;1773877;0.38;11.44;7.79;79.05;75.72;82.39;8.57;9.18;7.92;1.71;27.32;22.01;49.33;80.33;;;;;;;;;;;;;;;;;;;;;;;;;;;;;;;;
2034;228437122;111386062;117051060;2579544;1812136;0.35;11.29;7.93;79.18;75.86;82.51;8.44;9.04;7.81;1.71;27.04;22.65;49.69;83.43;;;;;;;;;;;;;;;;;;;;;;;;;;;;;;;;
2035;229173685;111724392;117449293;2557147;1851454;0.32;11.16;8.08;79.3;75.99;82.62;8.32;8.92;7.7;1.71;26.76;23.28;50.04;87.08;;;;;;;;;;;;;;;;;;;;;;;;;;;;;;;;
2036;229847832;112032426;117815406;2534413;1891832;0.29;11.03;8.23;79.42;76.11;82.73;8.22;8.8;7.6;1.7;26.48;23.9;50.39;90.34;;;;;;;;;;;;;;;;;;;;;;;;;;;;;;;;
2037;230459062;112309958;118149104;2513030;1933167;0.27;10.9;8.39;79.53;76.23;82.83;8.12;8.69;7.51;1.7;26.22;24.52;50.74;93.68;;;;;;;;;;;;;;;;;;;;;;;;;;;;;;;;
2038;231007871;112557327;118450544;2493021;1975283;0.24;10.79;8.55;79.63;76.34;82.93;8.02;8.59;7.42;1.7;25.97;25.13;51.1;96.51;;;;;;;;;;;;;;;;;;;;;;;;;;;;;;;;
2039;231494650;112774820;118719830;2473758;2017958;0.21;10.69;8.72;79.73;76.45;83.02;7.93;8.49;7.34;1.7;25.74;25.77;51.52;100;;;;;;;;;;;;;;;;;;;;;;;;;;;;;;;;
2040;231919922;112962751;118957171;2455519;2060782;0.18;10.59;8.89;79.83;76.55;83.11;7.85;8.4;7.27;1.69;25.54;26.46;51.99;103.57;;;;;;;;;;;;;;;;;;;;;;;;;;;;;;;;
2041;232284233;113121438;119162795;2437785;2103915;0.16;10.49;9.06;79.92;76.65;83.2;7.77;8.32;7.2;1.69;25.35;27.18;52.53;107.23;;;;;;;;;;;;;;;;;;;;;;;;;;;;;;;;
2042;232588580;113251454;119337126;2422219;2147419;0.13;10.41;9.23;80;76.74;83.28;7.7;8.24;7.13;1.69;25.19;27.93;53.13;110.3;;;;;;;;;;;;;;;;;;;;;;;;;;;;;;;;
2043;232834065;113353443;119480622;2407325;2191168;0.11;10.34;9.41;80.09;76.83;83.36;7.63;8.16;7.06;1.69;25.06;28.73;53.78;114.72;;;;;;;;;;;;;;;;;;;;;;;;;;;;;;;;
2044;233020996;113427597;119593399;2392409;2234730;0.08;10.27;9.59;80.17;76.92;83.43;7.56;8.09;7;1.69;24.94;29.55;54.49;118.63;;;;;;;;;;;;;;;;;;;;;;;;;;;;;;;;
2045;233149625;113474061;119675564;2377677;2278119;0.06;10.2;9.77;80.24;77;83.5;7.5;8.02;6.95;1.68;24.85;30.4;55.25;122.5;;;;;;;;;;;;;;;;;;;;;;;;;;;;;;;;
2046;233220257;113493052;119727205;2363150;2321466;0.03;10.13;9.95;80.31;77.08;83.57;7.44;7.96;6.9;1.68;24.77;31.27;56.04;125.79;;;;;;;;;;;;;;;;;;;;;;;;;;;;;;;;
2047;233233670;113485011;119748659;2349527;2364398;0.01;10.07;10.14;80.38;77.16;83.63;7.39;7.9;6.84;1.68;24.72;32.17;56.89;129.75;;;;;;;;;;;;;;;;;;;;;;;;;;;;;;;;
2048;233190482;113450253;119740229;2335541;2407046;-0.02;10.02;10.32;80.45;77.23;83.7;7.33;7.84;6.8;1.68;24.68;33.08;57.76;134.62;;;;;;;;;;;;;;;;;;;;;;;;;;;;;;;;
2049;233090464;113388652;119701812;2320604;2449148;-0.04;9.96;10.51;80.51;77.3;83.75;7.29;7.79;6.75;1.68;24.66;33.99;58.64;138.06;;;;;;;;;;;;;;;;;;;;;;;;;;;;;;;;
2050;232933276;113300060;119633216;2304717;2490559;-0.07;9.89;10.69;80.57;77.37;83.81;7.24;7.74;6.71;1.68;24.64;34.88;59.52;142.21;;;;;;;;;;;;;;;;;;;;;;;;;;;;;;;;
2051;232719169;113184593;119534576;2288973;2531362;-0.09;9.84;10.88;80.63;77.43;83.86;7.2;7.69;6.67;1.67;24.63;35.76;60.38;144.81;;;;;;;;;;;;;;;;;;;;;;;;;;;;;;;;
2052;232448867;113042592;119406275;2273127;2571362;-0.12;9.78;11.06;80.68;77.49;83.91;7.16;7.65;6.64;1.67;24.62;36.62;61.24;148.37;;;;;;;;;;;;;;;;;;;;;;;;;;;;;;;;
2053;232122448;112874076;119248372;2255972;2610595;-0.14;9.72;11.25;80.74;77.55;83.96;7.12;7.61;6.6;1.67;24.62;37.45;62.07;151.97;;;;;;;;;;;;;;;;;;;;;;;;;;;;;;;;
2054;231739632;112678873;119060759;2237804;2648830;-0.16;9.66;11.43;80.78;77.61;84;7.08;7.57;6.57;1.67;24.62;38.26;62.89;155.63;;;;;;;;;;;;;;;;;;;;;;;;;;;;;;;;
2055;231300323;112456873;118843450;2218450;2686056;-0.19;9.59;11.61;80.83;77.66;84.04;7.05;7.54;6.54;1.67;24.63;39.05;63.68;159.33;;;;;;;;;;;;;;;;;;;;;;;;;;;;;;;;
2056;230805223;112208379;118596844;2199622;2722232;-0.21;9.53;11.79;80.88;77.71;84.08;7.02;7.5;6.51;1.67;24.63;39.81;64.43;161.33;;;;;;;;;;;;;;;;;;;;;;;;;;;;;;;;
2057;230255685;111934042;118321643;2180831;2757317;-0.24;9.47;11.98;80.92;77.76;84.12;6.99;7.47;6.48;1.66;24.62;40.52;65.15;164.43;;;;;;;;;;;;;;;;;;;;;;;;;;;;;;;;
2058;229652286;111634119;118018167;2161015;2791329;-0.26;9.41;12.15;80.96;77.81;84.16;6.96;7.44;6.46;1.66;24.62;41.22;65.84;168.24;;;;;;;;;;;;;;;;;;;;;;;;;;;;;;;;
2059;228995541;111308845;117686696;2141033;2824224;-0.29;9.35;12.33;81;77.86;84.19;6.94;7.41;6.44;1.66;24.61;41.91;66.53;170.27;;;;;;;;;;;;;;;;;;;;;;;;;;;;;;;;
2060;228286347;110958642;117327705;2120842;2856059;-0.31;9.29;12.51;81.04;77.9;84.23;6.91;7.39;6.42;1.66;24.61;42.62;67.23;173.47;;;;;;;;;;;;;;;;;;;;;;;;;;;;;;;;
Faixas etárias;;;;;;;;;;;;;;;;;;;;;;;;;;;;;;;;;;;;;;;;;;;;;;;;;;;
Total;;;;;;;;;;;;;;;;;;;;;;;;;;;;;;;;;;;;;;;;;;;;;;;;;;;
Faixa/Ano;2010;2011;2012;2013;2014;2015;2016;2017;2018;2019;2020;2021;2022;2023;2024;2025;2026;2027;2028;2029;2030;2031;2032;2033;2034;2035;2036;2037;2038;2039;2040;2041;2042;2043;2044;2045;2046;2047;2048;2049;2050;2051;2052;2053;2054;2055;2056;2057;2058;2059;2060
Total;194890682;196603732;198314934;200004188;201717541;203475683;205156587;206804741;208494900;210147125;211755692;213317639;214828540;216284269;217684462;219029093;220316530;221545234;222713669;223821305;224868462;225854415;226777802;227638581;228437122;229173685;229847832;230459062;231007871;231494650;231919922;232284233;232588580;232834065;233020996;233149625;233220257;233233670;233190482;233090464;232933276;232719169;232448867;232122448;231739632;231300323;230805223;230255685;229652286;228995541;228286347
0-4;14858280;14697433;14624301;14567170;14570070;14677159;14715112;14720776;14787557;14798332;14730311;14703281;14675523;14569055;14452355;14326234;14192256;14053426;13912226;13770272;13629815;13491399;13354905;13221642;13092489;12967369;12846604;12730937;12620549;12514918;12413588;12316709;12225086;12138798;12057106;11979238;11904624;11832490;11761709;11691308;11620256;11547982;11473958;11397201;11317212;11233863;11147191;11057520;10965028;10870292;10774218
05/set;15865195;15600504;15387507;15203145;15029641;14824271;14664918;14593299;14537829;14542132;14650311;14689394;14695773;14762671;14773628;14705941;14679311;14652033;14546208;14430226;14304778;14171490;14033278;13892710;13751331;13611405;13473529;13337523;13204728;13076037;12951361;12830995;12715703;12605672;12500387;12399373;12302790;12211456;12125433;12043993;11966376;11891973;11820071;11749531;11679356;11608504;11536459;11462615;11386046;11306224;11223031
out/14;17397304;17216843;16880174;16495325;16131984;15840860;15577214;15365237;15182024;15009676;14805478;14647164;14576191;14520972;14525347;14633526;14672711;14679300;14746432;14757724;14690423;14664114;14637176;14531700;14416109;14291049;14158125;14020272;13880038;13738984;13599376;13461829;13326122;13193611;13065182;12940762;12820626;12705545;12595720;12490655;12389855;12293466;12202305;12116445;12035156;11957694;11883455;11811703;11741278;11671246;11600532
15-19;17219086;17238401;17315601;17402809;17424089;17334096;17155615;16821630;16439846;16079464;15790863;15529387;15318916;15136923;14965724;14762869;14605891;14536019;14481942;14487286;14596110;14635967;14643187;14710785;14722659;14656163;14630405;14603997;14499263;14384409;14260078;14127872;13990752;13851207;13710840;13571863;13434947;13299846;13167907;13040010;12916108;12796510;12681921;12572557;12467934;12367551;12271531;12180736;12095228;12014265;11937109
20-24;17476779;17396868;17296030;17195219;17124785;17100769;17122881;17203520;17294780;17319853;17233266;17057794;16726717;16347561;15989803;15703800;15444924;15236871;15057313;14888503;14688175;14533531;14465563;14413260;14420025;14529708;14570602;14578856;14647162;14659931;14594614;14569782;14544238;14440723;14327061;14203946;14072906;13936948;13798559;13659314;13521425;13385549;13251456;13120499;12993545;12870528;12751775;12637977;12529386;12425516;12325847
25-29;17334110;17423848;17454135;17436877;17391346;17331851;17256322;17161679;17068593;17004904;16985866;17011218;17092427;17182193;17206153;17119972;16946247;16618500;16243415;15889766;15607291;15351552;15146240;14969263;14802897;14605190;14452983;14386955;14336521;14344709;14455193;14497153;14506501;14575436;14589082;14524961;14501063;14476422;14374170;14261783;14139942;14010163;13875462;13738287;13600246;13463536;13328803;13195813;13065893;12939931;12817887
30-34;15955949;16275019;16567575;16822855;17028854;17178656;17271648;17306947;17296659;17258318;17205416;17135646;17044190;16951251;16886952;16867543;16892885;16974395;17065211;17091062;17007393;16836728;16512899;16141856;15792033;15512843;15259983;15057188;14882572;14718488;14523256;14373318;14309113;14260407;14269902;14381026;14423898;14434174;14503630;14518027;14455019;14431957;14408126;14307058;14195853;14075191;13946610;13813084;13677088;13540196;13404578
35-39;14075108;14350827;14689558;15066579;15441748;15787821;16107943;16402815;16661965;16872342;17026545;17123723;17161844;17152616;17115112;17063584;16995707;16906691;16816670;16755274;16738294;16765601;16848588;16940702;16968189;16886844;16719129;16399166;16032170;15686230;15410325;15160396;14960090;14787787;14625966;14433207;14285523;14223058;14175984;14186704;14298311;14341981;14353071;14422945;14437977;14376076;14353778;14330671;14230768;14120755;14001307
40-44;13184170;13311309;13414041;13519509;13668343;13884283;14161178;14500831;14879035;15255513;15602974;15924417;16219710;16478229;16688213;16842846;16941312;16981681;16975459;16941357;16893256;16828804;16743240;16656520;16598022;16583446;16612647;16696902;16790065;16818996;16739962;16575282;16259556;15897111;15555535;15283397;15036761;14839171;14669407;14510049;14320041;14174828;14114206;14068807;14080737;14192649;14236987;14248844;14318948;14334584;14273861
45-49;11992439;12218181;12426314;12615601;12784211;12933598;13064058;13171048;13281287;13434076;13652504;13930420;14269004;14644402;15017933;15363171;15683089;15977567;16236139;16446903;16602926;16703462;16746553;16743579;16713006;16668492;16607681;16525845;16442743;16387431;16375387;16406437;16491724;16585608;16615819;16539189;16377988;16067408;15710668;15374594;15107158;14864721;14670479;14503796;14347422;14160785;14018586;13960052;13916591;13929788;14041783
50-54;10276773;10574366;10868062;11152415;11419933;11666086;11892707;12102371;12293932;12465329;12617804;12751592;12861867;12974530;13128538;13346782;13623237;13959030;14330885;14700984;15043388;15361008;15653779;15911350;16121912;16278600;16380728;16426408;16426757;16399939;16359306;16302574;16224958;16146006;16094242;16084875;16117711;16203642;16297801;16329111;16255195;16098244;15794311;15445094;15116301;14855005;14618039;14428117;14265353;14112793;13930535
55-59;8387564;8679820;8977656;9278724;9579705;9877881;10172542;10463716;10746091;11012111;11257277;11483368;11692613;11883880;12055490;12208751;12343963;12456465;12571436;12726473;12943766;13217366;13548288;13914012;14277951;14615019;14928011;15216929;15471607;15680383;15836527;15939411;15987269;15990939;15968053;15931630;15879345;15806522;15732281;15684468;15677945;15712380;15798347;15891980;15924009;15853162;15701406;15406171;15066946;14747850;14494713
60-64;6596741;6859058;7119004;7379912;7647936;7926230;8211893;8503042;8797470;9091910;9383728;9672175;9957156;10233460;10493988;10734491;10956693;11162776;11351609;11521660;11673982;11809015;11922324;12038067;12192258;12406090;12673729;12996043;13351492;13705082;14032901;14337648;14619346;14868106;15072540;15226101;15328313;15377469;15384059;15365094;15332980;15285499;15218052;15149158;15105746;15102049;15137666;15222586;15314436;15346470;15279016
65-69;4905988;5095516;5318713;5565313;5819304;6071240;6322755;6572590;6823731;7081680;7349244;7623733;7903288;8185834;8468411;8748627;9025766;9299757;9565627;9816554;10048512;10263166;10462649;10645868;10811283;10959940;11092321;11204363;11318835;11469648;11676652;11934133;12242752;12582173;12919685;13232909;13524376;13794222;14032965;14229585;14377822;14477368;14526754;14535915;14520894;14493445;14451348;14390212;14327671;14289289;14288480
70-74;3792042;3889352;3974955;4063519;4175947;4323465;4501441;4709484;4938529;5174388;5408663;5642901;5876091;6110754;6351769;6601500;6857600;7118354;7381902;7645534;7907040;8165785;8421765;8670307;8905063;9122289;9323635;9511104;9683679;9839876;9980630;10106571;10214158;10324288;10467931;10663049;10904126;11191369;11506226;11819031;12109555;12380193;12631212;12853724;13037277;13176002;13269879;13317776;13328895;13317878;13295484
75-79;2597990;2688798;2797237;2913384;3023576;3121818;3211601;3292375;3376250;3480536;3614389;3774018;3959070;4161906;4370673;4578361;4786387;4994114;5203523;5418622;5641260;5869405;6101656;6336314;6571128;6804078;7034690;7263005;7484798;7694408;7888458;8068562;8236631;8391702;8532383;8659541;8773851;8872509;8973811;9104799;9280868;9496727;9752138;10030863;10307408;10564467;10804204;11027068;11224976;11388373;11511971
80-84;1689444;1727063;1764898;1807817;1861166;1926871;2004365;2095235;2191860;2283815;2366558;2443191;2513706;2587330;2677251;2790280;2923509;3076687;3243763;3415649;3586931;3758879;3931160;4105249;4284098;4468984;4658301;4850986;5045614;5240341;5433588;5624985;5814637;5998934;6173117;6334346;6484201;6624391;6754088;6872004;6978835;7075422;7159683;7246694;7358416;7506972;7687508;7899218;8128899;8356311;8567809
85-89;830529;901360;954570;996763;1032554;1065148;1097017;1129489;1165517;1208442;1259330;1318006;1385731;1457236;1525459;1587405;1645581;1700356;1758056;1827478;1913020;2012666;2126181;2249361;2375978;2502391;2629690;2757777;2887609;3021064;3158814;3299768;3443164;3587930;3732788;3876586;4019065;4160416;4297807;4427602;4547659;4659375;4764254;4861528;4950167;5030651;5103867;5168499;5235780;5321722;5434778
90+;455191;459166;484603;521252;562349;603580;645377;688657;731945;774304;815165;856211;898723;943466;991663;1043410;1099461;1161212;1225853;1289978;1352102;1414477;1478371;1546036;1620691;1703785;1795039;1894806;2001669;2113776;2229906;2350808;2476780;2607627;2743377;2883626;3028143;3176612;3328257;3482333;3637926;3794831;3953061;4110366;4263976;4412193;4556131;4697023;4833076;4962058;5083408
Homens;;;;;;;;;;;;;;;;;;;;;;;;;;;;;;;;;;;;;;;;;;;;;;;;;;;
Faixa/Ano;2010;2011;2012;2013;2014;2015;2016;2017;2018;2019;2020;2021;2022;2023;2024;2025;2026;2027;2028;2029;2030;2031;2032;2033;2034;2035;2036;2037;2038;2039;2040;2041;2042;2043;2044;2045;2046;2047;2048;2049;2050;2051;2052;2053;2054;2055;2056;2057;2058;2059;2060
Total;95513298;96322635;97132054;97931331;98744098;99581002;100379640;101163599;101971173;102760295;103527689;104271843;104990487;105681529;106345043;106981304;107589495;108168830;108718587;109238514;109728762;110189007;110618592;111017537;111386062;111724392;112032426;112309958;112557327;112774820;112962751;113121438;113251454;113353443;113427597;113474061;113493052;113485011;113450253;113388652;113300060;113184593;113042592;112874076;112678873;112456873;112208379;111934042;111634119;111308845;110958642
0-4;7594516;7513761;7477567;7449337;7451690;7507226;7527223;7530642;7565301;7571223;7536789;7523299;7509386;7455164;7395678;7331364;7263006;7192133;7120032;7047528;6975778;6905062;6835307;6767195;6701192;6637231;6575502;6516373;6459937;6405936;6354123;6304598;6257751;6213632;6171861;6132043;6093885;6056997;6020798;5984802;5948471;5911502;5873639;5834370;5793447;5750809;5706456;5660575;5613249;5564770;5515605
05/set;8094637;7962532;7856445;7764679;7678145;7574960;7495049;7459700;7432381;7435509;7491634;7512252;7516076;7550810;7556858;7522618;7509351;7495730;7441882;7382807;7318878;7250909;7180401;7108665;7036481;6965042;6894634;6825161;6757331;6691592;6627900;6566392;6507477;6451252;6397457;6345822;6296474;6249795;6205831;6164206;6124537;6086502;6049752;6013699;5977830;5941609;5904776;5867020;5827860;5787041;5744493
out/14;8842587;8760868;8596730;8405865;8224795;8080135;7948620;7843086;7751948;7666040;7563501;7484190;7449226;7422072;7425264;7481411;7502112;7506047;7540921;7547162;7513141;7500066;7486634;7433002;7374143;7310452;7242697;7172400;7100861;7028875;6957623;6887413;6818125;6750468;6684877;6621345;6559981;6501187;6445082;6391415;6339911;6290699;6244133;6200276;6158737;6119162;6081226;6044568;6008592;5972801;5936671
15-19;8673836;8693267;8745322;8804210;8829069;8795446;8715095;8552810;8364062;8185062;8042202;7912260;7807878;7717747;7632793;7531320;7453057;7418949;7392651;7396587;7453221;7474403;7478801;7514010;7520683;7487251;7474592;7461547;7408463;7350163;7287028;7219811;7150062;7079046;7007575;6936806;6867067;6798239;6731019;6665837;6602699;6541729;6483312;6427561;6374235;6323041;6274127;6227836;6184244;6142973;6103630
20-24;8746116;8711375;8663577;8614902;8583358;8578611;8600164;8654720;8716490;8744065;8712945;8634909;8475014;8288587;8111918;7971317;7843582;7741213;7653070;7570037;7470597;7394220;7361652;7336794;7341891;7399228;7421254;7426487;7462264;7469669;7437195;7425286;7412946;7360848;7303529;7241380;7175120;7106330;7036251;6965698;6895815;6826928;6758931;6692510;6628106;6565701;6505416;6447653;6392537;6339825;6289218
25-29;8574606;8629711;8657414;8662143;8651184;8630266;8598875;8555561;8512314;8485534;8484394;8508378;8563553;8624538;8651626;8621118;8544666;8387530;8204388;8031009;7893232;7767999;7667829;7581750;7500675;7403356;7328943;7297950;7274594;7280847;7338836;7361712;7367822;7404119;7412226;7380713;7369573;7357978;7306911;7250628;7189512;7124285;7056509;6987423;6917849;6848930;6780967;6713878;6648312;6584723;6523112
30-34;7821287;7982363;8131551;8263753;8373348;8457008;8514439;8545686;8555280;8549320;8532944;8505514;8464499;8421615;8394693;8393527;8417664;8473141;8534872;8563312;8534665;8460519;8306365;8126302;7955838;7820545;7697488;7599240;7514973;7435649;7340229;7267552;7237960;7215936;7223197;7281677;7305262;7312099;7348805;7357492;7326843;7316343;7305373;7255224;7199860;7139664;7075362;7008494;6940318;6871646;6803583
35-39;6857527;6990523;7155946;7341635;7527745;7700900;7862666;8013399;8148183;8260741;8347421;8407755;8440996;8451369;8446055;8430688;8404634;8365378;8324589;8299702;8300209;8325674;8382118;8444696;8474256;8447253;8375224;8223858;8046719;7879049;7746136;7625181;7528741;7446144;7368454;7274845;7203808;7175501;7154681;7162834;7221685;7245877;7253323;7290325;7299496;7269639;7259722;7249292;7200007;7145508;7086207
40-44;6405478;6465519;6511227;6557089;6624863;6727359;6861189;7027271;7213769;7400750;7574836;7737477;7888496;8022898;8135221;8222214;8283430;8318165;8330545;8327522;8314471;8290745;8253830;8215289;8192354;8194452;8221147;8278370;8341585;8372088;8346626;8276663;8128189;7954176;7789503;7659150;7540448;7445888;7365050;7289066;7197348;7128025;7100999;7081359;7090362;7149455;7174123;7182135;7219317;7228927;7199896
45-49;5768516;5880219;5985481;6082367;6167931;6241647;6303978;6352579;6401687;6472175;6576419;6711034;6876531;7061277;7246407;7419108;7580798;7731316;7865760;7978594;8066468;8128987;8165432;8179855;8179060;8168292;8146911;8112423;8076237;8055349;8059034;8086849;8144623;8208179;8239414;8215443;8147699;8002569;7832277;7671186;7543900;7427925;7335566;7256745;7182722;7093220;7025894;7000246;6981909;6991754;7050917
50-54;4900002;5040349;5178764;5313246;5441195;5561009;5673316;5779573;5877917;5965268;6041008;6105571;6156429;6207294;6278778;6383077;6516900;6680739;6863310;7046315;7217244;7377487;7526925;7660698;7773367;7861606;7925036;7962995;7979372;7980824;7972437;7953589;7921753;7888179;7869486;7874764;7903569;7961564;8025093;8056849;8034455;7969304;7828334;7662799;7506320;7382926;7270417;7180814;7104474;7032873;6946162
55-59;3954821;4089187;4227766;4368987;4510555;4650762;4789417;4926386;5059761;5186871;5306101;5418069;5523994;5622071;5709488;5785731;5851268;5903677;5956190;6028485;6132308;6264412;6425224;6603964;6783080;6950611;7107892;7254823;7386666;7498065;7585774;7649457;7688505;7706661;7710316;7704363;7688149;7659220;7628530;7612199;7619074;7648657;7706356;7769208;7801082;7780353;7718248;7582612;7423293;7272866;7154556
60-64;3081961;3198692;3313737;3429277;3548963;3674713;3805186;3939707;4076794;4214303;4350563;4485379;4618536;4748149;4871821;4988027;5097383;5201061;5297302;5383487;5458969;5524298;5577221;5630273;5702081;5803746;5932098;6087478;6259725;6432268;6593867;6745779;6887959;7015825;7124175;7209866;7272652;7311982;7331395;7336975;7333300;7319725;7293901;7266311;7252466;7260725;7290580;7347073;7408221;7439552;7420473
65-69;2253998;2339108;2439108;2549140;2661907;2773210;2883883;2993314;3103440;3217426;3337000;3460918;3588535;3718492;3848844;3978090;4106032;4232502;4355732;4473440;4584216;4688647;4787847;4880176;4963105;5036045;5099560;5151653;5203924;5273663;5371091;5493166;5640066;5802391;5964930;6117373;6260872;6395434;6516731;6619770;6701600;6762068;6800700;6820803;6827971;6826458;6815605;6793193;6769102;6757874;6767303
70-74;1689818;1732563;1770303;1809593;1859518;1924795;2003224;2094581;2194687;2297297;2398778;2499910;2600243;2701380;2806006;2915566;3028989;3145702;3264515;3383680;3501868;3618911;3734717;3847628;3955595;4057304;4153367;4244811;4330120;4406952;4474742;4534111;4583407;4633065;4698510;4788775;4900975;5035044;5182591;5330211;5468808;5599462;5722265;5833225;5927673;6002895;6058911;6095418;6115370;6123684;6124121
75-79;1105206;1144121;1190922;1240998;1288273;1330216;1368574;1403314;1439622;1484658;1542105;1610235;1688895;1774682;1862608;1949716;2036732;2123408;2210961;2301516;2396166;2494028;2594665;2697044;2799720;2901547;3002440;3102353;3199832;3293112;3381052;3464237;3543625;3617852;3684841;3744109;3796312;3840217;3884676;3942722;4021823;4119269;4234768;4361237;4487603;4606394;4718561;4824282;4920042;5001664;5066803
80-84;677628;692280;707304;724631;746369;773094;804695;841980;881564;919059;952619;983758;1012641;1042996;1079956;1126100;1180178;1242110;1309326;1378193;1446541;1514999;1583484;1652852;1724591;1799420;1876683;1956079;2036796;2117674;2197885;2277383;2356175;2433074;2506675;2576080;2641835;2704769;2763770;2817079;2864310;2906165;2941812;2978203;3025436;3089091;3166772;3257946;3357133;3456065;3549148
85-89;314944;340306;359247;374268;387076;398787;410381;422377;435871;452078;471252;493422;519178;546326;572074;595279;617114;637836;659812;686235;718616;756161;798785;844827;891952;938795;985869;1033177;1081264;1131002;1182750;1236101;1290875;1346482;1402163;1457337;1512013;1566262;1619219;1669886;1717634;1762927;1806456;1847353;1884307;1917047;1946213;1971377;1997388;2031094;2076107
90+;155814;155891;163643;175211;188114;200858;213666;226913;240102;252916;265178;277513;290381;304062;318955;335033;352599;372193;392729;412903;432174;451480;471355;492517;515998;542216;571089;602780;636664;672043;708423;746158;785393;826114;868408;912170;957358;1003936;1051543;1099797;1148335;1197201;1246463;1295445;1343371;1389754;1435003;1479630;1522751;1563205;1600637
Mulheres;;;;;;;;;;;;;;;;;;;;;;;;;;;;;;;;;;;;;;;;;;;;;;;;;;;
Faixa/Ano;2010;2011;2012;2013;2014;2015;2016;2017;2018;2019;2020;2021;2022;2023;2024;2025;2026;2027;2028;2029;2030;2031;2032;2033;2034;2035;2036;2037;2038;2039;2040;2041;2042;2043;2044;2045;2046;2047;2048;2049;2050;2051;2052;2053;2054;2055;2056;2057;2058;2059;2060
Total;99377384;100281097;101182880;102072857;102973443;103894681;104776947;105641142;106523727;107386830;108228003;109045796;109838053;110602740;111339419;112047789;112727035;113376404;113995082;114582791;115139700;115665408;116159210;116621044;117051060;117449293;117815406;118149104;118450544;118719830;118957171;119162795;119337126;119480622;119593399;119675564;119727205;119748659;119740229;119701812;119633216;119534576;119406275;119248372;119060759;118843450;118596844;118321643;118018167;117686696;117327705
0-4;7263764;7183672;7146734;7117833;7118380;7169933;7187889;7190134;7222256;7227109;7193522;7179982;7166137;7113891;7056677;6994870;6929250;6861293;6792194;6722744;6654037;6586337;6519598;6454447;6391297;6330138;6271102;6214564;6160612;6108982;6059465;6012111;5967335;5925166;5885245;5847195;5810739;5775493;5740911;5706506;5671785;5636480;5600319;5562831;5523765;5483054;5440735;5396945;5351779;5305522;5258613
05/set;7770558;7637972;7531062;7438466;7351496;7249311;7169869;7133599;7105448;7106623;7158677;7177142;7179697;7211861;7216770;7183323;7169960;7156303;7104326;7047419;6985900;6920581;6852877;6784045;6714850;6646363;6578895;6512362;6447397;6384445;6323461;6264603;6208226;6154420;6102930;6053551;6006316;5961661;5919602;5879787;5841839;5805471;5770319;5735832;5701526;5666895;5631683;5595595;5558186;5519183;5478538
out/14;8554717;8455975;8283444;8089460;7907189;7760725;7628594;7522151;7430076;7343636;7241977;7162974;7126965;7098900;7100083;7152115;7170599;7173253;7205511;7210562;7177282;7164048;7150542;7098698;7041966;6980597;6915428;6847872;6779177;6710109;6641753;6574416;6507997;6443143;6380305;6319417;6260645;6204358;6150638;6099240;6049944;6002767;5958172;5916169;5876419;5838532;5802229;5767135;5732686;5698445;5663861
15-19;8545250;8545134;8570279;8598599;8595020;8538650;8440520;8268820;8075784;7894402;7748661;7617127;7511038;7419176;7332931;7231549;7152834;7117070;7089291;7090699;7142889;7161564;7164386;7196775;7201976;7168912;7155813;7142450;7090800;7034246;6973050;6908061;6840690;6772161;6703265;6635057;6567880;6501607;6436888;6374173;6313409;6254781;6198609;6144996;6093699;6044510;5997404;5952900;5910984;5871292;5833479
20-24;8730663;8685493;8632453;8580317;8541427;8522158;8522717;8548800;8578290;8575788;8520321;8422885;8251703;8058974;7877885;7732483;7601342;7495658;7404243;7318466;7217578;7139311;7103911;7076466;7078134;7130480;7149348;7152369;7184898;7190262;7157419;7144496;7131292;7079875;7023532;6962566;6897786;6830618;6762308;6693616;6625610;6558621;6492525;6427989;6365439;6304827;6246359;6190324;6136849;6085691;6036629
25-29;8759504;8794137;8796721;8774734;8740162;8701585;8657447;8606118;8556279;8519370;8501472;8502840;8528874;8557655;8554527;8498854;8401581;8230970;8039027;7858757;7714059;7583553;7478411;7387513;7302222;7201834;7124040;7089005;7061927;7063862;7116357;7135441;7138679;7171317;7176856;7144248;7131490;7118444;7067259;7011155;6950430;6885878;6818953;6750864;6682397;6614606;6547836;6481935;6417581;6355208;6294775
30-34;8134662;8292656;8436024;8559102;8655506;8721648;8757209;8761261;8741379;8708998;8672472;8630132;8579691;8529636;8492259;8474016;8475221;8501254;8530339;8527750;8472728;8376209;8206534;8015554;7836195;7692298;7562495;7457948;7367599;7282839;7183027;7105766;7071153;7044471;7046705;7099349;7118636;7122075;7154825;7160535;7128176;7115614;7102753;7051834;6995993;6935527;6871248;6804590;6736770;6668550;6600995
35-39;7217581;7360304;7533612;7724944;7914003;8086921;8245277;8389416;8513782;8611601;8679124;8715968;8720848;8701247;8669057;8632896;8591073;8541313;8492081;8455572;8438085;8439927;8466470;8496006;8493933;8439591;8343905;8175308;7985451;7807181;7664189;7535215;7431349;7341643;7257512;7158362;7081715;7047557;7021303;7023870;7076626;7096104;7099748;7132620;7138481;7106437;7094056;7081379;7030761;6975247;6915100
40-44;6778692;6845790;6902814;6962420;7043480;7156924;7299989;7473560;7665266;7854763;8028138;8186940;8331214;8455331;8552992;8620632;8657882;8663516;8644914;8613835;8578785;8538059;8489410;8441231;8405668;8388994;8391500;8418532;8448480;8446908;8393336;8298619;8131367;7942935;7766032;7624247;7496313;7393283;7304357;7220983;7122693;7046803;7013207;6987448;6990375;7043194;7062864;7066709;7099631;7105657;7073965
45-49;6223923;6337962;6440833;6533234;6616280;6691951;6760080;6818469;6879600;6961901;7076085;7219386;7392473;7583125;7771526;7944063;8102291;8246251;8370379;8468309;8536458;8574475;8581121;8563724;8533946;8500200;8460770;8413422;8366506;8332082;8316353;8319588;8347101;8377429;8376405;8323746;8230289;8064839;7878391;7703408;7563258;7436796;7334913;7247051;7164700;7067565;6992692;6959806;6934682;6938034;6990866
50-54;5376771;5534017;5689298;5839169;5978738;6105077;6219391;6322798;6416015;6500061;6576796;6646021;6705438;6767236;6849760;6963705;7106337;7278291;7467575;7654669;7826144;7983521;8126854;8250652;8348545;8416994;8455692;8463413;8447385;8419115;8386869;8348985;8303205;8257827;8224756;8210111;8214142;8242078;8272708;8272262;8220740;8128940;7965977;7782295;7609981;7472079;7347622;7247303;7160879;7079920;6984373
55-59;4432743;4590633;4749890;4909737;5069150;5227119;5383125;5537330;5686330;5825240;5951176;6065299;6168619;6261809;6346002;6423020;6492695;6552788;6615246;6697988;6811458;6952954;7123064;7310048;7494871;7664408;7820119;7962106;8084941;8182318;8250753;8289954;8298764;8284278;8257737;8227267;8191196;8147302;8103751;8072269;8058871;8063723;8091991;8122772;8122927;8072809;7983158;7823559;7643653;7474984;7340157
60-64;3514780;3660366;3805267;3950635;4098973;4251517;4406707;4563335;4720676;4877607;5033165;5186796;5338620;5485311;5622167;5746464;5859310;5961715;6054307;6138173;6215013;6284717;6345103;6407794;6490177;6602344;6741631;6908565;7091767;7272814;7439034;7591869;7731387;7852281;7948365;8016235;8055661;8065487;8052664;8028119;7999680;7965774;7924151;7882847;7853280;7841324;7847086;7875513;7906215;7906918;7858543
65-69;2651990;2756408;2879605;3016173;3157397;3298030;3438872;3579276;3720291;3864254;4012244;4162815;4314753;4467342;4619567;4770537;4919734;5067255;5209895;5343114;5464296;5574519;5674802;5765692;5848178;5923895;5992761;6052710;6114911;6195985;6305561;6440967;6602686;6779782;6954755;7115536;7263504;7398788;7516234;7609815;7676222;7715300;7726054;7715112;7692923;7666987;7635743;7597019;7558569;7531415;7521177
70-74;2102224;2156789;2204652;2253926;2316429;2398670;2498217;2614903;2743842;2877091;3009885;3142991;3275848;3409374;3545763;3685934;3828611;3972652;4117387;4261854;4405172;4546874;4687048;4822679;4949468;5064985;5170268;5266293;5353559;5432924;5505888;5572460;5630751;5691223;5769421;5874274;6003151;6156325;6323635;6488820;6640747;6780731;6908947;7020499;7109604;7173107;7210968;7222358;7213525;7194194;7171363
75-79;1492784;1544677;1606315;1672386;1735303;1791602;1843027;1889061;1936628;1995878;2072284;2163783;2270175;2387224;2508065;2628645;2749655;2870706;2992562;3117106;3245094;3375377;3506991;3639270;3771408;3902531;4032250;4160652;4284966;4401296;4507406;4604325;4693006;4773850;4847542;4915432;4977539;5032292;5089135;5162077;5259045;5377458;5517370;5669626;5819805;5958073;6085643;6202786;6304934;6386709;6445168
80-84;1011816;1034783;1057594;1083186;1114797;1153777;1199670;1253255;1310296;1364756;1413939;1459433;1501065;1544334;1597295;1664180;1743331;1834577;1934437;2037456;2140390;2243880;2347676;2452397;2559507;2669564;2781618;2894907;3008818;3122667;3235703;3347602;3458462;3565860;3666442;3758266;3842366;3919622;3990318;4054925;4114525;4169257;4217871;4268491;4332980;4417881;4520736;4641272;4771766;4900246;5018661
85-89;515585;561054;595323;622495;645478;666361;686636;707112;729646;756364;788078;824584;866553;910910;953385;992126;1028467;1062520;1098244;1141243;1194404;1256505;1327396;1404534;1484026;1563596;1643821;1724600;1806345;1890062;1976064;2063667;2152289;2241448;2330625;2419249;2507052;2594154;2678588;2757716;2830025;2896448;2957798;3014175;3065860;3113604;3157654;3197122;3238392;3290628;3358671
90+;299377;303275;320960;346041;374235;402722;431711;461744;491843;521388;549987;578698;608342;639404;672708;708377;746862;789019;833124;877075;919928;962997;1007016;1053519;1104693;1161569;1223950;1292026;1365005;1441733;1521483;1604650;1691387;1781513;1874969;1971456;2070785;2172676;2276714;2382536;2489591;2597630;2706598;2814921;2920605;3022439;3121128;3217393;3310325;3398853;3482771
