Bahia;;;;;;;;;;;;;;;;;;;;;;;;;;;;;;;;;;;;;;;;;;;;;;;;;;;
Dados;;;;;;;;;;;;;;;;;;;;;;;;;;;;;;;;;;;;;;;;;;;;;;;;;;;
Ano;População total;Homens;Mulheres;Nascimentos;Óbitos;Taxa de Crescimento Geométrico;Taxa Bruta de Natalidade;Taxa Bruta de Mortalidade;Esperança de Vida ao Nascer;Esperança de Vida ao Nascer - Homens;Esperança de Vida ao Nascer - Mulheres;Taxa de Mortalidade Infantil;Taxa de Mortalidade Infantil - Homens;Taxa de Mortalidade Infantil - Mulheres;Taxa de Fecundidade Total;Razão de Dependência - Jovens 0 a 14 anos;Razão de Dependência - Idosos 65 ou mais anos;Razão de Dependência;Índice de Envelhecimento;;;;;;;;;;;;;;;;;;;;;;;;;;;;;;;;
2010;14302571;7022509;7280062;220513;100241;x;15.42;7.01;71.92;67.72;76.43;23.13;24.9;21.26;1.73;39.12;10.78;49.89;27.59;;;;;;;;;;;;;;;;;;;;;;;;;;;;;;;;
2011;14372994;7049709;7323285;219311;100361;0.49;15.26;6.98;72.2;67.95;76.75;21.95;23.5;20.31;1.72;37.99;10.94;48.93;28.63;;;;;;;;;;;;;;;;;;;;;;;;;;;;;;;;
2012;14441531;7075846;7365685;215812;100801;0.48;14.94;6.98;72.47;68.17;77.06;20.87;22.22;19.43;1.69;36.87;11.12;48;30.12;;;;;;;;;;;;;;;;;;;;;;;;;;;;;;;;
2013;14505033;7099339;7405694;208757;101360;0.44;14.39;6.99;72.73;68.4;77.36;19.86;21.05;18.62;1.63;35.75;11.33;47.08;31.69;;;;;;;;;;;;;;;;;;;;;;;;;;;;;;;;
2014;14565807;7121398;7444409;210147;102078;0.42;14.43;7.01;72.99;68.62;77.65;18.95;19.99;17.86;1.65;34.69;11.55;46.24;33.33;;;;;;;;;;;;;;;;;;;;;;;;;;;;;;;;
2015;14629018;7144691;7484327;213747;102965;0.43;14.61;7.04;73.23;68.83;77.92;18.11;19.02;17.15;1.68;33.77;11.78;45.55;34.91;;;;;;;;;;;;;;;;;;;;;;;;;;;;;;;;
2016;14689684;7166690;7522994;205329;103835;0.41;13.98;7.07;73.47;69.04;78.18;17.35;18.14;16.51;1.62;32.96;12.04;45;36.56;;;;;;;;;;;;;;;;;;;;;;;;;;;;;;;;
2017;14749868;7188472;7561396;213140;104810;0.41;14.45;7.11;73.71;69.25;78.43;16.64;17.35;15.91;1.69;32.26;12.31;44.57;38.12;;;;;;;;;;;;;;;;;;;;;;;;;;;;;;;;
2018;14812617;7211608;7601009;211097;105960;0.43;14.25;7.15;73.93;69.46;78.67;16.01;16.63;15.36;1.69;31.63;12.6;44.23;39.73;;;;;;;;;;;;;;;;;;;;;;;;;;;;;;;;
2019;14872858;7233509;7639349;208921;107095;0.41;14.05;7.2;74.15;69.66;78.9;15.43;15.97;14.85;1.68;31.05;12.92;43.97;41.67;;;;;;;;;;;;;;;;;;;;;;;;;;;;;;;;
2020;14930424;7254101;7676323;206595;108295;0.39;13.84;7.25;74.36;69.86;79.11;14.89;15.38;14.38;1.68;30.52;13.28;43.8;43.4;;;;;;;;;;;;;;;;;;;;;;;;;;;;;;;;
2021;14985070;7273278;7711792;204045;109546;0.37;13.62;7.31;74.57;70.05;79.32;14.42;14.84;13.96;1.67;30.08;13.67;43.75;45.45;;;;;;;;;;;;;;;;;;;;;;;;;;;;;;;;
2022;15036517;7290913;7745604;201332;110914;0.34;13.39;7.38;74.76;70.24;79.52;13.98;14.36;13.57;1.67;29.7;14.09;43.8;47.34;;;;;;;;;;;;;;;;;;;;;;;;;;;;;;;;
2023;15084600;7306926;7777674;198653;112371;0.32;13.17;7.45;74.96;70.43;79.7;13.57;13.92;13.21;1.66;29.34;14.55;43.89;49.51;;;;;;;;;;;;;;;;;;;;;;;;;;;;;;;;
2024;15129225;7321284;7807941;195945;113928;0.3;12.95;7.53;75.14;70.61;79.88;13.21;13.52;12.88;1.66;29;15.02;44.02;51.74;;;;;;;;;;;;;;;;;;;;;;;;;;;;;;;;
2025;15170253;7333933;7836320;193138;115538;0.27;12.73;7.62;75.32;70.79;80.05;12.88;13.16;12.58;1.66;28.71;15.52;44.23;54.27;;;;;;;;;;;;;;;;;;;;;;;;;;;;;;;;
2026;15207525;7344806;7862719;190264;117247;0.25;12.51;7.71;75.49;70.97;80.21;12.58;12.84;12.31;1.65;28.46;16.04;44.5;56.35;;;;;;;;;;;;;;;;;;;;;;;;;;;;;;;;
2027;15240909;7353839;7887070;187395;119055;0.22;12.3;7.81;75.66;71.14;80.36;12.31;12.55;12.07;1.65;28.21;16.57;44.78;58.46;;;;;;;;;;;;;;;;;;;;;;;;;;;;;;;;
2028;15270303;7361000;7909303;184504;120954;0.19;12.08;7.92;75.82;71.31;80.51;12.07;12.28;11.84;1.65;28;17.13;45.13;61.14;;;;;;;;;;;;;;;;;;;;;;;;;;;;;;;;
2029;15295642;7366269;7929373;181638;122895;0.17;11.88;8.03;75.98;71.48;80.65;11.85;12.04;11.63;1.64;27.8;17.72;45.52;63.87;;;;;;;;;;;;;;;;;;;;;;;;;;;;;;;;
2030;15316952;7369659;7947293;178899;124894;0.14;11.68;8.15;76.13;71.64;80.78;11.64;11.83;11.45;1.64;27.55;18.32;45.88;66.67;;;;;;;;;;;;;;;;;;;;;;;;;;;;;;;;
2031;15333879;7370991;7962888;176170;126938;0.11;11.49;8.28;76.28;71.8;80.9;11.46;11.63;11.28;1.64;27.32;18.96;46.28;69.52;;;;;;;;;;;;;;;;;;;;;;;;;;;;;;;;
2032;15346028;7370061;7975967;173509;129060;0.08;11.31;8.41;76.41;71.96;81.02;11.3;11.46;11.12;1.64;27.07;19.63;46.69;72.43;;;;;;;;;;;;;;;;;;;;;;;;;;;;;;;;
2033;15353402;7366879;7986523;170934;131250;0.05;11.13;8.55;76.55;72.11;81.13;11.15;11.3;10.98;1.64;26.76;20.3;47.07;75.82;;;;;;;;;;;;;;;;;;;;;;;;;;;;;;;;
2034;15355998;7361457;7994541;168384;133491;0.02;10.97;8.69;76.68;72.26;81.23;11.01;11.16;10.86;1.64;26.46;20.99;47.44;79.33;;;;;;;;;;;;;;;;;;;;;;;;;;;;;;;;
2035;15353814;7353803;8000011;165939;135816;-0.01;10.81;8.85;76.81;72.4;81.33;10.89;11.03;10.74;1.63;26.16;21.66;47.82;83.05;;;;;;;;;;;;;;;;;;;;;;;;;;;;;;;;
2036;15346869;7343940;8002929;163567;138196;-0.05;10.66;9;76.93;72.55;81.43;10.78;10.91;10.64;1.63;25.86;22.33;48.19;86.78;;;;;;;;;;;;;;;;;;;;;;;;;;;;;;;;
2037;15335177;7331886;8003291;161268;140638;-0.08;10.52;9.17;77.05;72.69;81.52;10.68;10.81;10.54;1.63;25.57;23;48.57;90.12;;;;;;;;;;;;;;;;;;;;;;;;;;;;;;;;
2038;15318735;7317652;8001083;158990;143120;-0.11;10.38;9.34;77.16;72.82;81.6;10.59;10.71;10.46;1.63;25.29;23.68;48.98;93.53;;;;;;;;;;;;;;;;;;;;;;;;;;;;;;;;
2039;15297524;7301245;7996279;156752;145661;-0.14;10.25;9.52;77.27;72.96;81.68;10.51;10.63;10.38;1.63;25.04;24.42;49.46;97.02;;;;;;;;;;;;;;;;;;;;;;;;;;;;;;;;
2040;15271580;7282689;7988891;154615;148210;-0.17;10.12;9.7;77.37;73.09;81.76;10.43;10.55;10.31;1.63;24.81;25.23;50.04;101.82;;;;;;;;;;;;;;;;;;;;;;;;;;;;;;;;
2041;15241004;7262041;7978963;152605;150777;-0.2;10.01;9.89;77.48;73.22;81.83;10.36;10.48;10.24;1.63;24.6;26.11;50.72;106.13;;;;;;;;;;;;;;;;;;;;;;;;;;;;;;;;
2042;15205888;7239362;7966526;150685;153361;-0.23;9.91;10.09;77.58;73.34;81.9;10.3;10.42;10.19;1.63;24.43;27.06;51.49;111.18;;;;;;;;;;;;;;;;;;;;;;;;;;;;;;;;
2043;15166238;7214668;7951570;148755;155995;-0.26;9.81;10.29;77.68;73.46;81.96;10.25;10.36;10.13;1.63;24.27;28.08;52.36;115.72;;;;;;;;;;;;;;;;;;;;;;;;;;;;;;;;
2044;15122024;7187956;7934068;146859;158664;-0.29;9.71;10.49;77.77;73.58;82.02;10.2;10.31;10.09;1.63;24.15;29.16;53.31;120.25;;;;;;;;;;;;;;;;;;;;;;;;;;;;;;;;
2045;15073291;7159256;7914035;145027;161304;-0.32;9.62;10.7;77.87;73.7;82.08;10.16;10.26;10.04;1.63;24.05;30.29;54.33;125.64;;;;;;;;;;;;;;;;;;;;;;;;;;;;;;;;
2046;15020105;7128614;7891491;143298;164008;-0.35;9.54;10.92;77.95;73.81;82.13;10.12;10.22;10;1.62;23.96;31.47;55.43;131.17;;;;;;;;;;;;;;;;;;;;;;;;;;;;;;;;
2047;14962522;7096070;7866452;141610;166682;-0.38;9.46;11.14;78.03;73.92;82.18;10.08;10.18;9.97;1.62;23.91;32.69;56.6;136.6;;;;;;;;;;;;;;;;;;;;;;;;;;;;;;;;
2048;14900565;7061642;7838923;139908;169365;-0.41;9.39;11.37;78.11;74.03;82.23;10.05;10.15;9.94;1.62;23.86;33.94;57.81;142.38;;;;;;;;;;;;;;;;;;;;;;;;;;;;;;;;
2049;14834243;7025342;7808901;138222;172026;-0.45;9.32;11.6;78.19;74.13;82.28;10.02;10.12;9.91;1.62;23.83;35.18;59.01;147.33;;;;;;;;;;;;;;;;;;;;;;;;;;;;;;;;
2050;14763590;6987193;7776397;136521;174640;-0.48;9.25;11.83;78.27;74.24;82.32;9.99;10.09;9.88;1.62;23.81;36.38;60.19;152.35;;;;;;;;;;;;;;;;;;;;;;;;;;;;;;;;
2051;14688641;6947213;7741428;134834;177230;-0.51;9.18;12.07;78.34;74.34;82.36;9.97;10.07;9.86;1.62;23.78;37.53;61.31;158.5;;;;;;;;;;;;;;;;;;;;;;;;;;;;;;;;
2052;14609436;6905426;7704010;133126;179757;-0.54;9.11;12.3;78.41;74.43;82.4;9.95;10.04;9.84;1.62;23.76;38.61;62.37;163.01;;;;;;;;;;;;;;;;;;;;;;;;;;;;;;;;
2053;14525993;6861847;7664146;131369;182240;-0.57;9.04;12.55;78.48;74.53;82.44;9.93;10.02;9.82;1.62;23.73;39.64;63.38;167.59;;;;;;;;;;;;;;;;;;;;;;;;;;;;;;;;
2054;14438328;6816485;7621843;129613;184689;-0.6;8.98;12.79;78.54;74.62;82.47;9.91;10.01;9.8;1.62;23.71;40.64;64.35;171.53;;;;;;;;;;;;;;;;;;;;;;;;;;;;;;;;
2055;14346461;6769359;7577102;127805;187078;-0.64;8.91;13.04;78.61;74.71;82.5;9.89;9.99;9.78;1.62;23.7;41.62;65.32;176.22;;;;;;;;;;;;;;;;;;;;;;;;;;;;;;;;
2056;14250434;6720496;7529938;126013;189410;-0.67;8.84;13.29;78.67;74.8;82.53;9.88;9.97;9.77;1.62;23.69;42.59;66.28;180.28;;;;;;;;;;;;;;;;;;;;;;;;;;;;;;;;
2057;14150307;6669933;7480374;124201;191676;-0.7;8.78;13.55;78.73;74.88;82.56;9.86;9.96;9.76;1.62;23.69;43.55;67.24;183.1;;;;;;;;;;;;;;;;;;;;;;;;;;;;;;;;
2058;14046125;6617708;7428417;122342;193846;-0.74;8.71;13.8;78.79;74.97;82.59;9.85;9.95;9.74;1.62;23.69;44.51;68.2;187.94;;;;;;;;;;;;;;;;;;;;;;;;;;;;;;;;
2059;13937968;6563854;7374114;120494;195918;-0.77;8.65;14.06;78.84;75.05;82.61;9.84;9.94;9.73;1.62;23.7;45.48;69.18;192.14;;;;;;;;;;;;;;;;;;;;;;;;;;;;;;;;
2060;13825958;6508424;7317534;118648;197860;-0.8;8.58;14.31;78.89;75.13;82.64;9.83;9.93;9.72;1.62;23.71;46.47;70.18;196.4;;;;;;;;;;;;;;;;;;;;;;;;;;;;;;;;
Faixas etárias;;;;;;;;;;;;;;;;;;;;;;;;;;;;;;;;;;;;;;;;;;;;;;;;;;;
Total;;;;;;;;;;;;;;;;;;;;;;;;;;;;;;;;;;;;;;;;;;;;;;;;;;;
Faixa/Ano;2010;2011;2012;2013;2014;2015;2016;2017;2018;2019;2020;2021;2022;2023;2024;2025;2026;2027;2028;2029;2030;2031;2032;2033;2034;2035;2036;2037;2038;2039;2040;2041;2042;2043;2044;2045;2046;2047;2048;2049;2050;2051;2052;2053;2054;2055;2056;2057;2058;2059;2060
Total;14302571;14372994;14441531;14505033;14565807;14629018;14689684;14749868;14812617;14872858;14930424;14985070;15036517;15084600;15129225;15170253;15207525;15240909;15270303;15295642;15316952;15333879;15346028;15353402;15355998;15353814;15346869;15335177;15318735;15297524;15271580;15241004;15205888;15166238;15122024;15073291;15020105;14962522;14900565;14834243;14763590;14688641;14609436;14525993;14438328;14346461;14250434;14150307;14046125;13937968;13825958
0-4;1133644;1112087;1094480;1073869;1054118;1043168;1034135;1027006;1027843;1029247;1025876;1022444;1016648;1005282;993323;980815;967862;954629;941171;927492;913743;900051;886482;873126;860049;847247;834752;822596;810749;799190;787928;776990;766411;756181;746284;736703;727405;718355;709526;700912;692461;684095;675731;667332;658867;650314;641655;632887;624020;615050;606018
05/set;1240699;1215926;1192576;1168575;1145479;1121187;1099919;1082580;1062241;1042741;1032020;1023216;1016300;1017337;1018939;1015770;1012543;1006951;995794;984044;971739;958977;945902;932577;918999;905318;891673;878147;864836;851804;839041;826582;814459;802645;791119;779890;768987;758436;748231;738362;728805;719522;710499;701692;693097;684666;676322;667981;659597;651153;642615
out/14;1357988;1338668;1311121;1283506;1255915;1229773;1205224;1182092;1158306;1135423;1111347;1090279;1073132;1052995;1033697;1023159;1014530;1007783;1008979;1010736;1007727;1004647;999180;988126;976458;964203;951475;938438;925151;911606;897961;884345;870853;857574;844571;831834;819398;807303;795522;784019;772812;761933;751400;741209;731357;721818;712552;703550;694761;686186;677769
15-19;1345539;1343091;1342988;1342760;1338738;1328753;1309957;1282991;1255975;1228991;1203434;1179443;1156840;1133602;1111262;1087727;1067180;1050530;1030903;1012108;1002038;993804;987357;988734;990596;987670;984649;979247;968288;956714;944548;931915;918971;905772;892312;878754;865223;851810;838606;825682;813019;800655;788625;776908;765465;754311;743489;733011;722874;713073;703586
20-24;1322304;1304650;1292033;1283796;1278541;1275182;1273827;1274790;1275636;1272713;1263882;1246323;1220670;1194961;1169281;1145005;1122257;1100875;1078863;1057738;1035418;1015931;1000078;981074;962730;952909;944843;938551;940015;941960;939145;936229;930945;920147;908726;896717;884241;871452;858403;845093;831681;818291;805016;791945;779151;766612;754365;742445;730835;719501;708451
25-29;1326865;1321216;1306170;1285026;1262982;1243347;1227105;1215830;1208879;1204870;1202728;1202565;1204692;1206699;1204975;1197407;1181200;1156971;1132677;1108404;1085506;1064031;1043733;1022609;1002148;980276;961083;945478;926750;908657;899019;891115;884970;886517;888539;885834;883031;877863;867222;855962;844114;831792;819161;806267;793107;779844;766601;753466;740533;727872;715459
30-34;1186928;1215159;1240014;1259744;1272113;1275927;1271149;1257080;1236983;1215977;1197342;1182053;1171652;1165519;1162284;1160883;1161431;1164247;1166941;1165940;1159152;1143773;1120367;1096790;1073105;1050639;1029494;1009504;988692;968528;946952;928028;912650;894175;876326;866861;859107;853099;854717;856799;854187;851478;846416;835921;824807;813105;800931;788447;775698;762678;749557
35-39;995861;1021310;1053243;1088993;1124196;1155873;1184217;1209244;1229213;1241930;1246201;1241976;1228573;1209201;1188924;1170976;1156314;1146468;1140820;1138025;1137040;1137968;1141098;1144067;1143324;1136795;1121731;1098714;1075519;1052214;1030096;1009269;989582;969073;949203;927932;909278;894126;875902;858296;848997;841387;835504;837181;839314;836790;834169;829208;818855;807888;796330
40-44;916044;927812;935285;941917;953081;971943;997368;1029168;1064730;1099767;1131342;1159650;1184702;1204778;1217701;1222291;1218504;1205656;1186915;1167267;1149903;1135756;1126324;1120998;1118460;1117672;1118750;1122001;1125090;1124503;1118192;1103439;1080825;1058033;1035128;1013384;992897;973528;953352;933798;912847;894473;879567;861616;844269;835146;827685;821935;823663;825835;823397
45-49;791698;811666;833285;854959;874157;889565;901458;909164;916062;927407;946298;971615;1003175;1038410;1073136;1104487;1132641;1157610;1177703;1190776;1195645;1192280;1179992;1161892;1142875;1126075;1112410;1103356;1098325;1096021;1095429;1096663;1100030;1103232;1102801;1096722;1082323;1060184;1037882;1015476;994202;974138;955149;935374;916213;895664;877641;863032;845417;828398;819491
50-54;672865;691847;709418;726299;743713;762335;782099;803480;824918;843958;859318;871278;879186;886325;897797;916613;941682;972814;1007510;1041714;1072651;1100472;1125196;1145164;1158262;1163333;1160353;1148657;1131279;1113000;1096875;1083800;1075204;1070513;1068472;1068089;1069481;1072958;1076264;1075993;1070184;1056228;1034707;1013050;991287;970610;951081;932588;913339;894687;874663
55-59;540966;559029;579169;600446;621371;641055;659618;676851;693448;710570;728869;748272;769240;790265;808985;824168;836092;844124;851439;862940;881535;906146;936576;970433;1003813;1034043;1061275;1085527;1105184;1118190;1123418;1120847;1109832;1093326;1075942;1060638;1048267;1040198;1035888;1034123;1033958;1035500;1039056;1042434;1042324;1036830;1023416;1002669;981824;960875;940969
60-64;442737;454823;466319;478064;491336;506826;524254;543642;564104;584237;603215;621155;637856;653982;670618;688385;707207;727525;747891;766075;780892;792618;800664;808050;819435;837583;861444;890822;923440;955598;984768;1011096;1034602;1053722;1066478;1071785;1069635;1059409;1043935;1027635;1013308;1001778;994326;990431;988960;988999;990661;994247;997642;997669;992516
65-69;344932;355542;367449;380090;392594;404527;416048;427066;438339;451038;465783;482319;500653;519974;539004;556975;573999;589899;605291;621173;638118;656056;675391;694770;712104;726288;737600;745499;752821;763906;781328;804072;831930;862790;893209;920852;945845;968216;986481;998757;1004027;1002288;992974;978752;963769;950640;940123;933387;929957;928779;928999
70-74;266611;273765;280122;286379;293549;302165;311963;322914;334520;346014;357024;367694;377966;388497;400318;413966;429206;446038;463746;481185;497682;513347;528032;542286;557011;572700;589297;607157;625046;641064;654219;664794;672327;679388;689913;706199;727286;752945;781262;809160;834559;857565;878214;895128;906568;911599;910245;902029;889379;876068;864466
75-79;181291;187248;194707;202871;210673;217604;223924;229639;235317;241769;249417;258051;267656;277810;287877;297558;306989;316133;325531;336040;348096;361483;376199;391636;406834;421238;434951;447861;460437;473443;487284;501915;517631;533359;547442;559047;568458;575301;581812;591376;605932;624592;647104;671828;696156;718354;738507;756644;771559;781698;786247
80-84;122714;123685;124751;126364;129022;132889;137828;143877;150434;156708;162324;167507;172284;177079;182485;188792;195856;203673;211909;220088;227978;235712;243264;251056;259734;269617;280520;292443;304904;317163;328802;339911;350422;360702;371359;382690;394652;407480;420289;431750;441215;448958;454713;460296;468399;480519;495874;514195;534181;553815;571763
85-89;65643;69934;72721;74578;75906;76989;78044;79183;80686;82875;85839;89493;93873;98574;103075;107137;110931;114495;118111;122152;126804;131965;137643;143609;149537;155275;160936;166512;172287;178695;185939;193877;202507;211486;220308;228695;236724;244361;251866;259665;267954;276691;286046;295356;303669;310537;316202;320510;324784;330935;339987
90+;47242;45536;45680;46797;48323;49910;51547;53271;54983;56623;58165;59737;61419;63310;65544;68139;71101;74488;78109;81745;85285;88862;92550;96405;100524;104933;109633;114667;119922;125268;130636;136117;141737;147603;153892;160665;167867;175498;183405;191385;199328;207277;215228;223273;231549;240103;248915;258076;267207;275808;283675
Homens;;;;;;;;;;;;;;;;;;;;;;;;;;;;;;;;;;;;;;;;;;;;;;;;;;;
Faixa/Ano;2010;2011;2012;2013;2014;2015;2016;2017;2018;2019;2020;2021;2022;2023;2024;2025;2026;2027;2028;2029;2030;2031;2032;2033;2034;2035;2036;2037;2038;2039;2040;2041;2042;2043;2044;2045;2046;2047;2048;2049;2050;2051;2052;2053;2054;2055;2056;2057;2058;2059;2060
Total;7022509;7049709;7075846;7099339;7121398;7144691;7166690;7188472;7211608;7233509;7254101;7273278;7290913;7306926;7321284;7333933;7344806;7353839;7361000;7366269;7369659;7370991;7370061;7366879;7361457;7353803;7343940;7331886;7317652;7301245;7282689;7262041;7239362;7214668;7187956;7159256;7128614;7096070;7061642;7025342;6987193;6947213;6905426;6861847;6816485;6769359;6720496;6669933;6617708;6563854;6508424
0-4;579001;568243;559442;549058;539080;533582;529044;525467;525960;526730;525049;523332;520398;514609;508512;502132;495519;488758;481881;474889;467859;460859;453919;447087;440397;433846;427453;421232;415170;409254;403490;397892;392477;387239;382174;377269;372509;367878;363358;358948;354621;350337;346056;341757;337423;333044;328610;324121;319580;314988;310363
05/set;631196;619165;607789;596020;584639;572562;561950;553286;543039;533188;527807;523386;519919;520511;521380;519801;518188;515360;509678;503690;497414;490899;484224;477421;470484;463494;456523;449608;442802;436141;429615;423243;417044;411006;405110;399367;393792;388393;383172;378126;373236;368488;363874;359368;354971;350657;346388;342120;337831;333510;329143
out/14;690972;681320;667284;653115;639020;625828;613909;602637;590974;579699;567728;557217;548648;538502;528753;523462;519127;515742;516409;517351;515848;514307;511541;505913;499972;493729;487237;480590;473813;466898;459932;452983;446090;439305;432666;426160;419805;413626;407610;401727;396001;390443;385057;379849;374816;369940;365204;360603;356108;351723;347420
15-19;677584;677820;679248;680510;679604;675357;665983;652275;638452;624715;611864;600258;589280;577930;566968;555306;545087;536790;526932;517464;512429;508306;505093;505862;506868;505428;503936;501222;495673;489812;483645;477232;470661;463959;457114;450220;443342;436517;429798;423228;416783;410487;404365;398402;392571;386891;381384;376043;370879;365889;361053
20-24;656004;647084;641164;637846;636353;636073;636921;638942;640807;640526;636955;628333;615447;602447;589529;577481;566643;556416;545820;535606;524689;515124;507322;497872;488718;483874;479899;476818;477665;478745;477404;476005;473399;467990;462264;456238;449961;443526;436956;430243;423479;416726;410023;403423;396967;390632;384439;378417;372548;366811;361223
25-29;651338;647366;639016;627906;616549;606526;598501;593421;590893;590157;590611;592173;594884;597444;597896;595116;587367;575414;563344;551348;540197;530185;520668;510667;500917;490344;481024;473435;464220;455283;450598;446762;443806;444726;445875;444629;443330;440829;435558;429971;424086;417945;411645;405213;398630;391996;385371;378790;372310;365968;359743
30-34;580774;593557;604415;612608;617228;617818;614400;606691;596276;585613;576255;568857;564344;562332;562079;562993;564992;568126;571107;572015;569746;562558;551182;539623;528055;517235;507481;498208;488457;478946;468613;459512;452110;443102;434364;429819;426108;423265;424246;425448;424283;423065;420655;415504;410040;404277;398258;392080;385769;379305;372787
35-39;484645;496421;511478;528420;544975;559614;572419;583348;591668;596499;597384;594332;587076;577160;566997;558109;551140;546996;545303;545331;546507;548743;552070;555224;556308;554221;547272;536196;524929;513651;503098;493590;484551;475030;465742;455642;446749;439526;430712;422165;417750;414155;411413;412443;413690;412595;411450;409123;404086;398740;393092
40-44;445460;450536;453370;455726;460321;468752;480461;495378;512145;528542;543072;555822;566742;575117;580079;581176;578421;571544;562058;552328;543838;537218;533350;531871;532064;533366;535696;539093;542322;543512;541581;534860;524082;513114;502129;491850;482588;473779;464500;455443;445579;436893;429853;421244;412887;408605;405123;402481;403555;404838;403812
45-49;383468;392854;402964;413023;421812;428710;433816;436759;439252;443929;452343;463941;478657;495167;511321;525676;538304;549158;557541;562602;563887;561415;554917;545867;536569;528466;522176;518565;517279;517621;519042;521464;524927;528219;529510;527734;521263;510820;500202;489567;479618;470647;462102;453102;444320;434738;426299;419469;411095;402969;398842
50-54;322473;331670;340141;348217;356462;365186;374372;384267;394119;402759;409583;414698;417745;420374;425114;433456;444870;459281;475417;491213;505290;517700;528408;536729;541832;543279;541092;535010;526455;517658;510015;504125;500816;499749;500252;501796;504303;507821;511164;512553;510951;504784;494765;484586;474388;464844;456230;448018;439369;430927;421696
55-59;255676;263891;273336;283482;293505;302906;311752;319930;327751;335745;344206;353113;362702;372254;380658;387345;392421;395541;398281;403040;411238;422355;436308;451903;467175;480815;492875;503319;511485;516576;518172;516288;510681;502719;494523;487428;482004;479038;478208;478870;480531;483108;486650;490017;491497;490090;484281;474772;465133;455475;446440
60-64;209055;214115;218643;223186;228553;235192;242946;251845;261400;270848;279730;288116;295898;303366;311006;319094;327602;336755;345874;353928;360378;365332;368475;371281;375988;383923;394584;407892;422724;437254;450261;461797;471824;479717;484718;486425;484861;479795;472515;465025;458567;453682;451100;450512;451328;453076;455680;459196;462535;464072;462859
65-69;159898;164810;170336;176131;181687;186753;191425;195640;199890;204893;211055;218224;226426;235224;243937;252146;259922;267167;274147;281294;288856;296809;305357;313875;321423;327509;332242;335335;338147;342710;350239;360254;372669;386462;399974;412104;422894;432310;439772;444571;446340;445099;440644;434166;427504;421795;417529;415366;415025;415967;417757
70-74;120179;123249;125946;128612;131723;135518;139855;144727;149832;154736;159224;163389;167186;171036;175554;181084;187482;194771;202576;210308;217611;224553;231054;237345;243800;250625;257798;265499;273169;279983;285507;289858;292794;295518;299816;306736;315831;327003;339355;351449;362334;372048;380562;387353;391782;393519;392597;388853;383341;377685;372886
75-79;78443;80739;83790;87185;90400;93200;95724;97988;100259;102896;106075;109684;113729;117957;122025;125764;129263;132493;135789;139641;144316;149689;155780;162280;168720;174820;180643;186128;191467;196954;202750;208839;215368;221865;227643;232355;236120;238750;241250;245085;251101;258896;268358;278752;288916;298095;306317;313556;319377;323223;324824
80-84;51845;51661;51532;51680;52340;53571;55310;57574;60068;62432;64501;66395;68137;69908;71955;74382;77118;80177;83361;86432;89265;91941;94444;97018;100016;103619;107728;112358;117278;122154;126787;131226;135439;139564;143819;148309;153020;158066;163078;167540;171199;174166;176313;178411;181551;186347;192459;199771;207737;215517;222564
85-89;27023;28502;29246;29555;29634;29620;29606;29637;29840;30356;31207;32356;33815;35409;36914;38240;39476;40639;41843;43223;44838;46641;48647;50731;52738;54600;56375;58058;59806;61836;64254;66990;70052;73290;76495;79549;82491;85306;88081;90953;93984;97159;100557;103923;106917;109381;111408;112929;114462;116712;120063
90+;17475;16706;16706;17059;17513;17923;18296;18660;18983;19246;19452;19652;19880;20179;20607;21170;21864;22711;23639;24566;25453;26357;27302;28310;29413;30610;31906;33320;34791;36257;37686;39121;40572;42094;43768;45626;47643;49822;52107;54430;56750;59085;61434;63822;66287;68837;71469;74225;76968;79535;81857
Mulheres;;;;;;;;;;;;;;;;;;;;;;;;;;;;;;;;;;;;;;;;;;;;;;;;;;;
Faixa/Ano;2010;2011;2012;2013;2014;2015;2016;2017;2018;2019;2020;2021;2022;2023;2024;2025;2026;2027;2028;2029;2030;2031;2032;2033;2034;2035;2036;2037;2038;2039;2040;2041;2042;2043;2044;2045;2046;2047;2048;2049;2050;2051;2052;2053;2054;2055;2056;2057;2058;2059;2060
Total;7280062;7323285;7365685;7405694;7444409;7484327;7522994;7561396;7601009;7639349;7676323;7711792;7745604;7777674;7807941;7836320;7862719;7887070;7909303;7929373;7947293;7962888;7975967;7986523;7994541;8000011;8002929;8003291;8001083;7996279;7988891;7978963;7966526;7951570;7934068;7914035;7891491;7866452;7838923;7808901;7776397;7741428;7704010;7664146;7621843;7577102;7529938;7480374;7428417;7374114;7317534
0-4;554643;543844;535038;524811;515038;509586;505091;501539;501883;502517;500827;499112;496250;490673;484811;478683;472343;465871;459290;452603;445884;439192;432563;426039;419652;413401;407299;401364;395579;389936;384438;379098;373934;368942;364110;359434;354896;350477;346168;341964;337840;333758;329675;325575;321444;317270;313045;308766;304440;300062;295655
05/set;609503;596761;584787;572555;560840;548625;537969;529294;519202;509553;504213;499830;496381;496826;497559;495969;494355;491591;486116;480354;474325;468078;461678;455156;448515;441824;435150;428539;422034;415663;409426;403339;397415;391639;386009;380523;375195;370043;365059;360236;355569;351034;346625;342324;338126;334009;329934;325861;321766;317643;313472
out/14;667016;657348;643837;630391;616895;603945;591315;579455;567332;555724;543619;533062;524484;514493;504944;499697;495403;492041;492570;493385;491879;490340;487639;482213;476486;470474;464238;457848;451338;444708;438029;431362;424763;418269;411905;405674;399593;393677;387912;382292;376811;371490;366343;361360;356541;351878;347348;342947;338653;334463;330349
15-19;667955;665271;663740;662250;659134;653396;643974;630716;617523;604276;591570;579185;567560;555672;544294;532421;522093;513740;503971;494644;489609;485498;482264;482872;483728;482242;480713;478025;472615;466902;460903;454683;448310;441813;435198;428534;421881;415293;408808;402454;396236;390168;384260;378506;372894;367420;362105;356968;351995;347184;342533
20-24;666300;657566;650869;645950;642188;639109;636906;635848;634829;632187;626927;617990;605223;592514;579752;567524;555614;544459;533043;522132;510729;500807;492756;483202;474012;469035;464944;461733;462350;463215;461741;460224;457546;452157;446462;440479;434280;427926;421447;414850;408202;401565;394993;388522;382184;375980;369926;364028;358287;352690;347228
25-29;675527;673850;667154;657120;646433;636821;628604;622409;617986;614713;612117;610392;609808;609255;607079;602291;593833;581557;569333;557056;545309;533846;523065;511942;501231;489932;480059;472043;462530;453374;448421;444353;441164;441791;442664;441205;439701;437034;431664;425991;420028;413847;407516;401054;394477;387848;381230;374676;368223;361904;355716
30-34;606154;621602;635599;647136;654885;658109;656749;650389;640707;630364;621087;613196;607308;603187;600205;597890;596439;596121;595834;593925;589406;581215;569185;557167;545050;533404;522013;511296;500235;489582;478339;468516;460540;451073;441962;437042;432999;429834;430471;431351;429904;428413;425761;420417;414767;408828;402673;396367;389929;383373;376770
35-39;511216;524889;541765;560573;579221;596259;611798;625896;637545;645431;648817;647644;641497;632041;621927;612867;605174;599472;595517;592694;590533;589225;589028;588843;587016;582574;574459;562518;550590;538563;526998;515679;505031;494043;483461;472290;462529;454600;445190;436131;431247;427232;424091;424738;425624;424195;422719;420085;414769;409148;403238
40-44;470584;477276;481915;486191;492760;503191;516907;533790;552585;571225;588270;603828;617960;629661;637622;641115;640083;634112;624857;614939;606065;598538;592974;589127;586396;584306;583054;582908;582768;580991;576611;568579;556743;544919;532999;521534;510309;499749;488852;478355;467268;457580;449714;440372;431382;426541;422562;419454;420108;420997;419585
45-49;408230;418812;430321;441936;452345;460855;467642;472405;476810;483478;493955;507674;524518;543243;561815;578811;594337;608452;620162;628174;631758;630865;625075;616025;606306;597609;590234;584791;581046;578400;576387;575199;575103;575013;573291;568988;561060;549364;537680;525909;514584;503491;493047;482272;471893;460926;451342;443563;434322;425429;420649
50-54;350392;360177;369277;378082;387251;397149;407727;419213;430799;441199;449735;456580;461441;465951;472683;483157;496812;513533;532093;550501;567361;582772;596788;608435;616430;620054;619261;613647;604824;595342;586860;579675;574388;570764;568220;566293;565178;565137;565100;563440;559233;551444;539942;528464;516899;505766;494851;484570;473970;463760;452967
55-59;285290;295138;305833;316964;327866;338149;347866;356921;365697;374825;384663;395159;406538;418011;428327;436823;443671;448583;453158;459900;470297;483791;500268;518530;536638;553228;568400;582208;593699;601614;605246;604559;599151;590607;581419;573210;566263;561160;557680;555253;553427;552392;552406;552417;550827;546740;539135;527897;516691;505400;494529
60-64;233682;240708;247676;254878;262783;271634;281308;291797;302704;313389;323485;333039;341958;350616;359612;369291;379605;390770;402017;412147;420514;427286;432189;436769;443447;453660;466860;482930;500716;518344;534507;549299;562778;574005;581760;585360;584774;579614;571420;562610;554741;548096;543226;539919;537632;535923;534981;535051;535107;533597;529657
65-69;185034;190732;197113;203959;210907;217774;224623;231426;238449;246145;254728;264095;274227;284750;295067;304829;314077;322732;331144;339879;349262;359247;370034;380895;390681;398779;405358;410164;414674;421196;431089;443818;459261;476328;493235;508748;522951;535906;546709;554186;557687;557189;552330;544586;536265;528845;522594;518021;514932;512812;511242
70-74;146432;150516;154176;157767;161826;166647;172108;178187;184688;191278;197800;204305;210780;217461;224764;232882;241724;251267;261170;270877;280071;288794;296978;304941;313211;322075;331499;341658;351877;361081;368712;374936;379533;383870;390097;399463;411455;425942;441907;457711;472225;485517;497652;507775;514786;518080;517648;513176;506038;498383;491580
75-79;102848;106509;110917;115686;120273;124404;128200;131651;135058;138873;143342;148367;153927;159853;165852;171794;177726;183640;189742;196399;203780;211794;220419;229356;238114;246418;254308;261733;268970;276489;284534;293076;302263;311494;319799;326692;332338;336551;340562;346291;354831;365696;378746;393076;407240;420259;432190;443088;452182;458475;461423
80-84;70869;72024;73219;74684;76682;79318;82518;86303;90366;94276;97823;101112;104147;107171;110530;114410;118738;123496;128548;133656;138713;143771;148820;154038;159718;165998;172792;180085;187626;195009;202015;208685;214983;221138;227540;234381;241632;249414;257211;264210;270016;274792;278400;281885;286848;294172;303415;314424;326444;338298;349199
85-89;38620;41432;43475;45023;46272;47369;48438;49546;50846;52519;54632;57137;60058;63165;66161;68897;71455;73856;76268;78929;81966;85324;88996;92878;96799;100675;104561;108454;112481;116859;121685;126887;132455;138196;143813;149146;154233;159055;163785;168712;173970;179532;185489;191433;196752;201156;204794;207581;210322;214223;219924
90+;29767;28830;28974;29738;30810;31987;33251;34611;36000;37377;38713;40085;41539;43131;44937;46969;49237;51777;54470;57179;59832;62505;65248;68095;71111;74323;77727;81347;85131;89011;92950;96996;101165;105509;110124;115039;120224;125676;131298;136955;142578;148192;153794;159451;165262;171266;177446;183851;190239;196273;201818
Brasil;;;;;;;;;;;;;;;;;;;;;;;;;;;;;;;;;;;;;;;;;;;;;;;;;;;
Dados;;;;;;;;;;;;;;;;;;;;;;;;;;;;;;;;;;;;;;;;;;;;;;;;;;;
Ano;População total;Homens;Mulheres;Nascimentos;Óbitos;Taxa de Crescimento Geométrico;Taxa Bruta de Natalidade;Taxa Bruta de Mortalidade;Esperança de Vida ao Nascer;Esperança de Vida ao Nascer - Homens;Esperança de Vida ao Nascer - Mulheres;Taxa de Mortalidade Infantil;Taxa de Mortalidade Infantil - Homens;Taxa de Mortalidade Infantil - Mulheres;Taxa de Fecundidade Total;Razão de Dependência - Jovens 0 a 14 anos;Razão de Dependência - Idosos 65 ou mais anos;Razão de Dependência;Índice de Envelhecimento;;;;;;;;;;;;;;;;;;;;;;;;;;;;;;;;
2010;194890682;95513298;99377384;2939435;1240083;x;15.08;6.36;73.86;70.21;77.6;17.22;18.76;15.59;1.75;36.32;10.77;47.09;29.55;;;;;;;;;;;;;;;;;;;;;;;;;;;;;;;;
2011;196603732;96322635;100281097;2974525;1247751;0.88;15.13;6.35;74.2;70.57;77.91;16.43;17.86;14.92;1.76;35.37;10.99;46.36;30.99;;;;;;;;;;;;;;;;;;;;;;;;;;;;;;;;
2012;198314934;97132054;101182880;2953890;1258235;0.87;14.89;6.34;74.52;70.91;78.22;15.69;17.03;14.29;1.75;34.45;11.24;45.68;32.63;;;;;;;;;;;;;;;;;;;;;;;;;;;;;;;;
2013;200004188;97931331;102072857;2953178;1270306;0.85;14.77;6.35;74.84;71.25;78.51;15.02;16.27;13.7;1.74;33.56;11.51;45.07;34.2;;;;;;;;;;;;;;;;;;;;;;;;;;;;;;;;
2014;201717541;98744098;102973443;3028202;1284346;0.86;15.01;6.37;75.14;71.57;78.78;14.4;15.58;13.16;1.78;32.78;11.81;44.59;36.12;;;;;;;;;;;;;;;;;;;;;;;;;;;;;;;;
2015;203475683;99581002;103894681;3070979;1299541;0.87;15.09;6.39;75.44;71.88;79.05;13.82;14.93;12.65;1.8;32.15;12.13;44.29;37.67;;;;;;;;;;;;;;;;;;;;;;;;;;;;;;;;
2016;205156587;100379640;104776947;2901053;1314164;0.83;14.14;6.41;75.72;72.18;79.31;13.29;14.35;12.19;1.7;31.57;12.49;44.05;39.73;;;;;;;;;;;;;;;;;;;;;;;;;;;;;;;;
2017;206804741;101163599;105641142;3020743;1330811;0.8;14.61;6.44;75.99;72.46;79.56;12.81;13.8;11.75;1.78;31.11;12.87;43.98;41.2;;;;;;;;;;;;;;;;;;;;;;;;;;;;;;;;
2018;208494900;101971173;106523727;3003585;1349693;0.82;14.41;6.47;76.25;72.74;79.8;12.35;13.31;11.35;1.77;30.75;13.28;44.03;43.19;;;;;;;;;;;;;;;;;;;;;;;;;;;;;;;;
2019;210147125;102760295;107386830;2984414;1368954;0.79;14.2;6.51;76.5;73;80.03;11.94;12.85;10.98;1.77;30.42;13.72;44.14;45.02;;;;;;;;;;;;;;;;;;;;;;;;;;;;;;;;
2020;211755692;103527689;108228003;2963516;1389144;0.77;13.99;6.56;76.74;73.26;80.25;11.56;12.43;10.64;1.76;30.11;14.18;44.29;46.89;;;;;;;;;;;;;;;;;;;;;;;;;;;;;;;;
2021;213317639;104271843;109045796;2940629;1410602;0.74;13.79;6.61;76.97;73.5;80.46;11.2;12.04;10.32;1.76;29.83;14.67;44.5;49.51;;;;;;;;;;;;;;;;;;;;;;;;;;;;;;;;
2022;214828540;104990487;109838053;2913688;1433605;0.71;13.56;6.67;77.19;73.74;80.67;10.88;11.68;10.03;1.75;29.63;15.19;44.82;51.22;;;;;;;;;;;;;;;;;;;;;;;;;;;;;;;;
2023;216284269;105681529;110602740;2885501;1458023;0.68;13.34;6.74;77.4;73.96;80.86;10.58;11.36;9.75;1.75;29.43;15.74;45.17;53.2;;;;;;;;;;;;;;;;;;;;;;;;;;;;;;;;
2024;217684462;106345043;111339419;2856690;1483777;0.65;13.12;6.82;77.6;74.17;81.05;10.3;11.05;9.5;1.74;29.26;16.31;45.56;55.72;;;;;;;;;;;;;;;;;;;;;;;;;;;;;;;;
2025;219029093;106981304;112047789;2827039;1510693;0.62;12.91;6.9;77.8;74.38;81.22;10.04;10.77;9.27;1.74;29.11;16.9;46.01;58.29;;;;;;;;;;;;;;;;;;;;;;;;;;;;;;;;
2026;220316530;107589495;112727035;2797674;1539159;0.59;12.7;6.99;77.98;74.57;81.39;9.8;10.51;9.05;1.74;28.95;17.51;46.45;60.61;;;;;;;;;;;;;;;;;;;;;;;;;;;;;;;;
2027;221545234;108168830;113376404;2768000;1569117;0.56;12.49;7.08;78.16;74.76;81.56;9.58;10.27;8.85;1.73;28.77;18.14;46.9;62.76;;;;;;;;;;;;;;;;;;;;;;;;;;;;;;;;
2028;222713669;108718587;113995082;2738355;1600375;0.53;12.3;7.19;78.32;74.94;81.71;9.37;10.05;8.66;1.73;28.59;18.78;47.37;65.46;;;;;;;;;;;;;;;;;;;;;;;;;;;;;;;;
2029;223821305;109238514;114582791;2710134;1632845;0.5;12.11;7.3;78.49;75.11;81.86;9.18;9.84;8.49;1.72;28.36;19.42;47.79;68.23;;;;;;;;;;;;;;;;;;;;;;;;;;;;;;;;
2030;224868462;109728762;115139700;2683440;1666427;0.47;11.93;7.41;78.64;75.28;82;9.01;9.65;8.33;1.72;28.08;20.06;48.14;71.05;;;;;;;;;;;;;;;;;;;;;;;;;;;;;;;;
2031;225854415;110189007;115665408;2655850;1700970;0.44;11.76;7.53;78.78;75.43;82.14;8.85;9.48;8.18;1.72;27.84;20.71;48.55;74.33;;;;;;;;;;;;;;;;;;;;;;;;;;;;;;;;
2032;226777802;110618592;116159210;2628742;1736861;0.41;11.59;7.66;78.92;75.58;82.27;8.7;9.32;8.05;1.72;27.61;21.36;48.97;77.3;;;;;;;;;;;;;;;;;;;;;;;;;;;;;;;;
2033;227638581;111017537;116621044;2603540;1773877;0.38;11.44;7.79;79.05;75.72;82.39;8.57;9.18;7.92;1.71;27.32;22.01;49.33;80.33;;;;;;;;;;;;;;;;;;;;;;;;;;;;;;;;
2034;228437122;111386062;117051060;2579544;1812136;0.35;11.29;7.93;79.18;75.86;82.51;8.44;9.04;7.81;1.71;27.04;22.65;49.69;83.43;;;;;;;;;;;;;;;;;;;;;;;;;;;;;;;;
2035;229173685;111724392;117449293;2557147;1851454;0.32;11.16;8.08;79.3;75.99;82.62;8.32;8.92;7.7;1.71;26.76;23.28;50.04;87.08;;;;;;;;;;;;;;;;;;;;;;;;;;;;;;;;
2036;229847832;112032426;117815406;2534413;1891832;0.29;11.03;8.23;79.42;76.11;82.73;8.22;8.8;7.6;1.7;26.48;23.9;50.39;90.34;;;;;;;;;;;;;;;;;;;;;;;;;;;;;;;;
2037;230459062;112309958;118149104;2513030;1933167;0.27;10.9;8.39;79.53;76.23;82.83;8.12;8.69;7.51;1.7;26.22;24.52;50.74;93.68;;;;;;;;;;;;;;;;;;;;;;;;;;;;;;;;
2038;231007871;112557327;118450544;2493021;1975283;0.24;10.79;8.55;79.63;76.34;82.93;8.02;8.59;7.42;1.7;25.97;25.13;51.1;96.51;;;;;;;;;;;;;;;;;;;;;;;;;;;;;;;;
2039;231494650;112774820;118719830;2473758;2017958;0.21;10.69;8.72;79.73;76.45;83.02;7.93;8.49;7.34;1.7;25.74;25.77;51.52;100;;;;;;;;;;;;;;;;;;;;;;;;;;;;;;;;
2040;231919922;112962751;118957171;2455519;2060782;0.18;10.59;8.89;79.83;76.55;83.11;7.85;8.4;7.27;1.69;25.54;26.46;51.99;103.57;;;;;;;;;;;;;;;;;;;;;;;;;;;;;;;;
2041;232284233;113121438;119162795;2437785;2103915;0.16;10.49;9.06;79.92;76.65;83.2;7.77;8.32;7.2;1.69;25.35;27.18;52.53;107.23;;;;;;;;;;;;;;;;;;;;;;;;;;;;;;;;
2042;232588580;113251454;119337126;2422219;2147419;0.13;10.41;9.23;80;76.74;83.28;7.7;8.24;7.13;1.69;25.19;27.93;53.13;110.3;;;;;;;;;;;;;;;;;;;;;;;;;;;;;;;;
2043;232834065;113353443;119480622;2407325;2191168;0.11;10.34;9.41;80.09;76.83;83.36;7.63;8.16;7.06;1.69;25.06;28.73;53.78;114.72;;;;;;;;;;;;;;;;;;;;;;;;;;;;;;;;
2044;233020996;113427597;119593399;2392409;2234730;0.08;10.27;9.59;80.17;76.92;83.43;7.56;8.09;7;1.69;24.94;29.55;54.49;118.63;;;;;;;;;;;;;;;;;;;;;;;;;;;;;;;;
2045;233149625;113474061;119675564;2377677;2278119;0.06;10.2;9.77;80.24;77;83.5;7.5;8.02;6.95;1.68;24.85;30.4;55.25;122.5;;;;;;;;;;;;;;;;;;;;;;;;;;;;;;;;
2046;233220257;113493052;119727205;2363150;2321466;0.03;10.13;9.95;80.31;77.08;83.57;7.44;7.96;6.9;1.68;24.77;31.27;56.04;125.79;;;;;;;;;;;;;;;;;;;;;;;;;;;;;;;;
2047;233233670;113485011;119748659;2349527;2364398;0.01;10.07;10.14;80.38;77.16;83.63;7.39;7.9;6.84;1.68;24.72;32.17;56.89;129.75;;;;;;;;;;;;;;;;;;;;;;;;;;;;;;;;
2048;233190482;113450253;119740229;2335541;2407046;-0.02;10.02;10.32;80.45;77.23;83.7;7.33;7.84;6.8;1.68;24.68;33.08;57.76;134.62;;;;;;;;;;;;;;;;;;;;;;;;;;;;;;;;
2049;233090464;113388652;119701812;2320604;2449148;-0.04;9.96;10.51;80.51;77.3;83.75;7.29;7.79;6.75;1.68;24.66;33.99;58.64;138.06;;;;;;;;;;;;;;;;;;;;;;;;;;;;;;;;
2050;232933276;113300060;119633216;2304717;2490559;-0.07;9.89;10.69;80.57;77.37;83.81;7.24;7.74;6.71;1.68;24.64;34.88;59.52;142.21;;;;;;;;;;;;;;;;;;;;;;;;;;;;;;;;
2051;232719169;113184593;119534576;2288973;2531362;-0.09;9.84;10.88;80.63;77.43;83.86;7.2;7.69;6.67;1.67;24.63;35.76;60.38;144.81;;;;;;;;;;;;;;;;;;;;;;;;;;;;;;;;
2052;232448867;113042592;119406275;2273127;2571362;-0.12;9.78;11.06;80.68;77.49;83.91;7.16;7.65;6.64;1.67;24.62;36.62;61.24;148.37;;;;;;;;;;;;;;;;;;;;;;;;;;;;;;;;
2053;232122448;112874076;119248372;2255972;2610595;-0.14;9.72;11.25;80.74;77.55;83.96;7.12;7.61;6.6;1.67;24.62;37.45;62.07;151.97;;;;;;;;;;;;;;;;;;;;;;;;;;;;;;;;
2054;231739632;112678873;119060759;2237804;2648830;-0.16;9.66;11.43;80.78;77.61;84;7.08;7.57;6.57;1.67;24.62;38.26;62.89;155.63;;;;;;;;;;;;;;;;;;;;;;;;;;;;;;;;
2055;231300323;112456873;118843450;2218450;2686056;-0.19;9.59;11.61;80.83;77.66;84.04;7.05;7.54;6.54;1.67;24.63;39.05;63.68;159.33;;;;;;;;;;;;;;;;;;;;;;;;;;;;;;;;
2056;230805223;112208379;118596844;2199622;2722232;-0.21;9.53;11.79;80.88;77.71;84.08;7.02;7.5;6.51;1.67;24.63;39.81;64.43;161.33;;;;;;;;;;;;;;;;;;;;;;;;;;;;;;;;
2057;230255685;111934042;118321643;2180831;2757317;-0.24;9.47;11.98;80.92;77.76;84.12;6.99;7.47;6.48;1.66;24.62;40.52;65.15;164.43;;;;;;;;;;;;;;;;;;;;;;;;;;;;;;;;
2058;229652286;111634119;118018167;2161015;2791329;-0.26;9.41;12.15;80.96;77.81;84.16;6.96;7.44;6.46;1.66;24.62;41.22;65.84;168.24;;;;;;;;;;;;;;;;;;;;;;;;;;;;;;;;
2059;228995541;111308845;117686696;2141033;2824224;-0.29;9.35;12.33;81;77.86;84.19;6.94;7.41;6.44;1.66;24.61;41.91;66.53;170.27;;;;;;;;;;;;;;;;;;;;;;;;;;;;;;;;
2060;228286347;110958642;117327705;2120842;2856059;-0.31;9.29;12.51;81.04;77.9;84.23;6.91;7.39;6.42;1.66;24.61;42.62;67.23;173.47;;;;;;;;;;;;;;;;;;;;;;;;;;;;;;;;
Faixas etárias;;;;;;;;;;;;;;;;;;;;;;;;;;;;;;;;;;;;;;;;;;;;;;;;;;;
Total;;;;;;;;;;;;;;;;;;;;;;;;;;;;;;;;;;;;;;;;;;;;;;;;;;;
Faixa/Ano;2010;2011;2012;2013;2014;2015;2016;2017;2018;2019;2020;2021;2022;2023;2024;2025;2026;2027;2028;2029;2030;2031;2032;2033;2034;2035;2036;2037;2038;2039;2040;2041;2042;2043;2044;2045;2046;2047;2048;2049;2050;2051;2052;2053;2054;2055;2056;2057;2058;2059;2060
Total;194890682;196603732;198314934;200004188;201717541;203475683;205156587;206804741;208494900;210147125;211755692;213317639;214828540;216284269;217684462;219029093;220316530;221545234;222713669;223821305;224868462;225854415;226777802;227638581;228437122;229173685;229847832;230459062;231007871;231494650;231919922;232284233;232588580;232834065;233020996;233149625;233220257;233233670;233190482;233090464;232933276;232719169;232448867;232122448;231739632;231300323;230805223;230255685;229652286;228995541;228286347
0-4;14858280;14697433;14624301;14567170;14570070;14677159;14715112;14720776;14787557;14798332;14730311;14703281;14675523;14569055;14452355;14326234;14192256;14053426;13912226;13770272;13629815;13491399;13354905;13221642;13092489;12967369;12846604;12730937;12620549;12514918;12413588;12316709;12225086;12138798;12057106;11979238;11904624;11832490;11761709;11691308;11620256;11547982;11473958;11397201;11317212;11233863;11147191;11057520;10965028;10870292;10774218
05/set;15865195;15600504;15387507;15203145;15029641;14824271;14664918;14593299;14537829;14542132;14650311;14689394;14695773;14762671;14773628;14705941;14679311;14652033;14546208;14430226;14304778;14171490;14033278;13892710;13751331;13611405;13473529;13337523;13204728;13076037;12951361;12830995;12715703;12605672;12500387;12399373;12302790;12211456;12125433;12043993;11966376;11891973;11820071;11749531;11679356;11608504;11536459;11462615;11386046;11306224;11223031
out/14;17397304;17216843;16880174;16495325;16131984;15840860;15577214;15365237;15182024;15009676;14805478;14647164;14576191;14520972;14525347;14633526;14672711;14679300;14746432;14757724;14690423;14664114;14637176;14531700;14416109;14291049;14158125;14020272;13880038;13738984;13599376;13461829;13326122;13193611;13065182;12940762;12820626;12705545;12595720;12490655;12389855;12293466;12202305;12116445;12035156;11957694;11883455;11811703;11741278;11671246;11600532
15-19;17219086;17238401;17315601;17402809;17424089;17334096;17155615;16821630;16439846;16079464;15790863;15529387;15318916;15136923;14965724;14762869;14605891;14536019;14481942;14487286;14596110;14635967;14643187;14710785;14722659;14656163;14630405;14603997;14499263;14384409;14260078;14127872;13990752;13851207;13710840;13571863;13434947;13299846;13167907;13040010;12916108;12796510;12681921;12572557;12467934;12367551;12271531;12180736;12095228;12014265;11937109
20-24;17476779;17396868;17296030;17195219;17124785;17100769;17122881;17203520;17294780;17319853;17233266;17057794;16726717;16347561;15989803;15703800;15444924;15236871;15057313;14888503;14688175;14533531;14465563;14413260;14420025;14529708;14570602;14578856;14647162;14659931;14594614;14569782;14544238;14440723;14327061;14203946;14072906;13936948;13798559;13659314;13521425;13385549;13251456;13120499;12993545;12870528;12751775;12637977;12529386;12425516;12325847
25-29;17334110;17423848;17454135;17436877;17391346;17331851;17256322;17161679;17068593;17004904;16985866;17011218;17092427;17182193;17206153;17119972;16946247;16618500;16243415;15889766;15607291;15351552;15146240;14969263;14802897;14605190;14452983;14386955;14336521;14344709;14455193;14497153;14506501;14575436;14589082;14524961;14501063;14476422;14374170;14261783;14139942;14010163;13875462;13738287;13600246;13463536;13328803;13195813;13065893;12939931;12817887
30-34;15955949;16275019;16567575;16822855;17028854;17178656;17271648;17306947;17296659;17258318;17205416;17135646;17044190;16951251;16886952;16867543;16892885;16974395;17065211;17091062;17007393;16836728;16512899;16141856;15792033;15512843;15259983;15057188;14882572;14718488;14523256;14373318;14309113;14260407;14269902;14381026;14423898;14434174;14503630;14518027;14455019;14431957;14408126;14307058;14195853;14075191;13946610;13813084;13677088;13540196;13404578
35-39;14075108;14350827;14689558;15066579;15441748;15787821;16107943;16402815;16661965;16872342;17026545;17123723;17161844;17152616;17115112;17063584;16995707;16906691;16816670;16755274;16738294;16765601;16848588;16940702;16968189;16886844;16719129;16399166;16032170;15686230;15410325;15160396;14960090;14787787;14625966;14433207;14285523;14223058;14175984;14186704;14298311;14341981;14353071;14422945;14437977;14376076;14353778;14330671;14230768;14120755;14001307
40-44;13184170;13311309;13414041;13519509;13668343;13884283;14161178;14500831;14879035;15255513;15602974;15924417;16219710;16478229;16688213;16842846;16941312;16981681;16975459;16941357;16893256;16828804;16743240;16656520;16598022;16583446;16612647;16696902;16790065;16818996;16739962;16575282;16259556;15897111;15555535;15283397;15036761;14839171;14669407;14510049;14320041;14174828;14114206;14068807;14080737;14192649;14236987;14248844;14318948;14334584;14273861
45-49;11992439;12218181;12426314;12615601;12784211;12933598;13064058;13171048;13281287;13434076;13652504;13930420;14269004;14644402;15017933;15363171;15683089;15977567;16236139;16446903;16602926;16703462;16746553;16743579;16713006;16668492;16607681;16525845;16442743;16387431;16375387;16406437;16491724;16585608;16615819;16539189;16377988;16067408;15710668;15374594;15107158;14864721;14670479;14503796;14347422;14160785;14018586;13960052;13916591;13929788;14041783
50-54;10276773;10574366;10868062;11152415;11419933;11666086;11892707;12102371;12293932;12465329;12617804;12751592;12861867;12974530;13128538;13346782;13623237;13959030;14330885;14700984;15043388;15361008;15653779;15911350;16121912;16278600;16380728;16426408;16426757;16399939;16359306;16302574;16224958;16146006;16094242;16084875;16117711;16203642;16297801;16329111;16255195;16098244;15794311;15445094;15116301;14855005;14618039;14428117;14265353;14112793;13930535
55-59;8387564;8679820;8977656;9278724;9579705;9877881;10172542;10463716;10746091;11012111;11257277;11483368;11692613;11883880;12055490;12208751;12343963;12456465;12571436;12726473;12943766;13217366;13548288;13914012;14277951;14615019;14928011;15216929;15471607;15680383;15836527;15939411;15987269;15990939;15968053;15931630;15879345;15806522;15732281;15684468;15677945;15712380;15798347;15891980;15924009;15853162;15701406;15406171;15066946;14747850;14494713
60-64;6596741;6859058;7119004;7379912;7647936;7926230;8211893;8503042;8797470;9091910;9383728;9672175;9957156;10233460;10493988;10734491;10956693;11162776;11351609;11521660;11673982;11809015;11922324;12038067;12192258;12406090;12673729;12996043;13351492;13705082;14032901;14337648;14619346;14868106;15072540;15226101;15328313;15377469;15384059;15365094;15332980;15285499;15218052;15149158;15105746;15102049;15137666;15222586;15314436;15346470;15279016
65-69;4905988;5095516;5318713;5565313;5819304;6071240;6322755;6572590;6823731;7081680;7349244;7623733;7903288;8185834;8468411;8748627;9025766;9299757;9565627;9816554;10048512;10263166;10462649;10645868;10811283;10959940;11092321;11204363;11318835;11469648;11676652;11934133;12242752;12582173;12919685;13232909;13524376;13794222;14032965;14229585;14377822;14477368;14526754;14535915;14520894;14493445;14451348;14390212;14327671;14289289;14288480
70-74;3792042;3889352;3974955;4063519;4175947;4323465;4501441;4709484;4938529;5174388;5408663;5642901;5876091;6110754;6351769;6601500;6857600;7118354;7381902;7645534;7907040;8165785;8421765;8670307;8905063;9122289;9323635;9511104;9683679;9839876;9980630;10106571;10214158;10324288;10467931;10663049;10904126;11191369;11506226;11819031;12109555;12380193;12631212;12853724;13037277;13176002;13269879;13317776;13328895;13317878;13295484
75-79;2597990;2688798;2797237;2913384;3023576;3121818;3211601;3292375;3376250;3480536;3614389;3774018;3959070;4161906;4370673;4578361;4786387;4994114;5203523;5418622;5641260;5869405;6101656;6336314;6571128;6804078;7034690;7263005;7484798;7694408;7888458;8068562;8236631;8391702;8532383;8659541;8773851;8872509;8973811;9104799;9280868;9496727;9752138;10030863;10307408;10564467;10804204;11027068;11224976;11388373;11511971
80-84;1689444;1727063;1764898;1807817;1861166;1926871;2004365;2095235;2191860;2283815;2366558;2443191;2513706;2587330;2677251;2790280;2923509;3076687;3243763;3415649;3586931;3758879;3931160;4105249;4284098;4468984;4658301;4850986;5045614;5240341;5433588;5624985;5814637;5998934;6173117;6334346;6484201;6624391;6754088;6872004;6978835;7075422;7159683;7246694;7358416;7506972;7687508;7899218;8128899;8356311;8567809
85-89;830529;901360;954570;996763;1032554;1065148;1097017;1129489;1165517;1208442;1259330;1318006;1385731;1457236;1525459;1587405;1645581;1700356;1758056;1827478;1913020;2012666;2126181;2249361;2375978;2502391;2629690;2757777;2887609;3021064;3158814;3299768;3443164;3587930;3732788;3876586;4019065;4160416;4297807;4427602;4547659;4659375;4764254;4861528;4950167;5030651;5103867;5168499;5235780;5321722;5434778
90+;455191;459166;484603;521252;562349;603580;645377;688657;731945;774304;815165;856211;898723;943466;991663;1043410;1099461;1161212;1225853;1289978;1352102;1414477;1478371;1546036;1620691;1703785;1795039;1894806;2001669;2113776;2229906;2350808;2476780;2607627;2743377;2883626;3028143;3176612;3328257;3482333;3637926;3794831;3953061;4110366;4263976;4412193;4556131;4697023;4833076;4962058;5083408
Homens;;;;;;;;;;;;;;;;;;;;;;;;;;;;;;;;;;;;;;;;;;;;;;;;;;;
Faixa/Ano;2010;2011;2012;2013;2014;2015;2016;2017;2018;2019;2020;2021;2022;2023;2024;2025;2026;2027;2028;2029;2030;2031;2032;2033;2034;2035;2036;2037;2038;2039;2040;2041;2042;2043;2044;2045;2046;2047;2048;2049;2050;2051;2052;2053;2054;2055;2056;2057;2058;2059;2060
Total;95513298;96322635;97132054;97931331;98744098;99581002;100379640;101163599;101971173;102760295;103527689;104271843;104990487;105681529;106345043;106981304;107589495;108168830;108718587;109238514;109728762;110189007;110618592;111017537;111386062;111724392;112032426;112309958;112557327;112774820;112962751;113121438;113251454;113353443;113427597;113474061;113493052;113485011;113450253;113388652;113300060;113184593;113042592;112874076;112678873;112456873;112208379;111934042;111634119;111308845;110958642
0-4;7594516;7513761;7477567;7449337;7451690;7507226;7527223;7530642;7565301;7571223;7536789;7523299;7509386;7455164;7395678;7331364;7263006;7192133;7120032;7047528;6975778;6905062;6835307;6767195;6701192;6637231;6575502;6516373;6459937;6405936;6354123;6304598;6257751;6213632;6171861;6132043;6093885;6056997;6020798;5984802;5948471;5911502;5873639;5834370;5793447;5750809;5706456;5660575;5613249;5564770;5515605
05/set;8094637;7962532;7856445;7764679;7678145;7574960;7495049;7459700;7432381;7435509;7491634;7512252;7516076;7550810;7556858;7522618;7509351;7495730;7441882;7382807;7318878;7250909;7180401;7108665;7036481;6965042;6894634;6825161;6757331;6691592;6627900;6566392;6507477;6451252;6397457;6345822;6296474;6249795;6205831;6164206;6124537;6086502;6049752;6013699;5977830;5941609;5904776;5867020;5827860;5787041;5744493
out/14;8842587;8760868;8596730;8405865;8224795;8080135;7948620;7843086;7751948;7666040;7563501;7484190;7449226;7422072;7425264;7481411;7502112;7506047;7540921;7547162;7513141;7500066;7486634;7433002;7374143;7310452;7242697;7172400;7100861;7028875;6957623;6887413;6818125;6750468;6684877;6621345;6559981;6501187;6445082;6391415;6339911;6290699;6244133;6200276;6158737;6119162;6081226;6044568;6008592;5972801;5936671
15-19;8673836;8693267;8745322;8804210;8829069;8795446;8715095;8552810;8364062;8185062;8042202;7912260;7807878;7717747;7632793;7531320;7453057;7418949;7392651;7396587;7453221;7474403;7478801;7514010;7520683;7487251;7474592;7461547;7408463;7350163;7287028;7219811;7150062;7079046;7007575;6936806;6867067;6798239;6731019;6665837;6602699;6541729;6483312;6427561;6374235;6323041;6274127;6227836;6184244;6142973;6103630
20-24;8746116;8711375;8663577;8614902;8583358;8578611;8600164;8654720;8716490;8744065;8712945;8634909;8475014;8288587;8111918;7971317;7843582;7741213;7653070;7570037;7470597;7394220;7361652;7336794;7341891;7399228;7421254;7426487;7462264;7469669;7437195;7425286;7412946;7360848;7303529;7241380;7175120;7106330;7036251;6965698;6895815;6826928;6758931;6692510;6628106;6565701;6505416;6447653;6392537;6339825;6289218
25-29;8574606;8629711;8657414;8662143;8651184;8630266;8598875;8555561;8512314;8485534;8484394;8508378;8563553;8624538;8651626;8621118;8544666;8387530;8204388;8031009;7893232;7767999;7667829;7581750;7500675;7403356;7328943;7297950;7274594;7280847;7338836;7361712;7367822;7404119;7412226;7380713;7369573;7357978;7306911;7250628;7189512;7124285;7056509;6987423;6917849;6848930;6780967;6713878;6648312;6584723;6523112
30-34;7821287;7982363;8131551;8263753;8373348;8457008;8514439;8545686;8555280;8549320;8532944;8505514;8464499;8421615;8394693;8393527;8417664;8473141;8534872;8563312;8534665;8460519;8306365;8126302;7955838;7820545;7697488;7599240;7514973;7435649;7340229;7267552;7237960;7215936;7223197;7281677;7305262;7312099;7348805;7357492;7326843;7316343;7305373;7255224;7199860;7139664;7075362;7008494;6940318;6871646;6803583
35-39;6857527;6990523;7155946;7341635;7527745;7700900;7862666;8013399;8148183;8260741;8347421;8407755;8440996;8451369;8446055;8430688;8404634;8365378;8324589;8299702;8300209;8325674;8382118;8444696;8474256;8447253;8375224;8223858;8046719;7879049;7746136;7625181;7528741;7446144;7368454;7274845;7203808;7175501;7154681;7162834;7221685;7245877;7253323;7290325;7299496;7269639;7259722;7249292;7200007;7145508;7086207
40-44;6405478;6465519;6511227;6557089;6624863;6727359;6861189;7027271;7213769;7400750;7574836;7737477;7888496;8022898;8135221;8222214;8283430;8318165;8330545;8327522;8314471;8290745;8253830;8215289;8192354;8194452;8221147;8278370;8341585;8372088;8346626;8276663;8128189;7954176;7789503;7659150;7540448;7445888;7365050;7289066;7197348;7128025;7100999;7081359;7090362;7149455;7174123;7182135;7219317;7228927;7199896
45-49;5768516;5880219;5985481;6082367;6167931;6241647;6303978;6352579;6401687;6472175;6576419;6711034;6876531;7061277;7246407;7419108;7580798;7731316;7865760;7978594;8066468;8128987;8165432;8179855;8179060;8168292;8146911;8112423;8076237;8055349;8059034;8086849;8144623;8208179;8239414;8215443;8147699;8002569;7832277;7671186;7543900;7427925;7335566;7256745;7182722;7093220;7025894;7000246;6981909;6991754;7050917
50-54;4900002;5040349;5178764;5313246;5441195;5561009;5673316;5779573;5877917;5965268;6041008;6105571;6156429;6207294;6278778;6383077;6516900;6680739;6863310;7046315;7217244;7377487;7526925;7660698;7773367;7861606;7925036;7962995;7979372;7980824;7972437;7953589;7921753;7888179;7869486;7874764;7903569;7961564;8025093;8056849;8034455;7969304;7828334;7662799;7506320;7382926;7270417;7180814;7104474;7032873;6946162
55-59;3954821;4089187;4227766;4368987;4510555;4650762;4789417;4926386;5059761;5186871;5306101;5418069;5523994;5622071;5709488;5785731;5851268;5903677;5956190;6028485;6132308;6264412;6425224;6603964;6783080;6950611;7107892;7254823;7386666;7498065;7585774;7649457;7688505;7706661;7710316;7704363;7688149;7659220;7628530;7612199;7619074;7648657;7706356;7769208;7801082;7780353;7718248;7582612;7423293;7272866;7154556
60-64;3081961;3198692;3313737;3429277;3548963;3674713;3805186;3939707;4076794;4214303;4350563;4485379;4618536;4748149;4871821;4988027;5097383;5201061;5297302;5383487;5458969;5524298;5577221;5630273;5702081;5803746;5932098;6087478;6259725;6432268;6593867;6745779;6887959;7015825;7124175;7209866;7272652;7311982;7331395;7336975;7333300;7319725;7293901;7266311;7252466;7260725;7290580;7347073;7408221;7439552;7420473
65-69;2253998;2339108;2439108;2549140;2661907;2773210;2883883;2993314;3103440;3217426;3337000;3460918;3588535;3718492;3848844;3978090;4106032;4232502;4355732;4473440;4584216;4688647;4787847;4880176;4963105;5036045;5099560;5151653;5203924;5273663;5371091;5493166;5640066;5802391;5964930;6117373;6260872;6395434;6516731;6619770;6701600;6762068;6800700;6820803;6827971;6826458;6815605;6793193;6769102;6757874;6767303
70-74;1689818;1732563;1770303;1809593;1859518;1924795;2003224;2094581;2194687;2297297;2398778;2499910;2600243;2701380;2806006;2915566;3028989;3145702;3264515;3383680;3501868;3618911;3734717;3847628;3955595;4057304;4153367;4244811;4330120;4406952;4474742;4534111;4583407;4633065;4698510;4788775;4900975;5035044;5182591;5330211;5468808;5599462;5722265;5833225;5927673;6002895;6058911;6095418;6115370;6123684;6124121
75-79;1105206;1144121;1190922;1240998;1288273;1330216;1368574;1403314;1439622;1484658;1542105;1610235;1688895;1774682;1862608;1949716;2036732;2123408;2210961;2301516;2396166;2494028;2594665;2697044;2799720;2901547;3002440;3102353;3199832;3293112;3381052;3464237;3543625;3617852;3684841;3744109;3796312;3840217;3884676;3942722;4021823;4119269;4234768;4361237;4487603;4606394;4718561;4824282;4920042;5001664;5066803
80-84;677628;692280;707304;724631;746369;773094;804695;841980;881564;919059;952619;983758;1012641;1042996;1079956;1126100;1180178;1242110;1309326;1378193;1446541;1514999;1583484;1652852;1724591;1799420;1876683;1956079;2036796;2117674;2197885;2277383;2356175;2433074;2506675;2576080;2641835;2704769;2763770;2817079;2864310;2906165;2941812;2978203;3025436;3089091;3166772;3257946;3357133;3456065;3549148
85-89;314944;340306;359247;374268;387076;398787;410381;422377;435871;452078;471252;493422;519178;546326;572074;595279;617114;637836;659812;686235;718616;756161;798785;844827;891952;938795;985869;1033177;1081264;1131002;1182750;1236101;1290875;1346482;1402163;1457337;1512013;1566262;1619219;1669886;1717634;1762927;1806456;1847353;1884307;1917047;1946213;1971377;1997388;2031094;2076107
90+;155814;155891;163643;175211;188114;200858;213666;226913;240102;252916;265178;277513;290381;304062;318955;335033;352599;372193;392729;412903;432174;451480;471355;492517;515998;542216;571089;602780;636664;672043;708423;746158;785393;826114;868408;912170;957358;1003936;1051543;1099797;1148335;1197201;1246463;1295445;1343371;1389754;1435003;1479630;1522751;1563205;1600637
Mulheres;;;;;;;;;;;;;;;;;;;;;;;;;;;;;;;;;;;;;;;;;;;;;;;;;;;
Faixa/Ano;2010;2011;2012;2013;2014;2015;2016;2017;2018;2019;2020;2021;2022;2023;2024;2025;2026;2027;2028;2029;2030;2031;2032;2033;2034;2035;2036;2037;2038;2039;2040;2041;2042;2043;2044;2045;2046;2047;2048;2049;2050;2051;2052;2053;2054;2055;2056;2057;2058;2059;2060
Total;99377384;100281097;101182880;102072857;102973443;103894681;104776947;105641142;106523727;107386830;108228003;109045796;109838053;110602740;111339419;112047789;112727035;113376404;113995082;114582791;115139700;115665408;116159210;116621044;117051060;117449293;117815406;118149104;118450544;118719830;118957171;119162795;119337126;119480622;119593399;119675564;119727205;119748659;119740229;119701812;119633216;119534576;119406275;119248372;119060759;118843450;118596844;118321643;118018167;117686696;117327705
0-4;7263764;7183672;7146734;7117833;7118380;7169933;7187889;7190134;7222256;7227109;7193522;7179982;7166137;7113891;7056677;6994870;6929250;6861293;6792194;6722744;6654037;6586337;6519598;6454447;6391297;6330138;6271102;6214564;6160612;6108982;6059465;6012111;5967335;5925166;5885245;5847195;5810739;5775493;5740911;5706506;5671785;5636480;5600319;5562831;5523765;5483054;5440735;5396945;5351779;5305522;5258613
05/set;7770558;7637972;7531062;7438466;7351496;7249311;7169869;7133599;7105448;7106623;7158677;7177142;7179697;7211861;7216770;7183323;7169960;7156303;7104326;7047419;6985900;6920581;6852877;6784045;6714850;6646363;6578895;6512362;6447397;6384445;6323461;6264603;6208226;6154420;6102930;6053551;6006316;5961661;5919602;5879787;5841839;5805471;5770319;5735832;5701526;5666895;5631683;5595595;5558186;5519183;5478538
out/14;8554717;8455975;8283444;8089460;7907189;7760725;7628594;7522151;7430076;7343636;7241977;7162974;7126965;7098900;7100083;7152115;7170599;7173253;7205511;7210562;7177282;7164048;7150542;7098698;7041966;6980597;6915428;6847872;6779177;6710109;6641753;6574416;6507997;6443143;6380305;6319417;6260645;6204358;6150638;6099240;6049944;6002767;5958172;5916169;5876419;5838532;5802229;5767135;5732686;5698445;5663861
15-19;8545250;8545134;8570279;8598599;8595020;8538650;8440520;8268820;8075784;7894402;7748661;7617127;7511038;7419176;7332931;7231549;7152834;7117070;7089291;7090699;7142889;7161564;7164386;7196775;7201976;7168912;7155813;7142450;7090800;7034246;6973050;6908061;6840690;6772161;6703265;6635057;6567880;6501607;6436888;6374173;6313409;6254781;6198609;6144996;6093699;6044510;5997404;5952900;5910984;5871292;5833479
20-24;8730663;8685493;8632453;8580317;8541427;8522158;8522717;8548800;8578290;8575788;8520321;8422885;8251703;8058974;7877885;7732483;7601342;7495658;7404243;7318466;7217578;7139311;7103911;7076466;7078134;7130480;7149348;7152369;7184898;7190262;7157419;7144496;7131292;7079875;7023532;6962566;6897786;6830618;6762308;6693616;6625610;6558621;6492525;6427989;6365439;6304827;6246359;6190324;6136849;6085691;6036629
25-29;8759504;8794137;8796721;8774734;8740162;8701585;8657447;8606118;8556279;8519370;8501472;8502840;8528874;8557655;8554527;8498854;8401581;8230970;8039027;7858757;7714059;7583553;7478411;7387513;7302222;7201834;7124040;7089005;7061927;7063862;7116357;7135441;7138679;7171317;7176856;7144248;7131490;7118444;7067259;7011155;6950430;6885878;6818953;6750864;6682397;6614606;6547836;6481935;6417581;6355208;6294775
30-34;8134662;8292656;8436024;8559102;8655506;8721648;8757209;8761261;8741379;8708998;8672472;8630132;8579691;8529636;8492259;8474016;8475221;8501254;8530339;8527750;8472728;8376209;8206534;8015554;7836195;7692298;7562495;7457948;7367599;7282839;7183027;7105766;7071153;7044471;7046705;7099349;7118636;7122075;7154825;7160535;7128176;7115614;7102753;7051834;6995993;6935527;6871248;6804590;6736770;6668550;6600995
35-39;7217581;7360304;7533612;7724944;7914003;8086921;8245277;8389416;8513782;8611601;8679124;8715968;8720848;8701247;8669057;8632896;8591073;8541313;8492081;8455572;8438085;8439927;8466470;8496006;8493933;8439591;8343905;8175308;7985451;7807181;7664189;7535215;7431349;7341643;7257512;7158362;7081715;7047557;7021303;7023870;7076626;7096104;7099748;7132620;7138481;7106437;7094056;7081379;7030761;6975247;6915100
40-44;6778692;6845790;6902814;6962420;7043480;7156924;7299989;7473560;7665266;7854763;8028138;8186940;8331214;8455331;8552992;8620632;8657882;8663516;8644914;8613835;8578785;8538059;8489410;8441231;8405668;8388994;8391500;8418532;8448480;8446908;8393336;8298619;8131367;7942935;7766032;7624247;7496313;7393283;7304357;7220983;7122693;7046803;7013207;6987448;6990375;7043194;7062864;7066709;7099631;7105657;7073965
45-49;6223923;6337962;6440833;6533234;6616280;6691951;6760080;6818469;6879600;6961901;7076085;7219386;7392473;7583125;7771526;7944063;8102291;8246251;8370379;8468309;8536458;8574475;8581121;8563724;8533946;8500200;8460770;8413422;8366506;8332082;8316353;8319588;8347101;8377429;8376405;8323746;8230289;8064839;7878391;7703408;7563258;7436796;7334913;7247051;7164700;7067565;6992692;6959806;6934682;6938034;6990866
50-54;5376771;5534017;5689298;5839169;5978738;6105077;6219391;6322798;6416015;6500061;6576796;6646021;6705438;6767236;6849760;6963705;7106337;7278291;7467575;7654669;7826144;7983521;8126854;8250652;8348545;8416994;8455692;8463413;8447385;8419115;8386869;8348985;8303205;8257827;8224756;8210111;8214142;8242078;8272708;8272262;8220740;8128940;7965977;7782295;7609981;7472079;7347622;7247303;7160879;7079920;6984373
55-59;4432743;4590633;4749890;4909737;5069150;5227119;5383125;5537330;5686330;5825240;5951176;6065299;6168619;6261809;6346002;6423020;6492695;6552788;6615246;6697988;6811458;6952954;7123064;7310048;7494871;7664408;7820119;7962106;8084941;8182318;8250753;8289954;8298764;8284278;8257737;8227267;8191196;8147302;8103751;8072269;8058871;8063723;8091991;8122772;8122927;8072809;7983158;7823559;7643653;7474984;7340157
60-64;3514780;3660366;3805267;3950635;4098973;4251517;4406707;4563335;4720676;4877607;5033165;5186796;5338620;5485311;5622167;5746464;5859310;5961715;6054307;6138173;6215013;6284717;6345103;6407794;6490177;6602344;6741631;6908565;7091767;7272814;7439034;7591869;7731387;7852281;7948365;8016235;8055661;8065487;8052664;8028119;7999680;7965774;7924151;7882847;7853280;7841324;7847086;7875513;7906215;7906918;7858543
65-69;2651990;2756408;2879605;3016173;3157397;3298030;3438872;3579276;3720291;3864254;4012244;4162815;4314753;4467342;4619567;4770537;4919734;5067255;5209895;5343114;5464296;5574519;5674802;5765692;5848178;5923895;5992761;6052710;6114911;6195985;6305561;6440967;6602686;6779782;6954755;7115536;7263504;7398788;7516234;7609815;7676222;7715300;7726054;7715112;7692923;7666987;7635743;7597019;7558569;7531415;7521177
70-74;2102224;2156789;2204652;2253926;2316429;2398670;2498217;2614903;2743842;2877091;3009885;3142991;3275848;3409374;3545763;3685934;3828611;3972652;4117387;4261854;4405172;4546874;4687048;4822679;4949468;5064985;5170268;5266293;5353559;5432924;5505888;5572460;5630751;5691223;5769421;5874274;6003151;6156325;6323635;6488820;6640747;6780731;6908947;7020499;7109604;7173107;7210968;7222358;7213525;7194194;7171363
75-79;1492784;1544677;1606315;1672386;1735303;1791602;1843027;1889061;1936628;1995878;2072284;2163783;2270175;2387224;2508065;2628645;2749655;2870706;2992562;3117106;3245094;3375377;3506991;3639270;3771408;3902531;4032250;4160652;4284966;4401296;4507406;4604325;4693006;4773850;4847542;4915432;4977539;5032292;5089135;5162077;5259045;5377458;5517370;5669626;5819805;5958073;6085643;6202786;6304934;6386709;6445168
80-84;1011816;1034783;1057594;1083186;1114797;1153777;1199670;1253255;1310296;1364756;1413939;1459433;1501065;1544334;1597295;1664180;1743331;1834577;1934437;2037456;2140390;2243880;2347676;2452397;2559507;2669564;2781618;2894907;3008818;3122667;3235703;3347602;3458462;3565860;3666442;3758266;3842366;3919622;3990318;4054925;4114525;4169257;4217871;4268491;4332980;4417881;4520736;4641272;4771766;4900246;5018661
85-89;515585;561054;595323;622495;645478;666361;686636;707112;729646;756364;788078;824584;866553;910910;953385;992126;1028467;1062520;1098244;1141243;1194404;1256505;1327396;1404534;1484026;1563596;1643821;1724600;1806345;1890062;1976064;2063667;2152289;2241448;2330625;2419249;2507052;2594154;2678588;2757716;2830025;2896448;2957798;3014175;3065860;3113604;3157654;3197122;3238392;3290628;3358671
90+;299377;303275;320960;346041;374235;402722;431711;461744;491843;521388;549987;578698;608342;639404;672708;708377;746862;789019;833124;877075;919928;962997;1007016;1053519;1104693;1161569;1223950;1292026;1365005;1441733;1521483;1604650;1691387;1781513;1874969;1971456;2070785;2172676;2276714;2382536;2489591;2597630;2706598;2814921;2920605;3022439;3121128;3217393;3310325;3398853;3482771
