Ceará;;;;;;;;;;;;;;;;;;;;;;;;;;;;;;;;;;;;;;;;;;;;;;;;;;;
Dados;;;;;;;;;;;;;;;;;;;;;;;;;;;;;;;;;;;;;;;;;;;;;;;;;;;
Ano;População total;Homens;Mulheres;Nascimentos;Óbitos;Taxa de Crescimento Geométrico;Taxa Bruta de Natalidade;Taxa Bruta de Mortalidade;Esperança de Vida ao Nascer;Esperança de Vida ao Nascer - Homens;Esperança de Vida ao Nascer - Mulheres;Taxa de Mortalidade Infantil;Taxa de Mortalidade Infantil - Homens;Taxa de Mortalidade Infantil - Mulheres;Taxa de Fecundidade Total;Razão de Dependência - Jovens 0 a 14 anos;Razão de Dependência - Idosos 65 ou mais anos;Razão de Dependência;Índice de Envelhecimento;;;;;;;;;;;;;;;;;;;;;;;;;;;;;;;;
2010;8623766;4205272;4418494;133724;61299;x;15.51;7.11;72.4;68.49;76.4;19.68;21.67;17.59;1.75;39.91;11.41;51.32;28.41;;;;;;;;;;;;;;;;;;;;;;;;;;;;;;;;
2011;8681591;4231006;4450585;133209;61334;0.67;15.34;7.06;72.65;68.74;76.66;18.57;20.36;16.68;1.73;38.5;11.49;49.99;29.96;;;;;;;;;;;;;;;;;;;;;;;;;;;;;;;;
2012;8738045;4256030;4482015;130855;61605;0.65;14.98;7.05;72.91;68.98;76.91;17.56;19.18;15.86;1.68;37.1;11.6;48.7;31.2;;;;;;;;;;;;;;;;;;;;;;;;;;;;;;;;
2013;8792607;4280105;4512502;129636;61979;0.62;14.74;7.05;73.15;69.22;77.16;16.65;18.12;15.1;1.65;35.76;11.74;47.5;33.06;;;;;;;;;;;;;;;;;;;;;;;;;;;;;;;;
2014;8847031;4304146;4542885;130986;62444;0.62;14.81;7.06;73.39;69.46;77.39;15.81;17.16;14.4;1.66;34.57;11.89;46.46;34.32;;;;;;;;;;;;;;;;;;;;;;;;;;;;;;;;
2015;8905267;4330182;4575085;137806;62959;0.66;15.47;7.07;73.62;69.69;77.62;15.07;16.3;13.77;1.74;33.64;12.06;45.7;35.93;;;;;;;;;;;;;;;;;;;;;;;;;;;;;;;;
2016;8962834;4355918;4606916;130201;63430;0.65;14.53;7.08;73.85;69.91;77.85;14.4;15.54;13.2;1.64;32.9;12.24;45.14;37;;;;;;;;;;;;;;;;;;;;;;;;;;;;;;;;
2017;9018764;4380860;4637904;135072;63931;0.62;14.98;7.09;74.07;70.13;78.06;13.79;14.85;12.67;1.7;32.27;12.45;44.72;38.57;;;;;;;;;;;;;;;;;;;;;;;;;;;;;;;;
2018;9076426;4406739;4669687;134319;64518;0.64;14.8;7.11;74.28;70.34;78.26;13.24;14.23;12.2;1.7;31.8;12.67;44.47;40;;;;;;;;;;;;;;;;;;;;;;;;;;;;;;;;
2019;9132858;4432035;4700823;133350;65101;0.62;14.6;7.13;74.48;70.55;78.46;12.75;13.68;11.77;1.69;31.43;12.91;44.35;40.83;;;;;;;;;;;;;;;;;;;;;;;;;;;;;;;;
2020;9187886;4456662;4731224;132295;65736;0.6;14.4;7.15;74.68;70.75;78.65;12.31;13.19;11.38;1.69;31.05;13.17;44.21;42.33;;;;;;;;;;;;;;;;;;;;;;;;;;;;;;;;
2021;9241366;4480553;4760813;131131;66409;0.58;14.19;7.19;74.88;70.95;78.84;11.91;12.75;11.03;1.68;30.65;13.43;44.09;43.66;;;;;;;;;;;;;;;;;;;;;;;;;;;;;;;;
2022;9293112;4503609;4789503;129802;67145;0.56;13.97;7.23;75.07;71.15;79.02;11.56;12.36;10.72;1.68;30.31;13.72;44.03;45.24;;;;;;;;;;;;;;;;;;;;;;;;;;;;;;;;
2023;9342908;4525723;4817185;128344;67955;0.54;13.74;7.27;75.25;71.34;79.19;11.24;12.01;10.43;1.68;30.01;14.03;44.04;46.63;;;;;;;;;;;;;;;;;;;;;;;;;;;;;;;;
2024;9390560;4546808;4843752;126753;68817;0.51;13.5;7.33;75.43;71.52;79.35;10.95;11.7;10.17;1.67;29.74;14.39;44.14;48.54;;;;;;;;;;;;;;;;;;;;;;;;;;;;;;;;
2025;9435907;4566789;4869118;125101;69757;0.48;13.26;7.39;75.6;71.7;79.51;10.7;11.42;9.94;1.67;29.53;14.81;44.34;50.24;;;;;;;;;;;;;;;;;;;;;;;;;;;;;;;;
2026;9478838;4585617;4893221;123421;70747;0.45;13.02;7.46;75.76;71.88;79.66;10.47;11.17;9.74;1.67;29.34;15.28;44.61;52.22;;;;;;;;;;;;;;;;;;;;;;;;;;;;;;;;
2027;9519244;4603243;4916001;121672;71815;0.43;12.78;7.54;75.92;72.05;79.81;10.26;10.95;9.55;1.67;29.16;15.8;44.96;54.23;;;;;;;;;;;;;;;;;;;;;;;;;;;;;;;;
2028;9557007;4619611;4937396;119873;72916;0.4;12.54;7.63;76.08;72.22;79.95;10.08;10.75;9.38;1.66;29;16.36;45.36;56.78;;;;;;;;;;;;;;;;;;;;;;;;;;;;;;;;
2029;9592073;4634695;4957378;118080;74050;0.37;12.31;7.72;76.23;72.38;80.08;9.92;10.57;9.23;1.66;28.82;16.94;45.76;58.59;;;;;;;;;;;;;;;;;;;;;;;;;;;;;;;;
2030;9624466;4648505;4975961;116407;75229;0.34;12.09;7.82;76.37;72.54;80.21;9.77;10.42;9.1;1.66;28.53;17.52;46.05;61.54;;;;;;;;;;;;;;;;;;;;;;;;;;;;;;;;
2031;9654132;4661008;4993124;114761;76400;0.31;11.89;7.91;76.52;72.69;80.34;9.64;10.28;8.98;1.66;28.24;18.1;46.35;64.25;;;;;;;;;;;;;;;;;;;;;;;;;;;;;;;;
2032;9680942;4672135;5008807;113098;77634;0.28;11.68;8.02;76.65;72.84;80.46;9.53;10.15;8.87;1.66;27.96;18.71;46.66;67.02;;;;;;;;;;;;;;;;;;;;;;;;;;;;;;;;
2033;9704871;4681877;5022994;111521;78922;0.25;11.49;8.13;76.78;72.99;80.57;9.42;10.04;8.77;1.66;27.61;19.31;46.92;69.68;;;;;;;;;;;;;;;;;;;;;;;;;;;;;;;;
2034;9725938;4690245;5035693;110014;80273;0.22;11.31;8.25;76.91;73.13;80.68;9.33;9.94;8.68;1.65;27.26;19.9;47.16;72.97;;;;;;;;;;;;;;;;;;;;;;;;;;;;;;;;
2035;9744180;4697265;5046915;108623;81674;0.19;11.15;8.38;77.03;73.27;80.79;9.25;9.86;8.6;1.65;26.91;20.48;47.4;75.96;;;;;;;;;;;;;;;;;;;;;;;;;;;;;;;;
2036;9759629;4702961;5056668;107302;83148;0.16;10.99;8.52;77.15;73.4;80.89;9.17;9.78;8.53;1.65;26.56;21.06;47.62;79.44;;;;;;;;;;;;;;;;;;;;;;;;;;;;;;;;
2037;9772281;4707333;5064948;106019;84663;0.13;10.85;8.66;77.26;73.53;80.99;9.11;9.71;8.47;1.65;26.22;21.62;47.84;82.49;;;;;;;;;;;;;;;;;;;;;;;;;;;;;;;;
2038;9782155;4710401;5071754;104839;86241;0.1;10.72;8.82;77.37;73.66;81.08;9.04;9.65;8.42;1.65;25.89;22.19;48.08;85.71;;;;;;;;;;;;;;;;;;;;;;;;;;;;;;;;
2039;9789317;4712199;5077118;103756;87824;0.07;10.6;8.97;77.48;73.78;81.17;8.99;9.59;8.37;1.65;25.57;22.78;48.35;89.53;;;;;;;;;;;;;;;;;;;;;;;;;;;;;;;;
2040;9793834;4712761;5081073;102731;89422;0.05;10.49;9.13;77.58;73.9;81.25;8.95;9.54;8.32;1.65;25.29;23.4;48.69;92.35;;;;;;;;;;;;;;;;;;;;;;;;;;;;;;;;
2041;9795742;4712108;5083634;101760;91047;0.02;10.39;9.29;77.68;74.02;81.33;8.91;9.5;8.28;1.65;25.02;24.07;49.09;95.83;;;;;;;;;;;;;;;;;;;;;;;;;;;;;;;;
2042;9795059;4710248;5084811;100852;92726;-0.01;10.3;9.47;77.77;74.13;81.41;8.87;9.46;8.25;1.65;24.79;24.77;49.56;100;;;;;;;;;;;;;;;;;;;;;;;;;;;;;;;;
2043;9791826;4707206;5084620;100013;94397;-0.03;10.21;9.64;77.87;74.24;81.49;8.84;9.42;8.21;1.65;24.58;25.51;50.09;103.66;;;;;;;;;;;;;;;;;;;;;;;;;;;;;;;;
2044;9786100;4703009;5083091;99239;96102;-0.06;10.14;9.82;77.95;74.35;81.56;8.81;9.39;8.18;1.65;24.4;26.29;50.69;107.41;;;;;;;;;;;;;;;;;;;;;;;;;;;;;;;;
2045;9777877;4697657;5080220;98447;97826;-0.08;10.07;10;78.04;74.45;81.63;8.78;9.36;8.16;1.65;24.25;27.1;51.35;111.88;;;;;;;;;;;;;;;;;;;;;;;;;;;;;;;;
2046;9767129;4691143;5075986;97652;99563;-0.11;10;10.19;78.13;74.55;81.7;8.75;9.34;8.14;1.65;24.12;27.94;52.06;115.72;;;;;;;;;;;;;;;;;;;;;;;;;;;;;;;;
2047;9753853;4683466;5070387;96891;101325;-0.14;9.93;10.39;78.2;74.64;81.76;8.73;9.32;8.12;1.65;24.02;28.81;52.84;120.38;;;;;;;;;;;;;;;;;;;;;;;;;;;;;;;;
2048;9738051;4674630;5063421;96138;103102;-0.16;9.87;10.59;78.28;74.74;81.82;8.71;9.3;8.1;1.65;23.95;29.72;53.67;123.72;;;;;;;;;;;;;;;;;;;;;;;;;;;;;;;;
2049;9719721;4664640;5055081;95390;104879;-0.19;9.81;10.79;78.35;74.83;81.88;8.69;9.28;8.08;1.65;23.9;30.67;54.57;127.74;;;;;;;;;;;;;;;;;;;;;;;;;;;;;;;;
2050;9698820;4653481;5045339;94569;106675;-0.22;9.75;11;78.42;74.92;81.93;8.68;9.27;8.07;1.64;23.87;31.66;55.53;133.33;;;;;;;;;;;;;;;;;;;;;;;;;;;;;;;;
2051;9675292;4641128;5034164;93704;108447;-0.24;9.68;11.21;78.5;75;81.98;8.66;9.25;8.05;1.64;23.87;32.69;56.56;137.5;;;;;;;;;;;;;;;;;;;;;;;;;;;;;;;;
2052;9649120;4627576;5021544;92845;110240;-0.27;9.62;11.42;78.56;75.08;82.04;8.65;9.24;8.04;1.64;23.88;33.76;57.64;140.79;;;;;;;;;;;;;;;;;;;;;;;;;;;;;;;;
2053;9620296;4612827;5007469;91941;111985;-0.3;9.56;11.64;78.63;75.16;82.08;8.65;9.23;8.03;1.64;23.91;34.84;58.75;145.03;;;;;;;;;;;;;;;;;;;;;;;;;;;;;;;;
2054;9588823;4596884;4991939;91017;113712;-0.33;9.49;11.86;78.69;75.24;82.13;8.64;9.22;8.02;1.64;23.95;35.93;59.88;150;;;;;;;;;;;;;;;;;;;;;;;;;;;;;;;;
2055;9554693;4579739;4974954;90019;115379;-0.36;9.42;12.08;78.74;75.31;82.17;8.63;9.21;8.01;1.64;23.99;37.01;61;154.36;;;;;;;;;;;;;;;;;;;;;;;;;;;;;;;;
2056;9517922;4561396;4956526;89007;116983;-0.38;9.35;12.29;78.8;75.39;82.22;8.62;9.2;8.01;1.64;24.04;38.07;62.11;158.78;;;;;;;;;;;;;;;;;;;;;;;;;;;;;;;;
2057;9478556;4541878;4936678;88002;118551;-0.41;9.28;12.51;78.86;75.45;82.26;8.61;9.19;8;1.64;24.09;39.13;63.21;162.16;;;;;;;;;;;;;;;;;;;;;;;;;;;;;;;;
2058;9436622;4521197;4915425;86961;120074;-0.44;9.22;12.72;78.91;75.52;82.3;8.61;9.19;7.99;1.64;24.13;40.17;64.31;166.67;;;;;;;;;;;;;;;;;;;;;;;;;;;;;;;;
2059;9392152;4499364;4892788;85923;121544;-0.47;9.15;12.94;78.96;75.59;82.33;8.6;9.18;7.99;1.64;24.18;41.24;65.42;170.55;;;;;;;;;;;;;;;;;;;;;;;;;;;;;;;;
2060;9345192;4476397;4868795;84872;122964;-0.5;9.08;13.16;79.01;75.65;82.37;8.6;9.18;7.98;1.64;24.23;42.32;66.55;173.97;;;;;;;;;;;;;;;;;;;;;;;;;;;;;;;;
Faixas etárias;;;;;;;;;;;;;;;;;;;;;;;;;;;;;;;;;;;;;;;;;;;;;;;;;;;
Total;;;;;;;;;;;;;;;;;;;;;;;;;;;;;;;;;;;;;;;;;;;;;;;;;;;
Faixa/Ano;2010;2011;2012;2013;2014;2015;2016;2017;2018;2019;2020;2021;2022;2023;2024;2025;2026;2027;2028;2029;2030;2031;2032;2033;2034;2035;2036;2037;2038;2039;2040;2041;2042;2043;2044;2045;2046;2047;2048;2049;2050;2051;2052;2053;2054;2055;2056;2057;2058;2059;2060
Total;8623766;8681591;8738045;8792607;8847031;8905267;8962834;9018764;9076426;9132858;9187886;9241366;9293112;9342908;9390560;9435907;9478838;9519244;9557007;9592073;9624466;9654132;9680942;9704871;9725938;9744180;9759629;9772281;9782155;9789317;9793834;9795742;9795059;9791826;9786100;9777877;9767129;9753853;9738051;9719721;9698820;9675292;9649120;9620296;9588823;9554693;9517922;9478556;9436622;9392152;9345192
0-4;683955;672445;662736;653336;646686;646932;648079;649217;654117;658031;656863;654978;653178;647916;641985;635426;628287;620665;612647;604339;595905;587458;579045;570770;562729;554959;547479;540342;533581;527222;521247;515623;510355;505438;500837;496504;492371;488393;484530;480717;476906;473041;469093;465020;460784;456371;451799;447078;442219;437232;432163
05/set;731602;717272;705178;696488;689901;679900;668505;658901;649600;643033;643343;644554;645761;650720;654698;653596;651783;650047;644858;638999;632509;625437;617881;609919;601657;593259;584844;576461;568215;560199;552459;545003;537887;531144;524808;518852;513245;507997;503096;498509;494188;490069;486104;482253;478454;474656;470799;466864;462802;458575;454174
out/14;858837;838747;812357;781967;751766;729256;714991;702959;694324;687783;677834;666495;656944;647691;641168;641514;642754;643995;648977;652983;651915;650137;648429;643266;637436;630969;623919;616380;608441;600201;591819;583425;575061;566835;558835;551112;543673;536572;529841;523518;517574;511978;506741;501854;497277;492965;488855;484896;481049;477262;473469
15-19;858363;859188;861902;863741;860294;849093;829224;803090;772985;743073;720818;706774;694937;686480;680095;670312;659154;649773;640690;634323;634807;636161;637479;642502;646531;645500;643755;642079;636958;631170;624751;617744;610251;602358;594163;585823;577475;569152;560967;553006;545320;537917;530848;524148;517857;511942;506370;501157;496296;491737;487446
20-24;834034;836142;835535;833399;831756;831684;832912;836017;838245;835224;824514;805193;779668;750204;720925;699247;685700;674338;666324;660357;651014;640262;631197;622356;616156;616721;618128;619497;624545;628599;627627;625945;624322;619278;613564;607225;600297;592886;585074;576960;568698;560420;552173;544064;536173;528551;521211;514199;507553;501313;495446
25-29;753001;765616;778048;789357;798131;803507;806070;805944;804296;803135;803522;805194;808722;811380;808840;798681;779997;755157;726400;697824;676768;663736;652810;645139;639418;630267;619675;610748;602040;595953;596576;598035;599454;604523;608605;607690;606070;604506;599545;593918;587663;580826;573501;565778;557753;549576;541381;533217;525185;517370;509820
30-34;666895;681292;694782;707631;720395;733327;746110;758722;770228;779221;784859;787711;787889;786559;785704;786377;788324;792105;795026;792792;783007;764756;740382;712083;683923;663163;650323;639566;632031;626425;617416;606973;598179;589594;583612;584287;585788;587248;592331;596434;595574;594012;592502;587616;582066;575893;569138;561895;554254;546309;538215
35-39;584272;594812;608175;623461;639115;654129;668540;682056;694946;707765;720751;733590;746265;757850;766951;772733;775749;776115;774988;774328;775174;777278;781182;784224;782138;772560;754590;730549;702612;674811;654335;641697;631113;623713;618221;609354;599059;590401;581947;576069;576794;578331;579831;584917;589031;588221;586713;585249;580439;574968;568876
40-44;548510;553499;556916;560104;565024;572883;583432;596758;611973;627560;642514;656883;670383;683263;696083;709069;721916;734599;746203;755359;761231;764372;764889;763919;763404;764366;766566;770535;773651;771690;762317;744654;720993;693481;666095;645942;633529;623140;615891;610520;601808;591690;583180;574873;569112;569888;571458;572992;578067;582181;581421
45-49;485761;499720;511222;520504;528113;534512;539599;543146;546478;551502;559412;569955;583206;598316;613788;628652;642941;656384;669223;682003;694952;707762;720410;731990;741152;747083;750320;750970;750157;749785;750865;753155;757179;760357;758524;749389;732089;708886;681894;655019;635272;623135;612985;605915;600680;592152;582247;573918;565786;560160;560991
50-54;379309;395593;414634;434839;453781;469954;483695;495079;504322;511947;518399;523564;527241;530701;535811;543732;554218;567342;582273;597560;612258;626394;639703;652425;665088;677917;690609;703147;714637;723755;729711;733029;733809;733151;732925;734107;736472;740535;743754;742061;733198;716334;693694;667351;641117;621871;610072;600205;593347;588272;579963
55-59;317375;324257;331527;339933;350542;363864;379692;398168;417762;436154;451900;465329;476509;485647;493227;499675;504879;508642;512199;517352;525225;535574;548469;563109;578086;592497;606365;619434;631940;644398;657013;669500;681836;693147;702153;708084;711450;712340;711840;711745;713021;715441;719504;722730;721166;712617;696283;674356;648842;623432;604831
60-64;271565;278121;283458;288182;293242;299273;305989;313073;321239;331495;344330;359539;377243;396007;413633;428762;441719;452571;461505;468958;475325;480508;484318;487936;493083;500832;510937;523461;537638;552133;566094;579534;592209;604351;616457;628721;640855;652846;663844;672628;678455;681818;682806;682461;682506;683860;686305;690317;693506;692069;683910
65-69;207874;214312;222967;232705;241794;249259;255523;260691;265311;270254;276083;282547;289354;297163;306918;319072;333428;350091;367731;384320;398595;410877;421234;429825;437040;443228;448310;452111;455736;460798;468292;477991;489941;503423;517197;530478;543268;555345;566923;578473;590177;601763;613209;623717;632134;637758;641050;642111;641911;642084;643486
70-74;173206;176096;176992;177261;178879;182909;188889;196822;205706;214007;220871;226691;231571;235989;240706;246203;252262;258626;265899;274928;286133;299303;314528;330615;345747;358805;370090;379681;387707;394490;400332;405161;408839;412371;417220;424279;433342;444422;456872;469575;481831;493641;504804;515519;526219;537068;547813;558415;568153;575961;581208
75-79;113546;117980;124462;131656;137745;141873;144458;145451;145979;147663;151362;156678;163616;171323;178533;184541;189696;194110;198158;202470;207426;212858;218541;225002;232975;242810;254319;267546;281474;294575;305910;315762;324213;331360;337442;342700;347080;350478;353769;358213;364582;372663;382452;393396;404542;415300;425677;435495;444930;454368;463945
80-84;84020;82536;81013;80134;80674;82887;86528;91659;97272;102023;105292;107429;108432;109153;110784;113955;118348;123955;130121;135892;140748;144966;148666;152116;155782;159938;164450;169157;174475;180998;188995;198285;208889;220000;230439;239496;247418;254301;260196;265254;269629;273311;276229;279085;282886;288235;294932;302946;311839;320873;329601
85-89;46402;50015;51596;51964;51677;51122;50500;49858;49628;50312;52061;54708;58283;62126;65378;67654;69217;70090;70839;72226;74639;77857;81865;86221;90295;93757;96810;99561;102179;104951;108045;111376;114832;118717;123453;129219;135862;143370;151192;158523;164903;170528;175488;179805;183537;186772;189519;191742;193951;196854;200859
90+;25239;23948;24545;25945;27516;28903;30098;31153;32015;32676;33158;33554;33910;34420;35333;36706;38466;40639;42946;45060;46835;48436;49914;51454;53298;55549;58140;61056;64138;67164;70030;72850;75697;78585;81550;84615;87786;91035;94545;98579;103227;108374;113976;119794;125529;130997;136300;141504;146493;151132;155368
Homens;;;;;;;;;;;;;;;;;;;;;;;;;;;;;;;;;;;;;;;;;;;;;;;;;;;
Faixa/Ano;2010;2011;2012;2013;2014;2015;2016;2017;2018;2019;2020;2021;2022;2023;2024;2025;2026;2027;2028;2029;2030;2031;2032;2033;2034;2035;2036;2037;2038;2039;2040;2041;2042;2043;2044;2045;2046;2047;2048;2049;2050;2051;2052;2053;2054;2055;2056;2057;2058;2059;2060
Total;4205272;4231006;4256030;4280105;4304146;4330182;4355918;4380860;4406739;4432035;4456662;4480553;4503609;4525723;4546808;4566789;4585617;4603243;4619611;4634695;4648505;4661008;4672135;4681877;4690245;4697265;4702961;4707333;4710401;4712199;4712761;4712108;4710248;4707206;4703009;4697657;4691143;4683466;4674630;4664640;4653481;4641128;4627576;4612827;4596884;4579739;4561396;4541878;4521197;4499364;4476397
0-4;349320;343573;338718;334000;330670;330853;331484;332104;334645;336676;336102;335157;334253;331575;328551;325206;321562;317668;313571;309323;305011;300692;296390;292159;288045;284070;280243;276591;273133;269879;266822;263945;261249;258733;256379;254162;252046;250010;248033;246083;244132;242154;240135;238049;235881;233623;231283;228866;226380;223827;221233
05/set;372414;365393;359476;355259;352085;347136;341451;336654;331987;328699;328916;329581;330236;332808;334871;334330;333421;332553;329914;326930;323623;320015;316155;312089;307868;303576;299277;294993;290777;286678;282721;278908;275270;271824;268583;265537;262669;259986;257479;255133;252925;250816;248786;246818;244876;242932;240960;238951;236871;234710;232460
out/14;437021;427011;413606;398054;382604;371162;364174;358287;354100;350951;346029;340374;335606;330962;327698;327934;328614;329284;331866;333944;333420;332532;331681;329056;326089;322797;319202;315353;311301;307094;302812;298527;294253;290050;285961;282016;278215;274586;271147;267914;264877;262018;259341;256843;254504;252300;250198;248173;246209;244273;242332
15-19;431255;432725;435173;437116;436217;431170;421294;408052;392688;377431;366157;359310;353547;349468;346410;341589;336047;331384;326845;323674;323991;324737;325452;328060;330152;329654;328792;327965;325373;322438;319182;315619;311807;307791;303620;299369;295119;290876;286707;282648;278733;274958;271356;267941;264731;261717;258878;256219;253741;251418;249230
20-24;412066;413224;413433;413196;413373;414393;416104;418781;420953;420315;415584;406077;393255;378339;363526;352647;346130;340679;336884;334089;329550;324273;319821;315450;312401;312783;313573;314331;316958;319069;318622;317813;317032;314504;311633;308446;304949;301208;297258;293156;288971;284784;280604;276498;272499;268638;264914;261363;257994;254828;251855
25-29;369351;375235;380901;385985;389953;392476;393912;394419;394487;394964;396263;398244;401175;403607;403275;398910;389841;377499;363085;348767;338315;332144;326987;323425;320806;316418;311276;306940;302682;299729;300159;300992;301791;304437;306574;306174;305421;304692;302235;299439;296325;292903;289236;285362;281334;277224;273108;268998;264959;261025;257224
30-34;324331;331356;337936;344179;350315;356447;362417;368176;373370;377464;380147;381765;382465;382735;383402;384877;387024;390106;392696;392561;388450;379689;367687;353617;339617;329396;323379;318358;314908;312383;308109;303088;298861;294704;291835;292309;293177;294010;296670;298825;298470;297766;297082;294688;291957;288909;285555;281955;278148;274188;270148
35-39;281578;286699;293189;300611;308215;315519;322530;329108;335359;341515;347668;353663;359456;364694;368857;371633;373359;374182;374588;375381;376967;379211;382369;385036;385005;381049;372505;360762;346977;333257;323257;317396;312510;309167;306730;302566;297662;293541;289486;286699;287213;288112;288977;291640;293805;293493;292832;292187;289855;287186;284202
40-44;262350;264387;265820;267271;269627;273427;278541;284991;292353;299899;307151;314125;320684;326924;333076;339226;345225;351027;356282;360486;363331;365149;366074;366587;367477;369139;371445;374644;377358;377416;373612;365296;353836;340366;326956;317199;311503;306762;303531;301185;297138;292365;288355;284409;281710;282261;283188;284082;286740;288909;288638
45-49;231620;238315;243496;247398;250483;253094;255191;256705;258241;260653;264473;269570;275960;283243;290704;297891;304806;311321;317530;323655;329779;335756;341541;346789;351007;353897;355782;356792;357401;358376;360105;362462;365686;368432;368572;364929;356862;345719;332609;319551;310070;304559;299979;296870;294621;290700;286073;282185;278363;275757;276346
50-54;176065;184227;193936;204274;213850;221821;228354;233447;237320;240413;243054;245196;246785;248393;250849;254666;259715;266013;273171;280505;287575;294383;300808;306939;312989;319040;324949;330673;335871;340069;342980;344915;346004;346702;347758;349536;351925;355155;357913;358132;354659;346874;336099;323418;310782;301631;296338;291943;288970;286825;283047
55-59;145647;148477;151562;155303;160271;166727;174565;183875;193785;202978;210653;216975;221936;225748;228822;231465;233634;235275;236939;239412;243191;248145;254293;261261;268397;275286;281924;288196;294191;300115;306036;311824;317430;322529;326667;329567;331533;332681;333459;334573;336385;338786;341992;344731;345013;341729;334279;323958;311805;299696;290956
60-64;125227;127691;129532;131085;132855;135175;137900;140866;144447;149179;155310;162732;171524;180877;189560;196829;202848;207609;211306;214315;216915;219074;220740;222435;224893;228585;233381;239295;245976;252810;259418;265788;271817;277587;283294;289002;294578;299986;304905;308918;311759;313715;314903;315741;316902;318718;321090;324220;326899;327226;324156
65-69;95269;98176;101964;106116;109860;112780;115088;116848;118358;120072;122283;124864;127664;131026;135443;141141;148017;156139;164769;172791;179525;185130;189603;193115;196001;198514;200620;202280;203968;206366;209893;214438;220004;226266;232668;238867;244850;250518;255950;261326;266707;271967;277066;281715;285521;288243;290142;291339;292210;293388;295169
70-74;76881;78216;78767;79092;79978;81833;84449;87819;91498;94819;97426;99514;101149;102581;104197;106243;108609;111165;114223;118212;123340;129497;136739;144418;151558;157561;162588;166637;169860;172529;174870;176847;178437;180063;182324;185588;189755;194815;200483;206267;211875;217291;222429;227361;232250;237145;241931;246568;250800;254272;256777
75-79;49290;51035;53646;56560;59038;60746;61871;62403;62783;63629;65254;67484;70315;73379;76148;78339;80122;81562;82850;84297;86090;88144;90352;92975;96378;100729;105925;112001;118416;124379;129400;133630;137077;139860;142190;144244;145996;147434;148912;150932;153795;157405;161741;166571;171490;176263;180882;185265;189482;193668;197865
80-84;35721;34764;33861;33285;33338;34102;35451;37395;39531;41342;42603;43466;43938;44336;45082;46390;48124;50285;52596;54685;56354;57735;58889;59954;61140;62577;64202;65940;67990;70635;73997;77981;82606;87460;91959;95755;98972;101635;103823;105678;107317;108732;109922;111154;112811;115114;117973;121363;125103;128905;132600
85-89;19864;20940;21202;21010;20598;20120;19658;19233;19005;19153;19717;20619;21858;23193;24322;25115;25688;26046;26387;26954;27863;29028;30447;31943;33292;34380;35298;36097;36859;37699;38696;39809;40988;42373;44151;46396;49032;52059;55216;58128;60585;62686;64457;65944;67220;68353;69343;70195;71090;72276;73886
90+;10002;9562;9812;10311;10816;11201;11484;11697;11829;11883;11872;11837;11803;11835;12015;12358;12831;13446;14109;14714;15215;15674;16107;16569;17130;17814;18600;19485;20402;21278;22070;22830;23590;24358;25155;25995;26879;27793;28814;30053;31545;33237;35116;37074;38977;40746;42429;44048;45578;46987;48273
Mulheres;;;;;;;;;;;;;;;;;;;;;;;;;;;;;;;;;;;;;;;;;;;;;;;;;;;
Faixa/Ano;2010;2011;2012;2013;2014;2015;2016;2017;2018;2019;2020;2021;2022;2023;2024;2025;2026;2027;2028;2029;2030;2031;2032;2033;2034;2035;2036;2037;2038;2039;2040;2041;2042;2043;2044;2045;2046;2047;2048;2049;2050;2051;2052;2053;2054;2055;2056;2057;2058;2059;2060
Total;4418494;4450585;4482015;4512502;4542885;4575085;4606916;4637904;4669687;4700823;4731224;4760813;4789503;4817185;4843752;4869118;4893221;4916001;4937396;4957378;4975961;4993124;5008807;5022994;5035693;5046915;5056668;5064948;5071754;5077118;5081073;5083634;5084811;5084620;5083091;5080220;5075986;5070387;5063421;5055081;5045339;5034164;5021544;5007469;4991939;4974954;4956526;4936678;4915425;4892788;4868795
0-4;334635;328872;324018;319336;316016;316079;316595;317113;319472;321355;320761;319821;318925;316341;313434;310220;306725;302997;299076;295016;290894;286766;282655;278611;274684;270889;267236;263751;260448;257343;254425;251678;249106;246705;244458;242342;240325;238383;236497;234634;232774;230887;228958;226971;224903;222748;220516;218212;215839;213405;210930
05/set;359188;351879;345702;341229;337816;332764;327054;322247;317613;314334;314427;314973;315525;317912;319827;319266;318362;317494;314944;312069;308886;305422;301726;297830;293789;289683;285567;281468;277438;273521;269738;266095;262617;259320;256225;253315;250576;248011;245617;243376;241263;239253;237318;235435;233578;231724;229839;227913;225931;223865;221714
out/14;421816;411736;398751;383913;369162;358094;350817;344672;340224;336832;331805;326121;321338;316729;313470;313580;314140;314711;317111;319039;318495;317605;316748;314210;311347;308172;304717;301027;297140;293107;289007;284898;280808;276785;272874;269096;265458;261986;258694;255604;252697;249960;247400;245011;242773;240665;238657;236723;234840;232989;231137
15-19;427108;426463;426729;426625;424077;417923;407930;395038;380297;365642;354661;347464;341390;337012;333685;328723;323107;318389;313845;310649;310816;311424;312027;314442;316379;315846;314963;314114;311585;308732;305569;302125;298444;294567;290543;286454;282356;278276;274260;270358;266587;262959;259492;256207;253126;250225;247492;244938;242555;240319;238216
20-24;421968;422918;422102;420203;418383;417291;416808;417236;417292;414909;408930;399116;386413;371865;357399;346600;339570;333659;329440;326268;321464;315989;311376;306906;303755;303938;304555;305166;307587;309530;309005;308132;307290;304774;301931;298779;295348;291678;287816;283804;279727;275636;271569;267566;263674;259913;256297;252836;249559;246485;243591
25-29;383650;390381;397147;403372;408178;411031;412158;411525;409809;408171;407259;406950;407547;407773;405565;399771;390156;377658;363315;349057;338453;331592;325823;321714;318612;313849;308399;303808;299358;296224;296417;297043;297663;300086;302031;301516;300649;299814;297310;294479;291338;287923;284265;280416;276419;272352;268273;264219;260226;256345;252596
30-34;342564;349936;356846;363452;370080;376880;383693;390546;396858;401757;404712;405946;405424;403824;402302;401500;401300;401999;402330;400231;394557;385067;372695;358466;344306;333767;326944;321208;317123;314042;309307;303885;299318;294890;291777;291978;292611;293238;295661;297609;297104;296246;295420;292928;290109;286984;283583;279940;276106;272121;268067
35-39;302694;308113;314986;322850;330900;338610;346010;352948;359587;366250;373083;379927;386809;393156;398094;401100;402390;401933;400400;398947;398207;398067;398813;399188;397133;391511;382085;369787;355635;341554;331078;324301;318603;314546;311491;306788;301397;296860;292461;289370;289581;290219;290854;293277;295226;294728;293881;293062;290584;287782;284674
40-44;286160;289112;291096;292833;295397;299456;304891;311767;319620;327661;335363;342758;349699;356339;363007;369843;376691;383572;389921;394873;397900;399223;398815;397332;395927;395227;395121;395891;396293;394274;388705;379358;367157;353115;339139;328743;322026;316378;312360;309335;304670;299325;294825;290464;287402;287627;288270;288910;291327;293272;292783
45-49;254141;261405;267726;273106;277630;281418;284408;286441;288237;290849;294939;300385;307246;315073;323084;330761;338135;345063;351693;358348;365173;372006;378869;385201;390145;393186;394538;394178;392756;391409;390760;390693;391493;391925;389952;384460;375227;363167;349285;335468;325202;318576;313006;309045;306059;301452;296174;291733;287423;284403;284645
50-54;203244;211366;220698;230565;239931;248133;255341;261632;267002;271534;275345;278368;280456;282308;284962;289066;294503;301329;309102;317055;324683;332011;338895;345486;352099;358877;365660;372474;378766;383686;386731;388114;387805;386449;385167;384571;384547;385380;385841;383929;378539;369460;357595;343933;330335;320240;313734;308262;304377;301447;296916
55-59;171728;175780;179965;184630;190271;197137;205127;214293;223977;233176;241247;248354;254573;259899;264405;268210;271245;273367;275260;277940;282034;287429;294176;301848;309689;317211;324441;331238;337749;344283;350977;357676;364406;370618;375486;378517;379917;379659;378381;377172;376636;376655;377512;377999;376153;370888;362004;350398;337037;323736;313875
60-64;146338;150430;153926;157097;160387;164098;168089;172207;176792;182316;189020;196807;205719;215130;224073;231933;238871;244962;250199;254643;258410;261434;263578;265501;268190;272247;277556;284166;291662;299323;306676;313746;320392;326764;333163;339719;346277;352860;358939;363710;366696;368103;367903;366720;365604;365142;365215;366097;366607;364843;359754
65-69;112605;116136;121003;126589;131934;136479;140435;143843;146953;150182;153800;157683;161690;166137;171475;177931;185411;193952;202962;211529;219070;225747;231631;236710;241039;244714;247690;249831;251768;254432;258399;263553;269937;277157;284529;291611;298418;304827;310973;317147;323470;329796;336143;342002;346613;349515;350908;350772;349701;348696;348317
70-74;96325;97880;98225;98169;98901;101076;104440;109003;114208;119188;123445;127177;130422;133408;136509;139960;143653;147461;151676;156716;162793;169806;177789;186197;194189;201244;207502;213044;217847;221961;225462;228314;230402;232308;234896;238691;243587;249607;256389;263308;269956;276350;282375;288158;293969;299923;305882;311847;317353;321689;324431
75-79;64256;66945;70816;75096;78707;81127;82587;83048;83196;84034;86108;89194;93301;97944;102385;106202;109574;112548;115308;118173;121336;124714;128189;132027;136597;142081;148394;155545;163058;170196;176510;182132;187136;191500;195252;198456;201084;203044;204857;207281;210787;215258;220711;226825;233052;239037;244795;250230;255448;260700;266080
80-84;48299;47772;47152;46849;47336;48785;51077;54264;57741;60681;62689;63963;64494;64817;65702;67565;70224;73670;77525;81207;84394;87231;89777;92162;94642;97361;100248;103217;106485;110363;114998;120304;126283;132540;138480;143741;148446;152666;156373;159576;162312;164579;166307;167931;170075;173121;176959;181583;186736;191968;197001
85-89;26538;29075;30394;30954;31079;31002;30842;30625;30623;31159;32344;34089;36425;38933;41056;42539;43529;44044;44452;45272;46776;48829;51418;54278;57003;59377;61512;63464;65320;67252;69349;71567;73844;76344;79302;82823;86830;91311;95976;100395;104318;107842;111031;113861;116317;118419;120176;121547;122861;124578;126973
90+;15237;14386;14733;15634;16700;17702;18614;19456;20186;20793;21286;21717;22107;22585;23318;24348;25635;27193;28837;30346;31620;32762;33807;34885;36168;37735;39540;41571;43736;45886;47960;50020;52107;54227;56395;58620;60907;63242;65731;68526;71682;75137;78860;82720;86552;90251;93871;97456;100915;104145;107095
Brasil;;;;;;;;;;;;;;;;;;;;;;;;;;;;;;;;;;;;;;;;;;;;;;;;;;;
Dados;;;;;;;;;;;;;;;;;;;;;;;;;;;;;;;;;;;;;;;;;;;;;;;;;;;
Ano;População total;Homens;Mulheres;Nascimentos;Óbitos;Taxa de Crescimento Geométrico;Taxa Bruta de Natalidade;Taxa Bruta de Mortalidade;Esperança de Vida ao Nascer;Esperança de Vida ao Nascer - Homens;Esperança de Vida ao Nascer - Mulheres;Taxa de Mortalidade Infantil;Taxa de Mortalidade Infantil - Homens;Taxa de Mortalidade Infantil - Mulheres;Taxa de Fecundidade Total;Razão de Dependência - Jovens 0 a 14 anos;Razão de Dependência - Idosos 65 ou mais anos;Razão de Dependência;Índice de Envelhecimento;;;;;;;;;;;;;;;;;;;;;;;;;;;;;;;;
2010;194890682;95513298;99377384;2939435;1240083;x;15.08;6.36;73.86;70.21;77.6;17.22;18.76;15.59;1.75;36.32;10.77;47.09;29.55;;;;;;;;;;;;;;;;;;;;;;;;;;;;;;;;
2011;196603732;96322635;100281097;2974525;1247751;0.88;15.13;6.35;74.2;70.57;77.91;16.43;17.86;14.92;1.76;35.37;10.99;46.36;30.99;;;;;;;;;;;;;;;;;;;;;;;;;;;;;;;;
2012;198314934;97132054;101182880;2953890;1258235;0.87;14.89;6.34;74.52;70.91;78.22;15.69;17.03;14.29;1.75;34.45;11.24;45.68;32.63;;;;;;;;;;;;;;;;;;;;;;;;;;;;;;;;
2013;200004188;97931331;102072857;2953178;1270306;0.85;14.77;6.35;74.84;71.25;78.51;15.02;16.27;13.7;1.74;33.56;11.51;45.07;34.2;;;;;;;;;;;;;;;;;;;;;;;;;;;;;;;;
2014;201717541;98744098;102973443;3028202;1284346;0.86;15.01;6.37;75.14;71.57;78.78;14.4;15.58;13.16;1.78;32.78;11.81;44.59;36.12;;;;;;;;;;;;;;;;;;;;;;;;;;;;;;;;
2015;203475683;99581002;103894681;3070979;1299541;0.87;15.09;6.39;75.44;71.88;79.05;13.82;14.93;12.65;1.8;32.15;12.13;44.29;37.67;;;;;;;;;;;;;;;;;;;;;;;;;;;;;;;;
2016;205156587;100379640;104776947;2901053;1314164;0.83;14.14;6.41;75.72;72.18;79.31;13.29;14.35;12.19;1.7;31.57;12.49;44.05;39.73;;;;;;;;;;;;;;;;;;;;;;;;;;;;;;;;
2017;206804741;101163599;105641142;3020743;1330811;0.8;14.61;6.44;75.99;72.46;79.56;12.81;13.8;11.75;1.78;31.11;12.87;43.98;41.2;;;;;;;;;;;;;;;;;;;;;;;;;;;;;;;;
2018;208494900;101971173;106523727;3003585;1349693;0.82;14.41;6.47;76.25;72.74;79.8;12.35;13.31;11.35;1.77;30.75;13.28;44.03;43.19;;;;;;;;;;;;;;;;;;;;;;;;;;;;;;;;
2019;210147125;102760295;107386830;2984414;1368954;0.79;14.2;6.51;76.5;73;80.03;11.94;12.85;10.98;1.77;30.42;13.72;44.14;45.02;;;;;;;;;;;;;;;;;;;;;;;;;;;;;;;;
2020;211755692;103527689;108228003;2963516;1389144;0.77;13.99;6.56;76.74;73.26;80.25;11.56;12.43;10.64;1.76;30.11;14.18;44.29;46.89;;;;;;;;;;;;;;;;;;;;;;;;;;;;;;;;
2021;213317639;104271843;109045796;2940629;1410602;0.74;13.79;6.61;76.97;73.5;80.46;11.2;12.04;10.32;1.76;29.83;14.67;44.5;49.51;;;;;;;;;;;;;;;;;;;;;;;;;;;;;;;;
2022;214828540;104990487;109838053;2913688;1433605;0.71;13.56;6.67;77.19;73.74;80.67;10.88;11.68;10.03;1.75;29.63;15.19;44.82;51.22;;;;;;;;;;;;;;;;;;;;;;;;;;;;;;;;
2023;216284269;105681529;110602740;2885501;1458023;0.68;13.34;6.74;77.4;73.96;80.86;10.58;11.36;9.75;1.75;29.43;15.74;45.17;53.2;;;;;;;;;;;;;;;;;;;;;;;;;;;;;;;;
2024;217684462;106345043;111339419;2856690;1483777;0.65;13.12;6.82;77.6;74.17;81.05;10.3;11.05;9.5;1.74;29.26;16.31;45.56;55.72;;;;;;;;;;;;;;;;;;;;;;;;;;;;;;;;
2025;219029093;106981304;112047789;2827039;1510693;0.62;12.91;6.9;77.8;74.38;81.22;10.04;10.77;9.27;1.74;29.11;16.9;46.01;58.29;;;;;;;;;;;;;;;;;;;;;;;;;;;;;;;;
2026;220316530;107589495;112727035;2797674;1539159;0.59;12.7;6.99;77.98;74.57;81.39;9.8;10.51;9.05;1.74;28.95;17.51;46.45;60.61;;;;;;;;;;;;;;;;;;;;;;;;;;;;;;;;
2027;221545234;108168830;113376404;2768000;1569117;0.56;12.49;7.08;78.16;74.76;81.56;9.58;10.27;8.85;1.73;28.77;18.14;46.9;62.76;;;;;;;;;;;;;;;;;;;;;;;;;;;;;;;;
2028;222713669;108718587;113995082;2738355;1600375;0.53;12.3;7.19;78.32;74.94;81.71;9.37;10.05;8.66;1.73;28.59;18.78;47.37;65.46;;;;;;;;;;;;;;;;;;;;;;;;;;;;;;;;
2029;223821305;109238514;114582791;2710134;1632845;0.5;12.11;7.3;78.49;75.11;81.86;9.18;9.84;8.49;1.72;28.36;19.42;47.79;68.23;;;;;;;;;;;;;;;;;;;;;;;;;;;;;;;;
2030;224868462;109728762;115139700;2683440;1666427;0.47;11.93;7.41;78.64;75.28;82;9.01;9.65;8.33;1.72;28.08;20.06;48.14;71.05;;;;;;;;;;;;;;;;;;;;;;;;;;;;;;;;
2031;225854415;110189007;115665408;2655850;1700970;0.44;11.76;7.53;78.78;75.43;82.14;8.85;9.48;8.18;1.72;27.84;20.71;48.55;74.33;;;;;;;;;;;;;;;;;;;;;;;;;;;;;;;;
2032;226777802;110618592;116159210;2628742;1736861;0.41;11.59;7.66;78.92;75.58;82.27;8.7;9.32;8.05;1.72;27.61;21.36;48.97;77.3;;;;;;;;;;;;;;;;;;;;;;;;;;;;;;;;
2033;227638581;111017537;116621044;2603540;1773877;0.38;11.44;7.79;79.05;75.72;82.39;8.57;9.18;7.92;1.71;27.32;22.01;49.33;80.33;;;;;;;;;;;;;;;;;;;;;;;;;;;;;;;;
2034;228437122;111386062;117051060;2579544;1812136;0.35;11.29;7.93;79.18;75.86;82.51;8.44;9.04;7.81;1.71;27.04;22.65;49.69;83.43;;;;;;;;;;;;;;;;;;;;;;;;;;;;;;;;
2035;229173685;111724392;117449293;2557147;1851454;0.32;11.16;8.08;79.3;75.99;82.62;8.32;8.92;7.7;1.71;26.76;23.28;50.04;87.08;;;;;;;;;;;;;;;;;;;;;;;;;;;;;;;;
2036;229847832;112032426;117815406;2534413;1891832;0.29;11.03;8.23;79.42;76.11;82.73;8.22;8.8;7.6;1.7;26.48;23.9;50.39;90.34;;;;;;;;;;;;;;;;;;;;;;;;;;;;;;;;
2037;230459062;112309958;118149104;2513030;1933167;0.27;10.9;8.39;79.53;76.23;82.83;8.12;8.69;7.51;1.7;26.22;24.52;50.74;93.68;;;;;;;;;;;;;;;;;;;;;;;;;;;;;;;;
2038;231007871;112557327;118450544;2493021;1975283;0.24;10.79;8.55;79.63;76.34;82.93;8.02;8.59;7.42;1.7;25.97;25.13;51.1;96.51;;;;;;;;;;;;;;;;;;;;;;;;;;;;;;;;
2039;231494650;112774820;118719830;2473758;2017958;0.21;10.69;8.72;79.73;76.45;83.02;7.93;8.49;7.34;1.7;25.74;25.77;51.52;100;;;;;;;;;;;;;;;;;;;;;;;;;;;;;;;;
2040;231919922;112962751;118957171;2455519;2060782;0.18;10.59;8.89;79.83;76.55;83.11;7.85;8.4;7.27;1.69;25.54;26.46;51.99;103.57;;;;;;;;;;;;;;;;;;;;;;;;;;;;;;;;
2041;232284233;113121438;119162795;2437785;2103915;0.16;10.49;9.06;79.92;76.65;83.2;7.77;8.32;7.2;1.69;25.35;27.18;52.53;107.23;;;;;;;;;;;;;;;;;;;;;;;;;;;;;;;;
2042;232588580;113251454;119337126;2422219;2147419;0.13;10.41;9.23;80;76.74;83.28;7.7;8.24;7.13;1.69;25.19;27.93;53.13;110.3;;;;;;;;;;;;;;;;;;;;;;;;;;;;;;;;
2043;232834065;113353443;119480622;2407325;2191168;0.11;10.34;9.41;80.09;76.83;83.36;7.63;8.16;7.06;1.69;25.06;28.73;53.78;114.72;;;;;;;;;;;;;;;;;;;;;;;;;;;;;;;;
2044;233020996;113427597;119593399;2392409;2234730;0.08;10.27;9.59;80.17;76.92;83.43;7.56;8.09;7;1.69;24.94;29.55;54.49;118.63;;;;;;;;;;;;;;;;;;;;;;;;;;;;;;;;
2045;233149625;113474061;119675564;2377677;2278119;0.06;10.2;9.77;80.24;77;83.5;7.5;8.02;6.95;1.68;24.85;30.4;55.25;122.5;;;;;;;;;;;;;;;;;;;;;;;;;;;;;;;;
2046;233220257;113493052;119727205;2363150;2321466;0.03;10.13;9.95;80.31;77.08;83.57;7.44;7.96;6.9;1.68;24.77;31.27;56.04;125.79;;;;;;;;;;;;;;;;;;;;;;;;;;;;;;;;
2047;233233670;113485011;119748659;2349527;2364398;0.01;10.07;10.14;80.38;77.16;83.63;7.39;7.9;6.84;1.68;24.72;32.17;56.89;129.75;;;;;;;;;;;;;;;;;;;;;;;;;;;;;;;;
2048;233190482;113450253;119740229;2335541;2407046;-0.02;10.02;10.32;80.45;77.23;83.7;7.33;7.84;6.8;1.68;24.68;33.08;57.76;134.62;;;;;;;;;;;;;;;;;;;;;;;;;;;;;;;;
2049;233090464;113388652;119701812;2320604;2449148;-0.04;9.96;10.51;80.51;77.3;83.75;7.29;7.79;6.75;1.68;24.66;33.99;58.64;138.06;;;;;;;;;;;;;;;;;;;;;;;;;;;;;;;;
2050;232933276;113300060;119633216;2304717;2490559;-0.07;9.89;10.69;80.57;77.37;83.81;7.24;7.74;6.71;1.68;24.64;34.88;59.52;142.21;;;;;;;;;;;;;;;;;;;;;;;;;;;;;;;;
2051;232719169;113184593;119534576;2288973;2531362;-0.09;9.84;10.88;80.63;77.43;83.86;7.2;7.69;6.67;1.67;24.63;35.76;60.38;144.81;;;;;;;;;;;;;;;;;;;;;;;;;;;;;;;;
2052;232448867;113042592;119406275;2273127;2571362;-0.12;9.78;11.06;80.68;77.49;83.91;7.16;7.65;6.64;1.67;24.62;36.62;61.24;148.37;;;;;;;;;;;;;;;;;;;;;;;;;;;;;;;;
2053;232122448;112874076;119248372;2255972;2610595;-0.14;9.72;11.25;80.74;77.55;83.96;7.12;7.61;6.6;1.67;24.62;37.45;62.07;151.97;;;;;;;;;;;;;;;;;;;;;;;;;;;;;;;;
2054;231739632;112678873;119060759;2237804;2648830;-0.16;9.66;11.43;80.78;77.61;84;7.08;7.57;6.57;1.67;24.62;38.26;62.89;155.63;;;;;;;;;;;;;;;;;;;;;;;;;;;;;;;;
2055;231300323;112456873;118843450;2218450;2686056;-0.19;9.59;11.61;80.83;77.66;84.04;7.05;7.54;6.54;1.67;24.63;39.05;63.68;159.33;;;;;;;;;;;;;;;;;;;;;;;;;;;;;;;;
2056;230805223;112208379;118596844;2199622;2722232;-0.21;9.53;11.79;80.88;77.71;84.08;7.02;7.5;6.51;1.67;24.63;39.81;64.43;161.33;;;;;;;;;;;;;;;;;;;;;;;;;;;;;;;;
2057;230255685;111934042;118321643;2180831;2757317;-0.24;9.47;11.98;80.92;77.76;84.12;6.99;7.47;6.48;1.66;24.62;40.52;65.15;164.43;;;;;;;;;;;;;;;;;;;;;;;;;;;;;;;;
2058;229652286;111634119;118018167;2161015;2791329;-0.26;9.41;12.15;80.96;77.81;84.16;6.96;7.44;6.46;1.66;24.62;41.22;65.84;168.24;;;;;;;;;;;;;;;;;;;;;;;;;;;;;;;;
2059;228995541;111308845;117686696;2141033;2824224;-0.29;9.35;12.33;81;77.86;84.19;6.94;7.41;6.44;1.66;24.61;41.91;66.53;170.27;;;;;;;;;;;;;;;;;;;;;;;;;;;;;;;;
2060;228286347;110958642;117327705;2120842;2856059;-0.31;9.29;12.51;81.04;77.9;84.23;6.91;7.39;6.42;1.66;24.61;42.62;67.23;173.47;;;;;;;;;;;;;;;;;;;;;;;;;;;;;;;;
Faixas etárias;;;;;;;;;;;;;;;;;;;;;;;;;;;;;;;;;;;;;;;;;;;;;;;;;;;
Total;;;;;;;;;;;;;;;;;;;;;;;;;;;;;;;;;;;;;;;;;;;;;;;;;;;
Faixa/Ano;2010;2011;2012;2013;2014;2015;2016;2017;2018;2019;2020;2021;2022;2023;2024;2025;2026;2027;2028;2029;2030;2031;2032;2033;2034;2035;2036;2037;2038;2039;2040;2041;2042;2043;2044;2045;2046;2047;2048;2049;2050;2051;2052;2053;2054;2055;2056;2057;2058;2059;2060
Total;194890682;196603732;198314934;200004188;201717541;203475683;205156587;206804741;208494900;210147125;211755692;213317639;214828540;216284269;217684462;219029093;220316530;221545234;222713669;223821305;224868462;225854415;226777802;227638581;228437122;229173685;229847832;230459062;231007871;231494650;231919922;232284233;232588580;232834065;233020996;233149625;233220257;233233670;233190482;233090464;232933276;232719169;232448867;232122448;231739632;231300323;230805223;230255685;229652286;228995541;228286347
0-4;14858280;14697433;14624301;14567170;14570070;14677159;14715112;14720776;14787557;14798332;14730311;14703281;14675523;14569055;14452355;14326234;14192256;14053426;13912226;13770272;13629815;13491399;13354905;13221642;13092489;12967369;12846604;12730937;12620549;12514918;12413588;12316709;12225086;12138798;12057106;11979238;11904624;11832490;11761709;11691308;11620256;11547982;11473958;11397201;11317212;11233863;11147191;11057520;10965028;10870292;10774218
05/set;15865195;15600504;15387507;15203145;15029641;14824271;14664918;14593299;14537829;14542132;14650311;14689394;14695773;14762671;14773628;14705941;14679311;14652033;14546208;14430226;14304778;14171490;14033278;13892710;13751331;13611405;13473529;13337523;13204728;13076037;12951361;12830995;12715703;12605672;12500387;12399373;12302790;12211456;12125433;12043993;11966376;11891973;11820071;11749531;11679356;11608504;11536459;11462615;11386046;11306224;11223031
out/14;17397304;17216843;16880174;16495325;16131984;15840860;15577214;15365237;15182024;15009676;14805478;14647164;14576191;14520972;14525347;14633526;14672711;14679300;14746432;14757724;14690423;14664114;14637176;14531700;14416109;14291049;14158125;14020272;13880038;13738984;13599376;13461829;13326122;13193611;13065182;12940762;12820626;12705545;12595720;12490655;12389855;12293466;12202305;12116445;12035156;11957694;11883455;11811703;11741278;11671246;11600532
15-19;17219086;17238401;17315601;17402809;17424089;17334096;17155615;16821630;16439846;16079464;15790863;15529387;15318916;15136923;14965724;14762869;14605891;14536019;14481942;14487286;14596110;14635967;14643187;14710785;14722659;14656163;14630405;14603997;14499263;14384409;14260078;14127872;13990752;13851207;13710840;13571863;13434947;13299846;13167907;13040010;12916108;12796510;12681921;12572557;12467934;12367551;12271531;12180736;12095228;12014265;11937109
20-24;17476779;17396868;17296030;17195219;17124785;17100769;17122881;17203520;17294780;17319853;17233266;17057794;16726717;16347561;15989803;15703800;15444924;15236871;15057313;14888503;14688175;14533531;14465563;14413260;14420025;14529708;14570602;14578856;14647162;14659931;14594614;14569782;14544238;14440723;14327061;14203946;14072906;13936948;13798559;13659314;13521425;13385549;13251456;13120499;12993545;12870528;12751775;12637977;12529386;12425516;12325847
25-29;17334110;17423848;17454135;17436877;17391346;17331851;17256322;17161679;17068593;17004904;16985866;17011218;17092427;17182193;17206153;17119972;16946247;16618500;16243415;15889766;15607291;15351552;15146240;14969263;14802897;14605190;14452983;14386955;14336521;14344709;14455193;14497153;14506501;14575436;14589082;14524961;14501063;14476422;14374170;14261783;14139942;14010163;13875462;13738287;13600246;13463536;13328803;13195813;13065893;12939931;12817887
30-34;15955949;16275019;16567575;16822855;17028854;17178656;17271648;17306947;17296659;17258318;17205416;17135646;17044190;16951251;16886952;16867543;16892885;16974395;17065211;17091062;17007393;16836728;16512899;16141856;15792033;15512843;15259983;15057188;14882572;14718488;14523256;14373318;14309113;14260407;14269902;14381026;14423898;14434174;14503630;14518027;14455019;14431957;14408126;14307058;14195853;14075191;13946610;13813084;13677088;13540196;13404578
35-39;14075108;14350827;14689558;15066579;15441748;15787821;16107943;16402815;16661965;16872342;17026545;17123723;17161844;17152616;17115112;17063584;16995707;16906691;16816670;16755274;16738294;16765601;16848588;16940702;16968189;16886844;16719129;16399166;16032170;15686230;15410325;15160396;14960090;14787787;14625966;14433207;14285523;14223058;14175984;14186704;14298311;14341981;14353071;14422945;14437977;14376076;14353778;14330671;14230768;14120755;14001307
40-44;13184170;13311309;13414041;13519509;13668343;13884283;14161178;14500831;14879035;15255513;15602974;15924417;16219710;16478229;16688213;16842846;16941312;16981681;16975459;16941357;16893256;16828804;16743240;16656520;16598022;16583446;16612647;16696902;16790065;16818996;16739962;16575282;16259556;15897111;15555535;15283397;15036761;14839171;14669407;14510049;14320041;14174828;14114206;14068807;14080737;14192649;14236987;14248844;14318948;14334584;14273861
45-49;11992439;12218181;12426314;12615601;12784211;12933598;13064058;13171048;13281287;13434076;13652504;13930420;14269004;14644402;15017933;15363171;15683089;15977567;16236139;16446903;16602926;16703462;16746553;16743579;16713006;16668492;16607681;16525845;16442743;16387431;16375387;16406437;16491724;16585608;16615819;16539189;16377988;16067408;15710668;15374594;15107158;14864721;14670479;14503796;14347422;14160785;14018586;13960052;13916591;13929788;14041783
50-54;10276773;10574366;10868062;11152415;11419933;11666086;11892707;12102371;12293932;12465329;12617804;12751592;12861867;12974530;13128538;13346782;13623237;13959030;14330885;14700984;15043388;15361008;15653779;15911350;16121912;16278600;16380728;16426408;16426757;16399939;16359306;16302574;16224958;16146006;16094242;16084875;16117711;16203642;16297801;16329111;16255195;16098244;15794311;15445094;15116301;14855005;14618039;14428117;14265353;14112793;13930535
55-59;8387564;8679820;8977656;9278724;9579705;9877881;10172542;10463716;10746091;11012111;11257277;11483368;11692613;11883880;12055490;12208751;12343963;12456465;12571436;12726473;12943766;13217366;13548288;13914012;14277951;14615019;14928011;15216929;15471607;15680383;15836527;15939411;15987269;15990939;15968053;15931630;15879345;15806522;15732281;15684468;15677945;15712380;15798347;15891980;15924009;15853162;15701406;15406171;15066946;14747850;14494713
60-64;6596741;6859058;7119004;7379912;7647936;7926230;8211893;8503042;8797470;9091910;9383728;9672175;9957156;10233460;10493988;10734491;10956693;11162776;11351609;11521660;11673982;11809015;11922324;12038067;12192258;12406090;12673729;12996043;13351492;13705082;14032901;14337648;14619346;14868106;15072540;15226101;15328313;15377469;15384059;15365094;15332980;15285499;15218052;15149158;15105746;15102049;15137666;15222586;15314436;15346470;15279016
65-69;4905988;5095516;5318713;5565313;5819304;6071240;6322755;6572590;6823731;7081680;7349244;7623733;7903288;8185834;8468411;8748627;9025766;9299757;9565627;9816554;10048512;10263166;10462649;10645868;10811283;10959940;11092321;11204363;11318835;11469648;11676652;11934133;12242752;12582173;12919685;13232909;13524376;13794222;14032965;14229585;14377822;14477368;14526754;14535915;14520894;14493445;14451348;14390212;14327671;14289289;14288480
70-74;3792042;3889352;3974955;4063519;4175947;4323465;4501441;4709484;4938529;5174388;5408663;5642901;5876091;6110754;6351769;6601500;6857600;7118354;7381902;7645534;7907040;8165785;8421765;8670307;8905063;9122289;9323635;9511104;9683679;9839876;9980630;10106571;10214158;10324288;10467931;10663049;10904126;11191369;11506226;11819031;12109555;12380193;12631212;12853724;13037277;13176002;13269879;13317776;13328895;13317878;13295484
75-79;2597990;2688798;2797237;2913384;3023576;3121818;3211601;3292375;3376250;3480536;3614389;3774018;3959070;4161906;4370673;4578361;4786387;4994114;5203523;5418622;5641260;5869405;6101656;6336314;6571128;6804078;7034690;7263005;7484798;7694408;7888458;8068562;8236631;8391702;8532383;8659541;8773851;8872509;8973811;9104799;9280868;9496727;9752138;10030863;10307408;10564467;10804204;11027068;11224976;11388373;11511971
80-84;1689444;1727063;1764898;1807817;1861166;1926871;2004365;2095235;2191860;2283815;2366558;2443191;2513706;2587330;2677251;2790280;2923509;3076687;3243763;3415649;3586931;3758879;3931160;4105249;4284098;4468984;4658301;4850986;5045614;5240341;5433588;5624985;5814637;5998934;6173117;6334346;6484201;6624391;6754088;6872004;6978835;7075422;7159683;7246694;7358416;7506972;7687508;7899218;8128899;8356311;8567809
85-89;830529;901360;954570;996763;1032554;1065148;1097017;1129489;1165517;1208442;1259330;1318006;1385731;1457236;1525459;1587405;1645581;1700356;1758056;1827478;1913020;2012666;2126181;2249361;2375978;2502391;2629690;2757777;2887609;3021064;3158814;3299768;3443164;3587930;3732788;3876586;4019065;4160416;4297807;4427602;4547659;4659375;4764254;4861528;4950167;5030651;5103867;5168499;5235780;5321722;5434778
90+;455191;459166;484603;521252;562349;603580;645377;688657;731945;774304;815165;856211;898723;943466;991663;1043410;1099461;1161212;1225853;1289978;1352102;1414477;1478371;1546036;1620691;1703785;1795039;1894806;2001669;2113776;2229906;2350808;2476780;2607627;2743377;2883626;3028143;3176612;3328257;3482333;3637926;3794831;3953061;4110366;4263976;4412193;4556131;4697023;4833076;4962058;5083408
Homens;;;;;;;;;;;;;;;;;;;;;;;;;;;;;;;;;;;;;;;;;;;;;;;;;;;
Faixa/Ano;2010;2011;2012;2013;2014;2015;2016;2017;2018;2019;2020;2021;2022;2023;2024;2025;2026;2027;2028;2029;2030;2031;2032;2033;2034;2035;2036;2037;2038;2039;2040;2041;2042;2043;2044;2045;2046;2047;2048;2049;2050;2051;2052;2053;2054;2055;2056;2057;2058;2059;2060
Total;95513298;96322635;97132054;97931331;98744098;99581002;100379640;101163599;101971173;102760295;103527689;104271843;104990487;105681529;106345043;106981304;107589495;108168830;108718587;109238514;109728762;110189007;110618592;111017537;111386062;111724392;112032426;112309958;112557327;112774820;112962751;113121438;113251454;113353443;113427597;113474061;113493052;113485011;113450253;113388652;113300060;113184593;113042592;112874076;112678873;112456873;112208379;111934042;111634119;111308845;110958642
0-4;7594516;7513761;7477567;7449337;7451690;7507226;7527223;7530642;7565301;7571223;7536789;7523299;7509386;7455164;7395678;7331364;7263006;7192133;7120032;7047528;6975778;6905062;6835307;6767195;6701192;6637231;6575502;6516373;6459937;6405936;6354123;6304598;6257751;6213632;6171861;6132043;6093885;6056997;6020798;5984802;5948471;5911502;5873639;5834370;5793447;5750809;5706456;5660575;5613249;5564770;5515605
05/set;8094637;7962532;7856445;7764679;7678145;7574960;7495049;7459700;7432381;7435509;7491634;7512252;7516076;7550810;7556858;7522618;7509351;7495730;7441882;7382807;7318878;7250909;7180401;7108665;7036481;6965042;6894634;6825161;6757331;6691592;6627900;6566392;6507477;6451252;6397457;6345822;6296474;6249795;6205831;6164206;6124537;6086502;6049752;6013699;5977830;5941609;5904776;5867020;5827860;5787041;5744493
out/14;8842587;8760868;8596730;8405865;8224795;8080135;7948620;7843086;7751948;7666040;7563501;7484190;7449226;7422072;7425264;7481411;7502112;7506047;7540921;7547162;7513141;7500066;7486634;7433002;7374143;7310452;7242697;7172400;7100861;7028875;6957623;6887413;6818125;6750468;6684877;6621345;6559981;6501187;6445082;6391415;6339911;6290699;6244133;6200276;6158737;6119162;6081226;6044568;6008592;5972801;5936671
15-19;8673836;8693267;8745322;8804210;8829069;8795446;8715095;8552810;8364062;8185062;8042202;7912260;7807878;7717747;7632793;7531320;7453057;7418949;7392651;7396587;7453221;7474403;7478801;7514010;7520683;7487251;7474592;7461547;7408463;7350163;7287028;7219811;7150062;7079046;7007575;6936806;6867067;6798239;6731019;6665837;6602699;6541729;6483312;6427561;6374235;6323041;6274127;6227836;6184244;6142973;6103630
20-24;8746116;8711375;8663577;8614902;8583358;8578611;8600164;8654720;8716490;8744065;8712945;8634909;8475014;8288587;8111918;7971317;7843582;7741213;7653070;7570037;7470597;7394220;7361652;7336794;7341891;7399228;7421254;7426487;7462264;7469669;7437195;7425286;7412946;7360848;7303529;7241380;7175120;7106330;7036251;6965698;6895815;6826928;6758931;6692510;6628106;6565701;6505416;6447653;6392537;6339825;6289218
25-29;8574606;8629711;8657414;8662143;8651184;8630266;8598875;8555561;8512314;8485534;8484394;8508378;8563553;8624538;8651626;8621118;8544666;8387530;8204388;8031009;7893232;7767999;7667829;7581750;7500675;7403356;7328943;7297950;7274594;7280847;7338836;7361712;7367822;7404119;7412226;7380713;7369573;7357978;7306911;7250628;7189512;7124285;7056509;6987423;6917849;6848930;6780967;6713878;6648312;6584723;6523112
30-34;7821287;7982363;8131551;8263753;8373348;8457008;8514439;8545686;8555280;8549320;8532944;8505514;8464499;8421615;8394693;8393527;8417664;8473141;8534872;8563312;8534665;8460519;8306365;8126302;7955838;7820545;7697488;7599240;7514973;7435649;7340229;7267552;7237960;7215936;7223197;7281677;7305262;7312099;7348805;7357492;7326843;7316343;7305373;7255224;7199860;7139664;7075362;7008494;6940318;6871646;6803583
35-39;6857527;6990523;7155946;7341635;7527745;7700900;7862666;8013399;8148183;8260741;8347421;8407755;8440996;8451369;8446055;8430688;8404634;8365378;8324589;8299702;8300209;8325674;8382118;8444696;8474256;8447253;8375224;8223858;8046719;7879049;7746136;7625181;7528741;7446144;7368454;7274845;7203808;7175501;7154681;7162834;7221685;7245877;7253323;7290325;7299496;7269639;7259722;7249292;7200007;7145508;7086207
40-44;6405478;6465519;6511227;6557089;6624863;6727359;6861189;7027271;7213769;7400750;7574836;7737477;7888496;8022898;8135221;8222214;8283430;8318165;8330545;8327522;8314471;8290745;8253830;8215289;8192354;8194452;8221147;8278370;8341585;8372088;8346626;8276663;8128189;7954176;7789503;7659150;7540448;7445888;7365050;7289066;7197348;7128025;7100999;7081359;7090362;7149455;7174123;7182135;7219317;7228927;7199896
45-49;5768516;5880219;5985481;6082367;6167931;6241647;6303978;6352579;6401687;6472175;6576419;6711034;6876531;7061277;7246407;7419108;7580798;7731316;7865760;7978594;8066468;8128987;8165432;8179855;8179060;8168292;8146911;8112423;8076237;8055349;8059034;8086849;8144623;8208179;8239414;8215443;8147699;8002569;7832277;7671186;7543900;7427925;7335566;7256745;7182722;7093220;7025894;7000246;6981909;6991754;7050917
50-54;4900002;5040349;5178764;5313246;5441195;5561009;5673316;5779573;5877917;5965268;6041008;6105571;6156429;6207294;6278778;6383077;6516900;6680739;6863310;7046315;7217244;7377487;7526925;7660698;7773367;7861606;7925036;7962995;7979372;7980824;7972437;7953589;7921753;7888179;7869486;7874764;7903569;7961564;8025093;8056849;8034455;7969304;7828334;7662799;7506320;7382926;7270417;7180814;7104474;7032873;6946162
55-59;3954821;4089187;4227766;4368987;4510555;4650762;4789417;4926386;5059761;5186871;5306101;5418069;5523994;5622071;5709488;5785731;5851268;5903677;5956190;6028485;6132308;6264412;6425224;6603964;6783080;6950611;7107892;7254823;7386666;7498065;7585774;7649457;7688505;7706661;7710316;7704363;7688149;7659220;7628530;7612199;7619074;7648657;7706356;7769208;7801082;7780353;7718248;7582612;7423293;7272866;7154556
60-64;3081961;3198692;3313737;3429277;3548963;3674713;3805186;3939707;4076794;4214303;4350563;4485379;4618536;4748149;4871821;4988027;5097383;5201061;5297302;5383487;5458969;5524298;5577221;5630273;5702081;5803746;5932098;6087478;6259725;6432268;6593867;6745779;6887959;7015825;7124175;7209866;7272652;7311982;7331395;7336975;7333300;7319725;7293901;7266311;7252466;7260725;7290580;7347073;7408221;7439552;7420473
65-69;2253998;2339108;2439108;2549140;2661907;2773210;2883883;2993314;3103440;3217426;3337000;3460918;3588535;3718492;3848844;3978090;4106032;4232502;4355732;4473440;4584216;4688647;4787847;4880176;4963105;5036045;5099560;5151653;5203924;5273663;5371091;5493166;5640066;5802391;5964930;6117373;6260872;6395434;6516731;6619770;6701600;6762068;6800700;6820803;6827971;6826458;6815605;6793193;6769102;6757874;6767303
70-74;1689818;1732563;1770303;1809593;1859518;1924795;2003224;2094581;2194687;2297297;2398778;2499910;2600243;2701380;2806006;2915566;3028989;3145702;3264515;3383680;3501868;3618911;3734717;3847628;3955595;4057304;4153367;4244811;4330120;4406952;4474742;4534111;4583407;4633065;4698510;4788775;4900975;5035044;5182591;5330211;5468808;5599462;5722265;5833225;5927673;6002895;6058911;6095418;6115370;6123684;6124121
75-79;1105206;1144121;1190922;1240998;1288273;1330216;1368574;1403314;1439622;1484658;1542105;1610235;1688895;1774682;1862608;1949716;2036732;2123408;2210961;2301516;2396166;2494028;2594665;2697044;2799720;2901547;3002440;3102353;3199832;3293112;3381052;3464237;3543625;3617852;3684841;3744109;3796312;3840217;3884676;3942722;4021823;4119269;4234768;4361237;4487603;4606394;4718561;4824282;4920042;5001664;5066803
80-84;677628;692280;707304;724631;746369;773094;804695;841980;881564;919059;952619;983758;1012641;1042996;1079956;1126100;1180178;1242110;1309326;1378193;1446541;1514999;1583484;1652852;1724591;1799420;1876683;1956079;2036796;2117674;2197885;2277383;2356175;2433074;2506675;2576080;2641835;2704769;2763770;2817079;2864310;2906165;2941812;2978203;3025436;3089091;3166772;3257946;3357133;3456065;3549148
85-89;314944;340306;359247;374268;387076;398787;410381;422377;435871;452078;471252;493422;519178;546326;572074;595279;617114;637836;659812;686235;718616;756161;798785;844827;891952;938795;985869;1033177;1081264;1131002;1182750;1236101;1290875;1346482;1402163;1457337;1512013;1566262;1619219;1669886;1717634;1762927;1806456;1847353;1884307;1917047;1946213;1971377;1997388;2031094;2076107
90+;155814;155891;163643;175211;188114;200858;213666;226913;240102;252916;265178;277513;290381;304062;318955;335033;352599;372193;392729;412903;432174;451480;471355;492517;515998;542216;571089;602780;636664;672043;708423;746158;785393;826114;868408;912170;957358;1003936;1051543;1099797;1148335;1197201;1246463;1295445;1343371;1389754;1435003;1479630;1522751;1563205;1600637
Mulheres;;;;;;;;;;;;;;;;;;;;;;;;;;;;;;;;;;;;;;;;;;;;;;;;;;;
Faixa/Ano;2010;2011;2012;2013;2014;2015;2016;2017;2018;2019;2020;2021;2022;2023;2024;2025;2026;2027;2028;2029;2030;2031;2032;2033;2034;2035;2036;2037;2038;2039;2040;2041;2042;2043;2044;2045;2046;2047;2048;2049;2050;2051;2052;2053;2054;2055;2056;2057;2058;2059;2060
Total;99377384;100281097;101182880;102072857;102973443;103894681;104776947;105641142;106523727;107386830;108228003;109045796;109838053;110602740;111339419;112047789;112727035;113376404;113995082;114582791;115139700;115665408;116159210;116621044;117051060;117449293;117815406;118149104;118450544;118719830;118957171;119162795;119337126;119480622;119593399;119675564;119727205;119748659;119740229;119701812;119633216;119534576;119406275;119248372;119060759;118843450;118596844;118321643;118018167;117686696;117327705
0-4;7263764;7183672;7146734;7117833;7118380;7169933;7187889;7190134;7222256;7227109;7193522;7179982;7166137;7113891;7056677;6994870;6929250;6861293;6792194;6722744;6654037;6586337;6519598;6454447;6391297;6330138;6271102;6214564;6160612;6108982;6059465;6012111;5967335;5925166;5885245;5847195;5810739;5775493;5740911;5706506;5671785;5636480;5600319;5562831;5523765;5483054;5440735;5396945;5351779;5305522;5258613
05/set;7770558;7637972;7531062;7438466;7351496;7249311;7169869;7133599;7105448;7106623;7158677;7177142;7179697;7211861;7216770;7183323;7169960;7156303;7104326;7047419;6985900;6920581;6852877;6784045;6714850;6646363;6578895;6512362;6447397;6384445;6323461;6264603;6208226;6154420;6102930;6053551;6006316;5961661;5919602;5879787;5841839;5805471;5770319;5735832;5701526;5666895;5631683;5595595;5558186;5519183;5478538
out/14;8554717;8455975;8283444;8089460;7907189;7760725;7628594;7522151;7430076;7343636;7241977;7162974;7126965;7098900;7100083;7152115;7170599;7173253;7205511;7210562;7177282;7164048;7150542;7098698;7041966;6980597;6915428;6847872;6779177;6710109;6641753;6574416;6507997;6443143;6380305;6319417;6260645;6204358;6150638;6099240;6049944;6002767;5958172;5916169;5876419;5838532;5802229;5767135;5732686;5698445;5663861
15-19;8545250;8545134;8570279;8598599;8595020;8538650;8440520;8268820;8075784;7894402;7748661;7617127;7511038;7419176;7332931;7231549;7152834;7117070;7089291;7090699;7142889;7161564;7164386;7196775;7201976;7168912;7155813;7142450;7090800;7034246;6973050;6908061;6840690;6772161;6703265;6635057;6567880;6501607;6436888;6374173;6313409;6254781;6198609;6144996;6093699;6044510;5997404;5952900;5910984;5871292;5833479
20-24;8730663;8685493;8632453;8580317;8541427;8522158;8522717;8548800;8578290;8575788;8520321;8422885;8251703;8058974;7877885;7732483;7601342;7495658;7404243;7318466;7217578;7139311;7103911;7076466;7078134;7130480;7149348;7152369;7184898;7190262;7157419;7144496;7131292;7079875;7023532;6962566;6897786;6830618;6762308;6693616;6625610;6558621;6492525;6427989;6365439;6304827;6246359;6190324;6136849;6085691;6036629
25-29;8759504;8794137;8796721;8774734;8740162;8701585;8657447;8606118;8556279;8519370;8501472;8502840;8528874;8557655;8554527;8498854;8401581;8230970;8039027;7858757;7714059;7583553;7478411;7387513;7302222;7201834;7124040;7089005;7061927;7063862;7116357;7135441;7138679;7171317;7176856;7144248;7131490;7118444;7067259;7011155;6950430;6885878;6818953;6750864;6682397;6614606;6547836;6481935;6417581;6355208;6294775
30-34;8134662;8292656;8436024;8559102;8655506;8721648;8757209;8761261;8741379;8708998;8672472;8630132;8579691;8529636;8492259;8474016;8475221;8501254;8530339;8527750;8472728;8376209;8206534;8015554;7836195;7692298;7562495;7457948;7367599;7282839;7183027;7105766;7071153;7044471;7046705;7099349;7118636;7122075;7154825;7160535;7128176;7115614;7102753;7051834;6995993;6935527;6871248;6804590;6736770;6668550;6600995
35-39;7217581;7360304;7533612;7724944;7914003;8086921;8245277;8389416;8513782;8611601;8679124;8715968;8720848;8701247;8669057;8632896;8591073;8541313;8492081;8455572;8438085;8439927;8466470;8496006;8493933;8439591;8343905;8175308;7985451;7807181;7664189;7535215;7431349;7341643;7257512;7158362;7081715;7047557;7021303;7023870;7076626;7096104;7099748;7132620;7138481;7106437;7094056;7081379;7030761;6975247;6915100
40-44;6778692;6845790;6902814;6962420;7043480;7156924;7299989;7473560;7665266;7854763;8028138;8186940;8331214;8455331;8552992;8620632;8657882;8663516;8644914;8613835;8578785;8538059;8489410;8441231;8405668;8388994;8391500;8418532;8448480;8446908;8393336;8298619;8131367;7942935;7766032;7624247;7496313;7393283;7304357;7220983;7122693;7046803;7013207;6987448;6990375;7043194;7062864;7066709;7099631;7105657;7073965
45-49;6223923;6337962;6440833;6533234;6616280;6691951;6760080;6818469;6879600;6961901;7076085;7219386;7392473;7583125;7771526;7944063;8102291;8246251;8370379;8468309;8536458;8574475;8581121;8563724;8533946;8500200;8460770;8413422;8366506;8332082;8316353;8319588;8347101;8377429;8376405;8323746;8230289;8064839;7878391;7703408;7563258;7436796;7334913;7247051;7164700;7067565;6992692;6959806;6934682;6938034;6990866
50-54;5376771;5534017;5689298;5839169;5978738;6105077;6219391;6322798;6416015;6500061;6576796;6646021;6705438;6767236;6849760;6963705;7106337;7278291;7467575;7654669;7826144;7983521;8126854;8250652;8348545;8416994;8455692;8463413;8447385;8419115;8386869;8348985;8303205;8257827;8224756;8210111;8214142;8242078;8272708;8272262;8220740;8128940;7965977;7782295;7609981;7472079;7347622;7247303;7160879;7079920;6984373
55-59;4432743;4590633;4749890;4909737;5069150;5227119;5383125;5537330;5686330;5825240;5951176;6065299;6168619;6261809;6346002;6423020;6492695;6552788;6615246;6697988;6811458;6952954;7123064;7310048;7494871;7664408;7820119;7962106;8084941;8182318;8250753;8289954;8298764;8284278;8257737;8227267;8191196;8147302;8103751;8072269;8058871;8063723;8091991;8122772;8122927;8072809;7983158;7823559;7643653;7474984;7340157
60-64;3514780;3660366;3805267;3950635;4098973;4251517;4406707;4563335;4720676;4877607;5033165;5186796;5338620;5485311;5622167;5746464;5859310;5961715;6054307;6138173;6215013;6284717;6345103;6407794;6490177;6602344;6741631;6908565;7091767;7272814;7439034;7591869;7731387;7852281;7948365;8016235;8055661;8065487;8052664;8028119;7999680;7965774;7924151;7882847;7853280;7841324;7847086;7875513;7906215;7906918;7858543
65-69;2651990;2756408;2879605;3016173;3157397;3298030;3438872;3579276;3720291;3864254;4012244;4162815;4314753;4467342;4619567;4770537;4919734;5067255;5209895;5343114;5464296;5574519;5674802;5765692;5848178;5923895;5992761;6052710;6114911;6195985;6305561;6440967;6602686;6779782;6954755;7115536;7263504;7398788;7516234;7609815;7676222;7715300;7726054;7715112;7692923;7666987;7635743;7597019;7558569;7531415;7521177
70-74;2102224;2156789;2204652;2253926;2316429;2398670;2498217;2614903;2743842;2877091;3009885;3142991;3275848;3409374;3545763;3685934;3828611;3972652;4117387;4261854;4405172;4546874;4687048;4822679;4949468;5064985;5170268;5266293;5353559;5432924;5505888;5572460;5630751;5691223;5769421;5874274;6003151;6156325;6323635;6488820;6640747;6780731;6908947;7020499;7109604;7173107;7210968;7222358;7213525;7194194;7171363
75-79;1492784;1544677;1606315;1672386;1735303;1791602;1843027;1889061;1936628;1995878;2072284;2163783;2270175;2387224;2508065;2628645;2749655;2870706;2992562;3117106;3245094;3375377;3506991;3639270;3771408;3902531;4032250;4160652;4284966;4401296;4507406;4604325;4693006;4773850;4847542;4915432;4977539;5032292;5089135;5162077;5259045;5377458;5517370;5669626;5819805;5958073;6085643;6202786;6304934;6386709;6445168
80-84;1011816;1034783;1057594;1083186;1114797;1153777;1199670;1253255;1310296;1364756;1413939;1459433;1501065;1544334;1597295;1664180;1743331;1834577;1934437;2037456;2140390;2243880;2347676;2452397;2559507;2669564;2781618;2894907;3008818;3122667;3235703;3347602;3458462;3565860;3666442;3758266;3842366;3919622;3990318;4054925;4114525;4169257;4217871;4268491;4332980;4417881;4520736;4641272;4771766;4900246;5018661
85-89;515585;561054;595323;622495;645478;666361;686636;707112;729646;756364;788078;824584;866553;910910;953385;992126;1028467;1062520;1098244;1141243;1194404;1256505;1327396;1404534;1484026;1563596;1643821;1724600;1806345;1890062;1976064;2063667;2152289;2241448;2330625;2419249;2507052;2594154;2678588;2757716;2830025;2896448;2957798;3014175;3065860;3113604;3157654;3197122;3238392;3290628;3358671
90+;299377;303275;320960;346041;374235;402722;431711;461744;491843;521388;549987;578698;608342;639404;672708;708377;746862;789019;833124;877075;919928;962997;1007016;1053519;1104693;1161569;1223950;1292026;1365005;1441733;1521483;1604650;1691387;1781513;1874969;1971456;2070785;2172676;2276714;2382536;2489591;2597630;2706598;2814921;2920605;3022439;3121128;3217393;3310325;3398853;3482771
