Distrito Federal;;;;;;;;;;;;;;;;;;;;;;;;;;;;;;;;;;;;;;;;;;;;;;;;;;;
Dados;;;;;;;;;;;;;;;;;;;;;;;;;;;;;;;;;;;;;;;;;;;;;;;;;;;
Ano;População total;Homens;Mulheres;Nascimentos;Óbitos;Taxa de Crescimento Geométrico;Taxa Bruta de Natalidade;Taxa Bruta de Mortalidade;Esperança de Vida ao Nascer;Esperança de Vida ao Nascer - Homens;Esperança de Vida ao Nascer - Mulheres;Taxa de Mortalidade Infantil;Taxa de Mortalidade Infantil - Homens;Taxa de Mortalidade Infantil - Mulheres;Taxa de Fecundidade Total;Razão de Dependência - Jovens 0 a 14 anos;Razão de Dependência - Idosos 65 ou mais anos;Razão de Dependência;Índice de Envelhecimento;;;;;;;;;;;;;;;;;;;;;;;;;;;;;;;;
2010;2639212;1264740;1374472;42303;10922;x;16.03;4.14;76.34;72.55;79.88;11.99;12.89;11.05;1.65;35.1;6.96;42.06;19.84;;;;;;;;;;;;;;;;;;;;;;;;;;;;;;;;
2011;2681052;1285153;1395899;42031;11072;1.59;15.68;4.13;76.67;72.89;80.18;11.73;12.6;10.81;1.63;34.08;7.2;41.28;21.16;;;;;;;;;;;;;;;;;;;;;;;;;;;;;;;;
2012;2722198;1305219;1416979;41585;11267;1.53;15.28;4.14;76.98;73.22;80.47;11.47;12.32;10.58;1.6;33.07;7.47;40.54;22.55;;;;;;;;;;;;;;;;;;;;;;;;;;;;;;;;
2013;2763488;1325368;1438120;43078;11509;1.52;15.59;4.16;77.28;73.53;80.75;11.22;12.06;10.35;1.65;32.12;7.76;39.87;23.91;;;;;;;;;;;;;;;;;;;;;;;;;;;;;;;;
2014;2805774;1346039;1459735;44406;11774;1.53;15.83;4.2;77.57;73.84;81.01;10.99;11.8;10.13;1.7;31.27;8.07;39.34;25.89;;;;;;;;;;;;;;;;;;;;;;;;;;;;;;;;
2015;2848633;1367015;1481618;45095;12058;1.53;15.83;4.23;77.85;74.13;81.27;10.76;11.55;9.92;1.71;30.51;8.4;38.91;27.27;;;;;;;;;;;;;;;;;;;;;;;;;;;;;;;;
2016;2890224;1387354;1502870;42755;12334;1.46;14.79;4.27;78.12;74.41;81.51;10.53;11.3;9.72;1.62;29.67;8.75;38.42;29.44;;;;;;;;;;;;;;;;;;;;;;;;;;;;;;;;
2017;2931057;1407318;1523739;44484;12644;1.41;15.18;4.31;78.37;74.68;81.74;10.32;11.07;9.53;1.68;28.92;9.12;38.04;31.58;;;;;;;;;;;;;;;;;;;;;;;;;;;;;;;;
2018;2972209;1427459;1544750;44364;12982;1.4;14.93;4.37;78.62;74.94;81.96;10.11;10.84;9.34;1.68;28.27;9.51;37.79;33.66;;;;;;;;;;;;;;;;;;;;;;;;;;;;;;;;
2019;3012718;1447284;1565434;44210;13333;1.36;14.67;4.43;78.85;75.19;82.18;9.91;10.63;9.15;1.68;27.68;9.92;37.61;35.82;;;;;;;;;;;;;;;;;;;;;;;;;;;;;;;;
2020;3052546;1466775;1585771;44045;13701;1.32;14.43;4.49;79.08;75.43;82.38;9.71;10.42;8.98;1.67;27.1;10.35;37.45;38.07;;;;;;;;;;;;;;;;;;;;;;;;;;;;;;;;
2021;3091667;1485920;1605747;43879;14095;1.28;14.19;4.56;79.3;75.66;82.57;9.53;10.21;8.81;1.67;26.56;10.8;37.35;40.93;;;;;;;;;;;;;;;;;;;;;;;;;;;;;;;;
2022;3130014;1504684;1625330;43637;14517;1.24;13.94;4.64;79.5;75.88;82.75;9.35;10.01;8.64;1.66;26.14;11.27;37.4;43.16;;;;;;;;;;;;;;;;;;;;;;;;;;;;;;;;
2023;3167502;1523026;1644476;43346;14959;1.2;13.68;4.72;79.7;76.09;82.92;9.17;9.82;8.48;1.66;25.83;11.76;37.59;45.21;;;;;;;;;;;;;;;;;;;;;;;;;;;;;;;;
2024;3204070;1540916;1663154;43031;15426;1.15;13.43;4.81;79.89;76.28;83.09;9.01;9.64;8.33;1.65;25.59;12.3;37.89;47.85;;;;;;;;;;;;;;;;;;;;;;;;;;;;;;;;
2025;3239675;1558334;1681341;42709;15926;1.11;13.18;4.92;80.06;76.47;83.24;8.84;9.46;8.18;1.65;25.43;12.87;38.3;50.54;;;;;;;;;;;;;;;;;;;;;;;;;;;;;;;;
2026;3274291;1575269;1699022;42390;16445;1.07;12.95;5.02;80.23;76.66;83.39;8.68;9.29;8.04;1.65;25.31;13.47;38.78;53.3;;;;;;;;;;;;;;;;;;;;;;;;;;;;;;;;
2027;3307883;1591704;1716179;42045;16986;1.03;12.71;5.14;80.4;76.83;83.53;8.53;9.13;7.9;1.64;25.21;14.11;39.32;55.8;;;;;;;;;;;;;;;;;;;;;;;;;;;;;;;;
2028;3340408;1607617;1732791;41694;17559;0.98;12.48;5.26;80.55;76.99;83.67;8.38;8.97;7.77;1.64;25.08;14.78;39.86;59.22;;;;;;;;;;;;;;;;;;;;;;;;;;;;;;;;
2029;3371845;1622999;1748846;41356;18152;0.94;12.27;5.38;80.7;77.15;83.8;8.25;8.81;7.64;1.63;24.88;15.46;40.34;62.15;;;;;;;;;;;;;;;;;;;;;;;;;;;;;;;;
2030;3402180;1637843;1764337;41021;18766;0.9;12.06;5.52;80.83;77.3;83.92;8.11;8.67;7.52;1.63;24.63;16.16;40.79;65.71;;;;;;;;;;;;;;;;;;;;;;;;;;;;;;;;
2031;3431469;1652176;1779293;40670;19399;0.86;11.85;5.65;80.97;77.44;84.03;7.97;8.52;7.4;1.62;24.42;16.88;41.3;68.79;;;;;;;;;;;;;;;;;;;;;;;;;;;;;;;;
2032;3459755;1666019;1793736;40312;20061;0.82;11.65;5.8;81.09;77.58;84.14;7.85;8.38;7.29;1.62;24.23;17.63;41.86;72.51;;;;;;;;;;;;;;;;;;;;;;;;;;;;;;;;
2033;3487020;1679363;1807657;39977;20749;0.79;11.46;5.95;81.21;77.71;84.24;7.73;8.25;7.18;1.62;23.99;18.4;42.39;76.79;;;;;;;;;;;;;;;;;;;;;;;;;;;;;;;;
2034;3513254;1692203;1821051;39654;21465;0.75;11.29;6.11;81.33;77.83;84.34;7.61;8.12;7.07;1.61;23.75;19.17;42.92;80.72;;;;;;;;;;;;;;;;;;;;;;;;;;;;;;;;
2035;3538436;1704529;1833907;39332;22208;0.72;11.12;6.28;81.43;77.95;84.43;7.5;8;6.97;1.61;23.52;19.95;43.46;84.76;;;;;;;;;;;;;;;;;;;;;;;;;;;;;;;;
2036;3562521;1716320;1846201;38974;22978;0.68;10.94;6.45;81.54;78.06;84.52;7.39;7.88;6.87;1.6;23.28;20.73;44.01;88.89;;;;;;;;;;;;;;;;;;;;;;;;;;;;;;;;
2037;3585467;1727555;1857912;38625;23778;0.64;10.77;6.63;81.63;78.16;84.6;7.28;7.76;6.77;1.6;23.04;21.51;44.56;93.71;;;;;;;;;;;;;;;;;;;;;;;;;;;;;;;;
2038;3607260;1738228;1869032;38295;24606;0.61;10.62;6.82;81.72;78.26;84.68;7.18;7.65;6.68;1.59;22.82;22.32;45.13;98.09;;;;;;;;;;;;;;;;;;;;;;;;;;;;;;;;
2039;3627893;1748335;1879558;37973;25446;0.57;10.47;7.01;81.81;78.36;84.76;7.08;7.55;6.59;1.59;22.6;23.17;45.77;102.58;;;;;;;;;;;;;;;;;;;;;;;;;;;;;;;;
2040;3647352;1757871;1889481;37649;26308;0.54;10.32;7.21;81.89;78.45;84.83;6.99;7.44;6.51;1.59;22.4;24.09;46.49;107.19;;;;;;;;;;;;;;;;;;;;;;;;;;;;;;;;
2041;3665603;1766821;1898782;37298;27188;0.5;10.18;7.42;81.96;78.53;84.89;6.9;7.34;6.43;1.58;22.22;25.06;47.28;112.58;;;;;;;;;;;;;;;;;;;;;;;;;;;;;;;;
2042;3682634;1775178;1907456;36988;28086;0.46;10.04;7.63;82.03;78.61;84.96;6.81;7.25;6.35;1.58;22.05;26.09;48.14;118.12;;;;;;;;;;;;;;;;;;;;;;;;;;;;;;;;
2043;3698469;1782953;1915516;36715;28997;0.43;9.93;7.84;82.1;78.69;85.02;6.72;7.16;6.27;1.57;21.9;27.17;49.07;123.81;;;;;;;;;;;;;;;;;;;;;;;;;;;;;;;;
2044;3713123;1790157;1922966;36462;29923;0.4;9.82;8.06;82.16;78.76;85.07;6.64;7.07;6.2;1.57;21.76;28.28;50.03;129.66;;;;;;;;;;;;;;;;;;;;;;;;;;;;;;;;
2045;3726600;1796792;1929808;36221;30856;0.36;9.72;8.28;82.22;78.83;85.13;6.57;6.98;6.13;1.56;21.63;29.4;51.03;136.36;;;;;;;;;;;;;;;;;;;;;;;;;;;;;;;;
2046;3738900;1802857;1936043;35979;31796;0.33;9.62;8.5;82.28;78.9;85.18;6.49;6.9;6.06;1.56;21.52;30.54;52.06;141.55;;;;;;;;;;;;;;;;;;;;;;;;;;;;;;;;
2047;3750030;1808357;1941673;35776;32750;0.3;9.54;8.73;82.33;78.96;85.22;6.42;6.82;6;1.56;21.42;31.7;53.12;147.86;;;;;;;;;;;;;;;;;;;;;;;;;;;;;;;;
2048;3760007;1813302;1946705;35590;33712;0.27;9.47;8.97;82.38;79.02;85.27;6.35;6.74;5.93;1.55;21.33;32.85;54.18;154.35;;;;;;;;;;;;;;;;;;;;;;;;;;;;;;;;
2049;3768831;1817693;1951138;35398;34676;0.23;9.39;9.2;82.42;79.08;85.31;6.28;6.67;5.87;1.55;21.25;33.96;55.21;159.85;;;;;;;;;;;;;;;;;;;;;;;;;;;;;;;;
2050;3776493;1821527;1954966;35202;35649;0.2;9.32;9.44;82.46;79.13;85.35;6.22;6.6;5.82;1.54;21.17;35;56.18;164.71;;;;;;;;;;;;;;;;;;;;;;;;;;;;;;;;
2051;3782994;1824805;1958189;35020;36622;0.17;9.26;9.68;82.5;79.18;85.39;6.15;6.53;5.76;1.54;21.09;35.99;57.08;170.9;;;;;;;;;;;;;;;;;;;;;;;;;;;;;;;;
2052;3788348;1827535;1960813;34852;37592;0.14;9.2;9.92;82.54;79.23;85.43;6.09;6.46;5.71;1.53;21.02;36.92;57.94;175.94;;;;;;;;;;;;;;;;;;;;;;;;;;;;;;;;
2053;3792555;1829718;1962837;34663;38561;0.11;9.14;10.17;82.57;79.27;85.46;6.04;6.4;5.65;1.53;20.95;37.79;58.74;180.3;;;;;;;;;;;;;;;;;;;;;;;;;;;;;;;;
2054;3795598;1831347;1964251;34450;39514;0.08;9.08;10.41;82.6;79.31;85.49;5.98;6.34;5.6;1.53;20.89;38.6;59.49;184.73;;;;;;;;;;;;;;;;;;;;;;;;;;;;;;;;
2055;3797474;1832421;1965053;34219;40452;0.05;9.01;10.65;82.63;79.35;85.52;5.93;6.28;5.56;1.52;20.82;39.36;60.19;189.23;;;;;;;;;;;;;;;;;;;;;;;;;;;;;;;;
2056;3798193;1832944;1965249;33996;41374;0.02;8.95;10.89;82.66;79.39;85.55;5.88;6.22;5.51;1.52;20.76;40.07;60.83;193.02;;;;;;;;;;;;;;;;;;;;;;;;;;;;;;;;
2057;3797772;1832924;1964848;33771;42285;-0.01;8.89;11.13;82.68;79.43;85.58;5.82;6.17;5.47;1.51;20.71;40.72;61.43;196.88;;;;;;;;;;;;;;;;;;;;;;;;;;;;;;;;
2058;3796218;1832366;1963852;33521;43166;-0.04;8.83;11.37;82.71;79.46;85.61;5.78;6.11;5.42;1.51;20.65;41.34;62;200.79;;;;;;;;;;;;;;;;;;;;;;;;;;;;;;;;
2059;3793533;1831272;1962261;33258;44035;-0.07;8.77;11.61;82.73;79.5;85.63;5.73;6.06;5.38;1.5;20.61;41.96;62.56;203.15;;;;;;;;;;;;;;;;;;;;;;;;;;;;;;;;
2060;3789728;1829649;1960079;32984;44866;-0.1;8.7;11.84;82.75;79.53;85.65;5.69;6.01;5.34;1.5;20.57;42.58;63.15;207.14;;;;;;;;;;;;;;;;;;;;;;;;;;;;;;;;
Faixas etárias;;;;;;;;;;;;;;;;;;;;;;;;;;;;;;;;;;;;;;;;;;;;;;;;;;;
Total;;;;;;;;;;;;;;;;;;;;;;;;;;;;;;;;;;;;;;;;;;;;;;;;;;;
Faixa/Ano;2010;2011;2012;2013;2014;2015;2016;2017;2018;2019;2020;2021;2022;2023;2024;2025;2026;2027;2028;2029;2030;2031;2032;2033;2034;2035;2036;2037;2038;2039;2040;2041;2042;2043;2044;2045;2046;2047;2048;2049;2050;2051;2052;2053;2054;2055;2056;2057;2058;2059;2060
Total;2639212;2681052;2722198;2763488;2805774;2848633;2890224;2931057;2972209;3012718;3052546;3091667;3130014;3167502;3204070;3239675;3274291;3307883;3340408;3371845;3402180;3431469;3459755;3487020;3513254;3538436;3562521;3585467;3607260;3627893;3647352;3665603;3682634;3698469;3713123;3726600;3738900;3750030;3760007;3768831;3776493;3782994;3788348;3792555;3795598;3797474;3798193;3797772;3796218;3793533;3789728
0-4;211432;204757;199779;197047;196937;199113;201112;203162;205494;206283;205920;206217;206605;205927;205089;204094;202941;201660;200296;198891;197466;195974;194392;192761;191108;189454;187798;186146;184498;182849;181203;179554;177928;176350;174831;173390;172042;170803;169658;168585;167563;166593;165669;164761;163841;162891;161903;160866;159770;158620;157423
05/set;219062;217489;214846;211021;206416;200374;193884;189087;186527;186592;188932;191098;193325;195824;196785;196592;197061;197617;197109;196441;195615;194641;193534;192325;191030;189652;188166;186586;184960;183311;181660;180008;178361;176715;175073;173428;171782;170159;168581;167067;165628;164280;163044;161900;160830;159810;158842;157919;157015;156093;155144
out/14;221552;224479;225963;226505;226357;226226;224544;221795;217868;213157;207013;200424;195516;192851;192805;195030;197082;199197;201582;202430;202126;202493;202980;202421;201728;200897;199928;198827;197617;196327;194950;193470;191889;190267;188617;186970;185323;183676;182035;180394;178751;177106;175483;173910;172394;170956;169608;168377;167230;166165;165144
15-19;223614;225306;227889;230926;233691;235699;238414;239682;240010;239651;239309;237418;234462;230327;225407;219059;212269;207153;204277;204010;206011;207867;209844;212137;212944;212632;213006;213497;212947;212261;211439;210475;209382;208180;206897;205524;204049;202477;200863;199216;197575;195936;194295;192656;191020;189381;187744;186124;184554;183042;181609
20-24;248987;246709;244465;242659;241805;242200;243616;245919;248665;251145;252866;255292;256281;256329;255692;255073;252905;249679;245273;240086;233473;226449;221146;218142;217795;219772;221635;223618;225916;226731;226431;226815;227316;226775;226100;225290;224335;223252;222060;220789;219424;217962;216395;214791;213153;211523;209889;208257;206629;204999;203368
25-29;271924;271668;269922;267190;264242;261633;259199;256798;254833;253802;254016;255245;257347;259893;262175;263698;265922;266713;266567;265737;264925;262585;259223;254723;249493;242891;235908;230638;227659;227324;229307;231174;233162;235464;236285;235994;236387;236893;236362;235696;234898;233948;232878;231692;230431;229074;227622;226063;224469;222841;221219
30-34;256084;262877;268675;273207;276174;277430;277123;275323;272544;269546;266884;264391;261933;259907;258804;258938;260079;262087;264536;266721;268149;270284;271007;270818;269969;269169;266856;263524;259056;253862;247298;240351;235110;232154;231833;233817;235688;237679;239979;240804;240524;240921;241432;240913;240254;239462;238521;237460;236279;235029;233678
35-39;215484;223354;232370;241889;250890;258695;265426;271176;275661;278595;279823;279496;277680;274890;271878;269200;266687;264207;262154;261016;261108;262204;264178;266598;268772;270204;272352;273091;272920;272094;271311;269025;265724;261283;256125;249601;242695;237487;234552;234244;236226;238098;240088;242385;243213;242943;243345;243859;243348;242694;241913
40-44;190201;195184;199650;204136;209484;216159;223979;232933;242384;251319;259076;265760;271478;275933;278852;280069;279741;277935;275159;272161;269491;266988;264521;262487;261368;261484;262595;264581;267007;269183;270627;272777;273529;273377;272567;271806;269548;266276;261871;256752;250275;243417;238248;235338;235042;237024;238892;240876;243166;243997;243734
45-49;159137;165461;171704;177760;183488;188832;193799;198255;202732;208065;214700;222474;231358;240741;249607;257309;263949;269634;274070;276983;278206;277900;276132;273407;270465;267848;265405;262990;261007;259931;260073;261200;263186;265609;267783;269227;271376;272139;272005;271213;270471;268249;265014;260657;255590;249173;242387;237272;234399;234117;236096
50-54;124735;130589;136860;143389;149931;156318;162580;168766;174772;180453;185764;190705;195146;199606;204913;211500;219206;228000;237282;246054;253684;260266;265907;270319;273224;274467;274197;272490;269834;266963;264413;262037;259682;257756;256723;256891;258027;260004;262408;264569;266007;268146;268912;268791;268019;267301;265122;261940;257643;252647;246318
55-59;96819;101374;105913;110564;115524;120902;126675;132852;139286;145731;152022;158191;164291;170216;175825;181072;185959;190361;194786;200043;206544;214145;222805;231939;240571;248079;254567;260131;264490;267371;268617;268378;266732;264153;261369;258894;256591;254311;252450;251462;251655;252788;254743;257109;259238;260658;262770;263530;263422;262673;261975
60-64;70878;75184;79553;83965;88391;92825;97270;101705;106246;111087;116331;121960;127975;134240;140512;146639;152649;158590;164367;169830;174951;179728;184040;188378;193528;199884;207297;215734;224627;233028;240337;246659;252085;256344;259157;260384;260170;258587;256104;253425;251043;248828;246638;244860;243930;244141;245264;247172;249476;251544;252928
65-69;48702;51571;54970;58766;62743;66780;70889;75063;79277;83508;87758;92017;96270;100626;105270;110295;115685;121441;127428;133431;139286;145034;150721;156254;161489;166403;170998;175153;179340;184304;190422;197540;205627;214139;222182;229175;235225;240431;244519;247220;248401;248206;246707;244353;241817;239567;237474;235414;233748;232893;233128
70-74;36115;37788;39171;40512;42189;44394;47074;50228;53752;57442;61182;64995;68874;72792;76734;80689;84659;88628;92698;97030;101722;106745;112107;117684;123275;128728;134081;139382;144536;149419;154004;158299;162197;166133;170796;176535;183197;190744;198676;206163;212670;218303;223155;226969;229485;230580;230396;229004;226827;224488;222413
75-79;21574;23229;25232;27377;29370;31082;32571;33834;35072;36605;38595;40994;43801;46925;50191;53509;56889;60335;63817;67322;70844;74382;77930;81568;85447;89643;94134;98917;103887;108867;113717;118480;123199;127789;132136;136221;140056;143552;147095;151301;156463;162436;169181;176246;182902;188684;193689;198006;201403;203631;204582
80-84;13313;13834;14367;15004;15859;16968;18323;19949;21680;23300;24705;25944;27020;28091;29403;31080;33085;35417;38000;40698;43442;46240;49095;51988;54900;57833;60784;63750;66796;70035;73544;77291;81272;85403;89541;93563;97513;101427;105232;108835;112227;115422;118349;121334;124882;129223;134233;139862;145731;151247;156029
85-89;6276;7005;7542;7976;8369;8766;9174;9596;10093;10743;11568;12559;13738;14986;16160;17188;18111;18933;19768;20789;22064;23573;25317;27234;29237;31277;33352;35475;37631;39806;41996;44201;46425;48714;51147;53780;56583;59558;62637;65714;68699;71628;74531;77350;80023;82545;84924;87124;89382;92079;95371
90+;3323;3194;3327;3595;3914;4237;4572;4934;5313;5694;6082;6487;6914;7398;7968;8641;9412;10296;11239;12172;13073;13971;14876;15837;16911;18119;19462;20937;22532;24227;26003;27869;29828;31864;33961;36110;38313;40575;42920;45382;47993;50727;53586;56540;59534;62538;65568;68647;71727;74734;77656
Homens;;;;;;;;;;;;;;;;;;;;;;;;;;;;;;;;;;;;;;;;;;;;;;;;;;;
Faixa/Ano;2010;2011;2012;2013;2014;2015;2016;2017;2018;2019;2020;2021;2022;2023;2024;2025;2026;2027;2028;2029;2030;2031;2032;2033;2034;2035;2036;2037;2038;2039;2040;2041;2042;2043;2044;2045;2046;2047;2048;2049;2050;2051;2052;2053;2054;2055;2056;2057;2058;2059;2060
Total;1264740;1285153;1305219;1325368;1346039;1367015;1387354;1407318;1427459;1447284;1466775;1485920;1504684;1523026;1540916;1558334;1575269;1591704;1607617;1622999;1637843;1652176;1666019;1679363;1692203;1704529;1716320;1727555;1738228;1748335;1757871;1766821;1775178;1782953;1790157;1796792;1802857;1808357;1813302;1817693;1821527;1824805;1827535;1829718;1831347;1832421;1832944;1832924;1832366;1831272;1829649
0-4;108180;104851;102370;101020;100992;102114;103135;104184;105377;105779;105591;105742;105939;105591;105159;104650;104058;103400;102699;101979;101248;100481;99672;98838;97994;97147;96302;95456;94614;93770;92928;92086;91255;90447;89670;88934;88244;87611;87025;86477;85955;85458;84987;84523;84052;83565;83060;82530;81969;81381;80769
05/set;112038;111225;109888;107967;105673;102665;99431;97039;95774;95835;97040;98144;99282;100556;101046;100941;101177;101458;101196;100848;100423;99922;99350;98727;98061;97355;96590;95784;94953;94111;93267;92423;91581;90740;89901;89057;88219;87389;86582;85808;85073;84383;83751;83165;82620;82100;81604;81133;80672;80200;79713
out/14;112035;113890;114889;115313;115331;115336;114473;113090;111122;108780;105726;102450;100006;98695;98704;99856;100908;101995;103215;103653;103497;103685;103935;103648;103288;102862;102364;101795;101172;100509;99805;99043;98236;97409;96566;95726;94882;94041;93203;92364;91521;90685;89856;89052;88276;87542;86853;86224;85637;85094;84574
15-19;110206;111317;113054;115122;117030;118456;120217;121119;121451;121374;121287;120334;118863;116805;114373;111233;107873;105340;103937;103848;104897;105859;106882;108062;108484;108327;108521;108775;108495;108142;107721;107229;106667;106049;105392;104693;103937;103136;102315;101475;100640;99803;98965;98129;97295;96457;95625;94798;93998;93225;92496
20-24;121937;121141;120087;119096;118627;118947;119933;121539;123471;125245;126538;128162;128935;129138;128935;128723;127645;126054;123878;121327;118072;114615;112003;110546;110425;111466;112435;113463;114647;115076;114930;115134;115394;115123;114779;114369;113884;113331;112722;112075;111383;110637;109843;109032;108199;107372;106541;105710;104881;104055;103221
25-29;129171;129671;129637;129198;128541;127830;126975;125862;124806;124262;124501;125402;126911;128748;130428;131625;133154;133834;133946;133656;133355;132200;130552;128340;125780;122543;119120;116537;115098;114988;116034;117004;118038;119225;119661;119521;119732;119998;119734;119398;118997;118517;117974;117370;116732;116048;115310;114525;113721;112894;112075
30-34;120048;123334;126227;128617;130388;131474;131959;131910;131462;130795;130070;129197;128072;126998;126429;126637;127500;128966;130759;132392;133546;135032;135682;135781;135488;135201;134065;132441;130257;127723;124515;121123;118562;117141;117041;118089;119064;120097;121285;121723;121593;121808;122077;121822;121492;121095;120622;120085;119488;118857;118179
35-39;101347;104901;108994;113347;117512;121191;124444;127314;129679;131437;132511;132991;132939;132491;131824;131097;130220;129092;128011;127430;127620;128462;129910;131687;133315;134473;135969;136629;136741;136466;136194;135077;133476;131314;128806;125628;122265;119729;118323;118234;119280;120255;121288;122475;122916;122793;123013;123285;123034;122710;122321
40-44;89940;92339;94363;96305;98630;101610;105134;109189;113502;117625;121276;124502;127351;129700;131448;132518;132998;132951;132513;131854;131133;130264;129149;128084;127519;127724;128577;130032;131812;133440;134603;136100;136768;136892;136631;136373;135276;133697;131559;129077;125931;122602;120092;118703;118622;119669;120641;121671;122854;123297;123177
45-49;73468;76683;79968;83203;86212;88902;91292;93313;95255;97577;100537;104035;108051;112324;116409;120027;123229;126060;128397;130144;131216;131709;131682;131273;130645;129958;129126;128046;127016;126482;126705;127567;129023;130797;132421;133583;135076;135750;135886;135636;135393;134319;132765;130660;128212;125106;121825;119351;117987;117916;118960
50-54;56691;59385;62283;65334;68463;71605;74779;78023;81221;84198;86866;89242;91258;93195;95506;98441;101903;105870;110084;114117;117695;120863;123669;125991;127733;128814;129323;129327;128952;128360;127710;126918;125875;124885;124378;124619;125486;126932;128689;130299;131452;132936;133611;133753;133517;133288;132242;130722;128656;126254;123206
55-59;43592;45584;47562;49597;51800;54236;56882;59724;62717;65785;68866;71979;75164;78305;81232;83859;86202;88198;90122;92407;95298;98700;102592;106720;110670;114175;117285;120041;122328;124049;125123;125640;125668;125325;124773;124159;123406;122407;121460;120985;121239;122100;123524;125250;126828;127963;129423;130089;130237;130012;129794
60-64;31292;33152;35078;37045;39006;40945;42873;44793;46767;48901;51258;53817;56562;59453;62412;65390;68399;71478;74517;77346;79893;82170;84113;85990;88216;91022;94315;98074;102057;105866;109249;112256;114922;117141;118813;119862;120378;120424;120117;119608;119036;118328;117385;116491;116056;116320;117167;118549;120220;121746;122844
65-69;21436;22562;23918;25452;27087;28774;30523;32336;34187;36035;37868;39691;41508;43377;45399;47628;50047;52637;55364;58161;60968;63810;66722;69595;72272;74684;76846;78697;80488;82610;85277;88400;91957;95718;99314;102510;105352;107881;109986;111576;112578;113080;113143;112876;112419;111900;111250;110381;109557;109168;109441
70-74;15963;16594;17064;17497;18078;18902;19933;21163;22553;24036;25562;27147;28795;30477;32162;33828;35489;37150;38859;40707;42746;44953;47314;49801;52351;54911;57506;60166;62790;65237;67442;69418;71120;72773;74731;77185;80051;83302;86732;90008;92922;95516;97828;99757;101214;102133;102602;102675;102454;102061;101604
75-79;9001;9733;10622;11560;12394;13063;13605;14025;14422;14942;15664;16556;17610;18797;20059;21365;22719;24131;25572;27015;28446;29874;31307;32784;34383;36145;38049;40083;42224;44419;46621;48858;51152;53415;55524;57423;59127;60603;62044;63757;65894;68380;71189;74139;76953;79458;81688;83682;85350;86607;87401
80-84;5140;5340;5543;5793;6142;6600;7163;7842;8554;9190;9706;10131;10473;10805;11232;11809;12515;13340;14267;15251;16272;17331;18437;19567;20699;21826;22952;24085;25256;26521;27918;29423;31027;32714;34443;36179;37943;39754;41541;43201;44695;46040;47209;48363;49737;51445;53425;55649;57971;60181;62147
85-89;2189;2466;2661;2813;2950;3087;3230;3376;3552;3794;4105;4480;4928;5394;5813;6154;6441;6682;6923;7233;7635;8123;8687;9316;9985;10680;11399;12152;12924;13698;14469;15238;16017;16825;17700;18664;19699;20800;21957;23141;24331;25540;26785;28009;29145;30166;31084;31890;32695;33658;34855
90+;1066;985;1011;1089;1183;1278;1373;1477;1587;1694;1803;1918;2037;2177;2346;2553;2792;3068;3358;3631;3883;4123;4361;4613;4895;5216;5576;5972;6404;6868;7360;7884;8440;9020;9613;10218;10836;11475;12142;12851;13614;14418;15263;16149;17062;18001;18969;19975;20985;21956;22872
Mulheres;;;;;;;;;;;;;;;;;;;;;;;;;;;;;;;;;;;;;;;;;;;;;;;;;;;
Faixa/Ano;2010;2011;2012;2013;2014;2015;2016;2017;2018;2019;2020;2021;2022;2023;2024;2025;2026;2027;2028;2029;2030;2031;2032;2033;2034;2035;2036;2037;2038;2039;2040;2041;2042;2043;2044;2045;2046;2047;2048;2049;2050;2051;2052;2053;2054;2055;2056;2057;2058;2059;2060
Total;1374472;1395899;1416979;1438120;1459735;1481618;1502870;1523739;1544750;1565434;1585771;1605747;1625330;1644476;1663154;1681341;1699022;1716179;1732791;1748846;1764337;1779293;1793736;1807657;1821051;1833907;1846201;1857912;1869032;1879558;1889481;1898782;1907456;1915516;1922966;1929808;1936043;1941673;1946705;1951138;1954966;1958189;1960813;1962837;1964251;1965053;1965249;1964848;1963852;1962261;1960079
0-4;103252;99906;97409;96027;95945;96999;97977;98978;100117;100504;100329;100475;100666;100336;99930;99444;98883;98260;97597;96912;96218;95493;94720;93923;93114;92307;91496;90690;89884;89079;88275;87468;86673;85903;85161;84456;83798;83192;82633;82108;81608;81135;80682;80238;79789;79326;78843;78336;77801;77239;76654
05/set;107024;106264;104958;103054;100743;97709;94453;92048;90753;90757;91892;92954;94043;95268;95739;95651;95884;96159;95913;95593;95192;94719;94184;93598;92969;92297;91576;90802;90007;89200;88393;87585;86780;85975;85172;84371;83563;82770;81999;81259;80555;79897;79293;78735;78210;77710;77238;76786;76343;75893;75431
out/14;109517;110589;111074;111192;111026;110890;110071;108705;106746;104377;101287;97974;95510;94156;94101;95174;96174;97202;98367;98777;98629;98808;99045;98773;98440;98035;97564;97032;96445;95818;95145;94427;93653;92858;92051;91244;90441;89635;88832;88030;87230;86421;85627;84858;84118;83414;82755;82153;81593;81071;80570
15-19;113408;113989;114835;115804;116661;117243;118197;118563;118559;118277;118022;117084;115599;113522;111034;107826;104396;101813;100340;100162;101114;102008;102962;104075;104460;104305;104485;104722;104452;104119;103718;103246;102715;102131;101505;100831;100112;99341;98548;97741;96935;96133;95330;94527;93725;92924;92119;91326;90556;89817;89113
20-24;127050;125568;124378;123563;123178;123253;123683;124380;125194;125900;126328;127130;127346;127191;126757;126350;125260;123625;121395;118759;115401;111834;109143;107596;107370;108306;109200;110155;111269;111655;111501;111681;111922;111652;111321;110921;110451;109921;109338;108714;108041;107325;106552;105759;104954;104151;103348;102547;101748;100944;100147
25-29;142753;141997;140285;137992;135701;133803;132224;130936;130027;129540;129515;129843;130436;131145;131747;132073;132768;132879;132621;132081;131570;130385;128671;126383;123713;120348;116788;114101;112561;112336;113273;114170;115124;116239;116624;116473;116655;116895;116628;116298;115901;115431;114904;114322;113699;113026;112312;111538;110748;109947;109144
30-34;136036;139543;142448;144590;145786;145956;145164;143413;141082;138751;136814;135194;133861;132909;132375;132301;132579;133121;133777;134329;134603;135252;135325;135037;134481;133968;132791;131083;128799;126139;122783;119228;116548;115013;114792;115728;116624;117582;118694;119081;118931;119113;119355;119091;118762;118367;117899;117375;116791;116172;115499
35-39;114137;118453;123376;128542;133378;137504;140982;143862;145982;147158;147312;146505;144741;142399;140054;138103;136467;135115;134143;133586;133488;133742;134268;134911;135457;135731;136383;136462;136179;135628;135117;133948;132248;129969;127319;123973;120430;117758;116229;116010;116946;117843;118800;119910;120297;120150;120332;120574;120314;119984;119592
40-44;100261;102845;105287;107831;110854;114549;118845;123744;128882;133694;137800;141258;144127;146233;147404;147551;146743;144984;142646;140307;138358;136724;135372;134403;133849;133760;134018;134549;135195;135743;136024;136677;136761;136485;135936;135433;134272;132579;130312;127675;124344;120815;118156;116635;116420;117355;118251;119205;120312;120700;120557
45-49;85669;88778;91736;94557;97276;99930;102507;104942;107477;110488;114163;118439;123307;128417;133198;137282;140720;143574;145673;146839;146990;146191;144450;142134;139820;137890;136279;134944;133991;133449;133368;133633;134163;134812;135362;135644;136300;136389;136119;135577;135078;133930;132249;129997;127378;124067;120562;117921;116412;116201;117136
50-54;68044;71204;74577;78055;81468;84713;87801;90743;93551;96255;98898;101463;103888;106411;109407;113059;117303;122130;127198;131937;135989;139403;142238;144328;145491;145653;144874;143163;140882;138603;136703;135119;133807;132871;132345;132272;132541;133072;133719;134270;134555;135210;135301;135038;134502;134013;132880;131218;128987;126393;123112
55-59;53227;55790;58351;60967;63724;66666;69793;73128;76569;79946;83156;86212;89127;91911;94593;97213;99757;102163;104664;107636;111246;115445;120213;125219;129901;133904;137282;140090;142162;143322;143494;142738;141064;138828;136596;134735;133185;131904;130990;130477;130416;130688;131219;131859;132410;132695;133347;133441;133185;132661;132181
60-64;39586;42032;44475;46920;49385;51880;54397;56912;59479;62186;65073;68143;71413;74787;78100;81249;84250;87112;89850;92484;95058;97558;99927;102388;105312;108862;112982;117660;122570;127162;131088;134403;137163;139203;140344;140522;139792;138163;135987;133817;132007;130500;129253;128369;127874;127821;128097;128623;129256;129798;130084
65-69;27266;29009;31052;33314;35656;38006;40366;42727;45090;47473;49890;52326;54762;57249;59871;62667;65638;68804;72064;75270;78318;81224;83999;86659;89217;91719;94152;96456;98852;101694;105145;109140;113670;118421;122868;126665;129873;132550;134533;135644;135823;135126;133564;131477;129398;127667;126224;125033;124191;123725;123687
70-74;20152;21194;22107;23015;24111;25492;27141;29065;31199;33406;35620;37848;40079;42315;44572;46861;49170;51478;53839;56323;58976;61792;64793;67883;70924;73817;76575;79216;81746;84182;86562;88881;91077;93360;96065;99350;103146;107442;111944;116155;119748;122787;125327;127212;128271;128447;127794;126329;124373;122427;120809
75-79;12573;13496;14610;15817;16976;18019;18966;19809;20650;21663;22931;24438;26191;28128;30132;32144;34170;36204;38245;40307;42398;44508;46623;48784;51064;53498;56085;58834;61663;64448;67096;69622;72047;74374;76612;78798;80929;82949;85051;87544;90569;94056;97992;102107;105949;109226;112001;114324;116053;117024;117181
80-84;8173;8494;8824;9211;9717;10368;11160;12107;13126;14110;14999;15813;16547;17286;18171;19271;20570;22077;23733;25447;27170;28909;30658;32421;34201;36007;37832;39665;41540;43514;45626;47868;50245;52689;55098;57384;59570;61673;63691;65634;67532;69382;71140;72971;75145;77778;80808;84213;87760;91066;93882
85-89;4087;4539;4881;5163;5419;5679;5944;6220;6541;6949;7463;8079;8810;9592;10347;11034;11670;12251;12845;13556;14429;15450;16630;17918;19252;20597;21953;23323;24707;26108;27527;28963;30408;31889;33447;35116;36884;38758;40680;42573;44368;46088;47746;49341;50878;52379;53840;55234;56687;58421;60516
90+;2257;2209;2316;2506;2731;2959;3199;3457;3726;4000;4279;4569;4877;5221;5622;6088;6620;7228;7881;8541;9190;9848;10515;11224;12016;12903;13886;14965;16128;17359;18643;19985;21388;22844;24348;25892;27477;29100;30778;32531;34379;36309;38323;40391;42472;44537;46599;48672;50742;52778;54784
Brasil;;;;;;;;;;;;;;;;;;;;;;;;;;;;;;;;;;;;;;;;;;;;;;;;;;;
Dados;;;;;;;;;;;;;;;;;;;;;;;;;;;;;;;;;;;;;;;;;;;;;;;;;;;
Ano;População total;Homens;Mulheres;Nascimentos;Óbitos;Taxa de Crescimento Geométrico;Taxa Bruta de Natalidade;Taxa Bruta de Mortalidade;Esperança de Vida ao Nascer;Esperança de Vida ao Nascer - Homens;Esperança de Vida ao Nascer - Mulheres;Taxa de Mortalidade Infantil;Taxa de Mortalidade Infantil - Homens;Taxa de Mortalidade Infantil - Mulheres;Taxa de Fecundidade Total;Razão de Dependência - Jovens 0 a 14 anos;Razão de Dependência - Idosos 65 ou mais anos;Razão de Dependência;Índice de Envelhecimento;;;;;;;;;;;;;;;;;;;;;;;;;;;;;;;;
2010;194890682;95513298;99377384;2939435;1240083;x;15.08;6.36;73.86;70.21;77.6;17.22;18.76;15.59;1.75;36.32;10.77;47.09;29.55;;;;;;;;;;;;;;;;;;;;;;;;;;;;;;;;
2011;196603732;96322635;100281097;2974525;1247751;0.88;15.13;6.35;74.2;70.57;77.91;16.43;17.86;14.92;1.76;35.37;10.99;46.36;30.99;;;;;;;;;;;;;;;;;;;;;;;;;;;;;;;;
2012;198314934;97132054;101182880;2953890;1258235;0.87;14.89;6.34;74.52;70.91;78.22;15.69;17.03;14.29;1.75;34.45;11.24;45.68;32.63;;;;;;;;;;;;;;;;;;;;;;;;;;;;;;;;
2013;200004188;97931331;102072857;2953178;1270306;0.85;14.77;6.35;74.84;71.25;78.51;15.02;16.27;13.7;1.74;33.56;11.51;45.07;34.2;;;;;;;;;;;;;;;;;;;;;;;;;;;;;;;;
2014;201717541;98744098;102973443;3028202;1284346;0.86;15.01;6.37;75.14;71.57;78.78;14.4;15.58;13.16;1.78;32.78;11.81;44.59;36.12;;;;;;;;;;;;;;;;;;;;;;;;;;;;;;;;
2015;203475683;99581002;103894681;3070979;1299541;0.87;15.09;6.39;75.44;71.88;79.05;13.82;14.93;12.65;1.8;32.15;12.13;44.29;37.67;;;;;;;;;;;;;;;;;;;;;;;;;;;;;;;;
2016;205156587;100379640;104776947;2901053;1314164;0.83;14.14;6.41;75.72;72.18;79.31;13.29;14.35;12.19;1.7;31.57;12.49;44.05;39.73;;;;;;;;;;;;;;;;;;;;;;;;;;;;;;;;
2017;206804741;101163599;105641142;3020743;1330811;0.8;14.61;6.44;75.99;72.46;79.56;12.81;13.8;11.75;1.78;31.11;12.87;43.98;41.2;;;;;;;;;;;;;;;;;;;;;;;;;;;;;;;;
2018;208494900;101971173;106523727;3003585;1349693;0.82;14.41;6.47;76.25;72.74;79.8;12.35;13.31;11.35;1.77;30.75;13.28;44.03;43.19;;;;;;;;;;;;;;;;;;;;;;;;;;;;;;;;
2019;210147125;102760295;107386830;2984414;1368954;0.79;14.2;6.51;76.5;73;80.03;11.94;12.85;10.98;1.77;30.42;13.72;44.14;45.02;;;;;;;;;;;;;;;;;;;;;;;;;;;;;;;;
2020;211755692;103527689;108228003;2963516;1389144;0.77;13.99;6.56;76.74;73.26;80.25;11.56;12.43;10.64;1.76;30.11;14.18;44.29;46.89;;;;;;;;;;;;;;;;;;;;;;;;;;;;;;;;
2021;213317639;104271843;109045796;2940629;1410602;0.74;13.79;6.61;76.97;73.5;80.46;11.2;12.04;10.32;1.76;29.83;14.67;44.5;49.51;;;;;;;;;;;;;;;;;;;;;;;;;;;;;;;;
2022;214828540;104990487;109838053;2913688;1433605;0.71;13.56;6.67;77.19;73.74;80.67;10.88;11.68;10.03;1.75;29.63;15.19;44.82;51.22;;;;;;;;;;;;;;;;;;;;;;;;;;;;;;;;
2023;216284269;105681529;110602740;2885501;1458023;0.68;13.34;6.74;77.4;73.96;80.86;10.58;11.36;9.75;1.75;29.43;15.74;45.17;53.2;;;;;;;;;;;;;;;;;;;;;;;;;;;;;;;;
2024;217684462;106345043;111339419;2856690;1483777;0.65;13.12;6.82;77.6;74.17;81.05;10.3;11.05;9.5;1.74;29.26;16.31;45.56;55.72;;;;;;;;;;;;;;;;;;;;;;;;;;;;;;;;
2025;219029093;106981304;112047789;2827039;1510693;0.62;12.91;6.9;77.8;74.38;81.22;10.04;10.77;9.27;1.74;29.11;16.9;46.01;58.29;;;;;;;;;;;;;;;;;;;;;;;;;;;;;;;;
2026;220316530;107589495;112727035;2797674;1539159;0.59;12.7;6.99;77.98;74.57;81.39;9.8;10.51;9.05;1.74;28.95;17.51;46.45;60.61;;;;;;;;;;;;;;;;;;;;;;;;;;;;;;;;
2027;221545234;108168830;113376404;2768000;1569117;0.56;12.49;7.08;78.16;74.76;81.56;9.58;10.27;8.85;1.73;28.77;18.14;46.9;62.76;;;;;;;;;;;;;;;;;;;;;;;;;;;;;;;;
2028;222713669;108718587;113995082;2738355;1600375;0.53;12.3;7.19;78.32;74.94;81.71;9.37;10.05;8.66;1.73;28.59;18.78;47.37;65.46;;;;;;;;;;;;;;;;;;;;;;;;;;;;;;;;
2029;223821305;109238514;114582791;2710134;1632845;0.5;12.11;7.3;78.49;75.11;81.86;9.18;9.84;8.49;1.72;28.36;19.42;47.79;68.23;;;;;;;;;;;;;;;;;;;;;;;;;;;;;;;;
2030;224868462;109728762;115139700;2683440;1666427;0.47;11.93;7.41;78.64;75.28;82;9.01;9.65;8.33;1.72;28.08;20.06;48.14;71.05;;;;;;;;;;;;;;;;;;;;;;;;;;;;;;;;
2031;225854415;110189007;115665408;2655850;1700970;0.44;11.76;7.53;78.78;75.43;82.14;8.85;9.48;8.18;1.72;27.84;20.71;48.55;74.33;;;;;;;;;;;;;;;;;;;;;;;;;;;;;;;;
2032;226777802;110618592;116159210;2628742;1736861;0.41;11.59;7.66;78.92;75.58;82.27;8.7;9.32;8.05;1.72;27.61;21.36;48.97;77.3;;;;;;;;;;;;;;;;;;;;;;;;;;;;;;;;
2033;227638581;111017537;116621044;2603540;1773877;0.38;11.44;7.79;79.05;75.72;82.39;8.57;9.18;7.92;1.71;27.32;22.01;49.33;80.33;;;;;;;;;;;;;;;;;;;;;;;;;;;;;;;;
2034;228437122;111386062;117051060;2579544;1812136;0.35;11.29;7.93;79.18;75.86;82.51;8.44;9.04;7.81;1.71;27.04;22.65;49.69;83.43;;;;;;;;;;;;;;;;;;;;;;;;;;;;;;;;
2035;229173685;111724392;117449293;2557147;1851454;0.32;11.16;8.08;79.3;75.99;82.62;8.32;8.92;7.7;1.71;26.76;23.28;50.04;87.08;;;;;;;;;;;;;;;;;;;;;;;;;;;;;;;;
2036;229847832;112032426;117815406;2534413;1891832;0.29;11.03;8.23;79.42;76.11;82.73;8.22;8.8;7.6;1.7;26.48;23.9;50.39;90.34;;;;;;;;;;;;;;;;;;;;;;;;;;;;;;;;
2037;230459062;112309958;118149104;2513030;1933167;0.27;10.9;8.39;79.53;76.23;82.83;8.12;8.69;7.51;1.7;26.22;24.52;50.74;93.68;;;;;;;;;;;;;;;;;;;;;;;;;;;;;;;;
2038;231007871;112557327;118450544;2493021;1975283;0.24;10.79;8.55;79.63;76.34;82.93;8.02;8.59;7.42;1.7;25.97;25.13;51.1;96.51;;;;;;;;;;;;;;;;;;;;;;;;;;;;;;;;
2039;231494650;112774820;118719830;2473758;2017958;0.21;10.69;8.72;79.73;76.45;83.02;7.93;8.49;7.34;1.7;25.74;25.77;51.52;100;;;;;;;;;;;;;;;;;;;;;;;;;;;;;;;;
2040;231919922;112962751;118957171;2455519;2060782;0.18;10.59;8.89;79.83;76.55;83.11;7.85;8.4;7.27;1.69;25.54;26.46;51.99;103.57;;;;;;;;;;;;;;;;;;;;;;;;;;;;;;;;
2041;232284233;113121438;119162795;2437785;2103915;0.16;10.49;9.06;79.92;76.65;83.2;7.77;8.32;7.2;1.69;25.35;27.18;52.53;107.23;;;;;;;;;;;;;;;;;;;;;;;;;;;;;;;;
2042;232588580;113251454;119337126;2422219;2147419;0.13;10.41;9.23;80;76.74;83.28;7.7;8.24;7.13;1.69;25.19;27.93;53.13;110.3;;;;;;;;;;;;;;;;;;;;;;;;;;;;;;;;
2043;232834065;113353443;119480622;2407325;2191168;0.11;10.34;9.41;80.09;76.83;83.36;7.63;8.16;7.06;1.69;25.06;28.73;53.78;114.72;;;;;;;;;;;;;;;;;;;;;;;;;;;;;;;;
2044;233020996;113427597;119593399;2392409;2234730;0.08;10.27;9.59;80.17;76.92;83.43;7.56;8.09;7;1.69;24.94;29.55;54.49;118.63;;;;;;;;;;;;;;;;;;;;;;;;;;;;;;;;
2045;233149625;113474061;119675564;2377677;2278119;0.06;10.2;9.77;80.24;77;83.5;7.5;8.02;6.95;1.68;24.85;30.4;55.25;122.5;;;;;;;;;;;;;;;;;;;;;;;;;;;;;;;;
2046;233220257;113493052;119727205;2363150;2321466;0.03;10.13;9.95;80.31;77.08;83.57;7.44;7.96;6.9;1.68;24.77;31.27;56.04;125.79;;;;;;;;;;;;;;;;;;;;;;;;;;;;;;;;
2047;233233670;113485011;119748659;2349527;2364398;0.01;10.07;10.14;80.38;77.16;83.63;7.39;7.9;6.84;1.68;24.72;32.17;56.89;129.75;;;;;;;;;;;;;;;;;;;;;;;;;;;;;;;;
2048;233190482;113450253;119740229;2335541;2407046;-0.02;10.02;10.32;80.45;77.23;83.7;7.33;7.84;6.8;1.68;24.68;33.08;57.76;134.62;;;;;;;;;;;;;;;;;;;;;;;;;;;;;;;;
2049;233090464;113388652;119701812;2320604;2449148;-0.04;9.96;10.51;80.51;77.3;83.75;7.29;7.79;6.75;1.68;24.66;33.99;58.64;138.06;;;;;;;;;;;;;;;;;;;;;;;;;;;;;;;;
2050;232933276;113300060;119633216;2304717;2490559;-0.07;9.89;10.69;80.57;77.37;83.81;7.24;7.74;6.71;1.68;24.64;34.88;59.52;142.21;;;;;;;;;;;;;;;;;;;;;;;;;;;;;;;;
2051;232719169;113184593;119534576;2288973;2531362;-0.09;9.84;10.88;80.63;77.43;83.86;7.2;7.69;6.67;1.67;24.63;35.76;60.38;144.81;;;;;;;;;;;;;;;;;;;;;;;;;;;;;;;;
2052;232448867;113042592;119406275;2273127;2571362;-0.12;9.78;11.06;80.68;77.49;83.91;7.16;7.65;6.64;1.67;24.62;36.62;61.24;148.37;;;;;;;;;;;;;;;;;;;;;;;;;;;;;;;;
2053;232122448;112874076;119248372;2255972;2610595;-0.14;9.72;11.25;80.74;77.55;83.96;7.12;7.61;6.6;1.67;24.62;37.45;62.07;151.97;;;;;;;;;;;;;;;;;;;;;;;;;;;;;;;;
2054;231739632;112678873;119060759;2237804;2648830;-0.16;9.66;11.43;80.78;77.61;84;7.08;7.57;6.57;1.67;24.62;38.26;62.89;155.63;;;;;;;;;;;;;;;;;;;;;;;;;;;;;;;;
2055;231300323;112456873;118843450;2218450;2686056;-0.19;9.59;11.61;80.83;77.66;84.04;7.05;7.54;6.54;1.67;24.63;39.05;63.68;159.33;;;;;;;;;;;;;;;;;;;;;;;;;;;;;;;;
2056;230805223;112208379;118596844;2199622;2722232;-0.21;9.53;11.79;80.88;77.71;84.08;7.02;7.5;6.51;1.67;24.63;39.81;64.43;161.33;;;;;;;;;;;;;;;;;;;;;;;;;;;;;;;;
2057;230255685;111934042;118321643;2180831;2757317;-0.24;9.47;11.98;80.92;77.76;84.12;6.99;7.47;6.48;1.66;24.62;40.52;65.15;164.43;;;;;;;;;;;;;;;;;;;;;;;;;;;;;;;;
2058;229652286;111634119;118018167;2161015;2791329;-0.26;9.41;12.15;80.96;77.81;84.16;6.96;7.44;6.46;1.66;24.62;41.22;65.84;168.24;;;;;;;;;;;;;;;;;;;;;;;;;;;;;;;;
2059;228995541;111308845;117686696;2141033;2824224;-0.29;9.35;12.33;81;77.86;84.19;6.94;7.41;6.44;1.66;24.61;41.91;66.53;170.27;;;;;;;;;;;;;;;;;;;;;;;;;;;;;;;;
2060;228286347;110958642;117327705;2120842;2856059;-0.31;9.29;12.51;81.04;77.9;84.23;6.91;7.39;6.42;1.66;24.61;42.62;67.23;173.47;;;;;;;;;;;;;;;;;;;;;;;;;;;;;;;;
Faixas etárias;;;;;;;;;;;;;;;;;;;;;;;;;;;;;;;;;;;;;;;;;;;;;;;;;;;
Total;;;;;;;;;;;;;;;;;;;;;;;;;;;;;;;;;;;;;;;;;;;;;;;;;;;
Faixa/Ano;2010;2011;2012;2013;2014;2015;2016;2017;2018;2019;2020;2021;2022;2023;2024;2025;2026;2027;2028;2029;2030;2031;2032;2033;2034;2035;2036;2037;2038;2039;2040;2041;2042;2043;2044;2045;2046;2047;2048;2049;2050;2051;2052;2053;2054;2055;2056;2057;2058;2059;2060
Total;194890682;196603732;198314934;200004188;201717541;203475683;205156587;206804741;208494900;210147125;211755692;213317639;214828540;216284269;217684462;219029093;220316530;221545234;222713669;223821305;224868462;225854415;226777802;227638581;228437122;229173685;229847832;230459062;231007871;231494650;231919922;232284233;232588580;232834065;233020996;233149625;233220257;233233670;233190482;233090464;232933276;232719169;232448867;232122448;231739632;231300323;230805223;230255685;229652286;228995541;228286347
0-4;14858280;14697433;14624301;14567170;14570070;14677159;14715112;14720776;14787557;14798332;14730311;14703281;14675523;14569055;14452355;14326234;14192256;14053426;13912226;13770272;13629815;13491399;13354905;13221642;13092489;12967369;12846604;12730937;12620549;12514918;12413588;12316709;12225086;12138798;12057106;11979238;11904624;11832490;11761709;11691308;11620256;11547982;11473958;11397201;11317212;11233863;11147191;11057520;10965028;10870292;10774218
05/set;15865195;15600504;15387507;15203145;15029641;14824271;14664918;14593299;14537829;14542132;14650311;14689394;14695773;14762671;14773628;14705941;14679311;14652033;14546208;14430226;14304778;14171490;14033278;13892710;13751331;13611405;13473529;13337523;13204728;13076037;12951361;12830995;12715703;12605672;12500387;12399373;12302790;12211456;12125433;12043993;11966376;11891973;11820071;11749531;11679356;11608504;11536459;11462615;11386046;11306224;11223031
out/14;17397304;17216843;16880174;16495325;16131984;15840860;15577214;15365237;15182024;15009676;14805478;14647164;14576191;14520972;14525347;14633526;14672711;14679300;14746432;14757724;14690423;14664114;14637176;14531700;14416109;14291049;14158125;14020272;13880038;13738984;13599376;13461829;13326122;13193611;13065182;12940762;12820626;12705545;12595720;12490655;12389855;12293466;12202305;12116445;12035156;11957694;11883455;11811703;11741278;11671246;11600532
15-19;17219086;17238401;17315601;17402809;17424089;17334096;17155615;16821630;16439846;16079464;15790863;15529387;15318916;15136923;14965724;14762869;14605891;14536019;14481942;14487286;14596110;14635967;14643187;14710785;14722659;14656163;14630405;14603997;14499263;14384409;14260078;14127872;13990752;13851207;13710840;13571863;13434947;13299846;13167907;13040010;12916108;12796510;12681921;12572557;12467934;12367551;12271531;12180736;12095228;12014265;11937109
20-24;17476779;17396868;17296030;17195219;17124785;17100769;17122881;17203520;17294780;17319853;17233266;17057794;16726717;16347561;15989803;15703800;15444924;15236871;15057313;14888503;14688175;14533531;14465563;14413260;14420025;14529708;14570602;14578856;14647162;14659931;14594614;14569782;14544238;14440723;14327061;14203946;14072906;13936948;13798559;13659314;13521425;13385549;13251456;13120499;12993545;12870528;12751775;12637977;12529386;12425516;12325847
25-29;17334110;17423848;17454135;17436877;17391346;17331851;17256322;17161679;17068593;17004904;16985866;17011218;17092427;17182193;17206153;17119972;16946247;16618500;16243415;15889766;15607291;15351552;15146240;14969263;14802897;14605190;14452983;14386955;14336521;14344709;14455193;14497153;14506501;14575436;14589082;14524961;14501063;14476422;14374170;14261783;14139942;14010163;13875462;13738287;13600246;13463536;13328803;13195813;13065893;12939931;12817887
30-34;15955949;16275019;16567575;16822855;17028854;17178656;17271648;17306947;17296659;17258318;17205416;17135646;17044190;16951251;16886952;16867543;16892885;16974395;17065211;17091062;17007393;16836728;16512899;16141856;15792033;15512843;15259983;15057188;14882572;14718488;14523256;14373318;14309113;14260407;14269902;14381026;14423898;14434174;14503630;14518027;14455019;14431957;14408126;14307058;14195853;14075191;13946610;13813084;13677088;13540196;13404578
35-39;14075108;14350827;14689558;15066579;15441748;15787821;16107943;16402815;16661965;16872342;17026545;17123723;17161844;17152616;17115112;17063584;16995707;16906691;16816670;16755274;16738294;16765601;16848588;16940702;16968189;16886844;16719129;16399166;16032170;15686230;15410325;15160396;14960090;14787787;14625966;14433207;14285523;14223058;14175984;14186704;14298311;14341981;14353071;14422945;14437977;14376076;14353778;14330671;14230768;14120755;14001307
40-44;13184170;13311309;13414041;13519509;13668343;13884283;14161178;14500831;14879035;15255513;15602974;15924417;16219710;16478229;16688213;16842846;16941312;16981681;16975459;16941357;16893256;16828804;16743240;16656520;16598022;16583446;16612647;16696902;16790065;16818996;16739962;16575282;16259556;15897111;15555535;15283397;15036761;14839171;14669407;14510049;14320041;14174828;14114206;14068807;14080737;14192649;14236987;14248844;14318948;14334584;14273861
45-49;11992439;12218181;12426314;12615601;12784211;12933598;13064058;13171048;13281287;13434076;13652504;13930420;14269004;14644402;15017933;15363171;15683089;15977567;16236139;16446903;16602926;16703462;16746553;16743579;16713006;16668492;16607681;16525845;16442743;16387431;16375387;16406437;16491724;16585608;16615819;16539189;16377988;16067408;15710668;15374594;15107158;14864721;14670479;14503796;14347422;14160785;14018586;13960052;13916591;13929788;14041783
50-54;10276773;10574366;10868062;11152415;11419933;11666086;11892707;12102371;12293932;12465329;12617804;12751592;12861867;12974530;13128538;13346782;13623237;13959030;14330885;14700984;15043388;15361008;15653779;15911350;16121912;16278600;16380728;16426408;16426757;16399939;16359306;16302574;16224958;16146006;16094242;16084875;16117711;16203642;16297801;16329111;16255195;16098244;15794311;15445094;15116301;14855005;14618039;14428117;14265353;14112793;13930535
55-59;8387564;8679820;8977656;9278724;9579705;9877881;10172542;10463716;10746091;11012111;11257277;11483368;11692613;11883880;12055490;12208751;12343963;12456465;12571436;12726473;12943766;13217366;13548288;13914012;14277951;14615019;14928011;15216929;15471607;15680383;15836527;15939411;15987269;15990939;15968053;15931630;15879345;15806522;15732281;15684468;15677945;15712380;15798347;15891980;15924009;15853162;15701406;15406171;15066946;14747850;14494713
60-64;6596741;6859058;7119004;7379912;7647936;7926230;8211893;8503042;8797470;9091910;9383728;9672175;9957156;10233460;10493988;10734491;10956693;11162776;11351609;11521660;11673982;11809015;11922324;12038067;12192258;12406090;12673729;12996043;13351492;13705082;14032901;14337648;14619346;14868106;15072540;15226101;15328313;15377469;15384059;15365094;15332980;15285499;15218052;15149158;15105746;15102049;15137666;15222586;15314436;15346470;15279016
65-69;4905988;5095516;5318713;5565313;5819304;6071240;6322755;6572590;6823731;7081680;7349244;7623733;7903288;8185834;8468411;8748627;9025766;9299757;9565627;9816554;10048512;10263166;10462649;10645868;10811283;10959940;11092321;11204363;11318835;11469648;11676652;11934133;12242752;12582173;12919685;13232909;13524376;13794222;14032965;14229585;14377822;14477368;14526754;14535915;14520894;14493445;14451348;14390212;14327671;14289289;14288480
70-74;3792042;3889352;3974955;4063519;4175947;4323465;4501441;4709484;4938529;5174388;5408663;5642901;5876091;6110754;6351769;6601500;6857600;7118354;7381902;7645534;7907040;8165785;8421765;8670307;8905063;9122289;9323635;9511104;9683679;9839876;9980630;10106571;10214158;10324288;10467931;10663049;10904126;11191369;11506226;11819031;12109555;12380193;12631212;12853724;13037277;13176002;13269879;13317776;13328895;13317878;13295484
75-79;2597990;2688798;2797237;2913384;3023576;3121818;3211601;3292375;3376250;3480536;3614389;3774018;3959070;4161906;4370673;4578361;4786387;4994114;5203523;5418622;5641260;5869405;6101656;6336314;6571128;6804078;7034690;7263005;7484798;7694408;7888458;8068562;8236631;8391702;8532383;8659541;8773851;8872509;8973811;9104799;9280868;9496727;9752138;10030863;10307408;10564467;10804204;11027068;11224976;11388373;11511971
80-84;1689444;1727063;1764898;1807817;1861166;1926871;2004365;2095235;2191860;2283815;2366558;2443191;2513706;2587330;2677251;2790280;2923509;3076687;3243763;3415649;3586931;3758879;3931160;4105249;4284098;4468984;4658301;4850986;5045614;5240341;5433588;5624985;5814637;5998934;6173117;6334346;6484201;6624391;6754088;6872004;6978835;7075422;7159683;7246694;7358416;7506972;7687508;7899218;8128899;8356311;8567809
85-89;830529;901360;954570;996763;1032554;1065148;1097017;1129489;1165517;1208442;1259330;1318006;1385731;1457236;1525459;1587405;1645581;1700356;1758056;1827478;1913020;2012666;2126181;2249361;2375978;2502391;2629690;2757777;2887609;3021064;3158814;3299768;3443164;3587930;3732788;3876586;4019065;4160416;4297807;4427602;4547659;4659375;4764254;4861528;4950167;5030651;5103867;5168499;5235780;5321722;5434778
90+;455191;459166;484603;521252;562349;603580;645377;688657;731945;774304;815165;856211;898723;943466;991663;1043410;1099461;1161212;1225853;1289978;1352102;1414477;1478371;1546036;1620691;1703785;1795039;1894806;2001669;2113776;2229906;2350808;2476780;2607627;2743377;2883626;3028143;3176612;3328257;3482333;3637926;3794831;3953061;4110366;4263976;4412193;4556131;4697023;4833076;4962058;5083408
Homens;;;;;;;;;;;;;;;;;;;;;;;;;;;;;;;;;;;;;;;;;;;;;;;;;;;
Faixa/Ano;2010;2011;2012;2013;2014;2015;2016;2017;2018;2019;2020;2021;2022;2023;2024;2025;2026;2027;2028;2029;2030;2031;2032;2033;2034;2035;2036;2037;2038;2039;2040;2041;2042;2043;2044;2045;2046;2047;2048;2049;2050;2051;2052;2053;2054;2055;2056;2057;2058;2059;2060
Total;95513298;96322635;97132054;97931331;98744098;99581002;100379640;101163599;101971173;102760295;103527689;104271843;104990487;105681529;106345043;106981304;107589495;108168830;108718587;109238514;109728762;110189007;110618592;111017537;111386062;111724392;112032426;112309958;112557327;112774820;112962751;113121438;113251454;113353443;113427597;113474061;113493052;113485011;113450253;113388652;113300060;113184593;113042592;112874076;112678873;112456873;112208379;111934042;111634119;111308845;110958642
0-4;7594516;7513761;7477567;7449337;7451690;7507226;7527223;7530642;7565301;7571223;7536789;7523299;7509386;7455164;7395678;7331364;7263006;7192133;7120032;7047528;6975778;6905062;6835307;6767195;6701192;6637231;6575502;6516373;6459937;6405936;6354123;6304598;6257751;6213632;6171861;6132043;6093885;6056997;6020798;5984802;5948471;5911502;5873639;5834370;5793447;5750809;5706456;5660575;5613249;5564770;5515605
05/set;8094637;7962532;7856445;7764679;7678145;7574960;7495049;7459700;7432381;7435509;7491634;7512252;7516076;7550810;7556858;7522618;7509351;7495730;7441882;7382807;7318878;7250909;7180401;7108665;7036481;6965042;6894634;6825161;6757331;6691592;6627900;6566392;6507477;6451252;6397457;6345822;6296474;6249795;6205831;6164206;6124537;6086502;6049752;6013699;5977830;5941609;5904776;5867020;5827860;5787041;5744493
out/14;8842587;8760868;8596730;8405865;8224795;8080135;7948620;7843086;7751948;7666040;7563501;7484190;7449226;7422072;7425264;7481411;7502112;7506047;7540921;7547162;7513141;7500066;7486634;7433002;7374143;7310452;7242697;7172400;7100861;7028875;6957623;6887413;6818125;6750468;6684877;6621345;6559981;6501187;6445082;6391415;6339911;6290699;6244133;6200276;6158737;6119162;6081226;6044568;6008592;5972801;5936671
15-19;8673836;8693267;8745322;8804210;8829069;8795446;8715095;8552810;8364062;8185062;8042202;7912260;7807878;7717747;7632793;7531320;7453057;7418949;7392651;7396587;7453221;7474403;7478801;7514010;7520683;7487251;7474592;7461547;7408463;7350163;7287028;7219811;7150062;7079046;7007575;6936806;6867067;6798239;6731019;6665837;6602699;6541729;6483312;6427561;6374235;6323041;6274127;6227836;6184244;6142973;6103630
20-24;8746116;8711375;8663577;8614902;8583358;8578611;8600164;8654720;8716490;8744065;8712945;8634909;8475014;8288587;8111918;7971317;7843582;7741213;7653070;7570037;7470597;7394220;7361652;7336794;7341891;7399228;7421254;7426487;7462264;7469669;7437195;7425286;7412946;7360848;7303529;7241380;7175120;7106330;7036251;6965698;6895815;6826928;6758931;6692510;6628106;6565701;6505416;6447653;6392537;6339825;6289218
25-29;8574606;8629711;8657414;8662143;8651184;8630266;8598875;8555561;8512314;8485534;8484394;8508378;8563553;8624538;8651626;8621118;8544666;8387530;8204388;8031009;7893232;7767999;7667829;7581750;7500675;7403356;7328943;7297950;7274594;7280847;7338836;7361712;7367822;7404119;7412226;7380713;7369573;7357978;7306911;7250628;7189512;7124285;7056509;6987423;6917849;6848930;6780967;6713878;6648312;6584723;6523112
30-34;7821287;7982363;8131551;8263753;8373348;8457008;8514439;8545686;8555280;8549320;8532944;8505514;8464499;8421615;8394693;8393527;8417664;8473141;8534872;8563312;8534665;8460519;8306365;8126302;7955838;7820545;7697488;7599240;7514973;7435649;7340229;7267552;7237960;7215936;7223197;7281677;7305262;7312099;7348805;7357492;7326843;7316343;7305373;7255224;7199860;7139664;7075362;7008494;6940318;6871646;6803583
35-39;6857527;6990523;7155946;7341635;7527745;7700900;7862666;8013399;8148183;8260741;8347421;8407755;8440996;8451369;8446055;8430688;8404634;8365378;8324589;8299702;8300209;8325674;8382118;8444696;8474256;8447253;8375224;8223858;8046719;7879049;7746136;7625181;7528741;7446144;7368454;7274845;7203808;7175501;7154681;7162834;7221685;7245877;7253323;7290325;7299496;7269639;7259722;7249292;7200007;7145508;7086207
40-44;6405478;6465519;6511227;6557089;6624863;6727359;6861189;7027271;7213769;7400750;7574836;7737477;7888496;8022898;8135221;8222214;8283430;8318165;8330545;8327522;8314471;8290745;8253830;8215289;8192354;8194452;8221147;8278370;8341585;8372088;8346626;8276663;8128189;7954176;7789503;7659150;7540448;7445888;7365050;7289066;7197348;7128025;7100999;7081359;7090362;7149455;7174123;7182135;7219317;7228927;7199896
45-49;5768516;5880219;5985481;6082367;6167931;6241647;6303978;6352579;6401687;6472175;6576419;6711034;6876531;7061277;7246407;7419108;7580798;7731316;7865760;7978594;8066468;8128987;8165432;8179855;8179060;8168292;8146911;8112423;8076237;8055349;8059034;8086849;8144623;8208179;8239414;8215443;8147699;8002569;7832277;7671186;7543900;7427925;7335566;7256745;7182722;7093220;7025894;7000246;6981909;6991754;7050917
50-54;4900002;5040349;5178764;5313246;5441195;5561009;5673316;5779573;5877917;5965268;6041008;6105571;6156429;6207294;6278778;6383077;6516900;6680739;6863310;7046315;7217244;7377487;7526925;7660698;7773367;7861606;7925036;7962995;7979372;7980824;7972437;7953589;7921753;7888179;7869486;7874764;7903569;7961564;8025093;8056849;8034455;7969304;7828334;7662799;7506320;7382926;7270417;7180814;7104474;7032873;6946162
55-59;3954821;4089187;4227766;4368987;4510555;4650762;4789417;4926386;5059761;5186871;5306101;5418069;5523994;5622071;5709488;5785731;5851268;5903677;5956190;6028485;6132308;6264412;6425224;6603964;6783080;6950611;7107892;7254823;7386666;7498065;7585774;7649457;7688505;7706661;7710316;7704363;7688149;7659220;7628530;7612199;7619074;7648657;7706356;7769208;7801082;7780353;7718248;7582612;7423293;7272866;7154556
60-64;3081961;3198692;3313737;3429277;3548963;3674713;3805186;3939707;4076794;4214303;4350563;4485379;4618536;4748149;4871821;4988027;5097383;5201061;5297302;5383487;5458969;5524298;5577221;5630273;5702081;5803746;5932098;6087478;6259725;6432268;6593867;6745779;6887959;7015825;7124175;7209866;7272652;7311982;7331395;7336975;7333300;7319725;7293901;7266311;7252466;7260725;7290580;7347073;7408221;7439552;7420473
65-69;2253998;2339108;2439108;2549140;2661907;2773210;2883883;2993314;3103440;3217426;3337000;3460918;3588535;3718492;3848844;3978090;4106032;4232502;4355732;4473440;4584216;4688647;4787847;4880176;4963105;5036045;5099560;5151653;5203924;5273663;5371091;5493166;5640066;5802391;5964930;6117373;6260872;6395434;6516731;6619770;6701600;6762068;6800700;6820803;6827971;6826458;6815605;6793193;6769102;6757874;6767303
70-74;1689818;1732563;1770303;1809593;1859518;1924795;2003224;2094581;2194687;2297297;2398778;2499910;2600243;2701380;2806006;2915566;3028989;3145702;3264515;3383680;3501868;3618911;3734717;3847628;3955595;4057304;4153367;4244811;4330120;4406952;4474742;4534111;4583407;4633065;4698510;4788775;4900975;5035044;5182591;5330211;5468808;5599462;5722265;5833225;5927673;6002895;6058911;6095418;6115370;6123684;6124121
75-79;1105206;1144121;1190922;1240998;1288273;1330216;1368574;1403314;1439622;1484658;1542105;1610235;1688895;1774682;1862608;1949716;2036732;2123408;2210961;2301516;2396166;2494028;2594665;2697044;2799720;2901547;3002440;3102353;3199832;3293112;3381052;3464237;3543625;3617852;3684841;3744109;3796312;3840217;3884676;3942722;4021823;4119269;4234768;4361237;4487603;4606394;4718561;4824282;4920042;5001664;5066803
80-84;677628;692280;707304;724631;746369;773094;804695;841980;881564;919059;952619;983758;1012641;1042996;1079956;1126100;1180178;1242110;1309326;1378193;1446541;1514999;1583484;1652852;1724591;1799420;1876683;1956079;2036796;2117674;2197885;2277383;2356175;2433074;2506675;2576080;2641835;2704769;2763770;2817079;2864310;2906165;2941812;2978203;3025436;3089091;3166772;3257946;3357133;3456065;3549148
85-89;314944;340306;359247;374268;387076;398787;410381;422377;435871;452078;471252;493422;519178;546326;572074;595279;617114;637836;659812;686235;718616;756161;798785;844827;891952;938795;985869;1033177;1081264;1131002;1182750;1236101;1290875;1346482;1402163;1457337;1512013;1566262;1619219;1669886;1717634;1762927;1806456;1847353;1884307;1917047;1946213;1971377;1997388;2031094;2076107
90+;155814;155891;163643;175211;188114;200858;213666;226913;240102;252916;265178;277513;290381;304062;318955;335033;352599;372193;392729;412903;432174;451480;471355;492517;515998;542216;571089;602780;636664;672043;708423;746158;785393;826114;868408;912170;957358;1003936;1051543;1099797;1148335;1197201;1246463;1295445;1343371;1389754;1435003;1479630;1522751;1563205;1600637
Mulheres;;;;;;;;;;;;;;;;;;;;;;;;;;;;;;;;;;;;;;;;;;;;;;;;;;;
Faixa/Ano;2010;2011;2012;2013;2014;2015;2016;2017;2018;2019;2020;2021;2022;2023;2024;2025;2026;2027;2028;2029;2030;2031;2032;2033;2034;2035;2036;2037;2038;2039;2040;2041;2042;2043;2044;2045;2046;2047;2048;2049;2050;2051;2052;2053;2054;2055;2056;2057;2058;2059;2060
Total;99377384;100281097;101182880;102072857;102973443;103894681;104776947;105641142;106523727;107386830;108228003;109045796;109838053;110602740;111339419;112047789;112727035;113376404;113995082;114582791;115139700;115665408;116159210;116621044;117051060;117449293;117815406;118149104;118450544;118719830;118957171;119162795;119337126;119480622;119593399;119675564;119727205;119748659;119740229;119701812;119633216;119534576;119406275;119248372;119060759;118843450;118596844;118321643;118018167;117686696;117327705
0-4;7263764;7183672;7146734;7117833;7118380;7169933;7187889;7190134;7222256;7227109;7193522;7179982;7166137;7113891;7056677;6994870;6929250;6861293;6792194;6722744;6654037;6586337;6519598;6454447;6391297;6330138;6271102;6214564;6160612;6108982;6059465;6012111;5967335;5925166;5885245;5847195;5810739;5775493;5740911;5706506;5671785;5636480;5600319;5562831;5523765;5483054;5440735;5396945;5351779;5305522;5258613
05/set;7770558;7637972;7531062;7438466;7351496;7249311;7169869;7133599;7105448;7106623;7158677;7177142;7179697;7211861;7216770;7183323;7169960;7156303;7104326;7047419;6985900;6920581;6852877;6784045;6714850;6646363;6578895;6512362;6447397;6384445;6323461;6264603;6208226;6154420;6102930;6053551;6006316;5961661;5919602;5879787;5841839;5805471;5770319;5735832;5701526;5666895;5631683;5595595;5558186;5519183;5478538
out/14;8554717;8455975;8283444;8089460;7907189;7760725;7628594;7522151;7430076;7343636;7241977;7162974;7126965;7098900;7100083;7152115;7170599;7173253;7205511;7210562;7177282;7164048;7150542;7098698;7041966;6980597;6915428;6847872;6779177;6710109;6641753;6574416;6507997;6443143;6380305;6319417;6260645;6204358;6150638;6099240;6049944;6002767;5958172;5916169;5876419;5838532;5802229;5767135;5732686;5698445;5663861
15-19;8545250;8545134;8570279;8598599;8595020;8538650;8440520;8268820;8075784;7894402;7748661;7617127;7511038;7419176;7332931;7231549;7152834;7117070;7089291;7090699;7142889;7161564;7164386;7196775;7201976;7168912;7155813;7142450;7090800;7034246;6973050;6908061;6840690;6772161;6703265;6635057;6567880;6501607;6436888;6374173;6313409;6254781;6198609;6144996;6093699;6044510;5997404;5952900;5910984;5871292;5833479
20-24;8730663;8685493;8632453;8580317;8541427;8522158;8522717;8548800;8578290;8575788;8520321;8422885;8251703;8058974;7877885;7732483;7601342;7495658;7404243;7318466;7217578;7139311;7103911;7076466;7078134;7130480;7149348;7152369;7184898;7190262;7157419;7144496;7131292;7079875;7023532;6962566;6897786;6830618;6762308;6693616;6625610;6558621;6492525;6427989;6365439;6304827;6246359;6190324;6136849;6085691;6036629
25-29;8759504;8794137;8796721;8774734;8740162;8701585;8657447;8606118;8556279;8519370;8501472;8502840;8528874;8557655;8554527;8498854;8401581;8230970;8039027;7858757;7714059;7583553;7478411;7387513;7302222;7201834;7124040;7089005;7061927;7063862;7116357;7135441;7138679;7171317;7176856;7144248;7131490;7118444;7067259;7011155;6950430;6885878;6818953;6750864;6682397;6614606;6547836;6481935;6417581;6355208;6294775
30-34;8134662;8292656;8436024;8559102;8655506;8721648;8757209;8761261;8741379;8708998;8672472;8630132;8579691;8529636;8492259;8474016;8475221;8501254;8530339;8527750;8472728;8376209;8206534;8015554;7836195;7692298;7562495;7457948;7367599;7282839;7183027;7105766;7071153;7044471;7046705;7099349;7118636;7122075;7154825;7160535;7128176;7115614;7102753;7051834;6995993;6935527;6871248;6804590;6736770;6668550;6600995
35-39;7217581;7360304;7533612;7724944;7914003;8086921;8245277;8389416;8513782;8611601;8679124;8715968;8720848;8701247;8669057;8632896;8591073;8541313;8492081;8455572;8438085;8439927;8466470;8496006;8493933;8439591;8343905;8175308;7985451;7807181;7664189;7535215;7431349;7341643;7257512;7158362;7081715;7047557;7021303;7023870;7076626;7096104;7099748;7132620;7138481;7106437;7094056;7081379;7030761;6975247;6915100
40-44;6778692;6845790;6902814;6962420;7043480;7156924;7299989;7473560;7665266;7854763;8028138;8186940;8331214;8455331;8552992;8620632;8657882;8663516;8644914;8613835;8578785;8538059;8489410;8441231;8405668;8388994;8391500;8418532;8448480;8446908;8393336;8298619;8131367;7942935;7766032;7624247;7496313;7393283;7304357;7220983;7122693;7046803;7013207;6987448;6990375;7043194;7062864;7066709;7099631;7105657;7073965
45-49;6223923;6337962;6440833;6533234;6616280;6691951;6760080;6818469;6879600;6961901;7076085;7219386;7392473;7583125;7771526;7944063;8102291;8246251;8370379;8468309;8536458;8574475;8581121;8563724;8533946;8500200;8460770;8413422;8366506;8332082;8316353;8319588;8347101;8377429;8376405;8323746;8230289;8064839;7878391;7703408;7563258;7436796;7334913;7247051;7164700;7067565;6992692;6959806;6934682;6938034;6990866
50-54;5376771;5534017;5689298;5839169;5978738;6105077;6219391;6322798;6416015;6500061;6576796;6646021;6705438;6767236;6849760;6963705;7106337;7278291;7467575;7654669;7826144;7983521;8126854;8250652;8348545;8416994;8455692;8463413;8447385;8419115;8386869;8348985;8303205;8257827;8224756;8210111;8214142;8242078;8272708;8272262;8220740;8128940;7965977;7782295;7609981;7472079;7347622;7247303;7160879;7079920;6984373
55-59;4432743;4590633;4749890;4909737;5069150;5227119;5383125;5537330;5686330;5825240;5951176;6065299;6168619;6261809;6346002;6423020;6492695;6552788;6615246;6697988;6811458;6952954;7123064;7310048;7494871;7664408;7820119;7962106;8084941;8182318;8250753;8289954;8298764;8284278;8257737;8227267;8191196;8147302;8103751;8072269;8058871;8063723;8091991;8122772;8122927;8072809;7983158;7823559;7643653;7474984;7340157
60-64;3514780;3660366;3805267;3950635;4098973;4251517;4406707;4563335;4720676;4877607;5033165;5186796;5338620;5485311;5622167;5746464;5859310;5961715;6054307;6138173;6215013;6284717;6345103;6407794;6490177;6602344;6741631;6908565;7091767;7272814;7439034;7591869;7731387;7852281;7948365;8016235;8055661;8065487;8052664;8028119;7999680;7965774;7924151;7882847;7853280;7841324;7847086;7875513;7906215;7906918;7858543
65-69;2651990;2756408;2879605;3016173;3157397;3298030;3438872;3579276;3720291;3864254;4012244;4162815;4314753;4467342;4619567;4770537;4919734;5067255;5209895;5343114;5464296;5574519;5674802;5765692;5848178;5923895;5992761;6052710;6114911;6195985;6305561;6440967;6602686;6779782;6954755;7115536;7263504;7398788;7516234;7609815;7676222;7715300;7726054;7715112;7692923;7666987;7635743;7597019;7558569;7531415;7521177
70-74;2102224;2156789;2204652;2253926;2316429;2398670;2498217;2614903;2743842;2877091;3009885;3142991;3275848;3409374;3545763;3685934;3828611;3972652;4117387;4261854;4405172;4546874;4687048;4822679;4949468;5064985;5170268;5266293;5353559;5432924;5505888;5572460;5630751;5691223;5769421;5874274;6003151;6156325;6323635;6488820;6640747;6780731;6908947;7020499;7109604;7173107;7210968;7222358;7213525;7194194;7171363
75-79;1492784;1544677;1606315;1672386;1735303;1791602;1843027;1889061;1936628;1995878;2072284;2163783;2270175;2387224;2508065;2628645;2749655;2870706;2992562;3117106;3245094;3375377;3506991;3639270;3771408;3902531;4032250;4160652;4284966;4401296;4507406;4604325;4693006;4773850;4847542;4915432;4977539;5032292;5089135;5162077;5259045;5377458;5517370;5669626;5819805;5958073;6085643;6202786;6304934;6386709;6445168
80-84;1011816;1034783;1057594;1083186;1114797;1153777;1199670;1253255;1310296;1364756;1413939;1459433;1501065;1544334;1597295;1664180;1743331;1834577;1934437;2037456;2140390;2243880;2347676;2452397;2559507;2669564;2781618;2894907;3008818;3122667;3235703;3347602;3458462;3565860;3666442;3758266;3842366;3919622;3990318;4054925;4114525;4169257;4217871;4268491;4332980;4417881;4520736;4641272;4771766;4900246;5018661
85-89;515585;561054;595323;622495;645478;666361;686636;707112;729646;756364;788078;824584;866553;910910;953385;992126;1028467;1062520;1098244;1141243;1194404;1256505;1327396;1404534;1484026;1563596;1643821;1724600;1806345;1890062;1976064;2063667;2152289;2241448;2330625;2419249;2507052;2594154;2678588;2757716;2830025;2896448;2957798;3014175;3065860;3113604;3157654;3197122;3238392;3290628;3358671
90+;299377;303275;320960;346041;374235;402722;431711;461744;491843;521388;549987;578698;608342;639404;672708;708377;746862;789019;833124;877075;919928;962997;1007016;1053519;1104693;1161569;1223950;1292026;1365005;1441733;1521483;1604650;1691387;1781513;1874969;1971456;2070785;2172676;2276714;2382536;2489591;2597630;2706598;2814921;2920605;3022439;3121128;3217393;3310325;3398853;3482771
