Espírito Santo;;;;;;;;;;;;;;;;;;;;;;;;;;;;;;;;;;;;;;;;;;;;;;;;;;;
Dados;;;;;;;;;;;;;;;;;;;;;;;;;;;;;;;;;;;;;;;;;;;;;;;;;;;
Ano;População total;Homens;Mulheres;Nascimentos;Óbitos;Taxa de Crescimento Geométrico;Taxa Bruta de Natalidade;Taxa Bruta de Mortalidade;Esperança de Vida ao Nascer;Esperança de Vida ao Nascer - Homens;Esperança de Vida ao Nascer - Mulheres;Taxa de Mortalidade Infantil;Taxa de Mortalidade Infantil - Homens;Taxa de Mortalidade Infantil - Mulheres;Taxa de Fecundidade Total;Razão de Dependência - Jovens 0 a 14 anos;Razão de Dependência - Idosos 65 ou mais anos;Razão de Dependência;Índice de Envelhecimento;;;;;;;;;;;;;;;;;;;;;;;;;;;;;;;;
2010;3596057;1772936;1823121;54018;19734;x;15.02;5.49;75.93;71.9;80.19;11.97;13.59;10.28;1.73;34.49;10.17;44.67;29.41;;;;;;;;;;;;;;;;;;;;;;;;;;;;;;;;
2011;3642595;1795501;1847094;55387;19923;1.29;15.21;5.47;76.36;72.35;80.59;11.3;12.87;9.66;1.77;33.72;10.41;44.13;30.77;;;;;;;;;;;;;;;;;;;;;;;;;;;;;;;;
2012;3689347;1818188;1871159;55207;20142;1.28;14.96;5.46;76.76;72.78;80.96;10.69;12.2;9.1;1.75;32.98;10.68;43.65;32.17;;;;;;;;;;;;;;;;;;;;;;;;;;;;;;;;
2013;3736386;1841035;1895351;56785;20396;1.27;15.2;5.46;77.14;73.19;81.31;10.14;11.6;8.6;1.8;32.29;10.97;43.26;34.22;;;;;;;;;;;;;;;;;;;;;;;;;;;;;;;;
2014;3784361;1864376;1919985;57964;20676;1.28;15.32;5.46;77.51;73.58;81.64;9.64;11.06;8.15;1.83;31.73;11.31;43.04;35.59;;;;;;;;;;;;;;;;;;;;;;;;;;;;;;;;
2015;3832826;1887984;1944842;58703;20979;1.28;15.32;5.47;77.85;73.95;81.95;9.19;10.56;7.74;1.85;31.29;11.69;42.98;37.44;;;;;;;;;;;;;;;;;;;;;;;;;;;;;;;;
2016;3879376;1910629;1968747;55091;21282;1.21;14.2;5.49;78.18;74.31;82.24;8.78;10.11;7.38;1.73;30.84;12.13;42.97;39.35;;;;;;;;;;;;;;;;;;;;;;;;;;;;;;;;
2017;3925341;1932993;1992348;58530;21624;1.18;14.91;5.51;78.49;74.65;82.5;8.42;9.71;7.06;1.84;30.52;12.61;43.13;41.31;;;;;;;;;;;;;;;;;;;;;;;;;;;;;;;;
2018;3972388;1955930;2016458;58342;22016;1.2;14.69;5.54;78.79;74.97;82.76;8.09;9.34;6.77;1.83;30.31;13.14;43.45;43.6;;;;;;;;;;;;;;;;;;;;;;;;;;;;;;;;
2019;4018650;1978483;2040167;58106;22419;1.16;14.46;5.58;79.06;75.27;82.99;7.79;9;6.52;1.83;30.12;13.71;43.83;45.45;;;;;;;;;;;;;;;;;;;;;;;;;;;;;;;;
2020;4064052;2000614;2063438;57810;22854;1.13;14.22;5.62;79.32;75.56;83.21;7.52;8.7;6.29;1.83;29.99;14.3;44.28;47.6;;;;;;;;;;;;;;;;;;;;;;;;;;;;;;;;
2021;4108508;2022280;2086228;57460;23312;1.09;13.99;5.67;79.56;75.83;83.41;7.28;8.42;6.08;1.82;29.9;14.92;44.82;50;;;;;;;;;;;;;;;;;;;;;;;;;;;;;;;;
2022;4151923;2043431;2108492;57032;23804;1.06;13.74;5.73;79.79;76.09;83.6;7.06;8.17;5.9;1.82;29.86;15.58;45.44;52.2;;;;;;;;;;;;;;;;;;;;;;;;;;;;;;;;
2023;4194227;2064032;2130195;56601;24325;1.02;13.49;5.8;80;76.34;83.78;6.87;7.94;5.74;1.81;29.8;16.25;46.05;54.41;;;;;;;;;;;;;;;;;;;;;;;;;;;;;;;;
2024;4235381;2084062;2151319;56169;24887;0.98;13.26;5.88;80.2;76.57;83.94;6.69;7.73;5.6;1.81;29.72;16.93;46.66;56.65;;;;;;;;;;;;;;;;;;;;;;;;;;;;;;;;
2025;4275342;2103498;2171844;55720;25476;0.94;13.03;5.96;80.39;76.78;84.1;6.53;7.55;5.47;1.81;29.65;17.63;47.29;59.7;;;;;;;;;;;;;;;;;;;;;;;;;;;;;;;;
2026;4314082;2122326;2191756;55287;26096;0.91;12.82;6.05;80.56;76.98;84.24;6.39;7.37;5.36;1.8;29.53;18.34;47.87;62;;;;;;;;;;;;;;;;;;;;;;;;;;;;;;;;
2027;4351575;2140532;2211043;54857;26756;0.87;12.61;6.15;80.73;77.18;84.37;6.26;7.21;5.26;1.8;29.38;19.05;48.43;64.65;;;;;;;;;;;;;;;;;;;;;;;;;;;;;;;;
2028;4387799;2158107;2229692;54458;27454;0.83;12.41;6.26;80.88;77.36;84.49;6.14;7.07;5.17;1.79;29.2;19.75;48.95;67.86;;;;;;;;;;;;;;;;;;;;;;;;;;;;;;;;
2029;4422761;2175052;2247709;54102;28172;0.8;12.23;6.37;81.03;77.53;84.61;6.03;6.94;5.09;1.79;28.95;20.45;49.4;70.62;;;;;;;;;;;;;;;;;;;;;;;;;;;;;;;;
2030;4456460;2191367;2265093;53767;28937;0.76;12.06;6.49;81.15;77.69;84.71;5.94;6.82;5.02;1.79;28.66;21.13;49.79;73.82;;;;;;;;;;;;;;;;;;;;;;;;;;;;;;;;
2031;4488951;2207085;2281866;53415;29725;0.73;11.9;6.62;81.28;77.84;84.81;5.85;6.71;4.96;1.78;28.42;21.82;50.24;76.72;;;;;;;;;;;;;;;;;;;;;;;;;;;;;;;;
2032;4520294;2222240;2298054;53083;30551;0.7;11.74;6.76;81.4;77.98;84.9;5.77;6.6;4.9;1.78;28.19;22.5;50.69;79.68;;;;;;;;;;;;;;;;;;;;;;;;;;;;;;;;
2033;4550497;2236834;2313663;52811;31399;0.67;11.61;6.9;81.51;78.11;84.98;5.7;6.51;4.85;1.78;27.89;23.16;51.04;82.7;;;;;;;;;;;;;;;;;;;;;;;;;;;;;;;;
2034;4579573;2250874;2328699;52568;32290;0.64;11.48;7.05;81.61;78.24;85.06;5.63;6.42;4.81;1.77;27.59;23.8;51.39;86.26;;;;;;;;;;;;;;;;;;;;;;;;;;;;;;;;
2035;4607514;2264360;2343154;52345;33203;0.61;11.36;7.21;81.71;78.35;85.13;5.57;6.34;4.77;1.77;27.31;24.41;51.72;89.44;;;;;;;;;;;;;;;;;;;;;;;;;;;;;;;;
2036;4634293;2277281;2357012;52103;34149;0.58;11.24;7.37;81.79;78.46;85.2;5.52;6.27;4.74;1.76;27.03;25.01;52.04;92.13;;;;;;;;;;;;;;;;;;;;;;;;;;;;;;;;
2037;4659887;2289626;2370261;51887;35114;0.55;11.13;7.54;81.87;78.56;85.26;5.47;6.2;4.71;1.76;26.77;25.59;52.36;95.45;;;;;;;;;;;;;;;;;;;;;;;;;;;;;;;;
2038;4684303;2301399;2382904;51699;36102;0.52;11.04;7.71;81.95;78.66;85.32;5.42;6.14;4.68;1.76;26.53;26.17;52.69;98.28;;;;;;;;;;;;;;;;;;;;;;;;;;;;;;;;
2039;4707537;2312602;2394935;51520;37113;0.5;10.94;7.88;82.02;78.75;85.37;5.38;6.08;4.66;1.75;26.31;26.77;53.09;101.74;;;;;;;;;;;;;;;;;;;;;;;;;;;;;;;;
2040;4729583;2323234;2406349;51362;38138;0.47;10.86;8.06;82.08;78.83;85.42;5.35;6.02;4.64;1.75;26.13;27.43;53.56;105.29;;;;;;;;;;;;;;;;;;;;;;;;;;;;;;;;
2041;4750444;2333297;2417147;51203;39169;0.44;10.78;8.25;82.15;78.91;85.46;5.31;5.97;4.62;1.74;25.97;28.14;54.11;108.28;;;;;;;;;;;;;;;;;;;;;;;;;;;;;;;;
2042;4770126;2342798;2427328;51079;40212;0.41;10.71;8.43;82.2;78.99;85.5;5.28;5.92;4.6;1.74;25.84;28.89;54.74;111.98;;;;;;;;;;;;;;;;;;;;;;;;;;;;;;;;
2043;4788638;2351746;2436892;50951;41255;0.39;10.64;8.62;82.25;79.05;85.54;5.25;5.88;4.59;1.74;25.75;29.69;55.44;115.06;;;;;;;;;;;;;;;;;;;;;;;;;;;;;;;;
2044;4805975;2360139;2445836;50816;42300;0.36;10.57;8.8;82.3;79.12;85.58;5.22;5.84;4.57;1.73;25.67;30.51;56.18;118.9;;;;;;;;;;;;;;;;;;;;;;;;;;;;;;;;
2045;4822145;2367981;2454164;50691;43329;0.34;10.51;8.99;82.34;79.18;85.61;5.19;5.8;4.56;1.73;25.61;31.35;56.96;122.7;;;;;;;;;;;;;;;;;;;;;;;;;;;;;;;;
2046;4837165;2375282;2461883;50561;44344;0.31;10.45;9.17;82.39;79.24;85.64;5.17;5.76;4.55;1.72;25.57;32.2;57.76;125.93;;;;;;;;;;;;;;;;;;;;;;;;;;;;;;;;
2047;4851048;2382049;2468999;50441;45354;0.29;10.4;9.35;82.43;79.29;85.67;5.15;5.73;4.54;1.72;25.54;33.06;58.6;129.19;;;;;;;;;;;;;;;;;;;;;;;;;;;;;;;;
2048;4863795;2388281;2475514;50293;46348;0.26;10.34;9.53;82.47;79.34;85.69;5.12;5.69;4.53;1.72;25.53;33.93;59.46;133.13;;;;;;;;;;;;;;;;;;;;;;;;;;;;;;;;
2049;4875392;2393968;2481424;50113;47327;0.24;10.28;9.71;82.5;79.38;85.72;5.11;5.66;4.53;1.71;25.53;34.8;60.33;136.48;;;;;;;;;;;;;;;;;;;;;;;;;;;;;;;;
2050;4885838;2399109;2486729;49921;48278;0.21;10.22;9.88;82.53;79.42;85.74;5.09;5.63;4.52;1.71;25.53;35.67;61.2;139.87;;;;;;;;;;;;;;;;;;;;;;;;;;;;;;;;
2051;4895145;2403710;2491435;49731;49223;0.19;10.16;10.06;82.56;79.46;85.76;5.07;5.61;4.52;1.71;25.54;36.52;62.06;142.41;;;;;;;;;;;;;;;;;;;;;;;;;;;;;;;;
2052;4903325;2407774;2495551;49532;50142;0.17;10.1;10.23;82.59;79.5;85.78;5.06;5.58;4.51;1.7;25.56;37.36;62.91;145.86;;;;;;;;;;;;;;;;;;;;;;;;;;;;;;;;
2053;4910373;2411295;2499078;49286;51041;0.14;10.04;10.39;82.61;79.54;85.8;5.04;5.55;4.51;1.7;25.57;38.17;63.74;149.36;;;;;;;;;;;;;;;;;;;;;;;;;;;;;;;;
2054;4916268;2414260;2502008;49009;51926;0.12;9.97;10.56;82.64;79.57;85.81;5.03;5.53;4.5;1.69;25.58;38.93;64.51;152.9;;;;;;;;;;;;;;;;;;;;;;;;;;;;;;;;
2055;4921002;2416663;2504339;48715;52792;0.1;9.9;10.73;82.66;79.6;85.83;5.02;5.51;4.5;1.69;25.58;39.63;65.21;154.84;;;;;;;;;;;;;;;;;;;;;;;;;;;;;;;;
2056;4924594;2418513;2506081;48438;53640;0.07;9.84;10.89;82.68;79.63;85.84;5.01;5.49;4.5;1.69;25.56;40.26;65.83;157.79;;;;;;;;;;;;;;;;;;;;;;;;;;;;;;;;
2057;4927071;2419821;2507250;48158;54465;0.05;9.77;11.05;82.7;79.65;85.85;4.99;5.47;4.49;1.68;25.54;40.82;66.35;159.09;;;;;;;;;;;;;;;;;;;;;;;;;;;;;;;;
2058;4928430;2420584;2507846;47843;55280;0.03;9.71;11.22;82.71;79.68;85.86;4.98;5.45;4.49;1.68;25.5;41.32;66.82;162.09;;;;;;;;;;;;;;;;;;;;;;;;;;;;;;;;
2059;4928667;2420799;2507868;47520;56071;0;9.64;11.38;82.73;79.7;85.88;4.97;5.43;4.49;1.67;25.46;41.8;67.26;164.47;;;;;;;;;;;;;;;;;;;;;;;;;;;;;;;;
2060;4927795;2420471;2507324;47196;56853;-0.02;9.58;11.54;82.74;79.72;85.89;4.96;5.42;4.49;1.67;25.42;42.29;67.71;165.79;;;;;;;;;;;;;;;;;;;;;;;;;;;;;;;;
Faixas etárias;;;;;;;;;;;;;;;;;;;;;;;;;;;;;;;;;;;;;;;;;;;;;;;;;;;
Total;;;;;;;;;;;;;;;;;;;;;;;;;;;;;;;;;;;;;;;;;;;;;;;;;;;
Faixa/Ano;2010;2011;2012;2013;2014;2015;2016;2017;2018;2019;2020;2021;2022;2023;2024;2025;2026;2027;2028;2029;2030;2031;2032;2033;2034;2035;2036;2037;2038;2039;2040;2041;2042;2043;2044;2045;2046;2047;2048;2049;2050;2051;2052;2053;2054;2055;2056;2057;2058;2059;2060
Total;3596057;3642595;3689347;3736386;3784361;3832826;3879376;3925341;3972388;4018650;4064052;4108508;4151923;4194227;4235381;4275342;4314082;4351575;4387799;4422761;4456460;4488951;4520294;4550497;4579573;4607514;4634293;4659887;4684303;4707537;4729583;4750444;4770126;4788638;4805975;4822145;4837165;4851048;4863795;4875392;4885838;4895145;4903325;4910373;4916268;4921002;4924594;4927071;4928430;4928667;4927795
0-4;266530;267213;269541;272051;275659;280416;282699;284302;286822;287749;287450;288253;288742;287180;285396;283432;281343;279209;277084;275005;273020;271130;269337;267659;266102;264656;263318;262090;260961;259906;258909;257986;257153;256388;255678;255002;254358;253729;253092;252423;251698;250907;250046;249097;248052;246909;245668;244345;242949;241492;240002
05/set;284633;279884;276223;273547;271499;270073;270713;272991;275454;279013;283719;285957;287509;289976;290854;290503;291257;291694;290081;288246;286230;284095;281926;279781;277693;275711;273828;272044;270371;268818;267377;266048;264819;263696;262645;261654;260733;259903;259139;258431;257756;257116;256494;255859;255192;254466;253680;252820;251870;250828;249683
out/14;306257;305068;301139;296585;292267;288200;283410;279710;276990;274895;273424;274010;276237;278646;282147;286798;288980;290481;292887;293710;293304;294009;294406;292765;290916;288899;286772;284606;282468;280386;278410;276529;274750;273082;271527;270089;268762;267537;266419;265368;264383;263462;262630;261870;261160;260490;259853;259233;258597;257932;257207
15-19;305468;304946;306301;308536;309999;309667;308458;304516;299951;295617;291528;286722;282993;280238;278110;276601;277136;279306;281662;285104;289692;291821;293284;295670;296489;296095;296809;297215;295591;293757;291755;289639;287488;285362;283292;281324;279456;277682;276024;274479;273047;271729;270513;269397;268354;267370;266452;265623;264870;264163;263497
20-24;327424;324993;320993;316370;312565;310432;309896;311219;313403;314823;314454;313203;309235;304645;300279;296148;291309;287526;284711;282519;280941;281407;283527;285849;289279;293863;296009;297491;299887;300724;300352;301083;301503;299900;298085;296105;294007;291878;289771;287716;285767;283913;282151;280508;278971;277552;276244;275038;273928;272896;271920
25-29;326849;330118;332643;334221;334527;333453;331014;327012;322387;318559;316385;315794;317041;319140;320476;320032;318703;314672;310020;305585;301377;296475;292648;289813;287617;286061;286550;288686;291021;294458;299042;301199;302695;305096;305947;305593;306332;306763;305175;303382;301419;299337;297223;295132;293095;291159;289315;287565;285935;284405;282997
30-34;303677;311249;317684;323072;327683;331663;334893;337379;338923;339203;338107;335647;331631;326989;323136;320919;320272;321447;323465;324719;324203;322813;318750;314093;309669;305497;300645;296858;294059;291894;290365;290869;293014;295359;298798;303373;305537;307040;309446;310304;309961;310711;311148;309571;307791;305841;303774;301676;299597;297574;295646
35-39;262095;268945;277723;287596;297242;305797;313330;319736;325104;329697;333659;336877;339350;340885;341159;340062;337605;333599;328965;325113;322879;322210;323367;325363;326622;326129;324776;320762;316159;311781;307653;302846;299095;296326;294190;292687;293202;295353;297700;301137;305706;307868;309374;311781;312641;312308;313062;313504;311939;310173;308236
40-44;248344;250423;252039;253895;257052;262105;268943;277682;287503;297095;305612;313113;319496;324854;329434;333393;336612;339083;340622;340906;339827;337401;333439;328865;325072;322894;322274;323460;325471;326754;326292;324971;321006;316456;312126;308048;303293;299581;296844;294736;293254;293783;295934;298276;301705;306256;308413;309910;312316;313176;312856
45-49;230747;234612;238185;241436;244289;246774;248919;250602;252516;255705;260761;267573;276254;285995;295514;303964;311415;317760;323089;327648;331591;334798;337277;338839;339161;338142;335788;331912;327433;323719;321605;321033;322241;324256;325550;325112;323824;319917;315431;311161;307139;302445;298779;296081;294010;292553;293088;295232;297560;300971;305492
50-54;202003;207881;213386;218497;223193;227463;231366;234981;238275;241175;243706;245900;247637;249601;252803;257842;264599;273186;282813;292215;300566;307937;314223;319517;324058;327994;331209;333707;335292;335656;334693;332414;328633;324262;320644;318595;318070;319285;321297;322590;322174;320915;317078;312672;308476;304521;299909;296305;293657;291625;290199
55-59;162519;170258;177543;184396;190897;197089;202925;208404;213497;218188;222455;226363;229987;233288;236214;238765;240984;242759;244747;247945;252932;259596;268043;277504;286749;294971;302234;308437;313671;318164;322065;325255;327744;329337;329727;328819;326617;322949;318700;315192;313221;312742;313955;315942;317222;316826;315600;311851;307542;303450;299585
60-64;116631;123801;131714;140041;148311;156217;163760;170874;177583;183955;190034;195763;201152;206170;210791;215001;218867;222450;225721;228627;231162;233377;235164;237166;240333;245234;251753;259990;269199;278193;286189;293262;299307;304414;308801;312614;315737;318176;319744;320149;319287;317176;313642;309559;306191;304320;303888;305080;307021;308263;307877
65-69;85481;89070;93164;97859;103263;109421;116280;123842;131788;139690;147257;154494;161333;167797;173945;179816;185346;190564;195428;199908;203994;207754;211245;214434;217277;219768;221952;223730;225711;228804;233547;239820;247719;256530;265130;272773;279533;285319;290214;294417;298077;301071;303417;304927;305332;304521;302521;299174;295307;292133;290388
70-74;66504;68317;70106;72046;74389;77285;80686;84539;88943;93997;99741;106126;113157;120538;127884;134929;141681;148077;154134;159902;165418;170613;175524;180109;184339;188199;191756;195065;198094;200795;203169;205257;206972;208881;211825;216295;222180;229554;237749;245736;252825;259101;264477;269029;272943;276347;279134;281317;282727;283104;282350
75-79;47927;49621;51432;53299;55115;56855;58561;60254;62083;64256;66902;69984;73453;77407;81932;87061;92752;99006;105564;112096;118365;124386;130108;135540;140722;145677;150350;154771;158904;162721;166204;169416;172405;175152;177600;179758;181658;183236;184992;187679;191722;197009;203595;210885;217970;224252;229806;234574;238614;242086;245105
80-84;30709;31938;33180;34458;35803;37218;38716;40308;41941;43534;45057;46556;48051;49657;51537;53803;56414;59336;62652;66438;70719;75460;80655;86093;91510;96715;101725;106500;111046;115384;119532;123447;127158;130627;133835;136758;139459;141973;144289;146355;148178;149786;151138;152646;154945;158368;162815;168309;174352;180199;185369
85-89;14424;15949;17259;18420;19479;20471;21443;22438;23468;24539;25661;26841;28092;29371;30623;31813;32990;34172;35440;36904;38647;40637;42848;45349;48196;51408;54956;58833;62878;66906;70777;74511;78084;81492;84750;87863;90799;93589;96202;98614;100811;102840;104735;106484;108041;109420;110637;111671;112835;114611;117227
90+;7835;8309;9092;10061;11129;12227;13364;14552;15757;16960;18140;19332;20573;21850;23147;24460;25817;27248;28714;30171;31593;33032;34523;36088;37769;39601;41589;43730;46087;48717;51647;54859;58340;62022;65825;69683;73608;77584;81567;85523;89413;93234;96996;100657;104177;107523;110735;113844;116814;119586;122159
Homens;;;;;;;;;;;;;;;;;;;;;;;;;;;;;;;;;;;;;;;;;;;;;;;;;;;
Faixa/Ano;2010;2011;2012;2013;2014;2015;2016;2017;2018;2019;2020;2021;2022;2023;2024;2025;2026;2027;2028;2029;2030;2031;2032;2033;2034;2035;2036;2037;2038;2039;2040;2041;2042;2043;2044;2045;2046;2047;2048;2049;2050;2051;2052;2053;2054;2055;2056;2057;2058;2059;2060
Total;1772936;1795501;1818188;1841035;1864376;1887984;1910629;1932993;1955930;1978483;2000614;2022280;2043431;2064032;2084062;2103498;2122326;2140532;2158107;2175052;2191367;2207085;2222240;2236834;2250874;2264360;2277281;2289626;2301399;2312602;2323234;2333297;2342798;2351746;2360139;2367981;2375282;2382049;2388281;2393968;2399109;2403710;2407774;2411295;2414260;2416663;2418513;2419821;2420584;2420799;2420471
0-4;136244;136570;137744;139019;140864;143303;144477;145306;146604;147087;146941;147359;147617;146825;145920;144923;143861;142775;141694;140636;139626;138665;137751;136897;136105;135368;134687;134062;133486;132950;132442;131974;131550;131161;130800;130456;130128;129808;129484;129143;128773;128370;127931;127446;126914;126330;125697;125020;124306;123561;122800
05/set;145392;142990;141132;139765;138709;137961;138269;139418;140671;142491;144907;146061;146865;148137;148597;148426;148822;149056;148241;147312;146289;145204;144103;143014;141953;140947;139990;139082;138233;137443;136710;136033;135408;134834;134302;133798;133333;132911;132522;132162;131819;131492;131177;130854;130515;130145;129744;129308;128823;128292;127706
out/14;155474;155130;153322;151145;149056;147081;144661;142787;141400;140325;139557;139839;140964;142192;143984;146373;147500;148281;149523;149957;149761;150134;150349;149521;148584;147561;146481;145381;144297;143240;142238;141281;140377;139533;138741;138010;137334;136712;136141;135609;135107;134643;134218;133833;133471;133132;132808;132494;132171;131833;131464
15-19;153454;153176;154015;155410;156440;156526;156191;154398;152239;150163;148198;145792;143922;142535;141459;140688;140958;142064;143274;145047;147410;148519;149287;150525;150963;150779;151161;151385;150570;149645;148635;147564;146476;145402;144354;143361;142414;141516;140680;139895;139169;138500;137886;137318;136791;136291;135831;135408;135028;134670;134335
20-24;164733;163549;161407;158860;156746;155569;155309;156151;157536;158559;158645;158308;156524;154377;152307;150340;147934;146053;144651;143553;142759;142999;144086;145286;147059;149424;150549;151332;152580;153035;152870;153268;153504;152706;151800;150807;149752;148681;147623;146590;145612;144677;143788;142964;142189;141473;140813;140208;139646;139128;138634
25-29;162995;164913;166496;167602;168017;167657;166496;164384;161868;159770;158591;158318;159129;160474;161459;161514;161148;159344;157177;155082;153082;150655;148762;147357;146267;145494;145754;146856;148065;149846;152212;153345;154140;155395;155861;155711;156117;156364;155580;154690;153713;152672;151615;150568;149549;148583;147656;146777;145965;145197;144489
30-34;149722;153766;157265;160256;162859;165133;167044;168620;169722;170139;169789;168637;166541;164040;161948;160761;160468;161248;162556;163503;163529;163139;161330;159172;157094;155126;152739;150878;149505;148438;147688;147961;149070;150286;152068;154431;155570;156371;157630;158103;157962;158376;158629;157856;156975;156010;154979;153935;152896;151889;150931
35-39;128186;131604;136050;141105;146098;150595;154618;158102;161085;163684;165950;167862;169438;170541;170967;170625;169488;167410;164928;162849;161663;161365;162140;163439;164393;164438;164074;162303;160183;158140;156205;153852;152018;150668;149623;148890;149173;150287;151507;153287;155646;156785;157589;158849;159325;159191;159610;159866;159103;158230;157275
40-44;121619;122503;123112;123832;125255;127711;131127;135553;140578;145540;150017;154024;157500;160484;163080;165355;167274;168857;169971;170414;170094;168986;166949;164517;162485;161342;161081;161877;163188;164161;164227;163886;162150;160069;158060;156161;153845;152039;150712;149689;148972;149265;150381;151599;153374;155721;156857;157658;158916;159395;159270
45-49;112188;114093;115899;117555;118969;120128;121068;121732;122502;123956;126424;129830;134224;139203;144124;148564;152545;156004;158976;161565;163836;165757;167350;168485;168958;168681;167625;165649;163286;161312;160216;159990;160801;162116;163098;163180;162861;161165;159127;157158;155297;153023;151248;149948;148950;148251;148549;149661;150872;152635;154965
50-54;97797;100522;103086;105489;107728;109802;111735;113572;115259;116710;117905;118885;119594;120406;121879;124343;127720;132059;136969;141819;146200;150133;153559;156508;159087;161355;163282;164886;166036;166536;166296;165290;163379;161090;159181;158131;157937;158755;160067;161047;161140;160839;159186;157199;155278;153458;151236;149501;148234;147262;146582
55-59;78455;82101;85479;88619;91596;94448;97152;99705;102101;104342;106418;108358;110203;111899;113370;114585;115591;116333;117172;118651;121090;124412;128665;133474;138224;142520;146381;149753;152660;155205;157449;159357;160953;162104;162618;162411;161455;159618;157413;155578;154583;154420;155236;156529;157495;157598;157314;155712;153785;151927;150164
60-64;55279;58763;62614;66655;70625;74368;77889;81161;84215;87116;89901;92543;95044;97396;99596;101639;103552;105371;107047;108507;109715;110726;111484;112339;113804;116194;119424;123542;128189;132776;136922;140656;143920;146739;149212;151392;153251;154808;155935;156451;156270;155369;153620;151524;149786;148857;148723;149524;150780;151714;151816
65-69;39505;41189;43117;45336;47908;50849;54134;57761;61561;65299;68834;72168;75276;78187;80958;83620;86147;88547;90807;92923;94891;96738;98496;100119;101541;102722;103720;104478;105328;106752;109046;112124;116029;120423;124757;128678;132208;135299;137976;140324;142396;144162;145648;146726;147229;147072;146238;144606;142648;141036;140188
70-74;29918;30684;31450;32301;33352;34674;36236;38013;40052;42408;45094;48090;51392;54848;58250;61476;64524;67377;70057;72612;75071;77406;79631;81728;83695;85528;87250;88894;90414;91747;92859;93804;94531;95348;96689;98819;101661;105245;109258;113212;116785;120007;122831;125281;127432;129330;130952;132317;133314;133781;133641
75-79;20874;21537;22259;23012;23748;24455;25161;25869;26653;27600;28773;30144;31695;33467;35511;37832;40418;43262;46233;49160;51940;54572;57045;59378;61608;63753;65792;67742;69580;71308;72920;74434;75884;77227;78405;79390;80230;80887;81624;82822;84701;87187;90298;93766;97174;100251;103023;105461;107579;109439;111080
80-84;12794;13321;13835;14346;14865;15397;15954;16561;17188;17804;18394;18985;19582;20239;21018;21974;23080;24325;25742;27374;29221;31276;33531;35880;38194;40396;42487;44455;46321;48105;49821;51456;53021;54499;55890;57187;58407;59578;60664;61616;62412;63092;63635;64244;65231;66759;68765;71254;74008;76704;79134
85-89;5635;6259;6795;7268;7696;8090;8469;8843;9221;9603;9993;10400;10843;11299;11749;12175;12605;13043;13523;14087;14773;15558;16437;17436;18583;19878;21317;22892;24525;26133;27662;29115;30490;31797;33050;34254;35401;36502;37545;38524;39438;40298;41127;41896;42567;43129;43608;43996;44439;45159;46261
90+;2672;2831;3111;3460;3845;4237;4639;5057;5475;5887;6283;6677;7078;7483;7886;8285;8691;9123;9566;10001;10417;10841;11285;11759;12277;12854;13487;14179;14953;15830;16816;17907;19097;20349;21630;22914;24205;25503;26793;28068;29314;30533;31731;32895;34015;35082;36110;37115;38071;38947;39736
Mulheres;;;;;;;;;;;;;;;;;;;;;;;;;;;;;;;;;;;;;;;;;;;;;;;;;;;
Faixa/Ano;2010;2011;2012;2013;2014;2015;2016;2017;2018;2019;2020;2021;2022;2023;2024;2025;2026;2027;2028;2029;2030;2031;2032;2033;2034;2035;2036;2037;2038;2039;2040;2041;2042;2043;2044;2045;2046;2047;2048;2049;2050;2051;2052;2053;2054;2055;2056;2057;2058;2059;2060
Total;1823121;1847094;1871159;1895351;1919985;1944842;1968747;1992348;2016458;2040167;2063438;2086228;2108492;2130195;2151319;2171844;2191756;2211043;2229692;2247709;2265093;2281866;2298054;2313663;2328699;2343154;2357012;2370261;2382904;2394935;2406349;2417147;2427328;2436892;2445836;2454164;2461883;2468999;2475514;2481424;2486729;2491435;2495551;2499078;2502008;2504339;2506081;2507250;2507846;2507868;2507324
0-4;130286;130643;131797;133032;134795;137113;138222;138996;140218;140662;140509;140894;141125;140355;139476;138509;137482;136434;135390;134369;133394;132465;131586;130762;129997;129288;128631;128028;127475;126956;126467;126012;125603;125227;124878;124546;124230;123921;123608;123280;122925;122537;122115;121651;121138;120579;119971;119325;118643;117931;117202
05/set;139241;136894;135091;133782;132790;132112;132444;133573;134783;136522;138812;139896;140644;141839;142257;142077;142435;142638;141840;140934;139941;138891;137823;136767;135740;134764;133838;132962;132138;131375;130667;130015;129411;128862;128343;127856;127400;126992;126617;126269;125937;125624;125317;125005;124677;124321;123936;123512;123047;122536;121977
out/14;150783;149938;147817;145440;143211;141119;138749;136923;135590;134570;133867;134171;135273;136454;138163;140425;141480;142200;143364;143753;143543;143875;144057;143244;142332;141338;140291;139225;138171;137146;136172;135248;134373;133549;132786;132079;131428;130825;130278;129759;129276;128819;128412;128037;127689;127358;127045;126739;126426;126099;125743
15-19;152014;151770;152286;153126;153559;153141;152267;150118;147712;145454;143330;140930;139071;137703;136651;135913;136178;137242;138388;140057;142282;143302;143997;145145;145526;145316;145648;145830;145021;144112;143120;142075;141012;139960;138938;137963;137042;136166;135344;134584;133878;133229;132627;132079;131563;131079;130621;130215;129842;129493;129162
20-24;162691;161444;159586;157510;155819;154863;154587;155068;155867;156264;155809;154895;152711;150268;147972;145808;143375;141473;140060;138966;138182;138408;139441;140563;142220;144439;145460;146159;147307;147689;147482;147815;147999;147194;146285;145298;144255;143197;142148;141126;140155;139236;138363;137544;136782;136079;135431;134830;134282;133768;133286
25-29;163854;165205;166147;166619;166510;165796;164518;162628;160519;158789;157794;157476;157912;158666;159017;158518;157555;155328;152843;150503;148295;145820;143886;142456;141350;140567;140796;141830;142956;144612;146830;147854;148555;149701;150086;149882;150215;150399;149595;148692;147706;146665;145608;144564;143546;142576;141659;140788;139970;139208;138508
30-34;153955;157483;160419;162816;164824;166530;167849;168759;169201;169064;168318;167010;165090;162949;161188;160158;159804;160199;160909;161216;160674;159674;157420;154921;152575;150371;147906;145980;144554;143456;142677;142908;143944;145073;146730;148942;149967;150669;151816;152201;151999;152335;152519;151715;150816;149831;148795;147741;146701;145685;144715
35-39;133909;137341;141673;146491;151144;155202;158712;161634;164019;166013;167709;169015;169912;170344;170192;169437;168117;166189;164037;162264;161216;160845;161227;161924;162229;161691;160702;158459;155976;153641;151448;148994;147077;145658;144567;143797;144029;145066;146193;147850;150060;151083;151785;152932;153316;153117;153452;153638;152836;151943;150961
40-44;126725;127920;128927;130063;131797;134394;137816;142129;146925;151555;155595;159089;161996;164370;166354;168038;169338;170226;170651;170492;169733;168415;166490;164348;162587;161552;161193;161583;162283;162593;162065;161085;158856;156387;154066;151887;149448;147542;146132;145047;144282;144518;145553;146677;148331;150535;151556;152252;153400;153781;153586
45-49;118559;120519;122286;123881;125320;126646;127851;128870;130014;131749;134337;137743;142030;146792;151390;155400;158870;161756;164113;166083;167755;169041;169927;170354;170203;169461;168163;166263;164147;162407;161389;161043;161440;162140;162452;161932;160963;158752;156304;154003;151842;149422;147531;146133;145060;144302;144539;145571;146688;148336;150527
50-54;104206;107359;110300;113008;115465;117661;119631;121409;123016;124465;125801;127015;128043;129195;130924;133499;136879;141127;145844;150396;154366;157804;160664;163009;164971;166639;167927;168821;169256;169120;168397;167124;165254;163172;161463;160464;160133;160530;161230;161543;161034;160076;157892;155473;153198;151063;148673;146804;145423;144363;143617
55-59;84064;88157;92064;95777;99301;102641;105773;108699;111396;113846;116037;118005;119784;121389;122844;124180;125393;126426;127575;129294;131842;135184;139378;144030;148525;152451;155853;158684;161011;162959;164616;165898;166791;167233;167109;166408;165162;163331;161287;159614;158638;158322;158719;159413;159727;159228;158286;156139;153757;151523;149421
60-64;61352;65038;69100;73386;77686;81849;85871;89713;93368;96839;100133;103220;106108;108774;111195;113362;115315;117079;118674;120120;121447;122651;123680;124827;126529;129040;132329;136448;141010;145417;149267;152606;155387;157675;159589;161222;162486;163368;163809;163698;163017;161807;160022;158035;156405;155463;155165;155556;156241;156549;156061
65-69;45976;47881;50047;52523;55355;58572;62146;66081;70227;74391;78423;82326;86057;89610;92987;96196;99199;102017;104621;106985;109103;111016;112749;114315;115736;117046;118232;119252;120383;122052;124501;127696;131690;136107;140373;144095;147325;150020;152238;154093;155681;156909;157769;158201;158103;157449;156283;154568;152659;151097;150200
70-74;36586;37633;38656;39745;41037;42611;44450;46526;48891;51589;54647;58036;61765;65690;69634;73453;77157;80700;84077;87290;90347;93207;95893;98381;100644;102671;104506;106171;107680;109048;110310;111453;112441;113533;115136;117476;120519;124309;128491;132524;136040;139094;141646;143748;145511;147017;148182;149000;149413;149323;148709
75-79;27053;28084;29173;30287;31367;32400;33400;34385;35430;36656;38129;39840;41758;43940;46421;49229;52334;55744;59331;62936;66425;69814;73063;76162;79114;81924;84558;87029;89324;91413;93284;94982;96521;97925;99195;100368;101428;102349;103368;104857;107021;109822;113297;117119;120796;124001;126783;129113;131035;132647;134025
80-84;17915;18617;19345;20112;20938;21821;22762;23747;24753;25730;26663;27571;28469;29418;30519;31829;33334;35011;36910;39064;41498;44184;47124;50213;53316;56319;59238;62045;64725;67279;69711;71991;74137;76128;77945;79571;81052;82395;83625;84739;85766;86694;87503;88402;89714;91609;94050;97055;100344;103495;106235
85-89;8789;9690;10464;11152;11783;12381;12974;13595;14247;14936;15668;16441;17249;18072;18874;19638;20385;21129;21917;22817;23874;25079;26411;27913;29613;31530;33639;35941;38353;40773;43115;45396;47594;49695;51700;53609;55398;57087;58657;60090;61373;62542;63608;64588;65474;66291;67029;67675;68396;69452;70966
90+;5163;5478;5981;6601;7284;7990;8725;9495;10282;11073;11857;12655;13495;14367;15261;16175;17126;18125;19148;20170;21176;22191;23238;24329;25492;26747;28102;29551;31134;32887;34831;36952;39243;41673;44195;46769;49403;52081;54774;57455;60099;62701;65265;67762;70162;72441;74625;76729;78743;80639;82423
Brasil;;;;;;;;;;;;;;;;;;;;;;;;;;;;;;;;;;;;;;;;;;;;;;;;;;;
Dados;;;;;;;;;;;;;;;;;;;;;;;;;;;;;;;;;;;;;;;;;;;;;;;;;;;
Ano;População total;Homens;Mulheres;Nascimentos;Óbitos;Taxa de Crescimento Geométrico;Taxa Bruta de Natalidade;Taxa Bruta de Mortalidade;Esperança de Vida ao Nascer;Esperança de Vida ao Nascer - Homens;Esperança de Vida ao Nascer - Mulheres;Taxa de Mortalidade Infantil;Taxa de Mortalidade Infantil - Homens;Taxa de Mortalidade Infantil - Mulheres;Taxa de Fecundidade Total;Razão de Dependência - Jovens 0 a 14 anos;Razão de Dependência - Idosos 65 ou mais anos;Razão de Dependência;Índice de Envelhecimento;;;;;;;;;;;;;;;;;;;;;;;;;;;;;;;;
2010;194890682;95513298;99377384;2939435;1240083;x;15.08;6.36;73.86;70.21;77.6;17.22;18.76;15.59;1.75;36.32;10.77;47.09;29.55;;;;;;;;;;;;;;;;;;;;;;;;;;;;;;;;
2011;196603732;96322635;100281097;2974525;1247751;0.88;15.13;6.35;74.2;70.57;77.91;16.43;17.86;14.92;1.76;35.37;10.99;46.36;30.99;;;;;;;;;;;;;;;;;;;;;;;;;;;;;;;;
2012;198314934;97132054;101182880;2953890;1258235;0.87;14.89;6.34;74.52;70.91;78.22;15.69;17.03;14.29;1.75;34.45;11.24;45.68;32.63;;;;;;;;;;;;;;;;;;;;;;;;;;;;;;;;
2013;200004188;97931331;102072857;2953178;1270306;0.85;14.77;6.35;74.84;71.25;78.51;15.02;16.27;13.7;1.74;33.56;11.51;45.07;34.2;;;;;;;;;;;;;;;;;;;;;;;;;;;;;;;;
2014;201717541;98744098;102973443;3028202;1284346;0.86;15.01;6.37;75.14;71.57;78.78;14.4;15.58;13.16;1.78;32.78;11.81;44.59;36.12;;;;;;;;;;;;;;;;;;;;;;;;;;;;;;;;
2015;203475683;99581002;103894681;3070979;1299541;0.87;15.09;6.39;75.44;71.88;79.05;13.82;14.93;12.65;1.8;32.15;12.13;44.29;37.67;;;;;;;;;;;;;;;;;;;;;;;;;;;;;;;;
2016;205156587;100379640;104776947;2901053;1314164;0.83;14.14;6.41;75.72;72.18;79.31;13.29;14.35;12.19;1.7;31.57;12.49;44.05;39.73;;;;;;;;;;;;;;;;;;;;;;;;;;;;;;;;
2017;206804741;101163599;105641142;3020743;1330811;0.8;14.61;6.44;75.99;72.46;79.56;12.81;13.8;11.75;1.78;31.11;12.87;43.98;41.2;;;;;;;;;;;;;;;;;;;;;;;;;;;;;;;;
2018;208494900;101971173;106523727;3003585;1349693;0.82;14.41;6.47;76.25;72.74;79.8;12.35;13.31;11.35;1.77;30.75;13.28;44.03;43.19;;;;;;;;;;;;;;;;;;;;;;;;;;;;;;;;
2019;210147125;102760295;107386830;2984414;1368954;0.79;14.2;6.51;76.5;73;80.03;11.94;12.85;10.98;1.77;30.42;13.72;44.14;45.02;;;;;;;;;;;;;;;;;;;;;;;;;;;;;;;;
2020;211755692;103527689;108228003;2963516;1389144;0.77;13.99;6.56;76.74;73.26;80.25;11.56;12.43;10.64;1.76;30.11;14.18;44.29;46.89;;;;;;;;;;;;;;;;;;;;;;;;;;;;;;;;
2021;213317639;104271843;109045796;2940629;1410602;0.74;13.79;6.61;76.97;73.5;80.46;11.2;12.04;10.32;1.76;29.83;14.67;44.5;49.51;;;;;;;;;;;;;;;;;;;;;;;;;;;;;;;;
2022;214828540;104990487;109838053;2913688;1433605;0.71;13.56;6.67;77.19;73.74;80.67;10.88;11.68;10.03;1.75;29.63;15.19;44.82;51.22;;;;;;;;;;;;;;;;;;;;;;;;;;;;;;;;
2023;216284269;105681529;110602740;2885501;1458023;0.68;13.34;6.74;77.4;73.96;80.86;10.58;11.36;9.75;1.75;29.43;15.74;45.17;53.2;;;;;;;;;;;;;;;;;;;;;;;;;;;;;;;;
2024;217684462;106345043;111339419;2856690;1483777;0.65;13.12;6.82;77.6;74.17;81.05;10.3;11.05;9.5;1.74;29.26;16.31;45.56;55.72;;;;;;;;;;;;;;;;;;;;;;;;;;;;;;;;
2025;219029093;106981304;112047789;2827039;1510693;0.62;12.91;6.9;77.8;74.38;81.22;10.04;10.77;9.27;1.74;29.11;16.9;46.01;58.29;;;;;;;;;;;;;;;;;;;;;;;;;;;;;;;;
2026;220316530;107589495;112727035;2797674;1539159;0.59;12.7;6.99;77.98;74.57;81.39;9.8;10.51;9.05;1.74;28.95;17.51;46.45;60.61;;;;;;;;;;;;;;;;;;;;;;;;;;;;;;;;
2027;221545234;108168830;113376404;2768000;1569117;0.56;12.49;7.08;78.16;74.76;81.56;9.58;10.27;8.85;1.73;28.77;18.14;46.9;62.76;;;;;;;;;;;;;;;;;;;;;;;;;;;;;;;;
2028;222713669;108718587;113995082;2738355;1600375;0.53;12.3;7.19;78.32;74.94;81.71;9.37;10.05;8.66;1.73;28.59;18.78;47.37;65.46;;;;;;;;;;;;;;;;;;;;;;;;;;;;;;;;
2029;223821305;109238514;114582791;2710134;1632845;0.5;12.11;7.3;78.49;75.11;81.86;9.18;9.84;8.49;1.72;28.36;19.42;47.79;68.23;;;;;;;;;;;;;;;;;;;;;;;;;;;;;;;;
2030;224868462;109728762;115139700;2683440;1666427;0.47;11.93;7.41;78.64;75.28;82;9.01;9.65;8.33;1.72;28.08;20.06;48.14;71.05;;;;;;;;;;;;;;;;;;;;;;;;;;;;;;;;
2031;225854415;110189007;115665408;2655850;1700970;0.44;11.76;7.53;78.78;75.43;82.14;8.85;9.48;8.18;1.72;27.84;20.71;48.55;74.33;;;;;;;;;;;;;;;;;;;;;;;;;;;;;;;;
2032;226777802;110618592;116159210;2628742;1736861;0.41;11.59;7.66;78.92;75.58;82.27;8.7;9.32;8.05;1.72;27.61;21.36;48.97;77.3;;;;;;;;;;;;;;;;;;;;;;;;;;;;;;;;
2033;227638581;111017537;116621044;2603540;1773877;0.38;11.44;7.79;79.05;75.72;82.39;8.57;9.18;7.92;1.71;27.32;22.01;49.33;80.33;;;;;;;;;;;;;;;;;;;;;;;;;;;;;;;;
2034;228437122;111386062;117051060;2579544;1812136;0.35;11.29;7.93;79.18;75.86;82.51;8.44;9.04;7.81;1.71;27.04;22.65;49.69;83.43;;;;;;;;;;;;;;;;;;;;;;;;;;;;;;;;
2035;229173685;111724392;117449293;2557147;1851454;0.32;11.16;8.08;79.3;75.99;82.62;8.32;8.92;7.7;1.71;26.76;23.28;50.04;87.08;;;;;;;;;;;;;;;;;;;;;;;;;;;;;;;;
2036;229847832;112032426;117815406;2534413;1891832;0.29;11.03;8.23;79.42;76.11;82.73;8.22;8.8;7.6;1.7;26.48;23.9;50.39;90.34;;;;;;;;;;;;;;;;;;;;;;;;;;;;;;;;
2037;230459062;112309958;118149104;2513030;1933167;0.27;10.9;8.39;79.53;76.23;82.83;8.12;8.69;7.51;1.7;26.22;24.52;50.74;93.68;;;;;;;;;;;;;;;;;;;;;;;;;;;;;;;;
2038;231007871;112557327;118450544;2493021;1975283;0.24;10.79;8.55;79.63;76.34;82.93;8.02;8.59;7.42;1.7;25.97;25.13;51.1;96.51;;;;;;;;;;;;;;;;;;;;;;;;;;;;;;;;
2039;231494650;112774820;118719830;2473758;2017958;0.21;10.69;8.72;79.73;76.45;83.02;7.93;8.49;7.34;1.7;25.74;25.77;51.52;100;;;;;;;;;;;;;;;;;;;;;;;;;;;;;;;;
2040;231919922;112962751;118957171;2455519;2060782;0.18;10.59;8.89;79.83;76.55;83.11;7.85;8.4;7.27;1.69;25.54;26.46;51.99;103.57;;;;;;;;;;;;;;;;;;;;;;;;;;;;;;;;
2041;232284233;113121438;119162795;2437785;2103915;0.16;10.49;9.06;79.92;76.65;83.2;7.77;8.32;7.2;1.69;25.35;27.18;52.53;107.23;;;;;;;;;;;;;;;;;;;;;;;;;;;;;;;;
2042;232588580;113251454;119337126;2422219;2147419;0.13;10.41;9.23;80;76.74;83.28;7.7;8.24;7.13;1.69;25.19;27.93;53.13;110.3;;;;;;;;;;;;;;;;;;;;;;;;;;;;;;;;
2043;232834065;113353443;119480622;2407325;2191168;0.11;10.34;9.41;80.09;76.83;83.36;7.63;8.16;7.06;1.69;25.06;28.73;53.78;114.72;;;;;;;;;;;;;;;;;;;;;;;;;;;;;;;;
2044;233020996;113427597;119593399;2392409;2234730;0.08;10.27;9.59;80.17;76.92;83.43;7.56;8.09;7;1.69;24.94;29.55;54.49;118.63;;;;;;;;;;;;;;;;;;;;;;;;;;;;;;;;
2045;233149625;113474061;119675564;2377677;2278119;0.06;10.2;9.77;80.24;77;83.5;7.5;8.02;6.95;1.68;24.85;30.4;55.25;122.5;;;;;;;;;;;;;;;;;;;;;;;;;;;;;;;;
2046;233220257;113493052;119727205;2363150;2321466;0.03;10.13;9.95;80.31;77.08;83.57;7.44;7.96;6.9;1.68;24.77;31.27;56.04;125.79;;;;;;;;;;;;;;;;;;;;;;;;;;;;;;;;
2047;233233670;113485011;119748659;2349527;2364398;0.01;10.07;10.14;80.38;77.16;83.63;7.39;7.9;6.84;1.68;24.72;32.17;56.89;129.75;;;;;;;;;;;;;;;;;;;;;;;;;;;;;;;;
2048;233190482;113450253;119740229;2335541;2407046;-0.02;10.02;10.32;80.45;77.23;83.7;7.33;7.84;6.8;1.68;24.68;33.08;57.76;134.62;;;;;;;;;;;;;;;;;;;;;;;;;;;;;;;;
2049;233090464;113388652;119701812;2320604;2449148;-0.04;9.96;10.51;80.51;77.3;83.75;7.29;7.79;6.75;1.68;24.66;33.99;58.64;138.06;;;;;;;;;;;;;;;;;;;;;;;;;;;;;;;;
2050;232933276;113300060;119633216;2304717;2490559;-0.07;9.89;10.69;80.57;77.37;83.81;7.24;7.74;6.71;1.68;24.64;34.88;59.52;142.21;;;;;;;;;;;;;;;;;;;;;;;;;;;;;;;;
2051;232719169;113184593;119534576;2288973;2531362;-0.09;9.84;10.88;80.63;77.43;83.86;7.2;7.69;6.67;1.67;24.63;35.76;60.38;144.81;;;;;;;;;;;;;;;;;;;;;;;;;;;;;;;;
2052;232448867;113042592;119406275;2273127;2571362;-0.12;9.78;11.06;80.68;77.49;83.91;7.16;7.65;6.64;1.67;24.62;36.62;61.24;148.37;;;;;;;;;;;;;;;;;;;;;;;;;;;;;;;;
2053;232122448;112874076;119248372;2255972;2610595;-0.14;9.72;11.25;80.74;77.55;83.96;7.12;7.61;6.6;1.67;24.62;37.45;62.07;151.97;;;;;;;;;;;;;;;;;;;;;;;;;;;;;;;;
2054;231739632;112678873;119060759;2237804;2648830;-0.16;9.66;11.43;80.78;77.61;84;7.08;7.57;6.57;1.67;24.62;38.26;62.89;155.63;;;;;;;;;;;;;;;;;;;;;;;;;;;;;;;;
2055;231300323;112456873;118843450;2218450;2686056;-0.19;9.59;11.61;80.83;77.66;84.04;7.05;7.54;6.54;1.67;24.63;39.05;63.68;159.33;;;;;;;;;;;;;;;;;;;;;;;;;;;;;;;;
2056;230805223;112208379;118596844;2199622;2722232;-0.21;9.53;11.79;80.88;77.71;84.08;7.02;7.5;6.51;1.67;24.63;39.81;64.43;161.33;;;;;;;;;;;;;;;;;;;;;;;;;;;;;;;;
2057;230255685;111934042;118321643;2180831;2757317;-0.24;9.47;11.98;80.92;77.76;84.12;6.99;7.47;6.48;1.66;24.62;40.52;65.15;164.43;;;;;;;;;;;;;;;;;;;;;;;;;;;;;;;;
2058;229652286;111634119;118018167;2161015;2791329;-0.26;9.41;12.15;80.96;77.81;84.16;6.96;7.44;6.46;1.66;24.62;41.22;65.84;168.24;;;;;;;;;;;;;;;;;;;;;;;;;;;;;;;;
2059;228995541;111308845;117686696;2141033;2824224;-0.29;9.35;12.33;81;77.86;84.19;6.94;7.41;6.44;1.66;24.61;41.91;66.53;170.27;;;;;;;;;;;;;;;;;;;;;;;;;;;;;;;;
2060;228286347;110958642;117327705;2120842;2856059;-0.31;9.29;12.51;81.04;77.9;84.23;6.91;7.39;6.42;1.66;24.61;42.62;67.23;173.47;;;;;;;;;;;;;;;;;;;;;;;;;;;;;;;;
Faixas etárias;;;;;;;;;;;;;;;;;;;;;;;;;;;;;;;;;;;;;;;;;;;;;;;;;;;
Total;;;;;;;;;;;;;;;;;;;;;;;;;;;;;;;;;;;;;;;;;;;;;;;;;;;
Faixa/Ano;2010;2011;2012;2013;2014;2015;2016;2017;2018;2019;2020;2021;2022;2023;2024;2025;2026;2027;2028;2029;2030;2031;2032;2033;2034;2035;2036;2037;2038;2039;2040;2041;2042;2043;2044;2045;2046;2047;2048;2049;2050;2051;2052;2053;2054;2055;2056;2057;2058;2059;2060
Total;194890682;196603732;198314934;200004188;201717541;203475683;205156587;206804741;208494900;210147125;211755692;213317639;214828540;216284269;217684462;219029093;220316530;221545234;222713669;223821305;224868462;225854415;226777802;227638581;228437122;229173685;229847832;230459062;231007871;231494650;231919922;232284233;232588580;232834065;233020996;233149625;233220257;233233670;233190482;233090464;232933276;232719169;232448867;232122448;231739632;231300323;230805223;230255685;229652286;228995541;228286347
0-4;14858280;14697433;14624301;14567170;14570070;14677159;14715112;14720776;14787557;14798332;14730311;14703281;14675523;14569055;14452355;14326234;14192256;14053426;13912226;13770272;13629815;13491399;13354905;13221642;13092489;12967369;12846604;12730937;12620549;12514918;12413588;12316709;12225086;12138798;12057106;11979238;11904624;11832490;11761709;11691308;11620256;11547982;11473958;11397201;11317212;11233863;11147191;11057520;10965028;10870292;10774218
05/set;15865195;15600504;15387507;15203145;15029641;14824271;14664918;14593299;14537829;14542132;14650311;14689394;14695773;14762671;14773628;14705941;14679311;14652033;14546208;14430226;14304778;14171490;14033278;13892710;13751331;13611405;13473529;13337523;13204728;13076037;12951361;12830995;12715703;12605672;12500387;12399373;12302790;12211456;12125433;12043993;11966376;11891973;11820071;11749531;11679356;11608504;11536459;11462615;11386046;11306224;11223031
out/14;17397304;17216843;16880174;16495325;16131984;15840860;15577214;15365237;15182024;15009676;14805478;14647164;14576191;14520972;14525347;14633526;14672711;14679300;14746432;14757724;14690423;14664114;14637176;14531700;14416109;14291049;14158125;14020272;13880038;13738984;13599376;13461829;13326122;13193611;13065182;12940762;12820626;12705545;12595720;12490655;12389855;12293466;12202305;12116445;12035156;11957694;11883455;11811703;11741278;11671246;11600532
15-19;17219086;17238401;17315601;17402809;17424089;17334096;17155615;16821630;16439846;16079464;15790863;15529387;15318916;15136923;14965724;14762869;14605891;14536019;14481942;14487286;14596110;14635967;14643187;14710785;14722659;14656163;14630405;14603997;14499263;14384409;14260078;14127872;13990752;13851207;13710840;13571863;13434947;13299846;13167907;13040010;12916108;12796510;12681921;12572557;12467934;12367551;12271531;12180736;12095228;12014265;11937109
20-24;17476779;17396868;17296030;17195219;17124785;17100769;17122881;17203520;17294780;17319853;17233266;17057794;16726717;16347561;15989803;15703800;15444924;15236871;15057313;14888503;14688175;14533531;14465563;14413260;14420025;14529708;14570602;14578856;14647162;14659931;14594614;14569782;14544238;14440723;14327061;14203946;14072906;13936948;13798559;13659314;13521425;13385549;13251456;13120499;12993545;12870528;12751775;12637977;12529386;12425516;12325847
25-29;17334110;17423848;17454135;17436877;17391346;17331851;17256322;17161679;17068593;17004904;16985866;17011218;17092427;17182193;17206153;17119972;16946247;16618500;16243415;15889766;15607291;15351552;15146240;14969263;14802897;14605190;14452983;14386955;14336521;14344709;14455193;14497153;14506501;14575436;14589082;14524961;14501063;14476422;14374170;14261783;14139942;14010163;13875462;13738287;13600246;13463536;13328803;13195813;13065893;12939931;12817887
30-34;15955949;16275019;16567575;16822855;17028854;17178656;17271648;17306947;17296659;17258318;17205416;17135646;17044190;16951251;16886952;16867543;16892885;16974395;17065211;17091062;17007393;16836728;16512899;16141856;15792033;15512843;15259983;15057188;14882572;14718488;14523256;14373318;14309113;14260407;14269902;14381026;14423898;14434174;14503630;14518027;14455019;14431957;14408126;14307058;14195853;14075191;13946610;13813084;13677088;13540196;13404578
35-39;14075108;14350827;14689558;15066579;15441748;15787821;16107943;16402815;16661965;16872342;17026545;17123723;17161844;17152616;17115112;17063584;16995707;16906691;16816670;16755274;16738294;16765601;16848588;16940702;16968189;16886844;16719129;16399166;16032170;15686230;15410325;15160396;14960090;14787787;14625966;14433207;14285523;14223058;14175984;14186704;14298311;14341981;14353071;14422945;14437977;14376076;14353778;14330671;14230768;14120755;14001307
40-44;13184170;13311309;13414041;13519509;13668343;13884283;14161178;14500831;14879035;15255513;15602974;15924417;16219710;16478229;16688213;16842846;16941312;16981681;16975459;16941357;16893256;16828804;16743240;16656520;16598022;16583446;16612647;16696902;16790065;16818996;16739962;16575282;16259556;15897111;15555535;15283397;15036761;14839171;14669407;14510049;14320041;14174828;14114206;14068807;14080737;14192649;14236987;14248844;14318948;14334584;14273861
45-49;11992439;12218181;12426314;12615601;12784211;12933598;13064058;13171048;13281287;13434076;13652504;13930420;14269004;14644402;15017933;15363171;15683089;15977567;16236139;16446903;16602926;16703462;16746553;16743579;16713006;16668492;16607681;16525845;16442743;16387431;16375387;16406437;16491724;16585608;16615819;16539189;16377988;16067408;15710668;15374594;15107158;14864721;14670479;14503796;14347422;14160785;14018586;13960052;13916591;13929788;14041783
50-54;10276773;10574366;10868062;11152415;11419933;11666086;11892707;12102371;12293932;12465329;12617804;12751592;12861867;12974530;13128538;13346782;13623237;13959030;14330885;14700984;15043388;15361008;15653779;15911350;16121912;16278600;16380728;16426408;16426757;16399939;16359306;16302574;16224958;16146006;16094242;16084875;16117711;16203642;16297801;16329111;16255195;16098244;15794311;15445094;15116301;14855005;14618039;14428117;14265353;14112793;13930535
55-59;8387564;8679820;8977656;9278724;9579705;9877881;10172542;10463716;10746091;11012111;11257277;11483368;11692613;11883880;12055490;12208751;12343963;12456465;12571436;12726473;12943766;13217366;13548288;13914012;14277951;14615019;14928011;15216929;15471607;15680383;15836527;15939411;15987269;15990939;15968053;15931630;15879345;15806522;15732281;15684468;15677945;15712380;15798347;15891980;15924009;15853162;15701406;15406171;15066946;14747850;14494713
60-64;6596741;6859058;7119004;7379912;7647936;7926230;8211893;8503042;8797470;9091910;9383728;9672175;9957156;10233460;10493988;10734491;10956693;11162776;11351609;11521660;11673982;11809015;11922324;12038067;12192258;12406090;12673729;12996043;13351492;13705082;14032901;14337648;14619346;14868106;15072540;15226101;15328313;15377469;15384059;15365094;15332980;15285499;15218052;15149158;15105746;15102049;15137666;15222586;15314436;15346470;15279016
65-69;4905988;5095516;5318713;5565313;5819304;6071240;6322755;6572590;6823731;7081680;7349244;7623733;7903288;8185834;8468411;8748627;9025766;9299757;9565627;9816554;10048512;10263166;10462649;10645868;10811283;10959940;11092321;11204363;11318835;11469648;11676652;11934133;12242752;12582173;12919685;13232909;13524376;13794222;14032965;14229585;14377822;14477368;14526754;14535915;14520894;14493445;14451348;14390212;14327671;14289289;14288480
70-74;3792042;3889352;3974955;4063519;4175947;4323465;4501441;4709484;4938529;5174388;5408663;5642901;5876091;6110754;6351769;6601500;6857600;7118354;7381902;7645534;7907040;8165785;8421765;8670307;8905063;9122289;9323635;9511104;9683679;9839876;9980630;10106571;10214158;10324288;10467931;10663049;10904126;11191369;11506226;11819031;12109555;12380193;12631212;12853724;13037277;13176002;13269879;13317776;13328895;13317878;13295484
75-79;2597990;2688798;2797237;2913384;3023576;3121818;3211601;3292375;3376250;3480536;3614389;3774018;3959070;4161906;4370673;4578361;4786387;4994114;5203523;5418622;5641260;5869405;6101656;6336314;6571128;6804078;7034690;7263005;7484798;7694408;7888458;8068562;8236631;8391702;8532383;8659541;8773851;8872509;8973811;9104799;9280868;9496727;9752138;10030863;10307408;10564467;10804204;11027068;11224976;11388373;11511971
80-84;1689444;1727063;1764898;1807817;1861166;1926871;2004365;2095235;2191860;2283815;2366558;2443191;2513706;2587330;2677251;2790280;2923509;3076687;3243763;3415649;3586931;3758879;3931160;4105249;4284098;4468984;4658301;4850986;5045614;5240341;5433588;5624985;5814637;5998934;6173117;6334346;6484201;6624391;6754088;6872004;6978835;7075422;7159683;7246694;7358416;7506972;7687508;7899218;8128899;8356311;8567809
85-89;830529;901360;954570;996763;1032554;1065148;1097017;1129489;1165517;1208442;1259330;1318006;1385731;1457236;1525459;1587405;1645581;1700356;1758056;1827478;1913020;2012666;2126181;2249361;2375978;2502391;2629690;2757777;2887609;3021064;3158814;3299768;3443164;3587930;3732788;3876586;4019065;4160416;4297807;4427602;4547659;4659375;4764254;4861528;4950167;5030651;5103867;5168499;5235780;5321722;5434778
90+;455191;459166;484603;521252;562349;603580;645377;688657;731945;774304;815165;856211;898723;943466;991663;1043410;1099461;1161212;1225853;1289978;1352102;1414477;1478371;1546036;1620691;1703785;1795039;1894806;2001669;2113776;2229906;2350808;2476780;2607627;2743377;2883626;3028143;3176612;3328257;3482333;3637926;3794831;3953061;4110366;4263976;4412193;4556131;4697023;4833076;4962058;5083408
Homens;;;;;;;;;;;;;;;;;;;;;;;;;;;;;;;;;;;;;;;;;;;;;;;;;;;
Faixa/Ano;2010;2011;2012;2013;2014;2015;2016;2017;2018;2019;2020;2021;2022;2023;2024;2025;2026;2027;2028;2029;2030;2031;2032;2033;2034;2035;2036;2037;2038;2039;2040;2041;2042;2043;2044;2045;2046;2047;2048;2049;2050;2051;2052;2053;2054;2055;2056;2057;2058;2059;2060
Total;95513298;96322635;97132054;97931331;98744098;99581002;100379640;101163599;101971173;102760295;103527689;104271843;104990487;105681529;106345043;106981304;107589495;108168830;108718587;109238514;109728762;110189007;110618592;111017537;111386062;111724392;112032426;112309958;112557327;112774820;112962751;113121438;113251454;113353443;113427597;113474061;113493052;113485011;113450253;113388652;113300060;113184593;113042592;112874076;112678873;112456873;112208379;111934042;111634119;111308845;110958642
0-4;7594516;7513761;7477567;7449337;7451690;7507226;7527223;7530642;7565301;7571223;7536789;7523299;7509386;7455164;7395678;7331364;7263006;7192133;7120032;7047528;6975778;6905062;6835307;6767195;6701192;6637231;6575502;6516373;6459937;6405936;6354123;6304598;6257751;6213632;6171861;6132043;6093885;6056997;6020798;5984802;5948471;5911502;5873639;5834370;5793447;5750809;5706456;5660575;5613249;5564770;5515605
05/set;8094637;7962532;7856445;7764679;7678145;7574960;7495049;7459700;7432381;7435509;7491634;7512252;7516076;7550810;7556858;7522618;7509351;7495730;7441882;7382807;7318878;7250909;7180401;7108665;7036481;6965042;6894634;6825161;6757331;6691592;6627900;6566392;6507477;6451252;6397457;6345822;6296474;6249795;6205831;6164206;6124537;6086502;6049752;6013699;5977830;5941609;5904776;5867020;5827860;5787041;5744493
out/14;8842587;8760868;8596730;8405865;8224795;8080135;7948620;7843086;7751948;7666040;7563501;7484190;7449226;7422072;7425264;7481411;7502112;7506047;7540921;7547162;7513141;7500066;7486634;7433002;7374143;7310452;7242697;7172400;7100861;7028875;6957623;6887413;6818125;6750468;6684877;6621345;6559981;6501187;6445082;6391415;6339911;6290699;6244133;6200276;6158737;6119162;6081226;6044568;6008592;5972801;5936671
15-19;8673836;8693267;8745322;8804210;8829069;8795446;8715095;8552810;8364062;8185062;8042202;7912260;7807878;7717747;7632793;7531320;7453057;7418949;7392651;7396587;7453221;7474403;7478801;7514010;7520683;7487251;7474592;7461547;7408463;7350163;7287028;7219811;7150062;7079046;7007575;6936806;6867067;6798239;6731019;6665837;6602699;6541729;6483312;6427561;6374235;6323041;6274127;6227836;6184244;6142973;6103630
20-24;8746116;8711375;8663577;8614902;8583358;8578611;8600164;8654720;8716490;8744065;8712945;8634909;8475014;8288587;8111918;7971317;7843582;7741213;7653070;7570037;7470597;7394220;7361652;7336794;7341891;7399228;7421254;7426487;7462264;7469669;7437195;7425286;7412946;7360848;7303529;7241380;7175120;7106330;7036251;6965698;6895815;6826928;6758931;6692510;6628106;6565701;6505416;6447653;6392537;6339825;6289218
25-29;8574606;8629711;8657414;8662143;8651184;8630266;8598875;8555561;8512314;8485534;8484394;8508378;8563553;8624538;8651626;8621118;8544666;8387530;8204388;8031009;7893232;7767999;7667829;7581750;7500675;7403356;7328943;7297950;7274594;7280847;7338836;7361712;7367822;7404119;7412226;7380713;7369573;7357978;7306911;7250628;7189512;7124285;7056509;6987423;6917849;6848930;6780967;6713878;6648312;6584723;6523112
30-34;7821287;7982363;8131551;8263753;8373348;8457008;8514439;8545686;8555280;8549320;8532944;8505514;8464499;8421615;8394693;8393527;8417664;8473141;8534872;8563312;8534665;8460519;8306365;8126302;7955838;7820545;7697488;7599240;7514973;7435649;7340229;7267552;7237960;7215936;7223197;7281677;7305262;7312099;7348805;7357492;7326843;7316343;7305373;7255224;7199860;7139664;7075362;7008494;6940318;6871646;6803583
35-39;6857527;6990523;7155946;7341635;7527745;7700900;7862666;8013399;8148183;8260741;8347421;8407755;8440996;8451369;8446055;8430688;8404634;8365378;8324589;8299702;8300209;8325674;8382118;8444696;8474256;8447253;8375224;8223858;8046719;7879049;7746136;7625181;7528741;7446144;7368454;7274845;7203808;7175501;7154681;7162834;7221685;7245877;7253323;7290325;7299496;7269639;7259722;7249292;7200007;7145508;7086207
40-44;6405478;6465519;6511227;6557089;6624863;6727359;6861189;7027271;7213769;7400750;7574836;7737477;7888496;8022898;8135221;8222214;8283430;8318165;8330545;8327522;8314471;8290745;8253830;8215289;8192354;8194452;8221147;8278370;8341585;8372088;8346626;8276663;8128189;7954176;7789503;7659150;7540448;7445888;7365050;7289066;7197348;7128025;7100999;7081359;7090362;7149455;7174123;7182135;7219317;7228927;7199896
45-49;5768516;5880219;5985481;6082367;6167931;6241647;6303978;6352579;6401687;6472175;6576419;6711034;6876531;7061277;7246407;7419108;7580798;7731316;7865760;7978594;8066468;8128987;8165432;8179855;8179060;8168292;8146911;8112423;8076237;8055349;8059034;8086849;8144623;8208179;8239414;8215443;8147699;8002569;7832277;7671186;7543900;7427925;7335566;7256745;7182722;7093220;7025894;7000246;6981909;6991754;7050917
50-54;4900002;5040349;5178764;5313246;5441195;5561009;5673316;5779573;5877917;5965268;6041008;6105571;6156429;6207294;6278778;6383077;6516900;6680739;6863310;7046315;7217244;7377487;7526925;7660698;7773367;7861606;7925036;7962995;7979372;7980824;7972437;7953589;7921753;7888179;7869486;7874764;7903569;7961564;8025093;8056849;8034455;7969304;7828334;7662799;7506320;7382926;7270417;7180814;7104474;7032873;6946162
55-59;3954821;4089187;4227766;4368987;4510555;4650762;4789417;4926386;5059761;5186871;5306101;5418069;5523994;5622071;5709488;5785731;5851268;5903677;5956190;6028485;6132308;6264412;6425224;6603964;6783080;6950611;7107892;7254823;7386666;7498065;7585774;7649457;7688505;7706661;7710316;7704363;7688149;7659220;7628530;7612199;7619074;7648657;7706356;7769208;7801082;7780353;7718248;7582612;7423293;7272866;7154556
60-64;3081961;3198692;3313737;3429277;3548963;3674713;3805186;3939707;4076794;4214303;4350563;4485379;4618536;4748149;4871821;4988027;5097383;5201061;5297302;5383487;5458969;5524298;5577221;5630273;5702081;5803746;5932098;6087478;6259725;6432268;6593867;6745779;6887959;7015825;7124175;7209866;7272652;7311982;7331395;7336975;7333300;7319725;7293901;7266311;7252466;7260725;7290580;7347073;7408221;7439552;7420473
65-69;2253998;2339108;2439108;2549140;2661907;2773210;2883883;2993314;3103440;3217426;3337000;3460918;3588535;3718492;3848844;3978090;4106032;4232502;4355732;4473440;4584216;4688647;4787847;4880176;4963105;5036045;5099560;5151653;5203924;5273663;5371091;5493166;5640066;5802391;5964930;6117373;6260872;6395434;6516731;6619770;6701600;6762068;6800700;6820803;6827971;6826458;6815605;6793193;6769102;6757874;6767303
70-74;1689818;1732563;1770303;1809593;1859518;1924795;2003224;2094581;2194687;2297297;2398778;2499910;2600243;2701380;2806006;2915566;3028989;3145702;3264515;3383680;3501868;3618911;3734717;3847628;3955595;4057304;4153367;4244811;4330120;4406952;4474742;4534111;4583407;4633065;4698510;4788775;4900975;5035044;5182591;5330211;5468808;5599462;5722265;5833225;5927673;6002895;6058911;6095418;6115370;6123684;6124121
75-79;1105206;1144121;1190922;1240998;1288273;1330216;1368574;1403314;1439622;1484658;1542105;1610235;1688895;1774682;1862608;1949716;2036732;2123408;2210961;2301516;2396166;2494028;2594665;2697044;2799720;2901547;3002440;3102353;3199832;3293112;3381052;3464237;3543625;3617852;3684841;3744109;3796312;3840217;3884676;3942722;4021823;4119269;4234768;4361237;4487603;4606394;4718561;4824282;4920042;5001664;5066803
80-84;677628;692280;707304;724631;746369;773094;804695;841980;881564;919059;952619;983758;1012641;1042996;1079956;1126100;1180178;1242110;1309326;1378193;1446541;1514999;1583484;1652852;1724591;1799420;1876683;1956079;2036796;2117674;2197885;2277383;2356175;2433074;2506675;2576080;2641835;2704769;2763770;2817079;2864310;2906165;2941812;2978203;3025436;3089091;3166772;3257946;3357133;3456065;3549148
85-89;314944;340306;359247;374268;387076;398787;410381;422377;435871;452078;471252;493422;519178;546326;572074;595279;617114;637836;659812;686235;718616;756161;798785;844827;891952;938795;985869;1033177;1081264;1131002;1182750;1236101;1290875;1346482;1402163;1457337;1512013;1566262;1619219;1669886;1717634;1762927;1806456;1847353;1884307;1917047;1946213;1971377;1997388;2031094;2076107
90+;155814;155891;163643;175211;188114;200858;213666;226913;240102;252916;265178;277513;290381;304062;318955;335033;352599;372193;392729;412903;432174;451480;471355;492517;515998;542216;571089;602780;636664;672043;708423;746158;785393;826114;868408;912170;957358;1003936;1051543;1099797;1148335;1197201;1246463;1295445;1343371;1389754;1435003;1479630;1522751;1563205;1600637
Mulheres;;;;;;;;;;;;;;;;;;;;;;;;;;;;;;;;;;;;;;;;;;;;;;;;;;;
Faixa/Ano;2010;2011;2012;2013;2014;2015;2016;2017;2018;2019;2020;2021;2022;2023;2024;2025;2026;2027;2028;2029;2030;2031;2032;2033;2034;2035;2036;2037;2038;2039;2040;2041;2042;2043;2044;2045;2046;2047;2048;2049;2050;2051;2052;2053;2054;2055;2056;2057;2058;2059;2060
Total;99377384;100281097;101182880;102072857;102973443;103894681;104776947;105641142;106523727;107386830;108228003;109045796;109838053;110602740;111339419;112047789;112727035;113376404;113995082;114582791;115139700;115665408;116159210;116621044;117051060;117449293;117815406;118149104;118450544;118719830;118957171;119162795;119337126;119480622;119593399;119675564;119727205;119748659;119740229;119701812;119633216;119534576;119406275;119248372;119060759;118843450;118596844;118321643;118018167;117686696;117327705
0-4;7263764;7183672;7146734;7117833;7118380;7169933;7187889;7190134;7222256;7227109;7193522;7179982;7166137;7113891;7056677;6994870;6929250;6861293;6792194;6722744;6654037;6586337;6519598;6454447;6391297;6330138;6271102;6214564;6160612;6108982;6059465;6012111;5967335;5925166;5885245;5847195;5810739;5775493;5740911;5706506;5671785;5636480;5600319;5562831;5523765;5483054;5440735;5396945;5351779;5305522;5258613
05/set;7770558;7637972;7531062;7438466;7351496;7249311;7169869;7133599;7105448;7106623;7158677;7177142;7179697;7211861;7216770;7183323;7169960;7156303;7104326;7047419;6985900;6920581;6852877;6784045;6714850;6646363;6578895;6512362;6447397;6384445;6323461;6264603;6208226;6154420;6102930;6053551;6006316;5961661;5919602;5879787;5841839;5805471;5770319;5735832;5701526;5666895;5631683;5595595;5558186;5519183;5478538
out/14;8554717;8455975;8283444;8089460;7907189;7760725;7628594;7522151;7430076;7343636;7241977;7162974;7126965;7098900;7100083;7152115;7170599;7173253;7205511;7210562;7177282;7164048;7150542;7098698;7041966;6980597;6915428;6847872;6779177;6710109;6641753;6574416;6507997;6443143;6380305;6319417;6260645;6204358;6150638;6099240;6049944;6002767;5958172;5916169;5876419;5838532;5802229;5767135;5732686;5698445;5663861
15-19;8545250;8545134;8570279;8598599;8595020;8538650;8440520;8268820;8075784;7894402;7748661;7617127;7511038;7419176;7332931;7231549;7152834;7117070;7089291;7090699;7142889;7161564;7164386;7196775;7201976;7168912;7155813;7142450;7090800;7034246;6973050;6908061;6840690;6772161;6703265;6635057;6567880;6501607;6436888;6374173;6313409;6254781;6198609;6144996;6093699;6044510;5997404;5952900;5910984;5871292;5833479
20-24;8730663;8685493;8632453;8580317;8541427;8522158;8522717;8548800;8578290;8575788;8520321;8422885;8251703;8058974;7877885;7732483;7601342;7495658;7404243;7318466;7217578;7139311;7103911;7076466;7078134;7130480;7149348;7152369;7184898;7190262;7157419;7144496;7131292;7079875;7023532;6962566;6897786;6830618;6762308;6693616;6625610;6558621;6492525;6427989;6365439;6304827;6246359;6190324;6136849;6085691;6036629
25-29;8759504;8794137;8796721;8774734;8740162;8701585;8657447;8606118;8556279;8519370;8501472;8502840;8528874;8557655;8554527;8498854;8401581;8230970;8039027;7858757;7714059;7583553;7478411;7387513;7302222;7201834;7124040;7089005;7061927;7063862;7116357;7135441;7138679;7171317;7176856;7144248;7131490;7118444;7067259;7011155;6950430;6885878;6818953;6750864;6682397;6614606;6547836;6481935;6417581;6355208;6294775
30-34;8134662;8292656;8436024;8559102;8655506;8721648;8757209;8761261;8741379;8708998;8672472;8630132;8579691;8529636;8492259;8474016;8475221;8501254;8530339;8527750;8472728;8376209;8206534;8015554;7836195;7692298;7562495;7457948;7367599;7282839;7183027;7105766;7071153;7044471;7046705;7099349;7118636;7122075;7154825;7160535;7128176;7115614;7102753;7051834;6995993;6935527;6871248;6804590;6736770;6668550;6600995
35-39;7217581;7360304;7533612;7724944;7914003;8086921;8245277;8389416;8513782;8611601;8679124;8715968;8720848;8701247;8669057;8632896;8591073;8541313;8492081;8455572;8438085;8439927;8466470;8496006;8493933;8439591;8343905;8175308;7985451;7807181;7664189;7535215;7431349;7341643;7257512;7158362;7081715;7047557;7021303;7023870;7076626;7096104;7099748;7132620;7138481;7106437;7094056;7081379;7030761;6975247;6915100
40-44;6778692;6845790;6902814;6962420;7043480;7156924;7299989;7473560;7665266;7854763;8028138;8186940;8331214;8455331;8552992;8620632;8657882;8663516;8644914;8613835;8578785;8538059;8489410;8441231;8405668;8388994;8391500;8418532;8448480;8446908;8393336;8298619;8131367;7942935;7766032;7624247;7496313;7393283;7304357;7220983;7122693;7046803;7013207;6987448;6990375;7043194;7062864;7066709;7099631;7105657;7073965
45-49;6223923;6337962;6440833;6533234;6616280;6691951;6760080;6818469;6879600;6961901;7076085;7219386;7392473;7583125;7771526;7944063;8102291;8246251;8370379;8468309;8536458;8574475;8581121;8563724;8533946;8500200;8460770;8413422;8366506;8332082;8316353;8319588;8347101;8377429;8376405;8323746;8230289;8064839;7878391;7703408;7563258;7436796;7334913;7247051;7164700;7067565;6992692;6959806;6934682;6938034;6990866
50-54;5376771;5534017;5689298;5839169;5978738;6105077;6219391;6322798;6416015;6500061;6576796;6646021;6705438;6767236;6849760;6963705;7106337;7278291;7467575;7654669;7826144;7983521;8126854;8250652;8348545;8416994;8455692;8463413;8447385;8419115;8386869;8348985;8303205;8257827;8224756;8210111;8214142;8242078;8272708;8272262;8220740;8128940;7965977;7782295;7609981;7472079;7347622;7247303;7160879;7079920;6984373
55-59;4432743;4590633;4749890;4909737;5069150;5227119;5383125;5537330;5686330;5825240;5951176;6065299;6168619;6261809;6346002;6423020;6492695;6552788;6615246;6697988;6811458;6952954;7123064;7310048;7494871;7664408;7820119;7962106;8084941;8182318;8250753;8289954;8298764;8284278;8257737;8227267;8191196;8147302;8103751;8072269;8058871;8063723;8091991;8122772;8122927;8072809;7983158;7823559;7643653;7474984;7340157
60-64;3514780;3660366;3805267;3950635;4098973;4251517;4406707;4563335;4720676;4877607;5033165;5186796;5338620;5485311;5622167;5746464;5859310;5961715;6054307;6138173;6215013;6284717;6345103;6407794;6490177;6602344;6741631;6908565;7091767;7272814;7439034;7591869;7731387;7852281;7948365;8016235;8055661;8065487;8052664;8028119;7999680;7965774;7924151;7882847;7853280;7841324;7847086;7875513;7906215;7906918;7858543
65-69;2651990;2756408;2879605;3016173;3157397;3298030;3438872;3579276;3720291;3864254;4012244;4162815;4314753;4467342;4619567;4770537;4919734;5067255;5209895;5343114;5464296;5574519;5674802;5765692;5848178;5923895;5992761;6052710;6114911;6195985;6305561;6440967;6602686;6779782;6954755;7115536;7263504;7398788;7516234;7609815;7676222;7715300;7726054;7715112;7692923;7666987;7635743;7597019;7558569;7531415;7521177
70-74;2102224;2156789;2204652;2253926;2316429;2398670;2498217;2614903;2743842;2877091;3009885;3142991;3275848;3409374;3545763;3685934;3828611;3972652;4117387;4261854;4405172;4546874;4687048;4822679;4949468;5064985;5170268;5266293;5353559;5432924;5505888;5572460;5630751;5691223;5769421;5874274;6003151;6156325;6323635;6488820;6640747;6780731;6908947;7020499;7109604;7173107;7210968;7222358;7213525;7194194;7171363
75-79;1492784;1544677;1606315;1672386;1735303;1791602;1843027;1889061;1936628;1995878;2072284;2163783;2270175;2387224;2508065;2628645;2749655;2870706;2992562;3117106;3245094;3375377;3506991;3639270;3771408;3902531;4032250;4160652;4284966;4401296;4507406;4604325;4693006;4773850;4847542;4915432;4977539;5032292;5089135;5162077;5259045;5377458;5517370;5669626;5819805;5958073;6085643;6202786;6304934;6386709;6445168
80-84;1011816;1034783;1057594;1083186;1114797;1153777;1199670;1253255;1310296;1364756;1413939;1459433;1501065;1544334;1597295;1664180;1743331;1834577;1934437;2037456;2140390;2243880;2347676;2452397;2559507;2669564;2781618;2894907;3008818;3122667;3235703;3347602;3458462;3565860;3666442;3758266;3842366;3919622;3990318;4054925;4114525;4169257;4217871;4268491;4332980;4417881;4520736;4641272;4771766;4900246;5018661
85-89;515585;561054;595323;622495;645478;666361;686636;707112;729646;756364;788078;824584;866553;910910;953385;992126;1028467;1062520;1098244;1141243;1194404;1256505;1327396;1404534;1484026;1563596;1643821;1724600;1806345;1890062;1976064;2063667;2152289;2241448;2330625;2419249;2507052;2594154;2678588;2757716;2830025;2896448;2957798;3014175;3065860;3113604;3157654;3197122;3238392;3290628;3358671
90+;299377;303275;320960;346041;374235;402722;431711;461744;491843;521388;549987;578698;608342;639404;672708;708377;746862;789019;833124;877075;919928;962997;1007016;1053519;1104693;1161569;1223950;1292026;1365005;1441733;1521483;1604650;1691387;1781513;1874969;1971456;2070785;2172676;2276714;2382536;2489591;2597630;2706598;2814921;2920605;3022439;3121128;3217393;3310325;3398853;3482771
