Goiás;;;;;;;;;;;;;;;;;;;;;;;;;;;;;;;;;;;;;;;;;;;;;;;;;;;
Dados;;;;;;;;;;;;;;;;;;;;;;;;;;;;;;;;;;;;;;;;;;;;;;;;;;;
Ano;População total;Homens;Mulheres;Nascimentos;Óbitos;Taxa de Crescimento Geométrico;Taxa Bruta de Natalidade;Taxa Bruta de Mortalidade;Esperança de Vida ao Nascer;Esperança de Vida ao Nascer - Homens;Esperança de Vida ao Nascer - Mulheres;Taxa de Mortalidade Infantil;Taxa de Mortalidade Infantil - Homens;Taxa de Mortalidade Infantil - Mulheres;Taxa de Fecundidade Total;Razão de Dependência - Jovens 0 a 14 anos;Razão de Dependência - Idosos 65 ou mais anos;Razão de Dependência;Índice de Envelhecimento;;;;;;;;;;;;;;;;;;;;;;;;;;;;;;;;
2010;6111792;3036882;3074910;92427;36044;x;15.12;5.9;73.13;70.1;76.38;17.71;18.91;16.45;1.69;35.17;8.98;44.14;25.41;;;;;;;;;;;;;;;;;;;;;;;;;;;;;;;;
2011;6214241;3087239;3127002;95638;36948;1.68;15.39;5.95;73.31;70.26;76.57;17.2;18.37;15.97;1.73;34.34;9.16;43.5;26.78;;;;;;;;;;;;;;;;;;;;;;;;;;;;;;;;
2012;6316302;3137333;3178969;94827;37866;1.64;15.01;5.99;73.49;70.42;76.77;16.71;17.85;15.51;1.7;33.57;9.36;42.93;27.66;;;;;;;;;;;;;;;;;;;;;;;;;;;;;;;;
2013;6417591;3186973;3230618;97318;38815;1.6;15.16;6.05;73.66;70.58;76.95;16.24;17.35;15.07;1.74;32.85;9.58;42.43;29;;;;;;;;;;;;;;;;;;;;;;;;;;;;;;;;
2014;6520857;3237569;3283288;102095;39820;1.61;15.66;6.11;73.83;70.74;77.14;15.79;16.87;14.64;1.81;32.28;9.82;42.1;30.4;;;;;;;;;;;;;;;;;;;;;;;;;;;;;;;;
2015;6625528;3288834;3336694;103506;40835;1.61;15.62;6.16;74;70.9;77.33;15.35;16.41;14.23;1.82;31.86;10.08;41.94;31.7;;;;;;;;;;;;;;;;;;;;;;;;;;;;;;;;
2016;6726130;3337975;3388155;97279;41786;1.52;14.46;6.21;74.17;71.06;77.51;14.93;15.97;13.83;1.71;31.54;10.36;41.9;32.88;;;;;;;;;;;;;;;;;;;;;;;;;;;;;;;;
2017;6824504;3385940;3438564;102373;42799;1.46;15;6.27;74.34;71.21;77.68;14.52;15.54;13.45;1.79;31.21;10.67;41.88;34.09;;;;;;;;;;;;;;;;;;;;;;;;;;;;;;;;
2018;6923655;3434271;3489384;102288;43885;1.45;14.77;6.34;74.5;71.36;77.86;14.14;15.13;13.09;1.79;30.96;10.99;41.95;35.32;;;;;;;;;;;;;;;;;;;;;;;;;;;;;;;;
2019;7020904;3481598;3539306;102081;44952;1.4;14.54;6.4;74.67;71.51;78.03;13.76;14.74;12.74;1.78;30.76;11.34;42.1;37.04;;;;;;;;;;;;;;;;;;;;;;;;;;;;;;;;
2020;7116143;3527872;3588271;101776;46036;1.36;14.3;6.47;74.83;71.66;78.2;13.41;14.36;12.4;1.77;30.59;11.7;42.29;38.14;;;;;;;;;;;;;;;;;;;;;;;;;;;;;;;;
2021;7209247;3573033;3636214;101345;47129;1.31;14.06;6.54;74.99;71.81;78.37;13.07;14;12.08;1.77;30.44;12.09;42.53;39.72;;;;;;;;;;;;;;;;;;;;;;;;;;;;;;;;
2022;7300083;3617015;3683068;100833;48272;1.26;13.81;6.61;75.14;71.96;78.53;12.74;13.66;11.77;1.76;30.35;12.5;42.85;41.51;;;;;;;;;;;;;;;;;;;;;;;;;;;;;;;;
2023;7388558;3659775;3728783;100297;49443;1.21;13.57;6.69;75.3;72.1;78.7;12.42;13.33;11.47;1.76;30.24;12.93;43.18;42.65;;;;;;;;;;;;;;;;;;;;;;;;;;;;;;;;
2024;7474621;3701294;3773327;99725;50632;1.16;13.34;6.77;75.45;72.25;78.85;12.13;13.01;11.19;1.75;30.13;13.39;43.52;44.29;;;;;;;;;;;;;;;;;;;;;;;;;;;;;;;;
2025;7558218;3741545;3816673;99133;51854;1.12;13.12;6.86;75.6;72.39;79.01;11.84;12.71;10.92;1.75;30.01;13.86;43.87;45.93;;;;;;;;;;;;;;;;;;;;;;;;;;;;;;;;
2026;7639325;3780517;3858808;98594;53123;1.07;12.91;6.95;75.74;72.53;79.16;11.57;12.42;10.66;1.74;29.81;14.34;44.16;48.31;;;;;;;;;;;;;;;;;;;;;;;;;;;;;;;;
2027;7717928;3818207;3899721;98034;54405;1.03;12.7;7.05;75.89;72.67;79.32;11.3;12.15;10.41;1.74;29.6;14.85;44.45;50.24;;;;;;;;;;;;;;;;;;;;;;;;;;;;;;;;
2028;7793996;3854604;3939392;97483;55723;0.99;12.51;7.15;76.04;72.8;79.46;11.05;11.88;10.17;1.73;29.38;15.37;44.75;52.22;;;;;;;;;;;;;;;;;;;;;;;;;;;;;;;;
2029;7867535;3889712;3977823;97014;57086;0.94;12.33;7.26;76.17;72.94;79.61;10.81;11.63;9.95;1.72;29.09;15.9;44.98;54.73;;;;;;;;;;;;;;;;;;;;;;;;;;;;;;;;
2030;7938596;3923556;4015040;96615;58453;0.9;12.17;7.36;76.32;73.07;79.75;10.58;11.39;9.73;1.72;28.73;16.43;45.16;57.07;;;;;;;;;;;;;;;;;;;;;;;;;;;;;;;;
2031;8007509;3956313;4051196;96171;59861;0.87;12.01;7.48;76.45;73.2;79.89;10.36;11.16;9.52;1.71;28.44;16.99;45.43;59.69;;;;;;;;;;;;;;;;;;;;;;;;;;;;;;;;
2032;8074550;3988133;4086417;95720;61301;0.84;11.85;7.59;76.59;73.33;80.03;10.15;10.94;9.32;1.71;28.18;17.56;45.74;62.69;;;;;;;;;;;;;;;;;;;;;;;;;;;;;;;;
2033;8139722;4019021;4120701;95350;62778;0.81;11.71;7.71;76.72;73.46;80.17;9.95;10.73;9.13;1.7;27.87;18.14;46.01;64.92;;;;;;;;;;;;;;;;;;;;;;;;;;;;;;;;
2034;8203076;4049002;4154074;95052;64269;0.78;11.59;7.83;76.86;73.59;80.3;9.76;10.53;8.95;1.7;27.57;18.72;46.29;68.09;;;;;;;;;;;;;;;;;;;;;;;;;;;;;;;;
2035;8264652;4078102;4186550;94818;65803;0.75;11.47;7.96;76.99;73.72;80.43;9.57;10.33;8.78;1.69;27.29;19.29;46.58;70.97;;;;;;;;;;;;;;;;;;;;;;;;;;;;;;;;
2036;8324460;4106331;4218129;94606;67359;0.72;11.36;8.09;77.11;73.84;80.56;9.41;10.15;8.62;1.68;27.02;19.87;46.89;73.37;;;;;;;;;;;;;;;;;;;;;;;;;;;;;;;;
2037;8382474;4133679;4248795;94376;68947;0.7;11.26;8.23;77.24;73.96;80.68;9.24;9.98;8.46;1.68;26.77;20.44;47.21;76.37;;;;;;;;;;;;;;;;;;;;;;;;;;;;;;;;
2038;8438672;4160139;4278533;94173;70558;0.67;11.16;8.36;77.36;74.09;80.8;9.08;9.81;8.31;1.67;26.54;21.01;47.56;78.89;;;;;;;;;;;;;;;;;;;;;;;;;;;;;;;;
2039;8493054;4185712;4307342;93990;72196;0.64;11.07;8.5;77.48;74.21;80.93;8.93;9.65;8.17;1.67;26.34;21.61;47.95;82.02;;;;;;;;;;;;;;;;;;;;;;;;;;;;;;;;
2040;8545629;4210407;4335222;93820;73817;0.62;10.98;8.64;77.61;74.32;81.04;8.79;9.5;8.03;1.66;26.16;22.24;48.4;85.23;;;;;;;;;;;;;;;;;;;;;;;;;;;;;;;;
2041;8596405;4234235;4362170;93668;75473;0.59;10.9;8.78;77.72;74.44;81.16;8.65;9.36;7.9;1.66;26.01;22.89;48.9;88;;;;;;;;;;;;;;;;;;;;;;;;;;;;;;;;
2042;8645354;4257183;4388171;93505;77156;0.57;10.82;8.92;77.83;74.56;81.27;8.52;9.22;7.78;1.65;25.88;23.57;49.45;91.33;;;;;;;;;;;;;;;;;;;;;;;;;;;;;;;;
2043;8692452;4279242;4413210;93317;78823;0.54;10.74;9.07;77.95;74.67;81.38;8.4;9.09;7.66;1.65;25.78;24.27;50.05;94.19;;;;;;;;;;;;;;;;;;;;;;;;;;;;;;;;
2044;8737674;4300403;4437271;93094;80499;0.52;10.65;9.21;78.06;74.78;81.49;8.27;8.97;7.55;1.64;25.68;24.98;50.67;97.65;;;;;;;;;;;;;;;;;;;;;;;;;;;;;;;;
2045;8780975;4320643;4460332;92835;82181;0.5;10.57;9.36;78.17;74.89;81.6;8.16;8.85;7.44;1.63;25.6;25.69;51.29;100.59;;;;;;;;;;;;;;;;;;;;;;;;;;;;;;;;
2046;8822329;4339952;4482377;92555;83856;0.47;10.49;9.5;78.27;75;81.71;8.06;8.74;7.34;1.63;25.53;26.4;51.93;103.57;;;;;;;;;;;;;;;;;;;;;;;;;;;;;;;;
2047;8861729;4358332;4503397;92270;85523;0.45;10.41;9.65;78.38;75.11;81.81;7.95;8.63;7.24;1.62;25.47;27.11;52.58;106.59;;;;;;;;;;;;;;;;;;;;;;;;;;;;;;;;
2048;8899155;4375775;4523380;91935;87184;0.42;10.33;9.8;78.49;75.21;81.91;7.85;8.53;7.15;1.62;25.42;27.82;53.24;109.64;;;;;;;;;;;;;;;;;;;;;;;;;;;;;;;;
2049;8934557;4392254;4542303;91536;88837;0.4;10.25;9.94;78.59;75.32;82.01;7.77;8.43;7.06;1.61;25.37;28.53;53.9;112.12;;;;;;;;;;;;;;;;;;;;;;;;;;;;;;;;
2050;8967883;4407744;4560139;91080;90479;0.37;10.16;10.09;78.69;75.42;82.1;7.67;8.34;6.98;1.61;25.33;29.22;54.55;115.24;;;;;;;;;;;;;;;;;;;;;;;;;;;;;;;;
2051;8999139;4422252;4576887;90657;92100;0.35;10.07;10.23;78.78;75.52;82.2;7.59;8.25;6.9;1.6;25.28;29.91;55.19;118.4;;;;;;;;;;;;;;;;;;;;;;;;;;;;;;;;
2052;9028359;4435797;4592562;90236;93708;0.32;9.99;10.38;78.88;75.62;82.29;7.51;8.16;6.82;1.59;25.24;30.59;55.82;120.99;;;;;;;;;;;;;;;;;;;;;;;;;;;;;;;;
2053;9055541;4448378;4607163;89768;95285;0.3;9.91;10.52;78.97;75.72;82.38;7.43;8.08;6.75;1.59;25.19;31.25;56.44;124.22;;;;;;;;;;;;;;;;;;;;;;;;;;;;;;;;
2054;9080667;4459983;4620684;89258;96842;0.28;9.83;10.66;79.07;75.82;82.47;7.37;8.01;6.68;1.58;25.14;31.89;57.04;126.88;;;;;;;;;;;;;;;;;;;;;;;;;;;;;;;;
2055;9103727;4470612;4633115;88713;98364;0.25;9.74;10.8;79.16;75.92;82.56;7.3;7.94;6.62;1.58;25.09;32.51;57.6;129.56;;;;;;;;;;;;;;;;;;;;;;;;;;;;;;;;
2056;9124748;4480280;4644468;88199;99860;0.23;9.67;10.94;79.24;76.01;82.64;7.23;7.87;6.56;1.57;25.03;33.1;58.13;132.28;;;;;;;;;;;;;;;;;;;;;;;;;;;;;;;;
2057;9143789;4489013;4654776;87700;101309;0.21;9.59;11.08;79.34;76.11;82.73;7.17;7.8;6.5;1.57;24.95;33.65;58.6;135.03;;;;;;;;;;;;;;;;;;;;;;;;;;;;;;;;
2058;9160881;4496829;4664052;87172;102732;0.19;9.52;11.21;79.42;76.2;82.81;7.11;7.74;6.44;1.56;24.88;34.17;59.04;137.82;;;;;;;;;;;;;;;;;;;;;;;;;;;;;;;;
2059;9176042;4503740;4672302;86643;104118;0.17;9.44;11.35;79.51;76.29;82.89;7.05;7.68;6.39;1.56;24.8;34.67;59.46;140;;;;;;;;;;;;;;;;;;;;;;;;;;;;;;;;
2060;9189311;4509763;4679548;86114;105455;0.14;9.37;11.48;79.59;76.38;82.97;6.99;7.62;6.34;1.55;24.71;35.17;59.88;141.94;;;;;;;;;;;;;;;;;;;;;;;;;;;;;;;;
Faixas etárias;;;;;;;;;;;;;;;;;;;;;;;;;;;;;;;;;;;;;;;;;;;;;;;;;;;
Total;;;;;;;;;;;;;;;;;;;;;;;;;;;;;;;;;;;;;;;;;;;;;;;;;;;
Faixa/Ano;2010;2011;2012;2013;2014;2015;2016;2017;2018;2019;2020;2021;2022;2023;2024;2025;2026;2027;2028;2029;2030;2031;2032;2033;2034;2035;2036;2037;2038;2039;2040;2041;2042;2043;2044;2045;2046;2047;2048;2049;2050;2051;2052;2053;2054;2055;2056;2057;2058;2059;2060
Total;6111792;6214241;6316302;6417591;6520857;6625528;6726130;6824504;6923655;7020904;7116143;7209247;7300083;7388558;7474621;7558218;7639325;7717928;7793996;7867535;7938596;8007509;8074550;8139722;8203076;8264652;8324460;8382474;8438672;8493054;8545629;8596405;8645354;8692452;8737674;8780975;8822329;8861729;8899155;8934557;8967883;8999139;9028359;9055541;9080667;9103727;9124748;9143789;9160881;9176042;9189311
0-4;459299;462936;469383;476061;485557;497247;503397;507834;513932;516278;515325;516405;517554;515698;513447;510867;508081;505207;502300;499431;496699;494160;491804;489652;487717;485963;484397;483051;481898;480874;479935;479055;478238;477452;476652;475783;474804;473699;472459;471053;469461;467695;465788;463750;461588;459324;456966;454524;452009;449457;446899
05/set;494062;492463;488411;484968;483543;483449;486702;492760;499051;508150;519442;525211;529274;534988;536957;535630;536343;537119;534890;532265;529317;526181;523017;519893;516884;514115;511597;509260;507124;505207;503467;501918;500580;499445;498433;497507;496640;495834;495056;494272;493410;492444;491354;490124;488728;487148;485395;483497;481474;479322;477068
out/14;537757;531859;525683;519169;512297;506602;504807;500564;496931;495311;495022;498075;503927;510012;518901;529980;535537;539398;544909;546677;545154;545689;546329;544003;541328;538370;535252;532101;528991;525996;523239;520735;518409;516279;514374;512645;511106;509776;508653;507647;506734;505874;505074;504305;503528;502673;501715;500635;499411;498023;496448
15-19;540424;542819;546749;550913;553213;552377;546259;539872;533150;526074;520169;518145;513680;509827;507977;507456;510266;515859;521683;530306;541107;546438;550134;555533;557257;555749;556303;556965;554665;552017;549092;546003;542882;539803;536838;534111;531631;529333;527226;525345;523637;522123;520817;519711;518725;517829;516986;516203;515455;514692;513857
20-24;561237;564076;564974;564782;564787;565721;567692;571188;574910;576775;575533;569037;562288;555204;547773;541500;539077;534224;529986;527736;526801;529237;534546;540182;548687;559433;564778;568490;573900;575662;574206;574797;575496;573250;570661;567790;564756;561691;558667;555756;553081;550645;548394;546335;544493;542827;541352;540082;539010;538061;537198
25-29;563729;570688;576940;582427;587010;590675;593022;593442;592792;592333;592785;594271;597255;600468;601836;600127;593203;586031;578527;570672;563967;561129;555978;551540;549187;548257;550725;556051;561704;570197;580924;586284;590025;595449;597251;595856;596493;597238;595052;592523;589715;586748;583747;580777;577926;575309;572927;570729;568717;566924;565304
30-34;539091;550401;560159;568614;576277;583491;590055;595923;601032;605247;608557;610561;610666;609705;608935;609066;610216;612850;615703;616733;614706;607539;600189;592591;584719;578078;575321;570268;565918;563643;562773;565284;570626;576296;584784;595490;600865;604631;610072;611911;610577;611259;612042;609922;607454;604706;601797;598855;595949;593157;590596
35-39;479700;492319;506661;521760;536076;548627;559641;569119;577318;584735;591703;598031;603664;608556;612560;615669;617496;617436;616326;615402;615370;616361;618865;621624;622628;620659;613622;606402;598938;591194;584677;582002;577052;572795;570595;569796;572349;577706;583391;591875;602555;607941;611729;617178;619057;617787;618516;619342;617285;614879;612195
40-44;436520;446259;454854;463110;472301;483141;495515;509590;524410;538463;550774;561566;570850;578867;586121;592930;599106;604600;609355;613238;616239;617986;617898;616802;615924;615962;617026;619587;622392;623459;621579;614684;607607;600293;592700;586312;583726;578888;574739;572625;571899;574494;579860;585553;594014;604655;610049;613860;619316;621233;620031
45-49;376485;389147;401712;413908;425337;435808;445341;453760;461847;470858;481491;493635;507454;522004;535794;547881;558470;567583;575453;582571;589252;595319;600738;605450;609334;612368;614184;614192;613210;612449;612590;613732;616347;619199;620328;618549;611814;604913;597778;590365;584142;581661;576955;572929;570913;570265;572905;578273;583958;592389;602966
50-54;309277;321765;334419;347148;359810;372303;384641;396889;408783;419935;430156;439469;447699;455616;464446;474856;486745;500265;514505;527996;539823;550199;559157;566922;573970;580613;586664;592081;596812;600728;603815;605711;605837;604996;604377;604641;605882;608555;611452;612656;610999;604477;597802;590902;583726;577721;575370;570833;566971;565080;564534
55-59;245392;255971;266833;277988;289471;301277;313327;325543;337845;350082;362168;374109;385975;397502;408319;418244;427302;435324;443054;451670;461818;473410;486583;500461;513630;525208;535390;544211;551886;558867;565448;571461;576862;581596;585542;588684;590672;590948;590290;589848;590270;591631;594373;597316;598606;597105;590861;584494;577920;571068;565355
60-64;188218;196906;205875;215119;224642;234432;244501;254852;265481;276430;287692;299201;310871;322634;334344;345919;357361;368740;379805;390205;399759;408499;416276;423796;432174;442032;453276;466024;479439;492178;503397;513289;521885;529393;536241;542708;548629;553961;558662;562606;565782;567854;568294;567844;567607;568199;569687;572478;575446;576818;575501
65-69;140202;145861;152258;159281;166738;174519;182610;190973;199599;208494;217638;227049;236732;246678;256931;267486;278278;289235;300283;311295;322187;332971;343714;354175;364036;373117;381453;388909;396138;404181;413618;424353;436485;449229;461339;472024;481466;489715;496952;503576;509836;515590;520786;525395;529296;532473;534621;535237;535028;535024;535809
70-74;105181;108827;112111;115371;119089;123533;128634;134385;140701;147405;154407;161693;169237;177029;185069;193336;201850;210618;219636;228939;238524;248332;258307;268384;278438;288404;298284;308142;317760;326844;335230;342959;349921;356698;364228;373020;382993;394213;405975;417154;427039;435807;443518;450327;456580;462501;467956;472914;477338;481123;484251
75-79;67435;70962;74872;78893;82666;86039;89118;91938;94759;97971;101787;106147;111057;116440;122156;128134;134361;140822;147507;154407;161506;168827;176380;184159;192197;200485;208982;217635;226385;235132;243815;252438;261061;269492;277472;284868;291715;297934;304018;310772;318621;327481;337399;347761;357610;366339;374120;381021;387160;392825;398197
80-84;39224;40902;42657;44573;46743;49189;51889;54881;57960;60858;63458;65857;68096;70365;72940;75973;79420;83296;87534;92036;96753;101672;106789;112098;117585;123238;129072;135102;141325;147758;154403;161225;168184;175234;182295;189318;196307;203318;210190;216714;222783;228438;233624;238734;244400;250952;258303;266477;274982;283063;290245
85-89;18460;19791;21014;22168;23283;24378;25511;26710;28022;29501;31158;32988;35012;37098;39070;40848;42513;44095;45724;47567;49716;52146;54876;57851;61018;64337;67810;71433;75200;79099;83122;87278;91583;96037;100649;105418;110323;115338;120433;125546;130642;135729;140848;145882;150679;155159;159365;163263;167139;171433;176366
90+;10099;10289;10737;11338;12017;12720;13468;14281;15132;16004;16878;17797;18792;19867;21045;22316;23700;25226;26816;28389;29898;31414;32970;34606;36363;38264;40324;42570;44987;47569;50299;53197;56274;59516;62915;66455;70158;74038;78090;82313;86700;91248;95955;100796;105737;110755;115857;121072;126313;131471;136491
Homens;;;;;;;;;;;;;;;;;;;;;;;;;;;;;;;;;;;;;;;;;;;;;;;;;;;
Faixa/Ano;2010;2011;2012;2013;2014;2015;2016;2017;2018;2019;2020;2021;2022;2023;2024;2025;2026;2027;2028;2029;2030;2031;2032;2033;2034;2035;2036;2037;2038;2039;2040;2041;2042;2043;2044;2045;2046;2047;2048;2049;2050;2051;2052;2053;2054;2055;2056;2057;2058;2059;2060
Total;3036882;3087239;3137333;3186973;3237569;3288834;3337975;3385940;3434271;3481598;3527872;3573033;3617015;3659775;3701294;3741545;3780517;3818207;3854604;3889712;3923556;3956313;3988133;4019021;4049002;4078102;4106331;4133679;4160139;4185712;4210407;4234235;4257183;4279242;4300403;4320643;4339952;4358332;4375775;4392254;4407744;4422252;4435797;4448378;4459983;4470612;4480280;4489013;4496829;4503740;4509763
0-4;234909;236648;239853;243206;248032;254011;257166;259447;262578;263789;263313;263875;264474;263535;262392;261082;259667;258206;256729;255269;253881;252590;251390;250293;249306;248412;247613;246928;246339;245818;245338;244890;244474;244075;243668;243224;242724;242160;241528;240811;239996;239094;238119;237077;235971;234815;233609;232360;231073;229768;228460
05/set;252512;251713;249626;247818;247006;246842;248389;251398;254558;259184;264962;267928;270022;272960;273985;273323;273702;274115;272991;271662;270171;268583;266980;265397;263869;262465;261185;259995;258909;257931;257046;256256;255576;254997;254482;254010;253570;253162;252768;252367;251930;251437;250882;250256;249545;248736;247843;246872;245841;244740;243591
out/14;273408;270822;267966;264838;261474;258690;257795;255615;253711;252803;252541;253989;256894;259949;264469;270137;272997;274989;277826;278753;277992;278282;278626;277454;276100;274604;273029;271432;269858;268340;266945;265673;264489;263406;262436;261558;260774;260099;259527;259019;258555;258118;257714;257326;256930;256496;256007;255462;254839;254135;253328
15-19;271901;273118;275415;278026;279721;279742;277058;274113;270903;267457;264587;263590;261312;259316;258306;257944;259282;262065;264994;269384;274916;277667;279580;282361;283271;282526;282830;283192;282039;280705;279234;277682;276110;274559;273063;271689;270438;269274;268210;267259;266398;265636;264977;264419;263926;263475;263053;262661;262288;261905;261487
20-24;282815;284353;284561;284022;283622;283881;284887;286958;289337;290807;290627;287767;284659;281285;277681;274642;273450;270991;268814;267613;267049;268201;270843;273680;278006;283503;286263;288187;290976;291915;291212;291547;291935;290826;289539;288114;286605;285080;283574;282120;280788;279574;278450;277423;276506;275680;274948;274319;273789;273328;272904
25-29;280820;285033;288975;292516;295441;297653;298924;298883;298110;297471;297480;298227;300019;302119;303323;302900;299829;296514;292935;289125;285873;284471;281869;279604;278367;277820;278997;281651;284497;288814;294291;297063;299011;301809;302780;302124;302494;302918;301858;300621;299247;297792;296318;294857;293451;292167;290999;289916;288928;288048;287261
30-34;265934;272037;277419;282203;286639;290892;294871;298585;301904;304619;306630;307712;307505;306572;305772;305610;306178;307775;309675;310692;310099;306910;303518;299907;296111;292917;291575;289046;286850;285670;285170;286374;289038;291896;296206;301666;304449;306416;309225;310225;309615;310019;310474;309464;308274;306946;305536;304109;302697;301335;300093
35-39;235624;241878;249053;256686;264033;270622;276534;281739;286359;290641;294739;298572;302140;305325;307911;309806;310787;310497;309491;308616;308370;308854;310376;312223;313227;312676;309579;306281;302766;299063;295955;294674;292221;290093;288969;288519;289752;292425;295293;299599;305039;307831;309816;312633;313663;313101;313539;314023;313059;311918;310638
40-44;214207;218919;223025;226950;231363;236646;242747;249752;257209;264385;270821;276592;281675;286180;290360;294358;298098;301578;304682;307197;309033;309974;309683;308702;307867;307672;308206;309763;311637;312679;312186;309187;305986;302572;298973;295955;294736;292362;290310;289246;288848;290109;292790;295664;299954;305368;308168;310172;312994;314049;313535
45-49;183672;189897;196112;202153;207782;212875;217461;221462;225285;229592;234750;240707;247550;254836;261846;268139;273780;278753;283162;287257;291171;294842;298267;301337;303847;305700;306684;306457;305555;304801;304676;305260;306849;308748;309826;309394;306497;303409;300112;296630;293719;292572;290285;288316;287318;286974;288266;290949;293821;298092;303465
50-54;150157;156148;162210;168312;174410;180468;186485;192497;198346;203798;208733;213183;217068;220788;224981;230001;235797;242449;249538;256354;262478;267975;272842;277173;281209;285083;288725;292131;295195;297711;299589;300620;300473;299669;299012;298973;299622;301245;303165;304282;303923;301157;298211;295064;291734;288963;287903;285727;283866;282952;282676
55-59;118543;123426;128518;133806;139264;144871;150590;156379;162213;168046;173846;179613;185380;190993;196233;200979;205268;209023;212627;216684;221539;227144;233571;240422;247022;252970;258325;263082;267330;271300;275111;278703;282070;285111;287624;289518;290602;290550;289870;289335;289399;290122;291781;293715;294873;294601;292000;289243;286298;283169;280581
60-64;91391;95107;98938;102909;107073;111447;116028;120813;125781;130911;136188;141572;147026;152530;158037;163519;168973;174434;179751;184727;189238;193328;196927;200396;204298;208962;214337;220484;227030;233339;239036;244178;248764;252875;256728;260434;263929;267215;270196;272676;274568;275692;275743;275203;274804;274977;275775;277449;279376;280564;280388
65-69;68136;70658;73476;76532;79729;83015;86409;89915;93550;97367;101375;105577;109970;114532;119246;124102;129056;134082;139159;144245;149312;154361;159426;164366;169003;173216;177051;180447;183732;187421;191815;196866;202621;208739;214639;219981;224812;229145;233047;236714;240247;243590;246739;249610;252016;253876;255025;255183;254798;254550;254841
70-74;50529;52179;53650;55098;56737;58687;60903;63372;66053;68855;71738;74718;77802;81004;84370;87903;91610;95490;99522;103691;107989;112379;116840;121356;125884;130407;134919;139452;143883;148050;151847;155314;158410;161420;164798;168800;173389;178590;184109;189433;194262;198647;202606;206192;209572;212834;215928;218856;221537;223804;225581
75-79;31731;33283;35028;36828;38505;39982;41320;42532;43739;45102;46715;48539;50570;52771;55071;57439;59891;62434;65083;67864;70787;73854;77075;80423;83889;87464;91122;94850;98624;102416;106208;110002;113822;117561;121085;124307;127264;129931;132540;135466;138919;142859;147298;151992;156520;160637;164394;167812;170932;173885;176741
80-84;18133;18837;19555;20333;21223;22238;23364;24633;25939;27159;28233;29217;30125;31042;32075;33288;34651;36169;37806;39522;41288;43121;45026;47016;49112;51314;53627;56059;58590;61213;63923;66698;69533;72408;75304;78205;81113;84052;86933;89658;92155;94464;96569;98645;100975;103709;106809;110281;113936;117462;120676
85-89;8234;8864;9414;9910;10372;10810;11255;11713;12211;12779;13423;14137;14941;15766;16540;17220;17853;18447;19057;19742;20540;21431;22424;23491;24612;25763;26963;28214;29525;30906;32359;33887;35492;37169;38908;40706;42550;44440;46361;48300;50245;52199;54183;56133;57981;59678;61259;62718;64172;65805;67708
90+;4226;4319;4539;4827;5143;5462;5789;6134;6485;6833;7171;7518;7883;8272;8696;9153;9648;10196;10762;11315;11830;12346;12870;13420;14002;14628;15301;16028;16804;17620;18466;19361;20309;21309;22363;23466;24632;25859;27149;28493;29891;31340;32842;34389;35970;37579;39219;40901;42585;44231;45809
Mulheres;;;;;;;;;;;;;;;;;;;;;;;;;;;;;;;;;;;;;;;;;;;;;;;;;;;
Faixa/Ano;2010;2011;2012;2013;2014;2015;2016;2017;2018;2019;2020;2021;2022;2023;2024;2025;2026;2027;2028;2029;2030;2031;2032;2033;2034;2035;2036;2037;2038;2039;2040;2041;2042;2043;2044;2045;2046;2047;2048;2049;2050;2051;2052;2053;2054;2055;2056;2057;2058;2059;2060
Total;3074910;3127002;3178969;3230618;3283288;3336694;3388155;3438564;3489384;3539306;3588271;3636214;3683068;3728783;3773327;3816673;3858808;3899721;3939392;3977823;4015040;4051196;4086417;4120701;4154074;4186550;4218129;4248795;4278533;4307342;4335222;4362170;4388171;4413210;4437271;4460332;4482377;4503397;4523380;4542303;4560139;4576887;4592562;4607163;4620684;4633115;4644468;4654776;4664052;4672302;4679548
0-4;224390;226288;229530;232855;237525;243236;246231;248387;251354;252489;252012;252530;253080;252163;251055;249785;248414;247001;245571;244162;242818;241570;240414;239359;238411;237551;236784;236123;235559;235056;234597;234165;233764;233377;232984;232559;232080;231539;230931;230242;229465;228601;227669;226673;225617;224509;223357;222164;220936;219689;218439
05/set;241550;240750;238785;237150;236537;236607;238313;241362;244493;248966;254480;257283;259252;262028;262972;262307;262641;263004;261899;260603;259146;257598;256037;254496;253015;251650;250412;249265;248215;247276;246421;245662;245004;244448;243951;243497;243070;242672;242288;241905;241480;241007;240472;239868;239183;238412;237552;236625;235633;234582;233477
out/14;264349;261037;257717;254331;250823;247912;247012;244949;243220;242508;242481;244086;247033;250063;254432;259843;262540;264409;267083;267924;267162;267407;267703;266549;265228;263766;262223;260669;259133;257656;256294;255062;253920;252873;251938;251087;250332;249677;249126;248628;248179;247756;247360;246979;246598;246177;245708;245173;244572;243888;243120
15-19;268523;269701;271334;272887;273492;272635;269201;265759;262247;258617;255582;254555;252368;250511;249671;249512;250984;253794;256689;260922;266191;268771;270554;273172;273986;273223;273473;273773;272626;271312;269858;268321;266772;265244;263775;262422;261193;260059;259016;258086;257239;256487;255840;255292;254799;254354;253933;253542;253167;252787;252370
20-24;278422;279723;280413;280760;281165;281840;282805;284230;285573;285968;284906;281270;277629;273919;270092;266858;265627;263233;261172;260123;259752;261036;263703;266502;270681;275930;278515;280303;282924;283747;282994;283250;283561;282424;281122;279676;278151;276611;275093;273636;272293;271071;269944;268912;267987;267147;266404;265763;265221;264733;264294
25-29;282909;285655;287965;289911;291569;293022;294098;294559;294682;294862;295305;296044;297236;298349;298513;297227;293374;289517;285592;281547;278094;276658;274109;271936;270820;270437;271728;274400;277207;281383;286633;289221;291014;293640;294471;293732;293999;294320;293194;291902;290468;288956;287429;285920;284475;283142;281928;280813;279789;278876;278043
30-34;273157;278364;282740;286411;289638;292599;295184;297338;299128;300628;301927;302849;303161;303133;303163;303456;304038;305075;306028;306041;304607;300629;296671;292684;288608;285161;283746;281222;279068;277973;277603;278910;281588;284400;288578;293824;296416;298215;300847;301686;300962;301240;301568;300458;299180;297760;296261;294746;293252;291822;290503
35-39;244076;250441;257608;265074;272043;278005;283107;287380;290959;294094;296964;299459;301524;303231;304649;305863;306709;306939;306835;306786;307000;307507;308489;309401;309401;307983;304043;300121;296172;292131;288722;287328;284831;282702;281626;281277;282597;285281;288098;292276;297516;300110;301913;304545;305394;304686;304977;305319;304226;302961;301557
40-44;222313;227340;231829;236160;240938;246495;252768;259838;267201;274078;279953;284974;289175;292687;295761;298572;301008;303022;304673;306041;307206;308012;308215;308100;308057;308290;308820;309824;310755;310780;309393;305497;301621;297721;293727;290357;288990;286526;284429;283379;283051;284385;287070;289889;294060;299287;301881;303688;306322;307184;306496
45-49;192813;199250;205600;211755;217555;222933;227880;232298;236562;241266;246741;252928;259904;267168;273948;279742;284690;288830;292291;295314;298081;300477;302471;304113;305487;306668;307500;307735;307655;307648;307914;308472;309498;310451;310502;309155;305317;301504;297666;293735;290423;289089;286670;284613;283595;283291;284639;287324;290137;294297;299501
50-54;159120;165617;172209;178836;185400;191835;198156;204392;210437;216137;221423;226286;230631;234828;239465;244855;250948;257816;264967;271642;277345;282224;286315;289749;292761;295530;297939;299950;301617;303017;304226;305091;305364;305327;305365;305668;306260;307310;308287;308374;307076;303320;299591;295838;291992;288758;287467;285106;283105;282128;281858
55-59;126849;132545;138315;144182;150207;156406;162737;169164;175632;182036;188322;194496;200595;206509;212086;217265;222034;226301;230427;234986;240279;246266;253012;260039;266608;272238;277065;281129;284556;287567;290337;292758;294792;296485;297918;299166;300070;300398;300420;300513;300871;301509;302592;303601;303733;302504;298861;295251;291622;287899;284774
60-64;96827;101799;106937;112210;117569;122985;128473;134039;139700;145519;151504;157629;163845;170104;176307;182400;188388;194306;200054;205478;210521;215171;219349;223400;227876;233070;238939;245540;252409;258839;264361;269111;273121;276518;279513;282274;284700;286746;288466;289930;291214;292162;292551;292641;292803;293222;293912;295029;296070;296254;295113
65-69;72066;75203;78782;82749;87009;91504;96201;101058;106049;111127;116263;121472;126762;132146;137685;143384;149222;155153;161124;167050;172875;178610;184288;189809;195033;199901;204402;208462;212406;216760;221803;227487;233864;240490;246700;252043;256654;260570;263905;266862;269589;272000;274047;275785;277280;278597;279596;280054;280230;280474;280968
70-74;54652;56648;58461;60273;62352;64846;67731;71013;74648;78550;82669;86975;91435;96025;100699;105433;110240;115128;120114;125248;130535;135953;141467;147028;152554;157997;163365;168690;173877;178794;183383;187645;191511;195278;199430;204220;209604;215623;221866;227721;232777;237160;240912;244135;247008;249667;252028;254058;255801;257319;258670
75-79;35704;37679;39844;42065;44161;46057;47798;49406;51020;52869;55072;57608;60487;63669;67085;70695;74470;78388;82424;86543;90719;94973;99305;103736;108308;113021;117860;122785;127761;132716;137607;142436;147239;151931;156387;160561;164451;168003;171478;175306;179702;184622;190101;195769;201090;205702;209726;213209;216228;218940;221456
80-84;21091;22065;23102;24240;25520;26951;28525;30248;32021;33699;35225;36640;37971;39323;40865;42685;44769;47127;49728;52514;55465;58551;61763;65082;68473;71924;75445;79043;82735;86545;90480;94527;98651;102826;106991;111113;115194;119266;123257;127056;130628;133974;137055;140089;143425;147243;151494;156196;161046;165601;169569
85-89;10226;10927;11600;12258;12911;13568;14256;14997;15811;16722;17735;18851;20071;21332;22530;23628;24660;25648;26667;27825;29176;30715;32452;34360;36406;38574;40847;43219;45675;48193;50763;53391;56091;58868;61741;64712;67773;70898;74072;77246;80397;83530;86665;89749;92698;95481;98106;100545;102967;105628;108658
90+;5873;5970;6198;6511;6874;7258;7679;8147;8647;9171;9707;10279;10909;11595;12349;13163;14052;15030;16054;17074;18068;19068;20100;21186;22361;23636;25023;26542;28183;29949;31833;33836;35965;38207;40552;42989;45526;48179;50941;53820;56809;59908;63113;66407;69767;73176;76638;80171;83728;87240;90682
Brasil;;;;;;;;;;;;;;;;;;;;;;;;;;;;;;;;;;;;;;;;;;;;;;;;;;;
Dados;;;;;;;;;;;;;;;;;;;;;;;;;;;;;;;;;;;;;;;;;;;;;;;;;;;
Ano;População total;Homens;Mulheres;Nascimentos;Óbitos;Taxa de Crescimento Geométrico;Taxa Bruta de Natalidade;Taxa Bruta de Mortalidade;Esperança de Vida ao Nascer;Esperança de Vida ao Nascer - Homens;Esperança de Vida ao Nascer - Mulheres;Taxa de Mortalidade Infantil;Taxa de Mortalidade Infantil - Homens;Taxa de Mortalidade Infantil - Mulheres;Taxa de Fecundidade Total;Razão de Dependência - Jovens 0 a 14 anos;Razão de Dependência - Idosos 65 ou mais anos;Razão de Dependência;Índice de Envelhecimento;;;;;;;;;;;;;;;;;;;;;;;;;;;;;;;;
2010;194890682;95513298;99377384;2939435;1240083;x;15.08;6.36;73.86;70.21;77.6;17.22;18.76;15.59;1.75;36.32;10.77;47.09;29.55;;;;;;;;;;;;;;;;;;;;;;;;;;;;;;;;
2011;196603732;96322635;100281097;2974525;1247751;0.88;15.13;6.35;74.2;70.57;77.91;16.43;17.86;14.92;1.76;35.37;10.99;46.36;30.99;;;;;;;;;;;;;;;;;;;;;;;;;;;;;;;;
2012;198314934;97132054;101182880;2953890;1258235;0.87;14.89;6.34;74.52;70.91;78.22;15.69;17.03;14.29;1.75;34.45;11.24;45.68;32.63;;;;;;;;;;;;;;;;;;;;;;;;;;;;;;;;
2013;200004188;97931331;102072857;2953178;1270306;0.85;14.77;6.35;74.84;71.25;78.51;15.02;16.27;13.7;1.74;33.56;11.51;45.07;34.2;;;;;;;;;;;;;;;;;;;;;;;;;;;;;;;;
2014;201717541;98744098;102973443;3028202;1284346;0.86;15.01;6.37;75.14;71.57;78.78;14.4;15.58;13.16;1.78;32.78;11.81;44.59;36.12;;;;;;;;;;;;;;;;;;;;;;;;;;;;;;;;
2015;203475683;99581002;103894681;3070979;1299541;0.87;15.09;6.39;75.44;71.88;79.05;13.82;14.93;12.65;1.8;32.15;12.13;44.29;37.67;;;;;;;;;;;;;;;;;;;;;;;;;;;;;;;;
2016;205156587;100379640;104776947;2901053;1314164;0.83;14.14;6.41;75.72;72.18;79.31;13.29;14.35;12.19;1.7;31.57;12.49;44.05;39.73;;;;;;;;;;;;;;;;;;;;;;;;;;;;;;;;
2017;206804741;101163599;105641142;3020743;1330811;0.8;14.61;6.44;75.99;72.46;79.56;12.81;13.8;11.75;1.78;31.11;12.87;43.98;41.2;;;;;;;;;;;;;;;;;;;;;;;;;;;;;;;;
2018;208494900;101971173;106523727;3003585;1349693;0.82;14.41;6.47;76.25;72.74;79.8;12.35;13.31;11.35;1.77;30.75;13.28;44.03;43.19;;;;;;;;;;;;;;;;;;;;;;;;;;;;;;;;
2019;210147125;102760295;107386830;2984414;1368954;0.79;14.2;6.51;76.5;73;80.03;11.94;12.85;10.98;1.77;30.42;13.72;44.14;45.02;;;;;;;;;;;;;;;;;;;;;;;;;;;;;;;;
2020;211755692;103527689;108228003;2963516;1389144;0.77;13.99;6.56;76.74;73.26;80.25;11.56;12.43;10.64;1.76;30.11;14.18;44.29;46.89;;;;;;;;;;;;;;;;;;;;;;;;;;;;;;;;
2021;213317639;104271843;109045796;2940629;1410602;0.74;13.79;6.61;76.97;73.5;80.46;11.2;12.04;10.32;1.76;29.83;14.67;44.5;49.51;;;;;;;;;;;;;;;;;;;;;;;;;;;;;;;;
2022;214828540;104990487;109838053;2913688;1433605;0.71;13.56;6.67;77.19;73.74;80.67;10.88;11.68;10.03;1.75;29.63;15.19;44.82;51.22;;;;;;;;;;;;;;;;;;;;;;;;;;;;;;;;
2023;216284269;105681529;110602740;2885501;1458023;0.68;13.34;6.74;77.4;73.96;80.86;10.58;11.36;9.75;1.75;29.43;15.74;45.17;53.2;;;;;;;;;;;;;;;;;;;;;;;;;;;;;;;;
2024;217684462;106345043;111339419;2856690;1483777;0.65;13.12;6.82;77.6;74.17;81.05;10.3;11.05;9.5;1.74;29.26;16.31;45.56;55.72;;;;;;;;;;;;;;;;;;;;;;;;;;;;;;;;
2025;219029093;106981304;112047789;2827039;1510693;0.62;12.91;6.9;77.8;74.38;81.22;10.04;10.77;9.27;1.74;29.11;16.9;46.01;58.29;;;;;;;;;;;;;;;;;;;;;;;;;;;;;;;;
2026;220316530;107589495;112727035;2797674;1539159;0.59;12.7;6.99;77.98;74.57;81.39;9.8;10.51;9.05;1.74;28.95;17.51;46.45;60.61;;;;;;;;;;;;;;;;;;;;;;;;;;;;;;;;
2027;221545234;108168830;113376404;2768000;1569117;0.56;12.49;7.08;78.16;74.76;81.56;9.58;10.27;8.85;1.73;28.77;18.14;46.9;62.76;;;;;;;;;;;;;;;;;;;;;;;;;;;;;;;;
2028;222713669;108718587;113995082;2738355;1600375;0.53;12.3;7.19;78.32;74.94;81.71;9.37;10.05;8.66;1.73;28.59;18.78;47.37;65.46;;;;;;;;;;;;;;;;;;;;;;;;;;;;;;;;
2029;223821305;109238514;114582791;2710134;1632845;0.5;12.11;7.3;78.49;75.11;81.86;9.18;9.84;8.49;1.72;28.36;19.42;47.79;68.23;;;;;;;;;;;;;;;;;;;;;;;;;;;;;;;;
2030;224868462;109728762;115139700;2683440;1666427;0.47;11.93;7.41;78.64;75.28;82;9.01;9.65;8.33;1.72;28.08;20.06;48.14;71.05;;;;;;;;;;;;;;;;;;;;;;;;;;;;;;;;
2031;225854415;110189007;115665408;2655850;1700970;0.44;11.76;7.53;78.78;75.43;82.14;8.85;9.48;8.18;1.72;27.84;20.71;48.55;74.33;;;;;;;;;;;;;;;;;;;;;;;;;;;;;;;;
2032;226777802;110618592;116159210;2628742;1736861;0.41;11.59;7.66;78.92;75.58;82.27;8.7;9.32;8.05;1.72;27.61;21.36;48.97;77.3;;;;;;;;;;;;;;;;;;;;;;;;;;;;;;;;
2033;227638581;111017537;116621044;2603540;1773877;0.38;11.44;7.79;79.05;75.72;82.39;8.57;9.18;7.92;1.71;27.32;22.01;49.33;80.33;;;;;;;;;;;;;;;;;;;;;;;;;;;;;;;;
2034;228437122;111386062;117051060;2579544;1812136;0.35;11.29;7.93;79.18;75.86;82.51;8.44;9.04;7.81;1.71;27.04;22.65;49.69;83.43;;;;;;;;;;;;;;;;;;;;;;;;;;;;;;;;
2035;229173685;111724392;117449293;2557147;1851454;0.32;11.16;8.08;79.3;75.99;82.62;8.32;8.92;7.7;1.71;26.76;23.28;50.04;87.08;;;;;;;;;;;;;;;;;;;;;;;;;;;;;;;;
2036;229847832;112032426;117815406;2534413;1891832;0.29;11.03;8.23;79.42;76.11;82.73;8.22;8.8;7.6;1.7;26.48;23.9;50.39;90.34;;;;;;;;;;;;;;;;;;;;;;;;;;;;;;;;
2037;230459062;112309958;118149104;2513030;1933167;0.27;10.9;8.39;79.53;76.23;82.83;8.12;8.69;7.51;1.7;26.22;24.52;50.74;93.68;;;;;;;;;;;;;;;;;;;;;;;;;;;;;;;;
2038;231007871;112557327;118450544;2493021;1975283;0.24;10.79;8.55;79.63;76.34;82.93;8.02;8.59;7.42;1.7;25.97;25.13;51.1;96.51;;;;;;;;;;;;;;;;;;;;;;;;;;;;;;;;
2039;231494650;112774820;118719830;2473758;2017958;0.21;10.69;8.72;79.73;76.45;83.02;7.93;8.49;7.34;1.7;25.74;25.77;51.52;100;;;;;;;;;;;;;;;;;;;;;;;;;;;;;;;;
2040;231919922;112962751;118957171;2455519;2060782;0.18;10.59;8.89;79.83;76.55;83.11;7.85;8.4;7.27;1.69;25.54;26.46;51.99;103.57;;;;;;;;;;;;;;;;;;;;;;;;;;;;;;;;
2041;232284233;113121438;119162795;2437785;2103915;0.16;10.49;9.06;79.92;76.65;83.2;7.77;8.32;7.2;1.69;25.35;27.18;52.53;107.23;;;;;;;;;;;;;;;;;;;;;;;;;;;;;;;;
2042;232588580;113251454;119337126;2422219;2147419;0.13;10.41;9.23;80;76.74;83.28;7.7;8.24;7.13;1.69;25.19;27.93;53.13;110.3;;;;;;;;;;;;;;;;;;;;;;;;;;;;;;;;
2043;232834065;113353443;119480622;2407325;2191168;0.11;10.34;9.41;80.09;76.83;83.36;7.63;8.16;7.06;1.69;25.06;28.73;53.78;114.72;;;;;;;;;;;;;;;;;;;;;;;;;;;;;;;;
2044;233020996;113427597;119593399;2392409;2234730;0.08;10.27;9.59;80.17;76.92;83.43;7.56;8.09;7;1.69;24.94;29.55;54.49;118.63;;;;;;;;;;;;;;;;;;;;;;;;;;;;;;;;
2045;233149625;113474061;119675564;2377677;2278119;0.06;10.2;9.77;80.24;77;83.5;7.5;8.02;6.95;1.68;24.85;30.4;55.25;122.5;;;;;;;;;;;;;;;;;;;;;;;;;;;;;;;;
2046;233220257;113493052;119727205;2363150;2321466;0.03;10.13;9.95;80.31;77.08;83.57;7.44;7.96;6.9;1.68;24.77;31.27;56.04;125.79;;;;;;;;;;;;;;;;;;;;;;;;;;;;;;;;
2047;233233670;113485011;119748659;2349527;2364398;0.01;10.07;10.14;80.38;77.16;83.63;7.39;7.9;6.84;1.68;24.72;32.17;56.89;129.75;;;;;;;;;;;;;;;;;;;;;;;;;;;;;;;;
2048;233190482;113450253;119740229;2335541;2407046;-0.02;10.02;10.32;80.45;77.23;83.7;7.33;7.84;6.8;1.68;24.68;33.08;57.76;134.62;;;;;;;;;;;;;;;;;;;;;;;;;;;;;;;;
2049;233090464;113388652;119701812;2320604;2449148;-0.04;9.96;10.51;80.51;77.3;83.75;7.29;7.79;6.75;1.68;24.66;33.99;58.64;138.06;;;;;;;;;;;;;;;;;;;;;;;;;;;;;;;;
2050;232933276;113300060;119633216;2304717;2490559;-0.07;9.89;10.69;80.57;77.37;83.81;7.24;7.74;6.71;1.68;24.64;34.88;59.52;142.21;;;;;;;;;;;;;;;;;;;;;;;;;;;;;;;;
2051;232719169;113184593;119534576;2288973;2531362;-0.09;9.84;10.88;80.63;77.43;83.86;7.2;7.69;6.67;1.67;24.63;35.76;60.38;144.81;;;;;;;;;;;;;;;;;;;;;;;;;;;;;;;;
2052;232448867;113042592;119406275;2273127;2571362;-0.12;9.78;11.06;80.68;77.49;83.91;7.16;7.65;6.64;1.67;24.62;36.62;61.24;148.37;;;;;;;;;;;;;;;;;;;;;;;;;;;;;;;;
2053;232122448;112874076;119248372;2255972;2610595;-0.14;9.72;11.25;80.74;77.55;83.96;7.12;7.61;6.6;1.67;24.62;37.45;62.07;151.97;;;;;;;;;;;;;;;;;;;;;;;;;;;;;;;;
2054;231739632;112678873;119060759;2237804;2648830;-0.16;9.66;11.43;80.78;77.61;84;7.08;7.57;6.57;1.67;24.62;38.26;62.89;155.63;;;;;;;;;;;;;;;;;;;;;;;;;;;;;;;;
2055;231300323;112456873;118843450;2218450;2686056;-0.19;9.59;11.61;80.83;77.66;84.04;7.05;7.54;6.54;1.67;24.63;39.05;63.68;159.33;;;;;;;;;;;;;;;;;;;;;;;;;;;;;;;;
2056;230805223;112208379;118596844;2199622;2722232;-0.21;9.53;11.79;80.88;77.71;84.08;7.02;7.5;6.51;1.67;24.63;39.81;64.43;161.33;;;;;;;;;;;;;;;;;;;;;;;;;;;;;;;;
2057;230255685;111934042;118321643;2180831;2757317;-0.24;9.47;11.98;80.92;77.76;84.12;6.99;7.47;6.48;1.66;24.62;40.52;65.15;164.43;;;;;;;;;;;;;;;;;;;;;;;;;;;;;;;;
2058;229652286;111634119;118018167;2161015;2791329;-0.26;9.41;12.15;80.96;77.81;84.16;6.96;7.44;6.46;1.66;24.62;41.22;65.84;168.24;;;;;;;;;;;;;;;;;;;;;;;;;;;;;;;;
2059;228995541;111308845;117686696;2141033;2824224;-0.29;9.35;12.33;81;77.86;84.19;6.94;7.41;6.44;1.66;24.61;41.91;66.53;170.27;;;;;;;;;;;;;;;;;;;;;;;;;;;;;;;;
2060;228286347;110958642;117327705;2120842;2856059;-0.31;9.29;12.51;81.04;77.9;84.23;6.91;7.39;6.42;1.66;24.61;42.62;67.23;173.47;;;;;;;;;;;;;;;;;;;;;;;;;;;;;;;;
Faixas etárias;;;;;;;;;;;;;;;;;;;;;;;;;;;;;;;;;;;;;;;;;;;;;;;;;;;
Total;;;;;;;;;;;;;;;;;;;;;;;;;;;;;;;;;;;;;;;;;;;;;;;;;;;
Faixa/Ano;2010;2011;2012;2013;2014;2015;2016;2017;2018;2019;2020;2021;2022;2023;2024;2025;2026;2027;2028;2029;2030;2031;2032;2033;2034;2035;2036;2037;2038;2039;2040;2041;2042;2043;2044;2045;2046;2047;2048;2049;2050;2051;2052;2053;2054;2055;2056;2057;2058;2059;2060
Total;194890682;196603732;198314934;200004188;201717541;203475683;205156587;206804741;208494900;210147125;211755692;213317639;214828540;216284269;217684462;219029093;220316530;221545234;222713669;223821305;224868462;225854415;226777802;227638581;228437122;229173685;229847832;230459062;231007871;231494650;231919922;232284233;232588580;232834065;233020996;233149625;233220257;233233670;233190482;233090464;232933276;232719169;232448867;232122448;231739632;231300323;230805223;230255685;229652286;228995541;228286347
0-4;14858280;14697433;14624301;14567170;14570070;14677159;14715112;14720776;14787557;14798332;14730311;14703281;14675523;14569055;14452355;14326234;14192256;14053426;13912226;13770272;13629815;13491399;13354905;13221642;13092489;12967369;12846604;12730937;12620549;12514918;12413588;12316709;12225086;12138798;12057106;11979238;11904624;11832490;11761709;11691308;11620256;11547982;11473958;11397201;11317212;11233863;11147191;11057520;10965028;10870292;10774218
05/set;15865195;15600504;15387507;15203145;15029641;14824271;14664918;14593299;14537829;14542132;14650311;14689394;14695773;14762671;14773628;14705941;14679311;14652033;14546208;14430226;14304778;14171490;14033278;13892710;13751331;13611405;13473529;13337523;13204728;13076037;12951361;12830995;12715703;12605672;12500387;12399373;12302790;12211456;12125433;12043993;11966376;11891973;11820071;11749531;11679356;11608504;11536459;11462615;11386046;11306224;11223031
out/14;17397304;17216843;16880174;16495325;16131984;15840860;15577214;15365237;15182024;15009676;14805478;14647164;14576191;14520972;14525347;14633526;14672711;14679300;14746432;14757724;14690423;14664114;14637176;14531700;14416109;14291049;14158125;14020272;13880038;13738984;13599376;13461829;13326122;13193611;13065182;12940762;12820626;12705545;12595720;12490655;12389855;12293466;12202305;12116445;12035156;11957694;11883455;11811703;11741278;11671246;11600532
15-19;17219086;17238401;17315601;17402809;17424089;17334096;17155615;16821630;16439846;16079464;15790863;15529387;15318916;15136923;14965724;14762869;14605891;14536019;14481942;14487286;14596110;14635967;14643187;14710785;14722659;14656163;14630405;14603997;14499263;14384409;14260078;14127872;13990752;13851207;13710840;13571863;13434947;13299846;13167907;13040010;12916108;12796510;12681921;12572557;12467934;12367551;12271531;12180736;12095228;12014265;11937109
20-24;17476779;17396868;17296030;17195219;17124785;17100769;17122881;17203520;17294780;17319853;17233266;17057794;16726717;16347561;15989803;15703800;15444924;15236871;15057313;14888503;14688175;14533531;14465563;14413260;14420025;14529708;14570602;14578856;14647162;14659931;14594614;14569782;14544238;14440723;14327061;14203946;14072906;13936948;13798559;13659314;13521425;13385549;13251456;13120499;12993545;12870528;12751775;12637977;12529386;12425516;12325847
25-29;17334110;17423848;17454135;17436877;17391346;17331851;17256322;17161679;17068593;17004904;16985866;17011218;17092427;17182193;17206153;17119972;16946247;16618500;16243415;15889766;15607291;15351552;15146240;14969263;14802897;14605190;14452983;14386955;14336521;14344709;14455193;14497153;14506501;14575436;14589082;14524961;14501063;14476422;14374170;14261783;14139942;14010163;13875462;13738287;13600246;13463536;13328803;13195813;13065893;12939931;12817887
30-34;15955949;16275019;16567575;16822855;17028854;17178656;17271648;17306947;17296659;17258318;17205416;17135646;17044190;16951251;16886952;16867543;16892885;16974395;17065211;17091062;17007393;16836728;16512899;16141856;15792033;15512843;15259983;15057188;14882572;14718488;14523256;14373318;14309113;14260407;14269902;14381026;14423898;14434174;14503630;14518027;14455019;14431957;14408126;14307058;14195853;14075191;13946610;13813084;13677088;13540196;13404578
35-39;14075108;14350827;14689558;15066579;15441748;15787821;16107943;16402815;16661965;16872342;17026545;17123723;17161844;17152616;17115112;17063584;16995707;16906691;16816670;16755274;16738294;16765601;16848588;16940702;16968189;16886844;16719129;16399166;16032170;15686230;15410325;15160396;14960090;14787787;14625966;14433207;14285523;14223058;14175984;14186704;14298311;14341981;14353071;14422945;14437977;14376076;14353778;14330671;14230768;14120755;14001307
40-44;13184170;13311309;13414041;13519509;13668343;13884283;14161178;14500831;14879035;15255513;15602974;15924417;16219710;16478229;16688213;16842846;16941312;16981681;16975459;16941357;16893256;16828804;16743240;16656520;16598022;16583446;16612647;16696902;16790065;16818996;16739962;16575282;16259556;15897111;15555535;15283397;15036761;14839171;14669407;14510049;14320041;14174828;14114206;14068807;14080737;14192649;14236987;14248844;14318948;14334584;14273861
45-49;11992439;12218181;12426314;12615601;12784211;12933598;13064058;13171048;13281287;13434076;13652504;13930420;14269004;14644402;15017933;15363171;15683089;15977567;16236139;16446903;16602926;16703462;16746553;16743579;16713006;16668492;16607681;16525845;16442743;16387431;16375387;16406437;16491724;16585608;16615819;16539189;16377988;16067408;15710668;15374594;15107158;14864721;14670479;14503796;14347422;14160785;14018586;13960052;13916591;13929788;14041783
50-54;10276773;10574366;10868062;11152415;11419933;11666086;11892707;12102371;12293932;12465329;12617804;12751592;12861867;12974530;13128538;13346782;13623237;13959030;14330885;14700984;15043388;15361008;15653779;15911350;16121912;16278600;16380728;16426408;16426757;16399939;16359306;16302574;16224958;16146006;16094242;16084875;16117711;16203642;16297801;16329111;16255195;16098244;15794311;15445094;15116301;14855005;14618039;14428117;14265353;14112793;13930535
55-59;8387564;8679820;8977656;9278724;9579705;9877881;10172542;10463716;10746091;11012111;11257277;11483368;11692613;11883880;12055490;12208751;12343963;12456465;12571436;12726473;12943766;13217366;13548288;13914012;14277951;14615019;14928011;15216929;15471607;15680383;15836527;15939411;15987269;15990939;15968053;15931630;15879345;15806522;15732281;15684468;15677945;15712380;15798347;15891980;15924009;15853162;15701406;15406171;15066946;14747850;14494713
60-64;6596741;6859058;7119004;7379912;7647936;7926230;8211893;8503042;8797470;9091910;9383728;9672175;9957156;10233460;10493988;10734491;10956693;11162776;11351609;11521660;11673982;11809015;11922324;12038067;12192258;12406090;12673729;12996043;13351492;13705082;14032901;14337648;14619346;14868106;15072540;15226101;15328313;15377469;15384059;15365094;15332980;15285499;15218052;15149158;15105746;15102049;15137666;15222586;15314436;15346470;15279016
65-69;4905988;5095516;5318713;5565313;5819304;6071240;6322755;6572590;6823731;7081680;7349244;7623733;7903288;8185834;8468411;8748627;9025766;9299757;9565627;9816554;10048512;10263166;10462649;10645868;10811283;10959940;11092321;11204363;11318835;11469648;11676652;11934133;12242752;12582173;12919685;13232909;13524376;13794222;14032965;14229585;14377822;14477368;14526754;14535915;14520894;14493445;14451348;14390212;14327671;14289289;14288480
70-74;3792042;3889352;3974955;4063519;4175947;4323465;4501441;4709484;4938529;5174388;5408663;5642901;5876091;6110754;6351769;6601500;6857600;7118354;7381902;7645534;7907040;8165785;8421765;8670307;8905063;9122289;9323635;9511104;9683679;9839876;9980630;10106571;10214158;10324288;10467931;10663049;10904126;11191369;11506226;11819031;12109555;12380193;12631212;12853724;13037277;13176002;13269879;13317776;13328895;13317878;13295484
75-79;2597990;2688798;2797237;2913384;3023576;3121818;3211601;3292375;3376250;3480536;3614389;3774018;3959070;4161906;4370673;4578361;4786387;4994114;5203523;5418622;5641260;5869405;6101656;6336314;6571128;6804078;7034690;7263005;7484798;7694408;7888458;8068562;8236631;8391702;8532383;8659541;8773851;8872509;8973811;9104799;9280868;9496727;9752138;10030863;10307408;10564467;10804204;11027068;11224976;11388373;11511971
80-84;1689444;1727063;1764898;1807817;1861166;1926871;2004365;2095235;2191860;2283815;2366558;2443191;2513706;2587330;2677251;2790280;2923509;3076687;3243763;3415649;3586931;3758879;3931160;4105249;4284098;4468984;4658301;4850986;5045614;5240341;5433588;5624985;5814637;5998934;6173117;6334346;6484201;6624391;6754088;6872004;6978835;7075422;7159683;7246694;7358416;7506972;7687508;7899218;8128899;8356311;8567809
85-89;830529;901360;954570;996763;1032554;1065148;1097017;1129489;1165517;1208442;1259330;1318006;1385731;1457236;1525459;1587405;1645581;1700356;1758056;1827478;1913020;2012666;2126181;2249361;2375978;2502391;2629690;2757777;2887609;3021064;3158814;3299768;3443164;3587930;3732788;3876586;4019065;4160416;4297807;4427602;4547659;4659375;4764254;4861528;4950167;5030651;5103867;5168499;5235780;5321722;5434778
90+;455191;459166;484603;521252;562349;603580;645377;688657;731945;774304;815165;856211;898723;943466;991663;1043410;1099461;1161212;1225853;1289978;1352102;1414477;1478371;1546036;1620691;1703785;1795039;1894806;2001669;2113776;2229906;2350808;2476780;2607627;2743377;2883626;3028143;3176612;3328257;3482333;3637926;3794831;3953061;4110366;4263976;4412193;4556131;4697023;4833076;4962058;5083408
Homens;;;;;;;;;;;;;;;;;;;;;;;;;;;;;;;;;;;;;;;;;;;;;;;;;;;
Faixa/Ano;2010;2011;2012;2013;2014;2015;2016;2017;2018;2019;2020;2021;2022;2023;2024;2025;2026;2027;2028;2029;2030;2031;2032;2033;2034;2035;2036;2037;2038;2039;2040;2041;2042;2043;2044;2045;2046;2047;2048;2049;2050;2051;2052;2053;2054;2055;2056;2057;2058;2059;2060
Total;95513298;96322635;97132054;97931331;98744098;99581002;100379640;101163599;101971173;102760295;103527689;104271843;104990487;105681529;106345043;106981304;107589495;108168830;108718587;109238514;109728762;110189007;110618592;111017537;111386062;111724392;112032426;112309958;112557327;112774820;112962751;113121438;113251454;113353443;113427597;113474061;113493052;113485011;113450253;113388652;113300060;113184593;113042592;112874076;112678873;112456873;112208379;111934042;111634119;111308845;110958642
0-4;7594516;7513761;7477567;7449337;7451690;7507226;7527223;7530642;7565301;7571223;7536789;7523299;7509386;7455164;7395678;7331364;7263006;7192133;7120032;7047528;6975778;6905062;6835307;6767195;6701192;6637231;6575502;6516373;6459937;6405936;6354123;6304598;6257751;6213632;6171861;6132043;6093885;6056997;6020798;5984802;5948471;5911502;5873639;5834370;5793447;5750809;5706456;5660575;5613249;5564770;5515605
05/set;8094637;7962532;7856445;7764679;7678145;7574960;7495049;7459700;7432381;7435509;7491634;7512252;7516076;7550810;7556858;7522618;7509351;7495730;7441882;7382807;7318878;7250909;7180401;7108665;7036481;6965042;6894634;6825161;6757331;6691592;6627900;6566392;6507477;6451252;6397457;6345822;6296474;6249795;6205831;6164206;6124537;6086502;6049752;6013699;5977830;5941609;5904776;5867020;5827860;5787041;5744493
out/14;8842587;8760868;8596730;8405865;8224795;8080135;7948620;7843086;7751948;7666040;7563501;7484190;7449226;7422072;7425264;7481411;7502112;7506047;7540921;7547162;7513141;7500066;7486634;7433002;7374143;7310452;7242697;7172400;7100861;7028875;6957623;6887413;6818125;6750468;6684877;6621345;6559981;6501187;6445082;6391415;6339911;6290699;6244133;6200276;6158737;6119162;6081226;6044568;6008592;5972801;5936671
15-19;8673836;8693267;8745322;8804210;8829069;8795446;8715095;8552810;8364062;8185062;8042202;7912260;7807878;7717747;7632793;7531320;7453057;7418949;7392651;7396587;7453221;7474403;7478801;7514010;7520683;7487251;7474592;7461547;7408463;7350163;7287028;7219811;7150062;7079046;7007575;6936806;6867067;6798239;6731019;6665837;6602699;6541729;6483312;6427561;6374235;6323041;6274127;6227836;6184244;6142973;6103630
20-24;8746116;8711375;8663577;8614902;8583358;8578611;8600164;8654720;8716490;8744065;8712945;8634909;8475014;8288587;8111918;7971317;7843582;7741213;7653070;7570037;7470597;7394220;7361652;7336794;7341891;7399228;7421254;7426487;7462264;7469669;7437195;7425286;7412946;7360848;7303529;7241380;7175120;7106330;7036251;6965698;6895815;6826928;6758931;6692510;6628106;6565701;6505416;6447653;6392537;6339825;6289218
25-29;8574606;8629711;8657414;8662143;8651184;8630266;8598875;8555561;8512314;8485534;8484394;8508378;8563553;8624538;8651626;8621118;8544666;8387530;8204388;8031009;7893232;7767999;7667829;7581750;7500675;7403356;7328943;7297950;7274594;7280847;7338836;7361712;7367822;7404119;7412226;7380713;7369573;7357978;7306911;7250628;7189512;7124285;7056509;6987423;6917849;6848930;6780967;6713878;6648312;6584723;6523112
30-34;7821287;7982363;8131551;8263753;8373348;8457008;8514439;8545686;8555280;8549320;8532944;8505514;8464499;8421615;8394693;8393527;8417664;8473141;8534872;8563312;8534665;8460519;8306365;8126302;7955838;7820545;7697488;7599240;7514973;7435649;7340229;7267552;7237960;7215936;7223197;7281677;7305262;7312099;7348805;7357492;7326843;7316343;7305373;7255224;7199860;7139664;7075362;7008494;6940318;6871646;6803583
35-39;6857527;6990523;7155946;7341635;7527745;7700900;7862666;8013399;8148183;8260741;8347421;8407755;8440996;8451369;8446055;8430688;8404634;8365378;8324589;8299702;8300209;8325674;8382118;8444696;8474256;8447253;8375224;8223858;8046719;7879049;7746136;7625181;7528741;7446144;7368454;7274845;7203808;7175501;7154681;7162834;7221685;7245877;7253323;7290325;7299496;7269639;7259722;7249292;7200007;7145508;7086207
40-44;6405478;6465519;6511227;6557089;6624863;6727359;6861189;7027271;7213769;7400750;7574836;7737477;7888496;8022898;8135221;8222214;8283430;8318165;8330545;8327522;8314471;8290745;8253830;8215289;8192354;8194452;8221147;8278370;8341585;8372088;8346626;8276663;8128189;7954176;7789503;7659150;7540448;7445888;7365050;7289066;7197348;7128025;7100999;7081359;7090362;7149455;7174123;7182135;7219317;7228927;7199896
45-49;5768516;5880219;5985481;6082367;6167931;6241647;6303978;6352579;6401687;6472175;6576419;6711034;6876531;7061277;7246407;7419108;7580798;7731316;7865760;7978594;8066468;8128987;8165432;8179855;8179060;8168292;8146911;8112423;8076237;8055349;8059034;8086849;8144623;8208179;8239414;8215443;8147699;8002569;7832277;7671186;7543900;7427925;7335566;7256745;7182722;7093220;7025894;7000246;6981909;6991754;7050917
50-54;4900002;5040349;5178764;5313246;5441195;5561009;5673316;5779573;5877917;5965268;6041008;6105571;6156429;6207294;6278778;6383077;6516900;6680739;6863310;7046315;7217244;7377487;7526925;7660698;7773367;7861606;7925036;7962995;7979372;7980824;7972437;7953589;7921753;7888179;7869486;7874764;7903569;7961564;8025093;8056849;8034455;7969304;7828334;7662799;7506320;7382926;7270417;7180814;7104474;7032873;6946162
55-59;3954821;4089187;4227766;4368987;4510555;4650762;4789417;4926386;5059761;5186871;5306101;5418069;5523994;5622071;5709488;5785731;5851268;5903677;5956190;6028485;6132308;6264412;6425224;6603964;6783080;6950611;7107892;7254823;7386666;7498065;7585774;7649457;7688505;7706661;7710316;7704363;7688149;7659220;7628530;7612199;7619074;7648657;7706356;7769208;7801082;7780353;7718248;7582612;7423293;7272866;7154556
60-64;3081961;3198692;3313737;3429277;3548963;3674713;3805186;3939707;4076794;4214303;4350563;4485379;4618536;4748149;4871821;4988027;5097383;5201061;5297302;5383487;5458969;5524298;5577221;5630273;5702081;5803746;5932098;6087478;6259725;6432268;6593867;6745779;6887959;7015825;7124175;7209866;7272652;7311982;7331395;7336975;7333300;7319725;7293901;7266311;7252466;7260725;7290580;7347073;7408221;7439552;7420473
65-69;2253998;2339108;2439108;2549140;2661907;2773210;2883883;2993314;3103440;3217426;3337000;3460918;3588535;3718492;3848844;3978090;4106032;4232502;4355732;4473440;4584216;4688647;4787847;4880176;4963105;5036045;5099560;5151653;5203924;5273663;5371091;5493166;5640066;5802391;5964930;6117373;6260872;6395434;6516731;6619770;6701600;6762068;6800700;6820803;6827971;6826458;6815605;6793193;6769102;6757874;6767303
70-74;1689818;1732563;1770303;1809593;1859518;1924795;2003224;2094581;2194687;2297297;2398778;2499910;2600243;2701380;2806006;2915566;3028989;3145702;3264515;3383680;3501868;3618911;3734717;3847628;3955595;4057304;4153367;4244811;4330120;4406952;4474742;4534111;4583407;4633065;4698510;4788775;4900975;5035044;5182591;5330211;5468808;5599462;5722265;5833225;5927673;6002895;6058911;6095418;6115370;6123684;6124121
75-79;1105206;1144121;1190922;1240998;1288273;1330216;1368574;1403314;1439622;1484658;1542105;1610235;1688895;1774682;1862608;1949716;2036732;2123408;2210961;2301516;2396166;2494028;2594665;2697044;2799720;2901547;3002440;3102353;3199832;3293112;3381052;3464237;3543625;3617852;3684841;3744109;3796312;3840217;3884676;3942722;4021823;4119269;4234768;4361237;4487603;4606394;4718561;4824282;4920042;5001664;5066803
80-84;677628;692280;707304;724631;746369;773094;804695;841980;881564;919059;952619;983758;1012641;1042996;1079956;1126100;1180178;1242110;1309326;1378193;1446541;1514999;1583484;1652852;1724591;1799420;1876683;1956079;2036796;2117674;2197885;2277383;2356175;2433074;2506675;2576080;2641835;2704769;2763770;2817079;2864310;2906165;2941812;2978203;3025436;3089091;3166772;3257946;3357133;3456065;3549148
85-89;314944;340306;359247;374268;387076;398787;410381;422377;435871;452078;471252;493422;519178;546326;572074;595279;617114;637836;659812;686235;718616;756161;798785;844827;891952;938795;985869;1033177;1081264;1131002;1182750;1236101;1290875;1346482;1402163;1457337;1512013;1566262;1619219;1669886;1717634;1762927;1806456;1847353;1884307;1917047;1946213;1971377;1997388;2031094;2076107
90+;155814;155891;163643;175211;188114;200858;213666;226913;240102;252916;265178;277513;290381;304062;318955;335033;352599;372193;392729;412903;432174;451480;471355;492517;515998;542216;571089;602780;636664;672043;708423;746158;785393;826114;868408;912170;957358;1003936;1051543;1099797;1148335;1197201;1246463;1295445;1343371;1389754;1435003;1479630;1522751;1563205;1600637
Mulheres;;;;;;;;;;;;;;;;;;;;;;;;;;;;;;;;;;;;;;;;;;;;;;;;;;;
Faixa/Ano;2010;2011;2012;2013;2014;2015;2016;2017;2018;2019;2020;2021;2022;2023;2024;2025;2026;2027;2028;2029;2030;2031;2032;2033;2034;2035;2036;2037;2038;2039;2040;2041;2042;2043;2044;2045;2046;2047;2048;2049;2050;2051;2052;2053;2054;2055;2056;2057;2058;2059;2060
Total;99377384;100281097;101182880;102072857;102973443;103894681;104776947;105641142;106523727;107386830;108228003;109045796;109838053;110602740;111339419;112047789;112727035;113376404;113995082;114582791;115139700;115665408;116159210;116621044;117051060;117449293;117815406;118149104;118450544;118719830;118957171;119162795;119337126;119480622;119593399;119675564;119727205;119748659;119740229;119701812;119633216;119534576;119406275;119248372;119060759;118843450;118596844;118321643;118018167;117686696;117327705
0-4;7263764;7183672;7146734;7117833;7118380;7169933;7187889;7190134;7222256;7227109;7193522;7179982;7166137;7113891;7056677;6994870;6929250;6861293;6792194;6722744;6654037;6586337;6519598;6454447;6391297;6330138;6271102;6214564;6160612;6108982;6059465;6012111;5967335;5925166;5885245;5847195;5810739;5775493;5740911;5706506;5671785;5636480;5600319;5562831;5523765;5483054;5440735;5396945;5351779;5305522;5258613
05/set;7770558;7637972;7531062;7438466;7351496;7249311;7169869;7133599;7105448;7106623;7158677;7177142;7179697;7211861;7216770;7183323;7169960;7156303;7104326;7047419;6985900;6920581;6852877;6784045;6714850;6646363;6578895;6512362;6447397;6384445;6323461;6264603;6208226;6154420;6102930;6053551;6006316;5961661;5919602;5879787;5841839;5805471;5770319;5735832;5701526;5666895;5631683;5595595;5558186;5519183;5478538
out/14;8554717;8455975;8283444;8089460;7907189;7760725;7628594;7522151;7430076;7343636;7241977;7162974;7126965;7098900;7100083;7152115;7170599;7173253;7205511;7210562;7177282;7164048;7150542;7098698;7041966;6980597;6915428;6847872;6779177;6710109;6641753;6574416;6507997;6443143;6380305;6319417;6260645;6204358;6150638;6099240;6049944;6002767;5958172;5916169;5876419;5838532;5802229;5767135;5732686;5698445;5663861
15-19;8545250;8545134;8570279;8598599;8595020;8538650;8440520;8268820;8075784;7894402;7748661;7617127;7511038;7419176;7332931;7231549;7152834;7117070;7089291;7090699;7142889;7161564;7164386;7196775;7201976;7168912;7155813;7142450;7090800;7034246;6973050;6908061;6840690;6772161;6703265;6635057;6567880;6501607;6436888;6374173;6313409;6254781;6198609;6144996;6093699;6044510;5997404;5952900;5910984;5871292;5833479
20-24;8730663;8685493;8632453;8580317;8541427;8522158;8522717;8548800;8578290;8575788;8520321;8422885;8251703;8058974;7877885;7732483;7601342;7495658;7404243;7318466;7217578;7139311;7103911;7076466;7078134;7130480;7149348;7152369;7184898;7190262;7157419;7144496;7131292;7079875;7023532;6962566;6897786;6830618;6762308;6693616;6625610;6558621;6492525;6427989;6365439;6304827;6246359;6190324;6136849;6085691;6036629
25-29;8759504;8794137;8796721;8774734;8740162;8701585;8657447;8606118;8556279;8519370;8501472;8502840;8528874;8557655;8554527;8498854;8401581;8230970;8039027;7858757;7714059;7583553;7478411;7387513;7302222;7201834;7124040;7089005;7061927;7063862;7116357;7135441;7138679;7171317;7176856;7144248;7131490;7118444;7067259;7011155;6950430;6885878;6818953;6750864;6682397;6614606;6547836;6481935;6417581;6355208;6294775
30-34;8134662;8292656;8436024;8559102;8655506;8721648;8757209;8761261;8741379;8708998;8672472;8630132;8579691;8529636;8492259;8474016;8475221;8501254;8530339;8527750;8472728;8376209;8206534;8015554;7836195;7692298;7562495;7457948;7367599;7282839;7183027;7105766;7071153;7044471;7046705;7099349;7118636;7122075;7154825;7160535;7128176;7115614;7102753;7051834;6995993;6935527;6871248;6804590;6736770;6668550;6600995
35-39;7217581;7360304;7533612;7724944;7914003;8086921;8245277;8389416;8513782;8611601;8679124;8715968;8720848;8701247;8669057;8632896;8591073;8541313;8492081;8455572;8438085;8439927;8466470;8496006;8493933;8439591;8343905;8175308;7985451;7807181;7664189;7535215;7431349;7341643;7257512;7158362;7081715;7047557;7021303;7023870;7076626;7096104;7099748;7132620;7138481;7106437;7094056;7081379;7030761;6975247;6915100
40-44;6778692;6845790;6902814;6962420;7043480;7156924;7299989;7473560;7665266;7854763;8028138;8186940;8331214;8455331;8552992;8620632;8657882;8663516;8644914;8613835;8578785;8538059;8489410;8441231;8405668;8388994;8391500;8418532;8448480;8446908;8393336;8298619;8131367;7942935;7766032;7624247;7496313;7393283;7304357;7220983;7122693;7046803;7013207;6987448;6990375;7043194;7062864;7066709;7099631;7105657;7073965
45-49;6223923;6337962;6440833;6533234;6616280;6691951;6760080;6818469;6879600;6961901;7076085;7219386;7392473;7583125;7771526;7944063;8102291;8246251;8370379;8468309;8536458;8574475;8581121;8563724;8533946;8500200;8460770;8413422;8366506;8332082;8316353;8319588;8347101;8377429;8376405;8323746;8230289;8064839;7878391;7703408;7563258;7436796;7334913;7247051;7164700;7067565;6992692;6959806;6934682;6938034;6990866
50-54;5376771;5534017;5689298;5839169;5978738;6105077;6219391;6322798;6416015;6500061;6576796;6646021;6705438;6767236;6849760;6963705;7106337;7278291;7467575;7654669;7826144;7983521;8126854;8250652;8348545;8416994;8455692;8463413;8447385;8419115;8386869;8348985;8303205;8257827;8224756;8210111;8214142;8242078;8272708;8272262;8220740;8128940;7965977;7782295;7609981;7472079;7347622;7247303;7160879;7079920;6984373
55-59;4432743;4590633;4749890;4909737;5069150;5227119;5383125;5537330;5686330;5825240;5951176;6065299;6168619;6261809;6346002;6423020;6492695;6552788;6615246;6697988;6811458;6952954;7123064;7310048;7494871;7664408;7820119;7962106;8084941;8182318;8250753;8289954;8298764;8284278;8257737;8227267;8191196;8147302;8103751;8072269;8058871;8063723;8091991;8122772;8122927;8072809;7983158;7823559;7643653;7474984;7340157
60-64;3514780;3660366;3805267;3950635;4098973;4251517;4406707;4563335;4720676;4877607;5033165;5186796;5338620;5485311;5622167;5746464;5859310;5961715;6054307;6138173;6215013;6284717;6345103;6407794;6490177;6602344;6741631;6908565;7091767;7272814;7439034;7591869;7731387;7852281;7948365;8016235;8055661;8065487;8052664;8028119;7999680;7965774;7924151;7882847;7853280;7841324;7847086;7875513;7906215;7906918;7858543
65-69;2651990;2756408;2879605;3016173;3157397;3298030;3438872;3579276;3720291;3864254;4012244;4162815;4314753;4467342;4619567;4770537;4919734;5067255;5209895;5343114;5464296;5574519;5674802;5765692;5848178;5923895;5992761;6052710;6114911;6195985;6305561;6440967;6602686;6779782;6954755;7115536;7263504;7398788;7516234;7609815;7676222;7715300;7726054;7715112;7692923;7666987;7635743;7597019;7558569;7531415;7521177
70-74;2102224;2156789;2204652;2253926;2316429;2398670;2498217;2614903;2743842;2877091;3009885;3142991;3275848;3409374;3545763;3685934;3828611;3972652;4117387;4261854;4405172;4546874;4687048;4822679;4949468;5064985;5170268;5266293;5353559;5432924;5505888;5572460;5630751;5691223;5769421;5874274;6003151;6156325;6323635;6488820;6640747;6780731;6908947;7020499;7109604;7173107;7210968;7222358;7213525;7194194;7171363
75-79;1492784;1544677;1606315;1672386;1735303;1791602;1843027;1889061;1936628;1995878;2072284;2163783;2270175;2387224;2508065;2628645;2749655;2870706;2992562;3117106;3245094;3375377;3506991;3639270;3771408;3902531;4032250;4160652;4284966;4401296;4507406;4604325;4693006;4773850;4847542;4915432;4977539;5032292;5089135;5162077;5259045;5377458;5517370;5669626;5819805;5958073;6085643;6202786;6304934;6386709;6445168
80-84;1011816;1034783;1057594;1083186;1114797;1153777;1199670;1253255;1310296;1364756;1413939;1459433;1501065;1544334;1597295;1664180;1743331;1834577;1934437;2037456;2140390;2243880;2347676;2452397;2559507;2669564;2781618;2894907;3008818;3122667;3235703;3347602;3458462;3565860;3666442;3758266;3842366;3919622;3990318;4054925;4114525;4169257;4217871;4268491;4332980;4417881;4520736;4641272;4771766;4900246;5018661
85-89;515585;561054;595323;622495;645478;666361;686636;707112;729646;756364;788078;824584;866553;910910;953385;992126;1028467;1062520;1098244;1141243;1194404;1256505;1327396;1404534;1484026;1563596;1643821;1724600;1806345;1890062;1976064;2063667;2152289;2241448;2330625;2419249;2507052;2594154;2678588;2757716;2830025;2896448;2957798;3014175;3065860;3113604;3157654;3197122;3238392;3290628;3358671
90+;299377;303275;320960;346041;374235;402722;431711;461744;491843;521388;549987;578698;608342;639404;672708;708377;746862;789019;833124;877075;919928;962997;1007016;1053519;1104693;1161569;1223950;1292026;1365005;1441733;1521483;1604650;1691387;1781513;1874969;1971456;2070785;2172676;2276714;2382536;2489591;2597630;2706598;2814921;2920605;3022439;3121128;3217393;3310325;3398853;3482771
