Maranhão;;;;;;;;;;;;;;;;;;;;;;;;;;;;;;;;;;;;;;;;;;;;;;;;;;;
Dados;;;;;;;;;;;;;;;;;;;;;;;;;;;;;;;;;;;;;;;;;;;;;;;;;;;
Ano;População total;Homens;Mulheres;Nascimentos;Óbitos;Taxa de Crescimento Geométrico;Taxa Bruta de Natalidade;Taxa Bruta de Mortalidade;Esperança de Vida ao Nascer;Esperança de Vida ao Nascer - Homens;Esperança de Vida ao Nascer - Mulheres;Taxa de Mortalidade Infantil;Taxa de Mortalidade Infantil - Homens;Taxa de Mortalidade Infantil - Mulheres;Taxa de Fecundidade Total;Razão de Dependência - Jovens 0 a 14 anos;Razão de Dependência - Idosos 65 ou mais anos;Razão de Dependência;Índice de Envelhecimento;;;;;;;;;;;;;;;;;;;;;;;;;;;;;;;;
2010;6710964;3329311;3381653;130163;49014;x;19.4;7.3;68.75;65.06;72.77;29.02;32.38;25.48;2.12;50.2;9.56;59.76;19.11;;;;;;;;;;;;;;;;;;;;;;;;;;;;;;;;
2011;6757213;3348706;3408507;128986;49143;0.69;19.09;7.27;69.07;65.37;73.07;27.5;30.56;24.28;2.09;48.84;9.63;58.47;19.81;;;;;;;;;;;;;;;;;;;;;;;;;;;;;;;;
2012;6798830;3365800;3433030;120013;49162;0.62;17.65;7.23;69.38;65.67;73.38;26.08;28.86;23.14;1.93;47.36;9.7;57.06;20.53;;;;;;;;;;;;;;;;;;;;;;;;;;;;;;;;
2013;6836179;3380783;3455396;119493;49221;0.55;17.48;7.2;69.68;65.98;73.67;24.75;27.29;22.07;1.91;45.8;9.78;55.58;21.43;;;;;;;;;;;;;;;;;;;;;;;;;;;;;;;;
2014;6875302;3396747;3478555;122820;49458;0.57;17.86;7.19;69.98;66.27;73.96;23.52;25.84;21.06;1.96;44.38;9.88;54.26;22.22;;;;;;;;;;;;;;;;;;;;;;;;;;;;;;;;
2015;6916244;3413714;3502530;122587;49714;0.6;17.72;7.19;70.28;66.56;74.25;22.37;24.5;20.12;1.95;43.14;10;53.14;23.05;;;;;;;;;;;;;;;;;;;;;;;;;;;;;;;;
2016;6955099;3429686;3525413;118069;49916;0.56;16.98;7.18;70.57;66.85;74.52;21.3;23.27;19.23;1.87;42.16;10.15;52.31;24.19;;;;;;;;;;;;;;;;;;;;;;;;;;;;;;;;
2017;6994148;3445834;3548314;122420;50195;0.56;17.5;7.18;70.85;67.14;74.79;20.32;22.14;18.41;1.95;41.39;10.33;51.73;24.91;;;;;;;;;;;;;;;;;;;;;;;;;;;;;;;;
2018;7035055;3463008;3572047;121386;50550;0.58;17.25;7.19;71.13;67.42;75.06;19.41;21.1;17.64;1.93;40.42;10.51;50.93;26.12;;;;;;;;;;;;;;;;;;;;;;;;;;;;;;;;
2019;7075181;3479859;3595322;120504;50877;0.57;17.03;7.19;71.41;67.69;75.32;18.58;20.14;16.93;1.91;39.39;10.68;50.08;27.1;;;;;;;;;;;;;;;;;;;;;;;;;;;;;;;;
2020;7114598;3496428;3618170;119620;51238;0.56;16.81;7.2;71.67;67.96;75.57;17.81;19.26;16.27;1.9;38.4;10.86;49.26;28.4;;;;;;;;;;;;;;;;;;;;;;;;;;;;;;;;
2021;7153262;3512693;3640569;118690;51605;0.54;16.59;7.21;71.94;68.23;75.82;17.1;18.46;15.66;1.89;37.41;11.05;48.46;29.37;;;;;;;;;;;;;;;;;;;;;;;;;;;;;;;;
2022;7191041;3528588;3662453;117590;52012;0.53;16.35;7.23;72.19;68.49;76.06;16.45;17.73;15.1;1.88;36.55;11.25;47.8;30.77;;;;;;;;;;;;;;;;;;;;;;;;;;;;;;;;
2023;7227850;3544070;3683780;116557;52447;0.51;16.13;7.26;72.45;68.74;76.29;15.85;17.06;14.58;1.87;35.78;11.46;47.25;32.1;;;;;;;;;;;;;;;;;;;;;;;;;;;;;;;;
2024;7263617;3559102;3704515;115380;52921;0.49;15.88;7.29;72.69;68.99;76.52;15.3;16.45;14.1;1.86;35.2;11.71;46.91;33.33;;;;;;;;;;;;;;;;;;;;;;;;;;;;;;;;
2025;7298196;3573613;3724583;114100;53400;0.48;15.63;7.32;72.93;69.24;76.74;14.81;15.9;13.66;1.85;34.75;11.98;46.73;34.6;;;;;;;;;;;;;;;;;;;;;;;;;;;;;;;;
2026;7331577;3587599;3743978;112937;53911;0.46;15.4;7.35;73.16;69.48;76.96;14.35;15.39;13.25;1.85;34.28;12.26;46.54;35.9;;;;;;;;;;;;;;;;;;;;;;;;;;;;;;;;
2027;7363722;3601043;3762679;111639;54446;0.44;15.16;7.39;73.39;69.71;77.17;13.93;14.93;12.88;1.84;33.93;12.57;46.49;37.07;;;;;;;;;;;;;;;;;;;;;;;;;;;;;;;;
2028;7394457;3613856;3780601;110180;55011;0.42;14.9;7.44;73.61;69.94;77.37;13.55;14.51;12.54;1.84;33.68;12.9;46.57;38.26;;;;;;;;;;;;;;;;;;;;;;;;;;;;;;;;
2029;7423684;3625984;3797700;108751;55608;0.4;14.65;7.49;73.83;70.17;77.57;13.2;14.13;12.23;1.83;33.36;13.24;46.6;39.47;;;;;;;;;;;;;;;;;;;;;;;;;;;;;;;;
2030;7451435;3637445;3813990;107394;56213;0.37;14.41;7.54;74.04;70.39;77.76;12.88;13.78;11.94;1.83;32.98;13.59;46.57;41.33;;;;;;;;;;;;;;;;;;;;;;;;;;;;;;;;
2031;7477496;3648126;3829370;106100;56855;0.35;14.19;7.6;74.24;70.61;77.95;12.6;13.47;11.68;1.83;32.65;13.96;46.61;42.6;;;;;;;;;;;;;;;;;;;;;;;;;;;;;;;;
2032;7501621;3657896;3843725;104832;57521;0.32;13.97;7.67;74.45;70.82;78.13;12.33;13.18;11.44;1.82;32.3;14.35;46.65;44.55;;;;;;;;;;;;;;;;;;;;;;;;;;;;;;;;
2033;7523757;3666727;3857030;103497;58232;0.3;13.76;7.74;74.64;71.02;78.31;12.1;12.92;11.23;1.82;31.89;14.75;46.64;46.54;;;;;;;;;;;;;;;;;;;;;;;;;;;;;;;;
2034;7543859;3674595;3869264;102188;58947;0.27;13.55;7.81;74.83;71.22;78.48;11.88;12.69;11.03;1.82;31.48;15.15;46.63;47.91;;;;;;;;;;;;;;;;;;;;;;;;;;;;;;;;
2035;7561948;3681513;3880435;100942;59702;0.24;13.35;7.9;75.01;71.42;78.65;11.68;12.47;10.85;1.82;31.07;15.56;46.64;50;;;;;;;;;;;;;;;;;;;;;;;;;;;;;;;;
2036;7578056;3687497;3890559;99764;60484;0.21;13.16;7.98;75.19;71.61;78.81;11.5;12.28;10.68;1.81;30.67;15.98;46.65;52.15;;;;;;;;;;;;;;;;;;;;;;;;;;;;;;;;
2037;7592237;3692572;3899665;98680;61293;0.19;13;8.07;75.37;71.8;78.97;11.34;12.1;10.53;1.81;30.28;16.4;46.67;54.37;;;;;;;;;;;;;;;;;;;;;;;;;;;;;;;;
2038;7604454;3696721;3907733;97488;62136;0.16;12.82;8.17;75.54;71.98;79.12;11.19;11.95;10.39;1.81;29.89;16.84;46.73;56.37;;;;;;;;;;;;;;;;;;;;;;;;;;;;;;;;
2039;7614618;3699897;3914721;96294;63012;0.13;12.65;8.28;75.7;72.15;79.27;11.06;11.8;10.27;1.81;29.53;17.32;46.85;58.71;;;;;;;;;;;;;;;;;;;;;;;;;;;;;;;;
2040;7622718;3702094;3920624;95141;63918;0.11;12.48;8.39;75.86;72.33;79.41;10.93;11.67;10.15;1.81;29.19;17.87;47.05;61.11;;;;;;;;;;;;;;;;;;;;;;;;;;;;;;;;
2041;7628776;3703323;3925453;94042;64846;0.08;12.33;8.5;76.02;72.49;79.55;10.82;11.55;10.05;1.81;28.87;18.46;47.33;63.78;;;;;;;;;;;;;;;;;;;;;;;;;;;;;;;;
2042;7632854;3703614;3929240;93067;65805;0.05;12.19;8.62;76.17;72.66;79.69;10.72;11.45;9.96;1.81;28.58;19.11;47.69;66.84;;;;;;;;;;;;;;;;;;;;;;;;;;;;;;;;
2043;7634936;3702960;3931976;92004;66799;0.03;12.05;8.75;76.31;72.82;79.82;10.63;11.35;9.87;1.8;28.31;19.82;48.13;70.16;;;;;;;;;;;;;;;;;;;;;;;;;;;;;;;;
2044;7634954;3701323;3933631;90952;67818;0;11.91;8.88;76.46;72.97;79.94;10.54;11.26;9.79;1.8;28.07;20.58;48.65;73.02;;;;;;;;;;;;;;;;;;;;;;;;;;;;;;;;
2045;7632911;3698706;3934205;89934;68851;-0.03;11.78;9.02;76.6;73.12;80.06;10.47;11.18;9.72;1.8;27.86;21.38;49.24;76.47;;;;;;;;;;;;;;;;;;;;;;;;;;;;;;;;
2046;7628807;3695111;3933696;88913;69901;-0.05;11.65;9.16;76.73;73.27;80.18;10.4;11.11;9.66;1.8;27.67;22.24;49.9;80;;;;;;;;;;;;;;;;;;;;;;;;;;;;;;;;
2047;7622680;3690556;3932124;88001;70964;-0.08;11.54;9.31;76.86;73.41;80.3;10.34;11.04;9.6;1.8;27.5;23.13;50.63;84.15;;;;;;;;;;;;;;;;;;;;;;;;;;;;;;;;
2048;7614564;3685059;3929505;87090;72055;-0.11;11.44;9.46;76.99;73.55;80.41;10.28;10.98;9.55;1.8;27.35;24.05;51.4;87.85;;;;;;;;;;;;;;;;;;;;;;;;;;;;;;;;
2049;7604438;3678609;3925829;86196;73180;-0.13;11.33;9.62;77.11;73.68;80.52;10.23;10.93;9.5;1.8;27.22;25.01;52.22;91.62;;;;;;;;;;;;;;;;;;;;;;;;;;;;;;;;
2050;7592288;3671196;3921092;85308;74320;-0.16;11.24;9.79;77.23;73.81;80.62;10.19;10.88;9.46;1.8;27.1;25.98;53.08;96.05;;;;;;;;;;;;;;;;;;;;;;;;;;;;;;;;
2051;7578099;3662813;3915286;84403;75463;-0.19;11.14;9.96;77.34;73.94;80.72;10.15;10.84;9.42;1.8;27;26.96;53.96;100;;;;;;;;;;;;;;;;;;;;;;;;;;;;;;;;
2052;7561887;3653473;3908414;83551;76611;-0.21;11.05;10.13;77.45;74.06;80.82;10.11;10.8;9.38;1.8;26.91;27.95;54.86;103.45;;;;;;;;;;;;;;;;;;;;;;;;;;;;;;;;
2053;7543659;3643180;3900479;82699;77791;-0.24;10.96;10.31;77.56;74.18;80.91;10.07;10.76;9.35;1.8;26.84;28.93;55.76;108.14;;;;;;;;;;;;;;;;;;;;;;;;;;;;;;;;
2054;7523382;3631921;3891461;81823;78983;-0.27;10.88;10.5;77.67;74.29;81;10.04;10.73;9.32;1.8;26.76;29.89;56.65;111.7;;;;;;;;;;;;;;;;;;;;;;;;;;;;;;;;
2055;7501013;3619677;3881336;80914;80188;-0.3;10.79;10.69;77.76;74.41;81.09;10.01;10.7;9.29;1.8;26.7;30.82;57.51;115.98;;;;;;;;;;;;;;;;;;;;;;;;;;;;;;;;
2056;7476542;3606446;3870096;80004;81368;-0.33;10.7;10.88;77.86;74.52;81.17;9.99;10.68;9.27;1.8;26.63;31.72;58.35;119.05;;;;;;;;;;;;;;;;;;;;;;;;;;;;;;;;
2057;7449981;3592240;3857741;79097;82551;-0.36;10.62;11.08;77.96;74.62;81.25;9.97;10.65;9.25;1.8;26.57;32.61;59.18;122.75;;;;;;;;;;;;;;;;;;;;;;;;;;;;;;;;
2058;7421317;3577051;3844266;78164;83734;-0.38;10.53;11.28;78.05;74.72;81.33;9.95;10.63;9.23;1.8;26.52;33.49;60.01;125.9;;;;;;;;;;;;;;;;;;;;;;;;;;;;;;;;
2059;7390534;3560873;3829661;77217;84910;-0.41;10.45;11.49;78.14;74.82;81.41;9.93;10.61;9.21;1.8;26.48;34.4;60.89;129.7;;;;;;;;;;;;;;;;;;;;;;;;;;;;;;;;
2060;7357617;3543701;3813916;76252;86088;-0.45;10.36;11.7;78.22;74.92;81.48;9.91;10.59;9.19;1.8;26.46;35.37;61.83;133.54;;;;;;;;;;;;;;;;;;;;;;;;;;;;;;;;
Faixas etárias;;;;;;;;;;;;;;;;;;;;;;;;;;;;;;;;;;;;;;;;;;;;;;;;;;;
Total;;;;;;;;;;;;;;;;;;;;;;;;;;;;;;;;;;;;;;;;;;;;;;;;;;;
Faixa/Ano;2010;2011;2012;2013;2014;2015;2016;2017;2018;2019;2020;2021;2022;2023;2024;2025;2026;2027;2028;2029;2030;2031;2032;2033;2034;2035;2036;2037;2038;2039;2040;2041;2042;2043;2044;2045;2046;2047;2048;2049;2050;2051;2052;2053;2054;2055;2056;2057;2058;2059;2060
Total;6710964;6757213;6798830;6836179;6875302;6916244;6955099;6994148;7035055;7075181;7114598;7153262;7191041;7227850;7263617;7298196;7331577;7363722;7394457;7423684;7451435;7477496;7501621;7523757;7543859;7561948;7578056;7592237;7604454;7614618;7622718;7628776;7632854;7634936;7634954;7632911;7628807;7622680;7614564;7604438;7592288;7578099;7561887;7543659;7523382;7501013;7476542;7449981;7421317;7390534;7357617
0-4;676810;657305;637117;615848;603329;597566;589382;586058;588944;589381;587403;586846;585310;581049;576627;571826;566681;561293;555564;549472;543195;536780;530273;523806;517433;511155;504974;498927;493025;487244;481555;475939;470413;464993;459700;454540;449479;444481;439584;434838;430236;425745;421340;416995;412681;408364;404031;399670;395238;390728;386156
05/set;696858;700966;706892;700896;685541;665960;646718;626801;605783;593482;587909;579928;576790;579848;580462;578658;578276;576914;572831;568585;563966;558980;553722;548096;542084;535853;529474;522999;516574;510230;503987;497837;491816;485943;480188;474526;468931;463427;458032;452761;447620;442578;437602;432718;427989;423404;418931;414539;410207;405908;401605
out/14;734880;724435;706042;695649;689135;684843;689134;695238;689448;674316;654966;635950;616261;595472;583380;578002;570222;567276;570511;571310;569685;569470;568240;564259;560082;555500;550537;545306;539699;533714;527501;521148;514696;508292;501970;495745;489616;483613;477753;472018;466372;460792;455301;449921;444664;439537;434506;429542;424671;419954;415380
15-19;691523;694700;701164;708674;713625;713869;703783;685785;675780;669646;665719;670322;676706;671253;656492;637533;618910;599616;579225;567493;562456;554984;552258;555625;556511;554943;554757;553558;549617;545479;540939;536015;530822;525255;519311;513133;506820;500406;494042;487750;481553;475461;469491;463660;457951;452331;446775;441309;435955;430722;425616
20-24;665689;661222;655729;650548;647756;648513;652337;659423;667534;673106;674011;664661;647468;638233;632846;629641;634874;641837;637074;623065;604891;586981;568261;548327;536877;531983;524631;521986;525390;526327;524824;524691;523547;519678;515613;511147;506292;501172;495673;489805;483697;477453;471107;464806;458580;452447;446411;440496;434722;429065;423491
25-29;603261;610230;615201;617988;618381;616321;612698;608053;603716;601734;603246;607787;615549;624322;630580;632226;623730;607487;599123;594566;592148;598021;605475;601217;587676;569870;552248;533812;514166;502918;498160;490960;488422;491871;492868;491448;491385;490312;486540;482567;478199;473437;468411;463006;457231;451215;445064;438808;432593;426450;420398
30-34;507358;523010;537487;550503;561786;571148;578521;583935;587200;588105;586595;583542;579473;575699;574247;576227;581199;589343;598485;605148;607263;599336;583702;575777;571534;569318;575236;582720;578627;565342;547834;530497;512348;492992;481941;477312;470255;467816;471302;472358;471017;471020;470021;466344;462463;458185;453517;448581;443266;437586;431662
35-39;408851;421740;437156;454223;471522;488079;503771;518311;531431;542850;552389;559971;565628;569172;570385;569223;566531;562831;559422;558295;560544;565732;574027;583275;590041;592274;584572;569247;561541;557475;555398;561356;568850;564898;551855;534626;517565;499687;480613;469754;465242;458326;455972;459488;460591;459323;459380;458442;454848;451048;446857
40-44;360370;366356;371493;376896;384250;394542;407386;422710;439652;456840;473307;488936;503450;516575;528039;537662;545364;551183;554918;556360;555470;553062;549646;546498;545575;547948;553201;561507;570750;577541;579864;572387;557393;549930;546055;544130;550114;557591;553785;540998;524072;507320;489750;470987;460340;455957;449197;446936;450466;451616;450423
45-49;309468;316861;324562;332273;339534;346160;352183;357389;362873;370253;380504;393242;408397;425135;442120;458415;473907;488315;501374;512818;522465;530243;536163;540039;541659;540985;538810;535646;532735;532004;534495;539800;548098;557309;564105;566512;559282;544677;537496;533845;532101;538094;545518;541869;529387;512828;496454;479266;460896;450507;446275
50-54;260467;266525;273049;279940;287022;294177;301495;309117;316754;323964;330568;336599;341855;347389;354757;364907;377463;392355;408782;425455;441475;456719;470923;483815;495146;504731;512505;518474;522454;524242;523793;521889;519013;516373;515853;518466;523811;532059;541191;547957;550433;543496;529375;522546;519160;517624;523600;530920;527452;515347;499261
55-59;219023;223794;228309;232811;237678;243143;249103;255508;262263;269209;276235;283425;290909;298417;305526;312062;318059;323328;328877;336184;346152;358420;372911;388867;405058;420638;435481;449339;461951;473065;482516;490228;496207;500283;502242;502042;500436;497894;495572;495290;498021;503371;511510;520487;527174;529704;523121;509609;503212;500157;498871
60-64;174685;179486;184734;190177;195460;200374;205024;209453;213872;218641;223963;229756;235971;242518;249253;256069;263046;270308;277595;284517;290903;296790;301999;307478;314623;324272;336087;349996;365294;380821;395783;410060;423416;435603;446380;455585;463151;469068;473181;475283;475325;474028;471839;469855;469797;472601;477889;485821;494532;501050;503590
65-69;138963;141393;144120;147230;150824;154940;159503;164478;169641;174664;179357;183817;188084;192354;196940;202040;207573;213492;219727;226132;232621;239265;246176;253114;259714;265819;271471;276515;281823;288685;297868;309054;322166;336556;351163;365267;378743;391375;402932;413184;421984;429267;435012;439079;441271;441537;440551;438730;437103;437270;440105
70-74;107817;109738;111369;112913;114624;116667;118996;121591;124524;127882;131701;135913;140499;145252;149895;154240;158395;162392;166395;170685;175428;180552;186022;191772;197671;203656;209781;216152;222550;228650;234308;239572;244309;249305;255706;264193;274470;286451;299569;312878;325758;338084;349660;360282;369739;377894;384692;390104;394007;396213;396676
75-79;72184;74698;77328;79913;82249;84255;86010;87550;89031;90656;92546;94677;97032;99666;102655;106039;109746;113776;117948;122033;125877;129561;133121;136695;140516;144712;149230;154039;159089;164268;169528;174908;180512;186132;191505;196500;201170;205416;209895;215598;223087;232098;242544;253942;265506;276722;287469;297586;306896;315211;322419
80-84;42270;43630;45163;46835;48638;50544;52550;54660;56753;58663;60327;61813;63153;64466;65894;67517;69324;71310;73510;75991;78774;81817;85112;88520;91856;95005;98038;100987;103949;107111;110562;114269;118200;122330;126558;130854;135251;139832;144429;148826;152922;156766;160300;164045;168787;174960;182331;190819;200039;209390;218475
85-89;23637;23503;23803;24393;25162;26036;27011;28107;29305;30592;31965;33405;34938;36468;37874;39116;40243;41280;42309;43420;44663;46037;47539;49189;51040;53104;55354;57785;60301;62765;65099;67350;69552;71765;74125;76690;79434;82341;85390;88510;91680;94930;98314;101712;104961;107991;110850;113500;116322;119884;124492
90+;16850;17621;18112;18469;18786;19107;19494;19981;20551;21197;21887;22672;23568;24562;25645;26793;28034;29386;30787;32155;33459;34746;36051;37388;38763;40182;41669;43242;44919;46737;48704;50816;53074;55428;57816;60195;62602;65062;67585;70218;72969;75833;78820;81917;85110;88389;91773;95303;98892;102428;105865
Homens;;;;;;;;;;;;;;;;;;;;;;;;;;;;;;;;;;;;;;;;;;;;;;;;;;;
Faixa/Ano;2010;2011;2012;2013;2014;2015;2016;2017;2018;2019;2020;2021;2022;2023;2024;2025;2026;2027;2028;2029;2030;2031;2032;2033;2034;2035;2036;2037;2038;2039;2040;2041;2042;2043;2044;2045;2046;2047;2048;2049;2050;2051;2052;2053;2054;2055;2056;2057;2058;2059;2060
Total;3329311;3348706;3365800;3380783;3396747;3413714;3429686;3445834;3463008;3479859;3496428;3512693;3528588;3544070;3559102;3573613;3587599;3601043;3613856;3625984;3637445;3648126;3657896;3666727;3674595;3681513;3687497;3692572;3696721;3699897;3702094;3703323;3703614;3702960;3701323;3698706;3695111;3690556;3685059;3678609;3671196;3662813;3653473;3643180;3631921;3619677;3606446;3592240;3577051;3560873;3543701
0-4;345051;335257;325077;314321;308023;305163;301052;299419;300952;301224;300256;300009;299257;297109;294874;292442;289832;287095;284181;281077;277879;274608;271288;267987;264732;261526;258368;255279;252262;249307;246398;243527;240700;237928;235222;232582;229993;227436;224930;222503;220148;217851;215597;213373;211166;208957;206740;204509;202240;199932;197592
05/set;353735;356299;359704;356985;349435;339649;329989;319948;309321;303133;300367;296360;294821;296437;296799;295918;295758;295091;293032;290887;288545;286015;283344;280483;277422;274249;270998;267694;264418;261178;257992;254850;251775;248775;245833;242938;240078;237263;234505;231810;229180;226601;224056;221559;219140;216796;214508;212260;210045;207845;205643
out/14;372445;367403;358291;353221;350143;348262;350907;354387;351762;344314;334635;325081;315148;304628;298535;295859;291946;290495;292192;292636;291834;291751;291144;289134;287022;284698;282182;279527;276676;273630;270466;267229;263938;260674;257446;254270;251141;248075;245082;242151;239265;236413;233606;230856;228169;225546;222975;220438;217947;215536;213198
15-19;347674;350004;354001;358495;361606;362223;357354;348442;343569;340683;338987;341777;345378;342916;335652;326172;316818;307089;296774;290863;288355;284596;283256;285014;285502;284735;284669;284082;282098;280013;277718;275228;272598;269771;266754;263614;260402;257137;253899;250692;247537;244431;241387;238413;235500;232631;229795;227005;224271;221600;218993
20-24;331257;328781;326040;323688;322754;323793;326469;330793;335598;339037;340010;335555;327110;322682;320226;318939;322066;325967;323889;317054;308030;299095;289707;279675;273942;271530;267862;266582;268366;268893;268174;268149;267603;265675;263643;261402;258965;256389;253614;250651;247563;244403;241190;238001;234843;231736;228671;225668;222736;219862;217029
25-29;297590;300458;302417;303368;303190;301848;299883;297651;295805;295347;296825;299908;304609;309783;313610;315014;311079;303229;299332;297378;296562;300055;304232;302463;295936;287174;278456;269281;259467;253884;251573;248019;246820;248638;249210;248556;248583;248091;246236;244277;242108;239742;237237;234531;231640;228622;225533;222387;219266;216170;213124
30-34;249167;256280;262798;268595;273554;277592;280704;282936;284180;284322;283326;281719;279847;278353;278217;279972;283305;288221;293604;297667;299354;295783;288334;284719;282969;282284;285805;290002;288350;282009;273462;264949;255982;246377;240937;238718;235267;234141;235985;236601;236006;236081;235641;233857;231963;229859;227564;225126;222483;219663;216711
35-39;200438;206370;213455;221286;229204;236766;243894;250446;256306;261349;265498;268745;271131;272554;272898;272128;270755;269122;267858;267925;269842;273299;278297;283734;287854;289618;286200;278964;275498;273865;273273;276816;281016;279461;273286;264932;256612;247833;238424;233116;230979;227626;226561;228424;229074;228531;228643;228246;226523;224685;222642
40-44;175607;178539;181007;183543;186948;191687;197586;204607;212355;220200;227704;234790;241327;247191;252261;256464;259789;262276;263822;264310;263711;262517;261059;259953;260138;262120;265604;270596;276018;280148;281964;278690;271669;268354;266837;266338;269890;274079;272618;266610;258453;250330;241752;232544;227373;225319;222067;221062;222935;223617;223122
45-49;149556;153095;156816;160567;164116;167367;170306;172804;175377;178791;183499;189330;196247;203870;211596;218997;226001;232478;238304;243364;247585;250956;253507;255140;255739;255273;254222;252913;251945;252234;254274;257775;262746;268134;272254;274109;270983;264198;261054;259670;259279;262830;266979;265611;259788;251856;243968;235627;226663;221651;219691
50-54;124981;127848;130920;134157;137492;140873;144352;148010;151702;155206;158430;161363;163879;166472;169873;174517;180242;187004;194448;201995;209237;216103;222467;228206;233210;237407;240786;243376;245076;245782;245454;244565;243423;242608;243008;245100;248600;253518;258838;262923;264808;261852;255351;252410;251177;250903;254432;258514;257248;251650;244002
55-59;104694;106565;108476;110503;112755;115307;118099;121085;124229;127470;130761;134149;137713;141315;144741;147910;150806;153318;155911;159271;163808;169365;175900;183076;190353;197350;203995;210171;215761;220651;224783;228137;230743;232504;233314;233136;232424;231471;230830;231351;233481;236954;241776;246974;250984;252875;250114;243964;241274;240229;240095
60-64;85194;86906;88717;90579;92433;94239;96052;97912;99880;102061;104514;107196;110057;113068;116176;119333;122585;126005;129460;132761;135827;138643;141109;143655;146918;151272;156572;162780;169588;176494;183148;189478;195375;200731;205439;209442;212721;215300;217087;217984;217951;217415;216657;216189;216809;218941;222331;226985;231982;235854;237719
65-69;68025;68922;69933;71083;72396;73883;75496;77200;78955;80708;82423;84147;85921;87796;89862;92175;94695;97376;100197;103106;106065;109114;112317;115558;118658;121548;124219;126581;129023;132123;136213;141162;146927;153228;159625;165800;171687;177185;182196;186620;190406;193537;196025;197794;198744;198844;198482;197921;197630;198340;200435
70-74;51892;52531;53128;53733;54397;55161;56020;56980;58061;59276;60639;62109;63664;65266;66870;68439;70026;71660;73387;75276;77378;79659;82081;84622;87241;89911;92659;95546;98469;101273;103895;106333;108510;110772;113607;117310;121758;126904;132513;138204;143714;148977;153906;158414;162415;165859;168736;171049;172735;173697;173910
75-79;34933;35757;36550;37297;37985;38610;39195;39761;40337;40963;41663;42441;43299;44252;45313;46495;47757;49092;50464;51845;53200;54571;55984;57480;59108;60903;62845;64899;67054;69274;71540;73871;76324;78802;81189;83426;85518;87410;89376;91825;94989;98758;103089;107788;112557;117188;121617;125777;129596;132998;135949
80-84;19727;20269;20893;21555;22216;22853;23479;24093;24685;25238;25747;26233;26716;27212;27744;28324;28959;29658;30423;31267;32195;33183;34225;35296;36372;37433;38509;39625;40802;42077;43474;44981;46568;48236;49950;51703;53506;55403;57324;59175;60912;62546;64041;65604;67539;70015;72937;76268;79859;83504;87051
85-89;10609;10340;10352;10533;10809;11127;11484;11893;12330;12764;13188;13606;14025;14435;14821;15182;15532;15882;16246;16632;17044;17495;17988;18521;19106;19741;20417;21127;21857;22594;23323;24061;24831;25641;26518;27471;28497;29577;30710;31873;33066;34292;35583;36893;38154;39339;40460;41494;42583;43926;45632
90+;6736;7082;7225;7274;7291;7311;7365;7467;7604;7773;7956;8175;8439;8731;9034;9333;9648;9985;10332;10670;10994;11318;11657;12011;12373;12741;13129;13547;13993;14468;14970;15503;16066;16651;17251;17859;18486;19146;19838;20573;21351;22174;23039;23945;24886;25860;26873;27940;29035;30114;31163
Mulheres;;;;;;;;;;;;;;;;;;;;;;;;;;;;;;;;;;;;;;;;;;;;;;;;;;;
Faixa/Ano;2010;2011;2012;2013;2014;2015;2016;2017;2018;2019;2020;2021;2022;2023;2024;2025;2026;2027;2028;2029;2030;2031;2032;2033;2034;2035;2036;2037;2038;2039;2040;2041;2042;2043;2044;2045;2046;2047;2048;2049;2050;2051;2052;2053;2054;2055;2056;2057;2058;2059;2060
Total;3381653;3408507;3433030;3455396;3478555;3502530;3525413;3548314;3572047;3595322;3618170;3640569;3662453;3683780;3704515;3724583;3743978;3762679;3780601;3797700;3813990;3829370;3843725;3857030;3869264;3880435;3890559;3899665;3907733;3914721;3920624;3925453;3929240;3931976;3933631;3934205;3933696;3932124;3929505;3925829;3921092;3915286;3908414;3900479;3891461;3881336;3870096;3857741;3844266;3829661;3813916
0-4;331759;322048;312040;301527;295306;292403;288330;286639;287992;288157;287147;286837;286053;283940;281753;279384;276849;274198;271383;268395;265316;262172;258985;255819;252701;249629;246606;243648;240763;237937;235157;232412;229713;227065;224478;221958;219486;217045;214654;212335;210088;207894;205743;203622;201515;199407;197291;195161;192998;190796;188564
05/set;343123;344667;347188;343911;336106;326311;316729;306853;296462;290349;287542;283568;281969;283411;283663;282740;282518;281823;279799;277698;275421;272965;270378;267613;264662;261604;258476;255305;252156;249052;245995;242987;240041;237168;234355;231588;228853;226164;223527;220951;218440;215977;213546;211159;208849;206608;204423;202279;200162;198063;195962
out/14;362435;357032;347751;342428;338992;336581;338227;340851;337686;330002;320331;310869;301113;290844;284845;282143;278276;276781;278319;278674;277851;277719;277096;275125;273060;270802;268355;265779;263023;260084;257035;253919;250758;247618;244524;241475;238475;235538;232671;229867;227107;224379;221695;219065;216495;213991;211531;209104;206724;204418;202182
15-19;343849;344696;347163;350179;352019;351646;346429;337343;332211;328963;326732;328545;331328;328337;320840;311361;302092;292527;282451;276630;274101;270388;269002;270611;271009;270208;270088;269476;267519;265466;263221;260787;258224;255484;252557;249519;246418;243269;240143;237058;234016;231030;228104;225247;222451;219700;216980;214304;211684;209122;206623
20-24;334432;332441;329689;326860;325002;324720;325868;328630;331936;334069;334001;329106;320358;315551;312620;310702;312808;315870;313185;306011;296861;287886;278554;268652;262935;260453;256769;255404;257024;257434;256650;256542;255944;254003;251970;249745;247327;244783;242059;239154;236134;233050;229917;226805;223737;220711;217740;214828;211986;209203;206462
25-29;305671;309772;312784;314620;315191;314473;312815;310402;307911;306387;306421;307879;310940;314539;316970;317212;312651;304258;299791;297188;295586;297966;301243;298754;291740;282696;273792;264531;254699;249034;246587;242941;241602;243233;243658;242892;242802;242221;240304;238290;236091;233695;231174;228475;225591;222593;219531;216421;213327;210280;207274
30-34;258191;266730;274689;281908;288232;293556;297817;300999;303020;303783;303269;301823;299626;297346;296030;296255;297894;301122;304881;307481;307909;303553;295368;291058;288565;287034;289431;292718;290277;283333;274372;265548;256366;246615;241004;238594;234988;233675;235317;235757;235011;234939;234380;232487;230500;228326;225953;223455;220783;217923;214951
35-39;208413;215370;223701;232937;242318;251313;259877;267865;275125;281501;286891;291226;294497;296618;297487;297095;295776;293709;291564;290370;290702;292433;295730;299541;302187;302656;298372;290283;286043;283610;282125;284540;287834;285437;278569;269694;260953;251854;242189;236638;234263;230700;229411;231064;231517;230792;230737;230196;228325;226363;224215
40-44;184763;187817;190486;193353;197302;202855;209800;218103;227297;236640;245603;254146;262123;269384;275778;281198;285575;288907;291096;292050;291759;290545;288587;286545;285437;285828;287597;290911;294732;297393;297900;293697;285724;281576;279218;277792;280224;283512;281167;274388;265619;256990;247998;238443;232967;230638;227130;225874;227531;227999;227301
45-49;159912;163766;167746;171706;175418;178793;181877;184585;187496;191462;197005;203912;212150;221265;230524;239418;247906;255837;263070;269454;274880;279287;282656;284899;285920;285712;284588;282733;280790;279770;280221;282025;285352;289175;291851;292403;288299;280479;276442;274175;272822;275264;278539;276258;269599;260972;252486;243639;234233;228856;226584
50-54;135486;138677;142129;145783;149530;153304;157143;161107;165052;168758;172138;175236;177976;180917;184884;190390;197221;205351;214334;223460;232238;240616;248456;255609;261936;267324;271719;275098;277378;278460;278339;277324;275590;273765;272845;273366;275211;278541;282353;285034;285625;281644;274024;270136;267983;266721;269168;272406;270204;263697;255259
55-59;114329;117229;119833;122308;124923;127836;131004;134423;138034;141739;145474;149276;153196;157102;160785;164152;167253;170010;172966;176913;182344;189055;197011;205791;214705;223288;231486;239168;246190;252414;257733;262091;265464;267779;268928;268906;268012;266423;264742;263939;264540;266417;269734;273513;276190;276829;273007;265645;261938;259928;258776
60-64;89491;92580;96017;99598;103027;106135;108972;111541;113992;116580;119449;122560;125914;129450;133077;136736;140461;144303;148135;151756;155076;158147;160890;163823;167705;173000;179515;187216;195706;204327;212635;220582;228041;234872;240941;246143;250430;253768;256094;257299;257374;256613;255182;253666;252988;253660;255558;258836;262550;265196;265871
65-69;70938;72471;74187;76147;78428;81057;84007;87278;90686;93956;96934;99670;102163;104558;107078;109865;112878;116116;119530;123026;126556;130151;133859;137556;141056;144271;147252;149934;152800;156562;161655;167892;175239;183328;191538;199467;207056;214190;220736;226564;231578;235730;238987;241285;242527;242693;242069;240809;239473;238930;239670
70-74;55925;57207;58241;59180;60227;61506;62976;64611;66463;68606;71062;73804;76835;79986;83025;85801;88369;90732;93008;95409;98050;100893;103941;107150;110430;113745;117122;120606;124081;127377;130413;133239;135799;138533;142099;146883;152712;159547;167056;174674;182044;189107;195754;201868;207324;212035;215956;219055;221272;222516;222766
75-79;37251;38941;40778;42616;44264;45645;46815;47789;48694;49693;50883;52236;53733;55414;57342;59544;61989;64684;67484;70188;72677;74990;77137;79215;81408;83809;86385;89140;92035;94994;97988;101037;104188;107330;110316;113074;115652;118006;120519;123773;128098;133340;139455;146154;152949;159534;165852;171809;177300;182213;186470
80-84;22543;23361;24270;25280;26422;27691;29071;30567;32068;33425;34580;35580;36437;37254;38150;39193;40365;41652;43087;44724;46579;48634;50887;53224;55484;57572;59529;61362;63147;65034;67088;69288;71632;74094;76608;79151;81745;84429;87105;89651;92010;94220;96259;98441;101248;104945;109394;114551;120180;125886;131424
85-89;13028;13163;13451;13860;14353;14909;15527;16214;16975;17828;18777;19799;20913;22033;23053;23934;24711;25398;26063;26788;27619;28542;29551;30668;31934;33363;34937;36658;38444;40171;41776;43289;44721;46124;47607;49219;50937;52764;54680;56637;58614;60638;62731;64819;66807;68652;70390;72006;73739;75958;78860
90+;10114;10539;10887;11195;11495;11796;12129;12514;12947;13424;13931;14497;15129;15831;16611;17460;18386;19401;20455;21485;22465;23428;24394;25377;26390;27441;28540;29695;30926;32269;33734;35313;37008;38777;40565;42336;44116;45916;47747;49645;51618;53659;55781;57972;60224;62529;64900;67363;69857;72314;74702
Brasil;;;;;;;;;;;;;;;;;;;;;;;;;;;;;;;;;;;;;;;;;;;;;;;;;;;
Dados;;;;;;;;;;;;;;;;;;;;;;;;;;;;;;;;;;;;;;;;;;;;;;;;;;;
Ano;População total;Homens;Mulheres;Nascimentos;Óbitos;Taxa de Crescimento Geométrico;Taxa Bruta de Natalidade;Taxa Bruta de Mortalidade;Esperança de Vida ao Nascer;Esperança de Vida ao Nascer - Homens;Esperança de Vida ao Nascer - Mulheres;Taxa de Mortalidade Infantil;Taxa de Mortalidade Infantil - Homens;Taxa de Mortalidade Infantil - Mulheres;Taxa de Fecundidade Total;Razão de Dependência - Jovens 0 a 14 anos;Razão de Dependência - Idosos 65 ou mais anos;Razão de Dependência;Índice de Envelhecimento;;;;;;;;;;;;;;;;;;;;;;;;;;;;;;;;
2010;194890682;95513298;99377384;2939435;1240083;x;15.08;6.36;73.86;70.21;77.6;17.22;18.76;15.59;1.75;36.32;10.77;47.09;29.55;;;;;;;;;;;;;;;;;;;;;;;;;;;;;;;;
2011;196603732;96322635;100281097;2974525;1247751;0.88;15.13;6.35;74.2;70.57;77.91;16.43;17.86;14.92;1.76;35.37;10.99;46.36;30.99;;;;;;;;;;;;;;;;;;;;;;;;;;;;;;;;
2012;198314934;97132054;101182880;2953890;1258235;0.87;14.89;6.34;74.52;70.91;78.22;15.69;17.03;14.29;1.75;34.45;11.24;45.68;32.63;;;;;;;;;;;;;;;;;;;;;;;;;;;;;;;;
2013;200004188;97931331;102072857;2953178;1270306;0.85;14.77;6.35;74.84;71.25;78.51;15.02;16.27;13.7;1.74;33.56;11.51;45.07;34.2;;;;;;;;;;;;;;;;;;;;;;;;;;;;;;;;
2014;201717541;98744098;102973443;3028202;1284346;0.86;15.01;6.37;75.14;71.57;78.78;14.4;15.58;13.16;1.78;32.78;11.81;44.59;36.12;;;;;;;;;;;;;;;;;;;;;;;;;;;;;;;;
2015;203475683;99581002;103894681;3070979;1299541;0.87;15.09;6.39;75.44;71.88;79.05;13.82;14.93;12.65;1.8;32.15;12.13;44.29;37.67;;;;;;;;;;;;;;;;;;;;;;;;;;;;;;;;
2016;205156587;100379640;104776947;2901053;1314164;0.83;14.14;6.41;75.72;72.18;79.31;13.29;14.35;12.19;1.7;31.57;12.49;44.05;39.73;;;;;;;;;;;;;;;;;;;;;;;;;;;;;;;;
2017;206804741;101163599;105641142;3020743;1330811;0.8;14.61;6.44;75.99;72.46;79.56;12.81;13.8;11.75;1.78;31.11;12.87;43.98;41.2;;;;;;;;;;;;;;;;;;;;;;;;;;;;;;;;
2018;208494900;101971173;106523727;3003585;1349693;0.82;14.41;6.47;76.25;72.74;79.8;12.35;13.31;11.35;1.77;30.75;13.28;44.03;43.19;;;;;;;;;;;;;;;;;;;;;;;;;;;;;;;;
2019;210147125;102760295;107386830;2984414;1368954;0.79;14.2;6.51;76.5;73;80.03;11.94;12.85;10.98;1.77;30.42;13.72;44.14;45.02;;;;;;;;;;;;;;;;;;;;;;;;;;;;;;;;
2020;211755692;103527689;108228003;2963516;1389144;0.77;13.99;6.56;76.74;73.26;80.25;11.56;12.43;10.64;1.76;30.11;14.18;44.29;46.89;;;;;;;;;;;;;;;;;;;;;;;;;;;;;;;;
2021;213317639;104271843;109045796;2940629;1410602;0.74;13.79;6.61;76.97;73.5;80.46;11.2;12.04;10.32;1.76;29.83;14.67;44.5;49.51;;;;;;;;;;;;;;;;;;;;;;;;;;;;;;;;
2022;214828540;104990487;109838053;2913688;1433605;0.71;13.56;6.67;77.19;73.74;80.67;10.88;11.68;10.03;1.75;29.63;15.19;44.82;51.22;;;;;;;;;;;;;;;;;;;;;;;;;;;;;;;;
2023;216284269;105681529;110602740;2885501;1458023;0.68;13.34;6.74;77.4;73.96;80.86;10.58;11.36;9.75;1.75;29.43;15.74;45.17;53.2;;;;;;;;;;;;;;;;;;;;;;;;;;;;;;;;
2024;217684462;106345043;111339419;2856690;1483777;0.65;13.12;6.82;77.6;74.17;81.05;10.3;11.05;9.5;1.74;29.26;16.31;45.56;55.72;;;;;;;;;;;;;;;;;;;;;;;;;;;;;;;;
2025;219029093;106981304;112047789;2827039;1510693;0.62;12.91;6.9;77.8;74.38;81.22;10.04;10.77;9.27;1.74;29.11;16.9;46.01;58.29;;;;;;;;;;;;;;;;;;;;;;;;;;;;;;;;
2026;220316530;107589495;112727035;2797674;1539159;0.59;12.7;6.99;77.98;74.57;81.39;9.8;10.51;9.05;1.74;28.95;17.51;46.45;60.61;;;;;;;;;;;;;;;;;;;;;;;;;;;;;;;;
2027;221545234;108168830;113376404;2768000;1569117;0.56;12.49;7.08;78.16;74.76;81.56;9.58;10.27;8.85;1.73;28.77;18.14;46.9;62.76;;;;;;;;;;;;;;;;;;;;;;;;;;;;;;;;
2028;222713669;108718587;113995082;2738355;1600375;0.53;12.3;7.19;78.32;74.94;81.71;9.37;10.05;8.66;1.73;28.59;18.78;47.37;65.46;;;;;;;;;;;;;;;;;;;;;;;;;;;;;;;;
2029;223821305;109238514;114582791;2710134;1632845;0.5;12.11;7.3;78.49;75.11;81.86;9.18;9.84;8.49;1.72;28.36;19.42;47.79;68.23;;;;;;;;;;;;;;;;;;;;;;;;;;;;;;;;
2030;224868462;109728762;115139700;2683440;1666427;0.47;11.93;7.41;78.64;75.28;82;9.01;9.65;8.33;1.72;28.08;20.06;48.14;71.05;;;;;;;;;;;;;;;;;;;;;;;;;;;;;;;;
2031;225854415;110189007;115665408;2655850;1700970;0.44;11.76;7.53;78.78;75.43;82.14;8.85;9.48;8.18;1.72;27.84;20.71;48.55;74.33;;;;;;;;;;;;;;;;;;;;;;;;;;;;;;;;
2032;226777802;110618592;116159210;2628742;1736861;0.41;11.59;7.66;78.92;75.58;82.27;8.7;9.32;8.05;1.72;27.61;21.36;48.97;77.3;;;;;;;;;;;;;;;;;;;;;;;;;;;;;;;;
2033;227638581;111017537;116621044;2603540;1773877;0.38;11.44;7.79;79.05;75.72;82.39;8.57;9.18;7.92;1.71;27.32;22.01;49.33;80.33;;;;;;;;;;;;;;;;;;;;;;;;;;;;;;;;
2034;228437122;111386062;117051060;2579544;1812136;0.35;11.29;7.93;79.18;75.86;82.51;8.44;9.04;7.81;1.71;27.04;22.65;49.69;83.43;;;;;;;;;;;;;;;;;;;;;;;;;;;;;;;;
2035;229173685;111724392;117449293;2557147;1851454;0.32;11.16;8.08;79.3;75.99;82.62;8.32;8.92;7.7;1.71;26.76;23.28;50.04;87.08;;;;;;;;;;;;;;;;;;;;;;;;;;;;;;;;
2036;229847832;112032426;117815406;2534413;1891832;0.29;11.03;8.23;79.42;76.11;82.73;8.22;8.8;7.6;1.7;26.48;23.9;50.39;90.34;;;;;;;;;;;;;;;;;;;;;;;;;;;;;;;;
2037;230459062;112309958;118149104;2513030;1933167;0.27;10.9;8.39;79.53;76.23;82.83;8.12;8.69;7.51;1.7;26.22;24.52;50.74;93.68;;;;;;;;;;;;;;;;;;;;;;;;;;;;;;;;
2038;231007871;112557327;118450544;2493021;1975283;0.24;10.79;8.55;79.63;76.34;82.93;8.02;8.59;7.42;1.7;25.97;25.13;51.1;96.51;;;;;;;;;;;;;;;;;;;;;;;;;;;;;;;;
2039;231494650;112774820;118719830;2473758;2017958;0.21;10.69;8.72;79.73;76.45;83.02;7.93;8.49;7.34;1.7;25.74;25.77;51.52;100;;;;;;;;;;;;;;;;;;;;;;;;;;;;;;;;
2040;231919922;112962751;118957171;2455519;2060782;0.18;10.59;8.89;79.83;76.55;83.11;7.85;8.4;7.27;1.69;25.54;26.46;51.99;103.57;;;;;;;;;;;;;;;;;;;;;;;;;;;;;;;;
2041;232284233;113121438;119162795;2437785;2103915;0.16;10.49;9.06;79.92;76.65;83.2;7.77;8.32;7.2;1.69;25.35;27.18;52.53;107.23;;;;;;;;;;;;;;;;;;;;;;;;;;;;;;;;
2042;232588580;113251454;119337126;2422219;2147419;0.13;10.41;9.23;80;76.74;83.28;7.7;8.24;7.13;1.69;25.19;27.93;53.13;110.3;;;;;;;;;;;;;;;;;;;;;;;;;;;;;;;;
2043;232834065;113353443;119480622;2407325;2191168;0.11;10.34;9.41;80.09;76.83;83.36;7.63;8.16;7.06;1.69;25.06;28.73;53.78;114.72;;;;;;;;;;;;;;;;;;;;;;;;;;;;;;;;
2044;233020996;113427597;119593399;2392409;2234730;0.08;10.27;9.59;80.17;76.92;83.43;7.56;8.09;7;1.69;24.94;29.55;54.49;118.63;;;;;;;;;;;;;;;;;;;;;;;;;;;;;;;;
2045;233149625;113474061;119675564;2377677;2278119;0.06;10.2;9.77;80.24;77;83.5;7.5;8.02;6.95;1.68;24.85;30.4;55.25;122.5;;;;;;;;;;;;;;;;;;;;;;;;;;;;;;;;
2046;233220257;113493052;119727205;2363150;2321466;0.03;10.13;9.95;80.31;77.08;83.57;7.44;7.96;6.9;1.68;24.77;31.27;56.04;125.79;;;;;;;;;;;;;;;;;;;;;;;;;;;;;;;;
2047;233233670;113485011;119748659;2349527;2364398;0.01;10.07;10.14;80.38;77.16;83.63;7.39;7.9;6.84;1.68;24.72;32.17;56.89;129.75;;;;;;;;;;;;;;;;;;;;;;;;;;;;;;;;
2048;233190482;113450253;119740229;2335541;2407046;-0.02;10.02;10.32;80.45;77.23;83.7;7.33;7.84;6.8;1.68;24.68;33.08;57.76;134.62;;;;;;;;;;;;;;;;;;;;;;;;;;;;;;;;
2049;233090464;113388652;119701812;2320604;2449148;-0.04;9.96;10.51;80.51;77.3;83.75;7.29;7.79;6.75;1.68;24.66;33.99;58.64;138.06;;;;;;;;;;;;;;;;;;;;;;;;;;;;;;;;
2050;232933276;113300060;119633216;2304717;2490559;-0.07;9.89;10.69;80.57;77.37;83.81;7.24;7.74;6.71;1.68;24.64;34.88;59.52;142.21;;;;;;;;;;;;;;;;;;;;;;;;;;;;;;;;
2051;232719169;113184593;119534576;2288973;2531362;-0.09;9.84;10.88;80.63;77.43;83.86;7.2;7.69;6.67;1.67;24.63;35.76;60.38;144.81;;;;;;;;;;;;;;;;;;;;;;;;;;;;;;;;
2052;232448867;113042592;119406275;2273127;2571362;-0.12;9.78;11.06;80.68;77.49;83.91;7.16;7.65;6.64;1.67;24.62;36.62;61.24;148.37;;;;;;;;;;;;;;;;;;;;;;;;;;;;;;;;
2053;232122448;112874076;119248372;2255972;2610595;-0.14;9.72;11.25;80.74;77.55;83.96;7.12;7.61;6.6;1.67;24.62;37.45;62.07;151.97;;;;;;;;;;;;;;;;;;;;;;;;;;;;;;;;
2054;231739632;112678873;119060759;2237804;2648830;-0.16;9.66;11.43;80.78;77.61;84;7.08;7.57;6.57;1.67;24.62;38.26;62.89;155.63;;;;;;;;;;;;;;;;;;;;;;;;;;;;;;;;
2055;231300323;112456873;118843450;2218450;2686056;-0.19;9.59;11.61;80.83;77.66;84.04;7.05;7.54;6.54;1.67;24.63;39.05;63.68;159.33;;;;;;;;;;;;;;;;;;;;;;;;;;;;;;;;
2056;230805223;112208379;118596844;2199622;2722232;-0.21;9.53;11.79;80.88;77.71;84.08;7.02;7.5;6.51;1.67;24.63;39.81;64.43;161.33;;;;;;;;;;;;;;;;;;;;;;;;;;;;;;;;
2057;230255685;111934042;118321643;2180831;2757317;-0.24;9.47;11.98;80.92;77.76;84.12;6.99;7.47;6.48;1.66;24.62;40.52;65.15;164.43;;;;;;;;;;;;;;;;;;;;;;;;;;;;;;;;
2058;229652286;111634119;118018167;2161015;2791329;-0.26;9.41;12.15;80.96;77.81;84.16;6.96;7.44;6.46;1.66;24.62;41.22;65.84;168.24;;;;;;;;;;;;;;;;;;;;;;;;;;;;;;;;
2059;228995541;111308845;117686696;2141033;2824224;-0.29;9.35;12.33;81;77.86;84.19;6.94;7.41;6.44;1.66;24.61;41.91;66.53;170.27;;;;;;;;;;;;;;;;;;;;;;;;;;;;;;;;
2060;228286347;110958642;117327705;2120842;2856059;-0.31;9.29;12.51;81.04;77.9;84.23;6.91;7.39;6.42;1.66;24.61;42.62;67.23;173.47;;;;;;;;;;;;;;;;;;;;;;;;;;;;;;;;
Faixas etárias;;;;;;;;;;;;;;;;;;;;;;;;;;;;;;;;;;;;;;;;;;;;;;;;;;;
Total;;;;;;;;;;;;;;;;;;;;;;;;;;;;;;;;;;;;;;;;;;;;;;;;;;;
Faixa/Ano;2010;2011;2012;2013;2014;2015;2016;2017;2018;2019;2020;2021;2022;2023;2024;2025;2026;2027;2028;2029;2030;2031;2032;2033;2034;2035;2036;2037;2038;2039;2040;2041;2042;2043;2044;2045;2046;2047;2048;2049;2050;2051;2052;2053;2054;2055;2056;2057;2058;2059;2060
Total;194890682;196603732;198314934;200004188;201717541;203475683;205156587;206804741;208494900;210147125;211755692;213317639;214828540;216284269;217684462;219029093;220316530;221545234;222713669;223821305;224868462;225854415;226777802;227638581;228437122;229173685;229847832;230459062;231007871;231494650;231919922;232284233;232588580;232834065;233020996;233149625;233220257;233233670;233190482;233090464;232933276;232719169;232448867;232122448;231739632;231300323;230805223;230255685;229652286;228995541;228286347
0-4;14858280;14697433;14624301;14567170;14570070;14677159;14715112;14720776;14787557;14798332;14730311;14703281;14675523;14569055;14452355;14326234;14192256;14053426;13912226;13770272;13629815;13491399;13354905;13221642;13092489;12967369;12846604;12730937;12620549;12514918;12413588;12316709;12225086;12138798;12057106;11979238;11904624;11832490;11761709;11691308;11620256;11547982;11473958;11397201;11317212;11233863;11147191;11057520;10965028;10870292;10774218
05/set;15865195;15600504;15387507;15203145;15029641;14824271;14664918;14593299;14537829;14542132;14650311;14689394;14695773;14762671;14773628;14705941;14679311;14652033;14546208;14430226;14304778;14171490;14033278;13892710;13751331;13611405;13473529;13337523;13204728;13076037;12951361;12830995;12715703;12605672;12500387;12399373;12302790;12211456;12125433;12043993;11966376;11891973;11820071;11749531;11679356;11608504;11536459;11462615;11386046;11306224;11223031
out/14;17397304;17216843;16880174;16495325;16131984;15840860;15577214;15365237;15182024;15009676;14805478;14647164;14576191;14520972;14525347;14633526;14672711;14679300;14746432;14757724;14690423;14664114;14637176;14531700;14416109;14291049;14158125;14020272;13880038;13738984;13599376;13461829;13326122;13193611;13065182;12940762;12820626;12705545;12595720;12490655;12389855;12293466;12202305;12116445;12035156;11957694;11883455;11811703;11741278;11671246;11600532
15-19;17219086;17238401;17315601;17402809;17424089;17334096;17155615;16821630;16439846;16079464;15790863;15529387;15318916;15136923;14965724;14762869;14605891;14536019;14481942;14487286;14596110;14635967;14643187;14710785;14722659;14656163;14630405;14603997;14499263;14384409;14260078;14127872;13990752;13851207;13710840;13571863;13434947;13299846;13167907;13040010;12916108;12796510;12681921;12572557;12467934;12367551;12271531;12180736;12095228;12014265;11937109
20-24;17476779;17396868;17296030;17195219;17124785;17100769;17122881;17203520;17294780;17319853;17233266;17057794;16726717;16347561;15989803;15703800;15444924;15236871;15057313;14888503;14688175;14533531;14465563;14413260;14420025;14529708;14570602;14578856;14647162;14659931;14594614;14569782;14544238;14440723;14327061;14203946;14072906;13936948;13798559;13659314;13521425;13385549;13251456;13120499;12993545;12870528;12751775;12637977;12529386;12425516;12325847
25-29;17334110;17423848;17454135;17436877;17391346;17331851;17256322;17161679;17068593;17004904;16985866;17011218;17092427;17182193;17206153;17119972;16946247;16618500;16243415;15889766;15607291;15351552;15146240;14969263;14802897;14605190;14452983;14386955;14336521;14344709;14455193;14497153;14506501;14575436;14589082;14524961;14501063;14476422;14374170;14261783;14139942;14010163;13875462;13738287;13600246;13463536;13328803;13195813;13065893;12939931;12817887
30-34;15955949;16275019;16567575;16822855;17028854;17178656;17271648;17306947;17296659;17258318;17205416;17135646;17044190;16951251;16886952;16867543;16892885;16974395;17065211;17091062;17007393;16836728;16512899;16141856;15792033;15512843;15259983;15057188;14882572;14718488;14523256;14373318;14309113;14260407;14269902;14381026;14423898;14434174;14503630;14518027;14455019;14431957;14408126;14307058;14195853;14075191;13946610;13813084;13677088;13540196;13404578
35-39;14075108;14350827;14689558;15066579;15441748;15787821;16107943;16402815;16661965;16872342;17026545;17123723;17161844;17152616;17115112;17063584;16995707;16906691;16816670;16755274;16738294;16765601;16848588;16940702;16968189;16886844;16719129;16399166;16032170;15686230;15410325;15160396;14960090;14787787;14625966;14433207;14285523;14223058;14175984;14186704;14298311;14341981;14353071;14422945;14437977;14376076;14353778;14330671;14230768;14120755;14001307
40-44;13184170;13311309;13414041;13519509;13668343;13884283;14161178;14500831;14879035;15255513;15602974;15924417;16219710;16478229;16688213;16842846;16941312;16981681;16975459;16941357;16893256;16828804;16743240;16656520;16598022;16583446;16612647;16696902;16790065;16818996;16739962;16575282;16259556;15897111;15555535;15283397;15036761;14839171;14669407;14510049;14320041;14174828;14114206;14068807;14080737;14192649;14236987;14248844;14318948;14334584;14273861
45-49;11992439;12218181;12426314;12615601;12784211;12933598;13064058;13171048;13281287;13434076;13652504;13930420;14269004;14644402;15017933;15363171;15683089;15977567;16236139;16446903;16602926;16703462;16746553;16743579;16713006;16668492;16607681;16525845;16442743;16387431;16375387;16406437;16491724;16585608;16615819;16539189;16377988;16067408;15710668;15374594;15107158;14864721;14670479;14503796;14347422;14160785;14018586;13960052;13916591;13929788;14041783
50-54;10276773;10574366;10868062;11152415;11419933;11666086;11892707;12102371;12293932;12465329;12617804;12751592;12861867;12974530;13128538;13346782;13623237;13959030;14330885;14700984;15043388;15361008;15653779;15911350;16121912;16278600;16380728;16426408;16426757;16399939;16359306;16302574;16224958;16146006;16094242;16084875;16117711;16203642;16297801;16329111;16255195;16098244;15794311;15445094;15116301;14855005;14618039;14428117;14265353;14112793;13930535
55-59;8387564;8679820;8977656;9278724;9579705;9877881;10172542;10463716;10746091;11012111;11257277;11483368;11692613;11883880;12055490;12208751;12343963;12456465;12571436;12726473;12943766;13217366;13548288;13914012;14277951;14615019;14928011;15216929;15471607;15680383;15836527;15939411;15987269;15990939;15968053;15931630;15879345;15806522;15732281;15684468;15677945;15712380;15798347;15891980;15924009;15853162;15701406;15406171;15066946;14747850;14494713
60-64;6596741;6859058;7119004;7379912;7647936;7926230;8211893;8503042;8797470;9091910;9383728;9672175;9957156;10233460;10493988;10734491;10956693;11162776;11351609;11521660;11673982;11809015;11922324;12038067;12192258;12406090;12673729;12996043;13351492;13705082;14032901;14337648;14619346;14868106;15072540;15226101;15328313;15377469;15384059;15365094;15332980;15285499;15218052;15149158;15105746;15102049;15137666;15222586;15314436;15346470;15279016
65-69;4905988;5095516;5318713;5565313;5819304;6071240;6322755;6572590;6823731;7081680;7349244;7623733;7903288;8185834;8468411;8748627;9025766;9299757;9565627;9816554;10048512;10263166;10462649;10645868;10811283;10959940;11092321;11204363;11318835;11469648;11676652;11934133;12242752;12582173;12919685;13232909;13524376;13794222;14032965;14229585;14377822;14477368;14526754;14535915;14520894;14493445;14451348;14390212;14327671;14289289;14288480
70-74;3792042;3889352;3974955;4063519;4175947;4323465;4501441;4709484;4938529;5174388;5408663;5642901;5876091;6110754;6351769;6601500;6857600;7118354;7381902;7645534;7907040;8165785;8421765;8670307;8905063;9122289;9323635;9511104;9683679;9839876;9980630;10106571;10214158;10324288;10467931;10663049;10904126;11191369;11506226;11819031;12109555;12380193;12631212;12853724;13037277;13176002;13269879;13317776;13328895;13317878;13295484
75-79;2597990;2688798;2797237;2913384;3023576;3121818;3211601;3292375;3376250;3480536;3614389;3774018;3959070;4161906;4370673;4578361;4786387;4994114;5203523;5418622;5641260;5869405;6101656;6336314;6571128;6804078;7034690;7263005;7484798;7694408;7888458;8068562;8236631;8391702;8532383;8659541;8773851;8872509;8973811;9104799;9280868;9496727;9752138;10030863;10307408;10564467;10804204;11027068;11224976;11388373;11511971
80-84;1689444;1727063;1764898;1807817;1861166;1926871;2004365;2095235;2191860;2283815;2366558;2443191;2513706;2587330;2677251;2790280;2923509;3076687;3243763;3415649;3586931;3758879;3931160;4105249;4284098;4468984;4658301;4850986;5045614;5240341;5433588;5624985;5814637;5998934;6173117;6334346;6484201;6624391;6754088;6872004;6978835;7075422;7159683;7246694;7358416;7506972;7687508;7899218;8128899;8356311;8567809
85-89;830529;901360;954570;996763;1032554;1065148;1097017;1129489;1165517;1208442;1259330;1318006;1385731;1457236;1525459;1587405;1645581;1700356;1758056;1827478;1913020;2012666;2126181;2249361;2375978;2502391;2629690;2757777;2887609;3021064;3158814;3299768;3443164;3587930;3732788;3876586;4019065;4160416;4297807;4427602;4547659;4659375;4764254;4861528;4950167;5030651;5103867;5168499;5235780;5321722;5434778
90+;455191;459166;484603;521252;562349;603580;645377;688657;731945;774304;815165;856211;898723;943466;991663;1043410;1099461;1161212;1225853;1289978;1352102;1414477;1478371;1546036;1620691;1703785;1795039;1894806;2001669;2113776;2229906;2350808;2476780;2607627;2743377;2883626;3028143;3176612;3328257;3482333;3637926;3794831;3953061;4110366;4263976;4412193;4556131;4697023;4833076;4962058;5083408
Homens;;;;;;;;;;;;;;;;;;;;;;;;;;;;;;;;;;;;;;;;;;;;;;;;;;;
Faixa/Ano;2010;2011;2012;2013;2014;2015;2016;2017;2018;2019;2020;2021;2022;2023;2024;2025;2026;2027;2028;2029;2030;2031;2032;2033;2034;2035;2036;2037;2038;2039;2040;2041;2042;2043;2044;2045;2046;2047;2048;2049;2050;2051;2052;2053;2054;2055;2056;2057;2058;2059;2060
Total;95513298;96322635;97132054;97931331;98744098;99581002;100379640;101163599;101971173;102760295;103527689;104271843;104990487;105681529;106345043;106981304;107589495;108168830;108718587;109238514;109728762;110189007;110618592;111017537;111386062;111724392;112032426;112309958;112557327;112774820;112962751;113121438;113251454;113353443;113427597;113474061;113493052;113485011;113450253;113388652;113300060;113184593;113042592;112874076;112678873;112456873;112208379;111934042;111634119;111308845;110958642
0-4;7594516;7513761;7477567;7449337;7451690;7507226;7527223;7530642;7565301;7571223;7536789;7523299;7509386;7455164;7395678;7331364;7263006;7192133;7120032;7047528;6975778;6905062;6835307;6767195;6701192;6637231;6575502;6516373;6459937;6405936;6354123;6304598;6257751;6213632;6171861;6132043;6093885;6056997;6020798;5984802;5948471;5911502;5873639;5834370;5793447;5750809;5706456;5660575;5613249;5564770;5515605
05/set;8094637;7962532;7856445;7764679;7678145;7574960;7495049;7459700;7432381;7435509;7491634;7512252;7516076;7550810;7556858;7522618;7509351;7495730;7441882;7382807;7318878;7250909;7180401;7108665;7036481;6965042;6894634;6825161;6757331;6691592;6627900;6566392;6507477;6451252;6397457;6345822;6296474;6249795;6205831;6164206;6124537;6086502;6049752;6013699;5977830;5941609;5904776;5867020;5827860;5787041;5744493
out/14;8842587;8760868;8596730;8405865;8224795;8080135;7948620;7843086;7751948;7666040;7563501;7484190;7449226;7422072;7425264;7481411;7502112;7506047;7540921;7547162;7513141;7500066;7486634;7433002;7374143;7310452;7242697;7172400;7100861;7028875;6957623;6887413;6818125;6750468;6684877;6621345;6559981;6501187;6445082;6391415;6339911;6290699;6244133;6200276;6158737;6119162;6081226;6044568;6008592;5972801;5936671
15-19;8673836;8693267;8745322;8804210;8829069;8795446;8715095;8552810;8364062;8185062;8042202;7912260;7807878;7717747;7632793;7531320;7453057;7418949;7392651;7396587;7453221;7474403;7478801;7514010;7520683;7487251;7474592;7461547;7408463;7350163;7287028;7219811;7150062;7079046;7007575;6936806;6867067;6798239;6731019;6665837;6602699;6541729;6483312;6427561;6374235;6323041;6274127;6227836;6184244;6142973;6103630
20-24;8746116;8711375;8663577;8614902;8583358;8578611;8600164;8654720;8716490;8744065;8712945;8634909;8475014;8288587;8111918;7971317;7843582;7741213;7653070;7570037;7470597;7394220;7361652;7336794;7341891;7399228;7421254;7426487;7462264;7469669;7437195;7425286;7412946;7360848;7303529;7241380;7175120;7106330;7036251;6965698;6895815;6826928;6758931;6692510;6628106;6565701;6505416;6447653;6392537;6339825;6289218
25-29;8574606;8629711;8657414;8662143;8651184;8630266;8598875;8555561;8512314;8485534;8484394;8508378;8563553;8624538;8651626;8621118;8544666;8387530;8204388;8031009;7893232;7767999;7667829;7581750;7500675;7403356;7328943;7297950;7274594;7280847;7338836;7361712;7367822;7404119;7412226;7380713;7369573;7357978;7306911;7250628;7189512;7124285;7056509;6987423;6917849;6848930;6780967;6713878;6648312;6584723;6523112
30-34;7821287;7982363;8131551;8263753;8373348;8457008;8514439;8545686;8555280;8549320;8532944;8505514;8464499;8421615;8394693;8393527;8417664;8473141;8534872;8563312;8534665;8460519;8306365;8126302;7955838;7820545;7697488;7599240;7514973;7435649;7340229;7267552;7237960;7215936;7223197;7281677;7305262;7312099;7348805;7357492;7326843;7316343;7305373;7255224;7199860;7139664;7075362;7008494;6940318;6871646;6803583
35-39;6857527;6990523;7155946;7341635;7527745;7700900;7862666;8013399;8148183;8260741;8347421;8407755;8440996;8451369;8446055;8430688;8404634;8365378;8324589;8299702;8300209;8325674;8382118;8444696;8474256;8447253;8375224;8223858;8046719;7879049;7746136;7625181;7528741;7446144;7368454;7274845;7203808;7175501;7154681;7162834;7221685;7245877;7253323;7290325;7299496;7269639;7259722;7249292;7200007;7145508;7086207
40-44;6405478;6465519;6511227;6557089;6624863;6727359;6861189;7027271;7213769;7400750;7574836;7737477;7888496;8022898;8135221;8222214;8283430;8318165;8330545;8327522;8314471;8290745;8253830;8215289;8192354;8194452;8221147;8278370;8341585;8372088;8346626;8276663;8128189;7954176;7789503;7659150;7540448;7445888;7365050;7289066;7197348;7128025;7100999;7081359;7090362;7149455;7174123;7182135;7219317;7228927;7199896
45-49;5768516;5880219;5985481;6082367;6167931;6241647;6303978;6352579;6401687;6472175;6576419;6711034;6876531;7061277;7246407;7419108;7580798;7731316;7865760;7978594;8066468;8128987;8165432;8179855;8179060;8168292;8146911;8112423;8076237;8055349;8059034;8086849;8144623;8208179;8239414;8215443;8147699;8002569;7832277;7671186;7543900;7427925;7335566;7256745;7182722;7093220;7025894;7000246;6981909;6991754;7050917
50-54;4900002;5040349;5178764;5313246;5441195;5561009;5673316;5779573;5877917;5965268;6041008;6105571;6156429;6207294;6278778;6383077;6516900;6680739;6863310;7046315;7217244;7377487;7526925;7660698;7773367;7861606;7925036;7962995;7979372;7980824;7972437;7953589;7921753;7888179;7869486;7874764;7903569;7961564;8025093;8056849;8034455;7969304;7828334;7662799;7506320;7382926;7270417;7180814;7104474;7032873;6946162
55-59;3954821;4089187;4227766;4368987;4510555;4650762;4789417;4926386;5059761;5186871;5306101;5418069;5523994;5622071;5709488;5785731;5851268;5903677;5956190;6028485;6132308;6264412;6425224;6603964;6783080;6950611;7107892;7254823;7386666;7498065;7585774;7649457;7688505;7706661;7710316;7704363;7688149;7659220;7628530;7612199;7619074;7648657;7706356;7769208;7801082;7780353;7718248;7582612;7423293;7272866;7154556
60-64;3081961;3198692;3313737;3429277;3548963;3674713;3805186;3939707;4076794;4214303;4350563;4485379;4618536;4748149;4871821;4988027;5097383;5201061;5297302;5383487;5458969;5524298;5577221;5630273;5702081;5803746;5932098;6087478;6259725;6432268;6593867;6745779;6887959;7015825;7124175;7209866;7272652;7311982;7331395;7336975;7333300;7319725;7293901;7266311;7252466;7260725;7290580;7347073;7408221;7439552;7420473
65-69;2253998;2339108;2439108;2549140;2661907;2773210;2883883;2993314;3103440;3217426;3337000;3460918;3588535;3718492;3848844;3978090;4106032;4232502;4355732;4473440;4584216;4688647;4787847;4880176;4963105;5036045;5099560;5151653;5203924;5273663;5371091;5493166;5640066;5802391;5964930;6117373;6260872;6395434;6516731;6619770;6701600;6762068;6800700;6820803;6827971;6826458;6815605;6793193;6769102;6757874;6767303
70-74;1689818;1732563;1770303;1809593;1859518;1924795;2003224;2094581;2194687;2297297;2398778;2499910;2600243;2701380;2806006;2915566;3028989;3145702;3264515;3383680;3501868;3618911;3734717;3847628;3955595;4057304;4153367;4244811;4330120;4406952;4474742;4534111;4583407;4633065;4698510;4788775;4900975;5035044;5182591;5330211;5468808;5599462;5722265;5833225;5927673;6002895;6058911;6095418;6115370;6123684;6124121
75-79;1105206;1144121;1190922;1240998;1288273;1330216;1368574;1403314;1439622;1484658;1542105;1610235;1688895;1774682;1862608;1949716;2036732;2123408;2210961;2301516;2396166;2494028;2594665;2697044;2799720;2901547;3002440;3102353;3199832;3293112;3381052;3464237;3543625;3617852;3684841;3744109;3796312;3840217;3884676;3942722;4021823;4119269;4234768;4361237;4487603;4606394;4718561;4824282;4920042;5001664;5066803
80-84;677628;692280;707304;724631;746369;773094;804695;841980;881564;919059;952619;983758;1012641;1042996;1079956;1126100;1180178;1242110;1309326;1378193;1446541;1514999;1583484;1652852;1724591;1799420;1876683;1956079;2036796;2117674;2197885;2277383;2356175;2433074;2506675;2576080;2641835;2704769;2763770;2817079;2864310;2906165;2941812;2978203;3025436;3089091;3166772;3257946;3357133;3456065;3549148
85-89;314944;340306;359247;374268;387076;398787;410381;422377;435871;452078;471252;493422;519178;546326;572074;595279;617114;637836;659812;686235;718616;756161;798785;844827;891952;938795;985869;1033177;1081264;1131002;1182750;1236101;1290875;1346482;1402163;1457337;1512013;1566262;1619219;1669886;1717634;1762927;1806456;1847353;1884307;1917047;1946213;1971377;1997388;2031094;2076107
90+;155814;155891;163643;175211;188114;200858;213666;226913;240102;252916;265178;277513;290381;304062;318955;335033;352599;372193;392729;412903;432174;451480;471355;492517;515998;542216;571089;602780;636664;672043;708423;746158;785393;826114;868408;912170;957358;1003936;1051543;1099797;1148335;1197201;1246463;1295445;1343371;1389754;1435003;1479630;1522751;1563205;1600637
Mulheres;;;;;;;;;;;;;;;;;;;;;;;;;;;;;;;;;;;;;;;;;;;;;;;;;;;
Faixa/Ano;2010;2011;2012;2013;2014;2015;2016;2017;2018;2019;2020;2021;2022;2023;2024;2025;2026;2027;2028;2029;2030;2031;2032;2033;2034;2035;2036;2037;2038;2039;2040;2041;2042;2043;2044;2045;2046;2047;2048;2049;2050;2051;2052;2053;2054;2055;2056;2057;2058;2059;2060
Total;99377384;100281097;101182880;102072857;102973443;103894681;104776947;105641142;106523727;107386830;108228003;109045796;109838053;110602740;111339419;112047789;112727035;113376404;113995082;114582791;115139700;115665408;116159210;116621044;117051060;117449293;117815406;118149104;118450544;118719830;118957171;119162795;119337126;119480622;119593399;119675564;119727205;119748659;119740229;119701812;119633216;119534576;119406275;119248372;119060759;118843450;118596844;118321643;118018167;117686696;117327705
0-4;7263764;7183672;7146734;7117833;7118380;7169933;7187889;7190134;7222256;7227109;7193522;7179982;7166137;7113891;7056677;6994870;6929250;6861293;6792194;6722744;6654037;6586337;6519598;6454447;6391297;6330138;6271102;6214564;6160612;6108982;6059465;6012111;5967335;5925166;5885245;5847195;5810739;5775493;5740911;5706506;5671785;5636480;5600319;5562831;5523765;5483054;5440735;5396945;5351779;5305522;5258613
05/set;7770558;7637972;7531062;7438466;7351496;7249311;7169869;7133599;7105448;7106623;7158677;7177142;7179697;7211861;7216770;7183323;7169960;7156303;7104326;7047419;6985900;6920581;6852877;6784045;6714850;6646363;6578895;6512362;6447397;6384445;6323461;6264603;6208226;6154420;6102930;6053551;6006316;5961661;5919602;5879787;5841839;5805471;5770319;5735832;5701526;5666895;5631683;5595595;5558186;5519183;5478538
out/14;8554717;8455975;8283444;8089460;7907189;7760725;7628594;7522151;7430076;7343636;7241977;7162974;7126965;7098900;7100083;7152115;7170599;7173253;7205511;7210562;7177282;7164048;7150542;7098698;7041966;6980597;6915428;6847872;6779177;6710109;6641753;6574416;6507997;6443143;6380305;6319417;6260645;6204358;6150638;6099240;6049944;6002767;5958172;5916169;5876419;5838532;5802229;5767135;5732686;5698445;5663861
15-19;8545250;8545134;8570279;8598599;8595020;8538650;8440520;8268820;8075784;7894402;7748661;7617127;7511038;7419176;7332931;7231549;7152834;7117070;7089291;7090699;7142889;7161564;7164386;7196775;7201976;7168912;7155813;7142450;7090800;7034246;6973050;6908061;6840690;6772161;6703265;6635057;6567880;6501607;6436888;6374173;6313409;6254781;6198609;6144996;6093699;6044510;5997404;5952900;5910984;5871292;5833479
20-24;8730663;8685493;8632453;8580317;8541427;8522158;8522717;8548800;8578290;8575788;8520321;8422885;8251703;8058974;7877885;7732483;7601342;7495658;7404243;7318466;7217578;7139311;7103911;7076466;7078134;7130480;7149348;7152369;7184898;7190262;7157419;7144496;7131292;7079875;7023532;6962566;6897786;6830618;6762308;6693616;6625610;6558621;6492525;6427989;6365439;6304827;6246359;6190324;6136849;6085691;6036629
25-29;8759504;8794137;8796721;8774734;8740162;8701585;8657447;8606118;8556279;8519370;8501472;8502840;8528874;8557655;8554527;8498854;8401581;8230970;8039027;7858757;7714059;7583553;7478411;7387513;7302222;7201834;7124040;7089005;7061927;7063862;7116357;7135441;7138679;7171317;7176856;7144248;7131490;7118444;7067259;7011155;6950430;6885878;6818953;6750864;6682397;6614606;6547836;6481935;6417581;6355208;6294775
30-34;8134662;8292656;8436024;8559102;8655506;8721648;8757209;8761261;8741379;8708998;8672472;8630132;8579691;8529636;8492259;8474016;8475221;8501254;8530339;8527750;8472728;8376209;8206534;8015554;7836195;7692298;7562495;7457948;7367599;7282839;7183027;7105766;7071153;7044471;7046705;7099349;7118636;7122075;7154825;7160535;7128176;7115614;7102753;7051834;6995993;6935527;6871248;6804590;6736770;6668550;6600995
35-39;7217581;7360304;7533612;7724944;7914003;8086921;8245277;8389416;8513782;8611601;8679124;8715968;8720848;8701247;8669057;8632896;8591073;8541313;8492081;8455572;8438085;8439927;8466470;8496006;8493933;8439591;8343905;8175308;7985451;7807181;7664189;7535215;7431349;7341643;7257512;7158362;7081715;7047557;7021303;7023870;7076626;7096104;7099748;7132620;7138481;7106437;7094056;7081379;7030761;6975247;6915100
40-44;6778692;6845790;6902814;6962420;7043480;7156924;7299989;7473560;7665266;7854763;8028138;8186940;8331214;8455331;8552992;8620632;8657882;8663516;8644914;8613835;8578785;8538059;8489410;8441231;8405668;8388994;8391500;8418532;8448480;8446908;8393336;8298619;8131367;7942935;7766032;7624247;7496313;7393283;7304357;7220983;7122693;7046803;7013207;6987448;6990375;7043194;7062864;7066709;7099631;7105657;7073965
45-49;6223923;6337962;6440833;6533234;6616280;6691951;6760080;6818469;6879600;6961901;7076085;7219386;7392473;7583125;7771526;7944063;8102291;8246251;8370379;8468309;8536458;8574475;8581121;8563724;8533946;8500200;8460770;8413422;8366506;8332082;8316353;8319588;8347101;8377429;8376405;8323746;8230289;8064839;7878391;7703408;7563258;7436796;7334913;7247051;7164700;7067565;6992692;6959806;6934682;6938034;6990866
50-54;5376771;5534017;5689298;5839169;5978738;6105077;6219391;6322798;6416015;6500061;6576796;6646021;6705438;6767236;6849760;6963705;7106337;7278291;7467575;7654669;7826144;7983521;8126854;8250652;8348545;8416994;8455692;8463413;8447385;8419115;8386869;8348985;8303205;8257827;8224756;8210111;8214142;8242078;8272708;8272262;8220740;8128940;7965977;7782295;7609981;7472079;7347622;7247303;7160879;7079920;6984373
55-59;4432743;4590633;4749890;4909737;5069150;5227119;5383125;5537330;5686330;5825240;5951176;6065299;6168619;6261809;6346002;6423020;6492695;6552788;6615246;6697988;6811458;6952954;7123064;7310048;7494871;7664408;7820119;7962106;8084941;8182318;8250753;8289954;8298764;8284278;8257737;8227267;8191196;8147302;8103751;8072269;8058871;8063723;8091991;8122772;8122927;8072809;7983158;7823559;7643653;7474984;7340157
60-64;3514780;3660366;3805267;3950635;4098973;4251517;4406707;4563335;4720676;4877607;5033165;5186796;5338620;5485311;5622167;5746464;5859310;5961715;6054307;6138173;6215013;6284717;6345103;6407794;6490177;6602344;6741631;6908565;7091767;7272814;7439034;7591869;7731387;7852281;7948365;8016235;8055661;8065487;8052664;8028119;7999680;7965774;7924151;7882847;7853280;7841324;7847086;7875513;7906215;7906918;7858543
65-69;2651990;2756408;2879605;3016173;3157397;3298030;3438872;3579276;3720291;3864254;4012244;4162815;4314753;4467342;4619567;4770537;4919734;5067255;5209895;5343114;5464296;5574519;5674802;5765692;5848178;5923895;5992761;6052710;6114911;6195985;6305561;6440967;6602686;6779782;6954755;7115536;7263504;7398788;7516234;7609815;7676222;7715300;7726054;7715112;7692923;7666987;7635743;7597019;7558569;7531415;7521177
70-74;2102224;2156789;2204652;2253926;2316429;2398670;2498217;2614903;2743842;2877091;3009885;3142991;3275848;3409374;3545763;3685934;3828611;3972652;4117387;4261854;4405172;4546874;4687048;4822679;4949468;5064985;5170268;5266293;5353559;5432924;5505888;5572460;5630751;5691223;5769421;5874274;6003151;6156325;6323635;6488820;6640747;6780731;6908947;7020499;7109604;7173107;7210968;7222358;7213525;7194194;7171363
75-79;1492784;1544677;1606315;1672386;1735303;1791602;1843027;1889061;1936628;1995878;2072284;2163783;2270175;2387224;2508065;2628645;2749655;2870706;2992562;3117106;3245094;3375377;3506991;3639270;3771408;3902531;4032250;4160652;4284966;4401296;4507406;4604325;4693006;4773850;4847542;4915432;4977539;5032292;5089135;5162077;5259045;5377458;5517370;5669626;5819805;5958073;6085643;6202786;6304934;6386709;6445168
80-84;1011816;1034783;1057594;1083186;1114797;1153777;1199670;1253255;1310296;1364756;1413939;1459433;1501065;1544334;1597295;1664180;1743331;1834577;1934437;2037456;2140390;2243880;2347676;2452397;2559507;2669564;2781618;2894907;3008818;3122667;3235703;3347602;3458462;3565860;3666442;3758266;3842366;3919622;3990318;4054925;4114525;4169257;4217871;4268491;4332980;4417881;4520736;4641272;4771766;4900246;5018661
85-89;515585;561054;595323;622495;645478;666361;686636;707112;729646;756364;788078;824584;866553;910910;953385;992126;1028467;1062520;1098244;1141243;1194404;1256505;1327396;1404534;1484026;1563596;1643821;1724600;1806345;1890062;1976064;2063667;2152289;2241448;2330625;2419249;2507052;2594154;2678588;2757716;2830025;2896448;2957798;3014175;3065860;3113604;3157654;3197122;3238392;3290628;3358671
90+;299377;303275;320960;346041;374235;402722;431711;461744;491843;521388;549987;578698;608342;639404;672708;708377;746862;789019;833124;877075;919928;962997;1007016;1053519;1104693;1161569;1223950;1292026;1365005;1441733;1521483;1604650;1691387;1781513;1874969;1971456;2070785;2172676;2276714;2382536;2489591;2597630;2706598;2814921;2920605;3022439;3121128;3217393;3310325;3398853;3482771
