Minas Gerais;;;;;;;;;;;;;;;;;;;;;;;;;;;;;;;;;;;;;;;;;;;;;;;;;;;
Dados;;;;;;;;;;;;;;;;;;;;;;;;;;;;;;;;;;;;;;;;;;;;;;;;;;;
Ano;População total;Homens;Mulheres;Nascimentos;Óbitos;Taxa de Crescimento Geométrico;Taxa Bruta de Natalidade;Taxa Bruta de Mortalidade;Esperança de Vida ao Nascer;Esperança de Vida ao Nascer - Homens;Esperança de Vida ao Nascer - Mulheres;Taxa de Mortalidade Infantil;Taxa de Mortalidade Infantil - Homens;Taxa de Mortalidade Infantil - Mulheres;Taxa de Fecundidade Total;Razão de Dependência - Jovens 0 a 14 anos;Razão de Dependência - Idosos 65 ou mais anos;Razão de Dependência;Índice de Envelhecimento;;;;;;;;;;;;;;;;;;;;;;;;;;;;;;;;
2010;19957444;9828254;10129190;263109;122074;x;13.18;6.12;75.51;72.47;78.62;14.63;15.61;13.59;1.57;32.97;11.72;44.69;35.53;;;;;;;;;;;;;;;;;;;;;;;;;;;;;;;;
2011;20096163;9896288;10199875;266205;123675;0.7;13.25;6.15;75.82;72.81;78.89;13.88;14.79;12.94;1.58;31.95;12;43.96;37.39;;;;;;;;;;;;;;;;;;;;;;;;;;;;;;;;
2012;20235204;9964508;10270696;267012;125426;0.69;13.2;6.2;76.13;73.14;79.17;13.2;14.03;12.33;1.58;30.98;12.31;43.29;39.81;;;;;;;;;;;;;;;;;;;;;;;;;;;;;;;;
2013;20371328;10031255;10340073;263888;127286;0.67;12.95;6.25;76.41;73.46;79.43;12.56;13.33;11.75;1.56;30.07;12.65;42.71;42.18;;;;;;;;;;;;;;;;;;;;;;;;;;;;;;;;
2014;20508631;10098642;10409989;273083;129229;0.67;13.32;6.3;76.7;73.77;79.68;11.97;12.68;11.21;1.62;29.27;13.01;42.28;44.17;;;;;;;;;;;;;;;;;;;;;;;;;;;;;;;;
2015;20648978;10167615;10481363;273883;131286;0.68;13.26;6.36;76.97;74.06;79.93;11.41;12.08;10.71;1.62;28.63;13.42;42.04;46.53;;;;;;;;;;;;;;;;;;;;;;;;;;;;;;;;
2016;20780264;10231969;10548295;258888;133250;0.64;12.46;6.41;77.24;74.35;80.17;10.9;11.53;10.24;1.53;28.04;13.85;41.89;49.49;;;;;;;;;;;;;;;;;;;;;;;;;;;;;;;;
2017;20908628;10294859;10613769;272091;135431;0.62;13.01;6.48;77.49;74.62;80.4;10.42;11.02;9.79;1.62;27.59;14.33;41.92;52.06;;;;;;;;;;;;;;;;;;;;;;;;;;;;;;;;
2018;21040662;10359652;10681010;270645;137760;0.63;12.86;6.55;77.73;74.88;80.62;9.98;10.54;9.38;1.62;27.27;14.85;42.11;54.17;;;;;;;;;;;;;;;;;;;;;;;;;;;;;;;;
2019;21168791;10422468;10746323;268889;140135;0.61;12.7;6.62;77.96;75.13;80.84;9.56;10.11;8.99;1.61;27;15.4;42.4;56.84;;;;;;;;;;;;;;;;;;;;;;;;;;;;;;;;
2020;21292666;10483131;10809535;266845;142558;0.59;12.53;6.7;78.19;75.37;81.04;9.18;9.7;8.63;1.61;26.77;15.98;42.76;59.57;;;;;;;;;;;;;;;;;;;;;;;;;;;;;;;;
2021;21411923;10541449;10870474;264516;145092;0.56;12.35;6.78;78.41;75.6;81.24;8.82;9.33;8.3;1.61;26.59;16.61;43.2;62.37;;;;;;;;;;;;;;;;;;;;;;;;;;;;;;;;
2022;21526076;10597182;10928894;261747;147760;0.53;12.16;6.86;78.61;75.82;81.44;8.5;8.99;7.99;1.61;26.49;17.27;43.76;65.22;;;;;;;;;;;;;;;;;;;;;;;;;;;;;;;;
2023;21634690;10650110;10984580;258777;150522;0.5;11.96;6.96;78.81;76.03;81.63;8.19;8.67;7.7;1.61;26.42;17.97;44.39;67.76;;;;;;;;;;;;;;;;;;;;;;;;;;;;;;;;
2024;21737475;10700079;11037396;255640;153403;0.48;11.76;7.06;79.01;76.23;81.81;7.91;8.37;7.43;1.61;26.37;18.7;45.06;70.88;;;;;;;;;;;;;;;;;;;;;;;;;;;;;;;;
2025;21834171;10746964;11087207;252374;156392;0.44;11.56;7.16;79.19;76.43;81.98;7.65;8.1;7.17;1.61;26.33;19.45;45.78;73.48;;;;;;;;;;;;;;;;;;;;;;;;;;;;;;;;
2026;21924590;10790677;11133913;249093;159504;0.41;11.36;7.28;79.36;76.61;82.15;7.41;7.85;6.94;1.6;26.27;20.21;46.48;77.09;;;;;;;;;;;;;;;;;;;;;;;;;;;;;;;;
2027;22008542;10831115;11177427;245727;162773;0.38;11.17;7.4;79.53;76.78;82.31;7.18;7.62;6.72;1.6;26.17;20.99;47.16;80.34;;;;;;;;;;;;;;;;;;;;;;;;;;;;;;;;
2028;22085843;10868187;11217656;242315;166119;0.35;10.97;7.52;79.69;76.95;82.47;6.98;7.41;6.52;1.6;26.07;21.78;47.85;83.52;;;;;;;;;;;;;;;;;;;;;;;;;;;;;;;;
2029;22156380;10901838;11254542;238948;169613;0.32;10.78;7.66;79.85;77.11;82.62;6.78;7.21;6.34;1.6;25.92;22.56;48.49;86.86;;;;;;;;;;;;;;;;;;;;;;;;;;;;;;;;
2030;22220112;10932044;11288068;235673;173182;0.29;10.61;7.79;79.99;77.26;82.76;6.6;7.02;6.16;1.6;25.72;23.33;49.05;90.75;;;;;;;;;;;;;;;;;;;;;;;;;;;;;;;;
2031;22276910;10958757;11318153;232319;176899;0.26;10.43;7.94;80.13;77.41;82.9;6.44;6.86;6;1.6;25.55;24.11;49.66;94.15;;;;;;;;;;;;;;;;;;;;;;;;;;;;;;;;
2032;22326629;10981919;11344710;229009;180674;0.22;10.26;8.09;80.27;77.54;83.03;6.29;6.7;5.85;1.59;25.37;24.88;50.25;98.22;;;;;;;;;;;;;;;;;;;;;;;;;;;;;;;;
2033;22369292;11001549;11367743;225868;184562;0.19;10.1;8.25;80.4;77.67;83.16;6.15;6.56;5.72;1.59;25.11;25.63;50.75;101.8;;;;;;;;;;;;;;;;;;;;;;;;;;;;;;;;
2034;22404924;11017663;11387261;222845;188571;0.16;9.95;8.42;80.52;77.8;83.28;6.02;6.42;5.59;1.59;24.86;26.37;51.22;106.1;;;;;;;;;;;;;;;;;;;;;;;;;;;;;;;;
2035;22433582;11030295;11403287;219997;192639;0.13;9.81;8.59;80.64;77.92;83.4;5.9;6.3;5.47;1.59;24.59;27.07;51.67;110.49;;;;;;;;;;;;;;;;;;;;;;;;;;;;;;;;
2036;22455264;11039461;11415803;217159;196837;0.1;9.67;8.77;80.75;78.03;83.52;5.78;6.19;5.36;1.59;24.33;27.76;52.09;114.38;;;;;;;;;;;;;;;;;;;;;;;;;;;;;;;;
2037;22469965;11045157;11424808;214498;201103;0.07;9.55;8.95;80.86;78.13;83.63;5.68;6.08;5.26;1.59;24.06;28.43;52.49;117.72;;;;;;;;;;;;;;;;;;;;;;;;;;;;;;;;
2038;22477805;11047452;11430353;212019;205420;0.03;9.43;9.14;80.96;78.23;83.73;5.59;5.99;5.17;1.58;23.8;29.09;52.89;121.79;;;;;;;;;;;;;;;;;;;;;;;;;;;;;;;;
2039;22478907;11046429;11432478;209678;209758;0;9.33;9.33;81.06;78.33;83.83;5.5;5.9;5.08;1.58;23.56;29.78;53.34;125.97;;;;;;;;;;;;;;;;;;;;;;;;;;;;;;;;
2040;22473382;11042142;11431240;207453;214107;-0.02;9.23;9.53;81.15;78.42;83.93;5.42;5.81;5;1.58;23.35;30.52;53.86;130.26;;;;;;;;;;;;;;;;;;;;;;;;;;;;;;;;
2041;22461334;11034655;11426679;205328;218454;-0.05;9.14;9.73;81.24;78.51;84.03;5.34;5.74;4.92;1.58;23.15;31.31;54.46;135.33;;;;;;;;;;;;;;;;;;;;;;;;;;;;;;;;
2042;22442963;11024085;11418878;203480;222780;-0.08;9.07;9.93;81.33;78.59;84.11;5.27;5.67;4.86;1.58;22.98;32.16;55.13;139.86;;;;;;;;;;;;;;;;;;;;;;;;;;;;;;;;
2043;22418462;11010532;11407930;201761;227146;-0.11;9;10.13;81.4;78.67;84.2;5.2;5.6;4.79;1.58;22.83;33.04;55.88;145.21;;;;;;;;;;;;;;;;;;;;;;;;;;;;;;;;
2044;22387961;10994064;11393897;200122;231423;-0.14;8.94;10.34;81.48;78.74;84.28;5.15;5.54;4.73;1.58;22.71;33.96;56.67;149.66;;;;;;;;;;;;;;;;;;;;;;;;;;;;;;;;
2045;22351612;10974763;11376849;198551;235631;-0.16;8.88;10.54;81.56;78.81;84.36;5.1;5.49;4.68;1.57;22.6;34.9;57.51;155.24;;;;;;;;;;;;;;;;;;;;;;;;;;;;;;;;
2046;22309504;10952684;11356820;196986;239805;-0.19;8.83;10.75;81.63;78.88;84.44;5.05;5.44;4.63;1.57;22.52;35.86;58.38;159.15;;;;;;;;;;;;;;;;;;;;;;;;;;;;;;;;
2047;22261758;10927899;11333859;195517;243876;-0.21;8.78;10.95;81.69;78.94;84.51;5;5.39;4.58;1.57;22.45;36.84;59.3;163.83;;;;;;;;;;;;;;;;;;;;;;;;;;;;;;;;
2048;22208509;10900470;11308039;194049;247873;-0.24;8.74;11.16;81.76;79;84.58;4.95;5.35;4.54;1.57;22.41;37.84;60.25;168.57;;;;;;;;;;;;;;;;;;;;;;;;;;;;;;;;
2049;22149820;10870416;11279404;192523;251762;-0.26;8.69;11.37;81.82;79.06;84.65;4.91;5.31;4.5;1.57;22.39;38.84;61.23;173.38;;;;;;;;;;;;;;;;;;;;;;;;;;;;;;;;
2050;22085730;10837764;11247966;190906;255531;-0.29;8.64;11.57;81.88;79.11;84.71;4.88;5.27;4.46;1.57;22.37;39.84;62.22;178.26;;;;;;;;;;;;;;;;;;;;;;;;;;;;;;;;
2051;22016308;10802550;11213758;189287;259189;-0.31;8.6;11.77;81.93;79.16;84.77;4.84;5.24;4.43;1.56;22.38;40.85;63.22;182.48;;;;;;;;;;;;;;;;;;;;;;;;;;;;;;;;
2052;21941633;10764809;11176824;187606;262738;-0.34;8.55;11.97;81.98;79.21;84.83;4.81;5.2;4.4;1.56;22.39;41.84;64.23;187.5;;;;;;;;;;;;;;;;;;;;;;;;;;;;;;;;
2053;21861733;10724550;11137183;185790;266142;-0.36;8.5;12.17;82.03;79.26;84.89;4.78;5.18;4.37;1.56;22.41;42.83;65.24;190.44;;;;;;;;;;;;;;;;;;;;;;;;;;;;;;;;
2054;21776623;10681767;11094856;183873;269424;-0.39;8.44;12.37;82.08;79.3;84.94;4.75;5.15;4.34;1.56;22.44;43.82;66.26;195.56;;;;;;;;;;;;;;;;;;;;;;;;;;;;;;;;
2055;21686312;10636452;11049860;181841;272597;-0.41;8.39;12.57;82.12;79.34;84.99;4.73;5.12;4.32;1.56;22.47;44.79;67.26;200;;;;;;;;;;;;;;;;;;;;;;;;;;;;;;;;
2056;21590896;10588645;11002251;179847;275606;-0.44;8.33;12.76;82.17;79.38;85.04;4.71;5.1;4.3;1.56;22.51;45.75;68.26;202.99;;;;;;;;;;;;;;;;;;;;;;;;;;;;;;;;
2057;21490522;10538415;10952107;177814;278486;-0.46;8.27;12.96;82.21;79.42;85.09;4.68;5.08;4.28;1.55;22.55;46.69;69.24;207.52;;;;;;;;;;;;;;;;;;;;;;;;;;;;;;;;
2058;21385216;10485761;10899455;175661;281283;-0.49;8.21;13.15;82.25;79.45;85.14;4.66;5.06;4.26;1.55;22.59;47.62;70.2;210.53;;;;;;;;;;;;;;;;;;;;;;;;;;;;;;;;
2059;21275013;10430698;10844315;173486;283955;-0.52;8.15;13.35;82.29;79.49;85.18;4.65;5.04;4.24;1.55;22.62;48.55;71.17;215.15;;;;;;;;;;;;;;;;;;;;;;;;;;;;;;;;
2060;21160005;10373273;10786732;171292;286523;-0.54;8.1;13.54;82.32;79.52;85.22;4.63;5.03;4.22;1.55;22.66;49.49;72.15;217.42;;;;;;;;;;;;;;;;;;;;;;;;;;;;;;;;
Faixas etárias;;;;;;;;;;;;;;;;;;;;;;;;;;;;;;;;;;;;;;;;;;;;;;;;;;;
Total;;;;;;;;;;;;;;;;;;;;;;;;;;;;;;;;;;;;;;;;;;;;;;;;;;;
Faixa/Ano;2010;2011;2012;2013;2014;2015;2016;2017;2018;2019;2020;2021;2022;2023;2024;2025;2026;2027;2028;2029;2030;2031;2032;2033;2034;2035;2036;2037;2038;2039;2040;2041;2042;2043;2044;2045;2046;2047;2048;2049;2050;2051;2052;2053;2054;2055;2056;2057;2058;2059;2060
Total;19957444;20096163;20235204;20371328;20508631;20648978;20780264;20908628;21040662;21168791;21292666;21411923;21526076;21634690;21737475;21834171;21924590;22008542;22085843;22156380;22220112;22276910;22326629;22369292;22404924;22433582;22455264;22469965;22477805;22478907;22473382;22461334;22442963;22418462;22387961;22351612;22309504;22261758;22208509;22149820;22085730;22016308;21941633;21861733;21776623;21686312;21590896;21490522;21385216;21275013;21160005
0-4;1338553;1319112;1311625;1307407;1310258;1321702;1324170;1323807;1330410;1332326;1327359;1327256;1325433;1314887;1302892;1289570;1275133;1259889;1244097;1227941;1211639;1195270;1178874;1162621;1146660;1131062;1115914;1101326;1087377;1074086;1061429;1049428;1038173;1027691;1017927;1008824;1000321;992280;984545;976986;969454;961869;954146;946143;937766;928986;919806;910266;900383;890201;879806
05/set;1497792;1459242;1425661;1395349;1367128;1340004;1320610;1313149;1308950;1311803;1323244;1325719;1325363;1331948;1333858;1328886;1328774;1326946;1316402;1304404;1291072;1276635;1261407;1245641;1229518;1213258;1196937;1180585;1164369;1148442;1132881;1117768;1103213;1089296;1076028;1063399;1051422;1040191;1029728;1019985;1010903;1002411;994386;986663;979121;971602;964036;956326;948339;939972;931207
out/14;1711110;1681956;1637753;1588882;1541553;1500134;1461618;1428060;1397768;1369560;1342440;1323041;1315556;1311336;1314158;1325555;1327991;1327602;1334145;1336014;1331010;1330863;1329003;1318451;1306457;1293148;1278740;1263543;1247805;1231711;1215473;1199174;1182846;1166656;1150752;1135209;1120109;1105568;1091670;1078420;1065808;1053851;1042632;1032182;1022442;1013368;1004881;996868;989156;981631;974126
15-19;1742648;1739222;1738357;1736183;1726654;1706265;1677308;1633340;1584713;1537620;1496408;1458087;1424689;1394541;1366474;1339493;1320213;1312816;1308672;1311551;1322986;1325464;1325112;1331675;1333580;1328624;1328514;1326693;1316196;1304251;1290997;1276641;1261501;1245805;1229760;1213568;1197320;1181032;1164879;1149018;1133516;1118451;1103944;1090081;1076869;1064287;1052358;1041160;1030729;1021011;1011957
20-24;1757058;1751583;1744474;1736814;1730230;1725473;1722431;1721920;1720105;1710955;1690978;1662454;1618963;1570824;1524205;1483437;1445539;1412518;1382725;1354996;1328346;1309339;1302133;1298130;1301099;1312579;1315116;1314837;1321449;1323413;1318531;1318474;1316703;1306290;1294423;1281252;1266971;1251906;1236293;1220326;1204211;1188039;1171825;1155739;1139942;1124498;1109492;1095048;1081239;1068073;1055537
25-29;1727867;1734500;1737693;1737967;1736095;1732655;1727714;1721141;1713995;1707914;1703642;1701059;1700986;1699598;1690891;1671405;1643397;1600477;1552919;1506859;1466605;1429183;1396559;1367098;1339636;1313197;1294346;1287246;1283337;1286367;1297881;1300475;1300258;1306909;1308923;1304108;1304105;1302390;1292055;1280271;1267180;1252982;1238004;1222473;1206584;1190551;1174455;1158309;1142293;1126565;1111186
30-34;1617371;1644587;1666563;1683657;1697024;1707390;1714439;1718053;1718763;1717323;1714315;1709811;1703672;1696958;1691292;1687399;1685176;1685430;1684360;1676000;1656904;1629306;1586846;1539733;1494073;1454149;1417010;1384629;1355384;1328127;1301883;1283192;1276204;1272384;1275472;1287009;1289653;1289492;1296174;1298234;1293490;1293536;1291870;1281614;1269910;1256901;1242786;1227892;1212445;1196639;1180688
35-39;1435712;1460123;1493592;1532218;1569676;1601861;1629244;1651429;1668776;1682416;1693068;1700411;1704338;1705375;1704266;1701590;1697417;1691602;1685195;1679823;1676198;1674225;1674697;1673845;1665714;1646895;1619615;1577546;1530837;1485562;1445976;1409150;1377044;1348051;1321030;1295008;1276502;1269632;1265906;1269052;1280601;1283296;1283197;1289905;1292005;1287334;1287424;1285810;1275641;1264030;1251116
40-44;1392455;1395624;1395752;1396507;1403338;1419411;1443993;1477510;1516102;1553539;1585762;1613236;1635564;1653098;1666955;1677840;1685435;1689647;1690976;1690157;1687777;1683897;1678391;1672291;1667213;1663855;1662129;1662813;1662164;1654275;1635762;1608841;1567225;1521001;1476196;1437033;1400597;1368824;1340142;1313407;1287658;1269371;1262633;1259013;1262219;1273764;1276489;1276446;1283171;1285310;1280731
45-49;1312183;1328856;1342790;1354005;1362474;1368536;1372241;1372940;1374240;1381507;1397853;1422561;1456039;1494501;1531814;1563990;1591482;1613898;1631582;1645631;1656733;1664574;1669058;1670688;1670190;1668147;1664611;1659456;1653708;1648959;1645892;1644418;1645311;1644865;1637238;1619086;1592605;1551569;1505978;1461790;1423177;1387261;1355923;1327632;1301264;1275871;1257870;1251289;1247788;1251043;1262546
50-54;1149069;1179958;1208835;1235241;1258613;1278663;1295656;1309970;1321616;1330563;1337134;1341386;1342689;1344559;1352259;1368835;1393583;1426896;1465073;1502111;1534107;1561504;1583923;1601698;1615893;1627175;1635242;1640000;1641939;1641776;1640081;1636906;1632129;1626753;1622339;1619576;1618365;1619472;1619229;1611893;1594169;1568236;1527964;1483214;1439852;1401966;1366733;1335970;1308203;1282321;1257403
55-59;933653;969490;1005606;1041334;1075793;1108344;1138978;1167684;1194012;1217391;1237552;1254739;1269319;1281301;1290649;1297666;1302412;1304278;1306690;1314759;1331444;1356057;1388979;1426613;1463116;1494713;1521825;1544081;1561809;1576032;1587403;1595630;1600616;1602841;1602999;1601642;1598835;1594451;1589473;1585432;1582990;1582046;1583340;1583286;1576268;1559068;1533835;1494568;1450948;1408696;1371801
60-64;725100;756052;787845;820469;853999;888373;923260;958439;993264;1026901;1058733;1088754;1116951;1142884;1165980;1185989;1203124;1217757;1229881;1239462;1246774;1251889;1254237;1257116;1265447;1282064;1306292;1338478;1375160;1410726;1441548;1468048;1489877;1507346;1521421;1532729;1540983;1546090;1548528;1548961;1547923;1545472;1541492;1536935;1533280;1531161;1530469;1531924;1532032;1525360;1508808
65-69;549163;569214;592420;618223;645694;674237;703831;734244;765468;797571;830481;863892;897596;930982;963279;993894;1022833;1050074;1075206;1097649;1117162;1133954;1148385;1160442;1170084;1177567;1182964;1185740;1189024;1197482;1213790;1237271;1268238;1303397;1337467;1367031;1392492;1413535;1430450;1444135;1455173;1463292;1468417;1470994;1471662;1470929;1468857;1465325;1461249;1458028;1456255
70-74;431005;441851;451687;461882;474377;490258;509092;530767;554787;580328;606872;634401;662714;691799;721708;752368;783510;814937;846088;876260;904919;932069;957698;981412;1002652;1021185;1037223;1051095;1062781;1072230;1079665;1085177;1088291;1091904;1100315;1115960;1138178;1167197;1199986;1231709;1259264;1283038;1302755;1318682;1331618;1342090;1349851;1354837;1357467;1358337;1357916
75-79;302173;313246;325425;337971;349835;360592;370566;379759;389312;400847;415261;432193;451554;472926;495629;519227;543706;568904;594804;621450;648769;676523;704545;732334;759294;784950;809316;832396;853819;873064;889907;904564;917339;928200;937073;944154;949542;952841;956621;964676;979115;999289;1025334;1054580;1082807;1107335;1128534;1146200;1160548;1172250;1181754
80-84;190884;197933;204990;212324;220238;228844;238172;248400;258928;268918;278023;286552;294552;302897;312839;325050;339251;355373;373094;391895;411433;431716;452614;474115;496244;518937;541999;565296;588415;610874;632299;652705;672115;690199;706494;720796;733308;744316;753768;761574;767882;772808;776048;779746;787029;799576;816778;838655;863005;886417;906760
85-89;92674;100211;106809;112777;118344;123678;128965;134334;139938;145958;152448;159452;167115;175002;182505;189377;195888;202116;208651;216343;225631;236316;248352;261517;275462;289961;305025;320566;336576;353072;369987;387189;404578;421843;438647;454719;470082;484767;498503;510916;521844;531465;540019;547445;553644;558721;562784;565646;568921;574928;584849
90+;50974;53403;57327;62118;67308;72558;77976;83682;89515;95351;101093;106919;112983;119274;125822;132600;139726;147382;155283;163075;170603;178126;185816;193872;202592;212116;222446;233639;245656;258458;271997;286283;301302;317031;333457;350509;368114;386205;404581;423035;441372;459595;477704;495406;512341;528304;543458;557983;571659;584201;595559
Homens;;;;;;;;;;;;;;;;;;;;;;;;;;;;;;;;;;;;;;;;;;;;;;;;;;;
Faixa/Ano;2010;2011;2012;2013;2014;2015;2016;2017;2018;2019;2020;2021;2022;2023;2024;2025;2026;2027;2028;2029;2030;2031;2032;2033;2034;2035;2036;2037;2038;2039;2040;2041;2042;2043;2044;2045;2046;2047;2048;2049;2050;2051;2052;2053;2054;2055;2056;2057;2058;2059;2060
Total;9828254;9896288;9964508;10031255;10098642;10167615;10231969;10294859;10359652;10422468;10483131;10541449;10597182;10650110;10700079;10746964;10790677;10831115;10868187;10901838;10932044;10958757;10981919;11001549;11017663;11030295;11039461;11045157;11047452;11046429;11042142;11034655;11024085;11010532;10994064;10974763;10952684;10927899;10900470;10870416;10837764;10802550;10764809;10724550;10681767;10636452;10588645;10538415;10485761;10430698;10373273
0-4;684629;674778;671026;668935;670455;676365;677669;677518;680931;681937;679420;679390;678473;673088;666961;660153;652773;644980;636903;628638;620296;611921;603530;595211;587044;579062;571309;563843;556701;549898;543419;537277;531515;526149;521152;516491;512138;508022;504061;500192;496337;492454;488501;484403;480115;475620;470919;466034;460974;455761;450440
05/set;765070;745530;728502;713126;698811;685047;675231;671502;669430;670962;676873;678187;678050;681460;682469;679955;679925;679010;673635;667516;660711;653334;645551;637492;629245;620927;612580;604214;595918;587769;579806;572071;564625;557502;550713;544247;538117;532367;527014;522027;517378;513034;508925;504973;501112;497261;493387;489442;485352;481072;476584
out/14;869775;856222;834714;810572;787013;766305;746786;729776;714416;700109;686353;676537;672797;670716;672231;678119;679413;679258;682644;683632;681102;681053;680124;674747;668631;661839;654483;646717;638673;630445;622141;613809;605456;597174;589037;581086;573357;565922;558809;552030;545572;539454;533713;528368;523384;518741;514400;510292;506345;502490;498651
15-19;879822;878646;879233;879465;876011;866929;853506;832155;808180;784785;764221;744837;727936;712673;698459;684795;675059;671374;669338;670885;676791;678105;677970;681367;682378;679881;679859;678959;673622;667542;660791;653471;645747;637737;629542;621272;612976;604652;596398;588293;580373;572669;565259;558170;551416;544981;538883;533160;527829;522862;518229
20-24;885987;883627;879939;875719;872199;870007;869079;869890;870341;867125;858308;845168;824133;800485;777406;757129;738023;721362;706320;692316;678856;669287;665720;663774;665380;671319;672679;672602;676036;677095;674657;674675;673815;668543;662524;655835;648575;640910;632964;624830;616622;608385;600115;591914;583860;575988;568331;560964;553917;547199;540802
25-29;863163;867827;870996;872735;873133;872299;870274;866924;863034;859827;857931;857276;858343;859044;856088;847568;834744;814073;790796;768069;748109;729299;712886;698060;684237;670932;661485;658003;656132;657785;663750;665153;665124;668586;669684;667298;667357;666538;661326;655370;648744;641553;633954;626069;617998;609851;601669;593456;585311;577312;569488
30-34;800971;815534;827413;836860;844572;850976;855899;859332;861345;862017;861459;859714;856639;853022;850078;848420;847985;849246;850134;847385;839106;826538;806167;783190;760736;741007;722403;706170;691505;677836;664674;655345;651940;650134;651827;657807;659245;659258;662740;663869;661534;661624;660842;655688;649792;643224;636095;628557;620732;612720;604633
35-39;703780;716307;733724;753973;773719;790809;805483;817502;827113;835007;841601;846720;850363;852592;853479;853142;851617;848766;845362;842621;841141;840863;842264;843287;840692;832601;820250;800146;777448;755260;735770;717383;701341;686850;673344;660337;651134;647810;646067;647798;653785;655257;655310;658807;659961;657677;657796;657049;651957;646127;639623
40-44;680872;682184;681751;681574;684655;692728;705381;722839;743074;762810;779931;794673;806793;816538;824586;831338;836629;840459;842880;843962;843826;842509;839872;836684;834145;832850;832737;834275;835426;832984;825093;812976;793172;770792;748914;729701;711572;695752;681470;668155;655328;646269;643032;641356;643124;649106;650598;650688;654193;655372;653150
45-49;636735;644766;651845;657801;662315;665379;667065;667032;667240;670626;678891;691636;709075;729228;748886;765978;780736;792913;802756;810927;817813;823257;827255;829861;831143;831220;830126;827718;824763;822443;821334;821381;823043;824313;822025;814351;802504;783063;761083;739595;720729;702934;687392;673360;660278;647677;638800;635663;634063;635858;641809
50-54;556290;570712;583913;595846;606506;615918;624181;631519;637757;642583;645987;648037;648407;648996;652670;661090;673863;691193;711155;730625;747589;762269;774435;784324;792578;799567;805135;809284;812057;813529;813812;812937;810770;808057;805951;805026;805228;807006;808382;806254;798830;787307;768331;746871;725895;707482;690115;674934;661231;648453;636148
55-59;447416;464470;481850;499114;515657;531068;545370;558512;570450;581156;590664;599065;606574;613020;618094;621780;624145;624882;625827;629743;638229;650907;667966;687556;706659;723342;737816;749856;759691;767933;774944;780575;784823;787731;789367;789832;789164;787234;784767;782890;782157;782506;784368;785824;783861;776734;765620;747253;726482;706186;688385
60-64;343775;358265;373025;388123;403711;419827;436315;453131;469848;485900;500888;514836;527696;539424;549984;559407;567772;575291;581793;586980;590828;593407;594436;595662;599725;608141;620541;637093;656037;674500;690643;704678;716397;726018;734107;741013;746591;750838;753802;755537;756140;755655;753955;751734;750081;749519;749986;751898;753394;751583;744805
65-69;255046;264640;275699;287925;300844;314156;327858;341821;356116;370880;386141;401760;417693;433540;448782;463044;476353;488661;499929;510108;519223;527351;534695;541093;546251;550145;552849;554107;555550;559651;567825;579706;595441;613375;630838;646131;659449;670608;679804;687563;694208;699597;703737;706666;708437;709141;708822;707352;705395;703974;703575
70-74;194458;199578;204265;209151;215114;222627;231485;241637;252817;264617;276777;289297;302069;315157;328675;342644;356947;371539;386058;400036;413143;425409;436790;447244;456721;465235;472863;479789;485858;490797;494573;497270;498669;500252;504267;511969;523008;537480;553890;569838;583814;596004;606249;614734;621914;628074;633090;636976;639762;641494;642251
75-79;131034;136254;141880;147601;152993;157900;162477;166735;171183;176533;183164;190905;199724;209394;219591;230099;240920;251970;263300;275008;287105;299490;312131;324709;336833;348220;358901;368846;378015;386349;393854;400607;406773;412210;416662;420105;422621;424038;425642;429365;436257;445985;458592;472795;486556;498613;509143;518026;525418;531694;537088
80-84;77329;80926;84520;88181;91987;95958;100147;104662;109257;113599;117567;121302;124828;128529;132929;138300;144515;151549;159231;167318;175650;184233;193008;202016;211326;220946;230796;240849;250852;260497;269566;278090;286061;293435;300153;306210;311683;316713;321173;324843;327698;329823;331105;332570;335753;341455;349368;359480;370767;381654;391183
85-89;35336;38150;40854;43468;46014;48510;50996;53512;56092;58777;61562;64502;67675;70905;73961;76756;79409;81959;84653;87828;91650;96034;100963;106320;111951;117749;123726;129843;136129;142632;149347;156223;163243;170222;176950;183279;189238;194835;200033;204774;209053;212934;216524;219728;222367;224426;225979;226967;228128;230537;234719
90+;16766;17872;19359;21086;22933;24807;26767;28860;31028;33218;35393;37607;39914;42299;44750;47247;49849;52630;55473;58241;60876;63491;66156;68952;71988;75312;78923;82843;87039;91484;96143;101028;106130;111452;117007;122773;128727;134853;141045;147193;153205;159106;164905;170520;175863;180882;185644;190224;194511;198350;201710
Mulheres;;;;;;;;;;;;;;;;;;;;;;;;;;;;;;;;;;;;;;;;;;;;;;;;;;;
Faixa/Ano;2010;2011;2012;2013;2014;2015;2016;2017;2018;2019;2020;2021;2022;2023;2024;2025;2026;2027;2028;2029;2030;2031;2032;2033;2034;2035;2036;2037;2038;2039;2040;2041;2042;2043;2044;2045;2046;2047;2048;2049;2050;2051;2052;2053;2054;2055;2056;2057;2058;2059;2060
Total;10129190;10199875;10270696;10340073;10409989;10481363;10548295;10613769;10681010;10746323;10809535;10870474;10928894;10984580;11037396;11087207;11133913;11177427;11217656;11254542;11288068;11318153;11344710;11367743;11387261;11403287;11415803;11424808;11430353;11432478;11431240;11426679;11418878;11407930;11393897;11376849;11356820;11333859;11308039;11279404;11247966;11213758;11176824;11137183;11094856;11049860;11002251;10952107;10899455;10844315;10786732
0-4;653924;644334;640599;638472;639803;645337;646501;646289;649479;650389;647939;647866;646960;641799;635931;629417;622360;614909;607194;599303;591343;583349;575344;567410;559616;552000;544605;537483;530676;524188;518010;512151;506658;501542;496775;492333;488183;484258;480484;476794;473117;469415;465645;461740;457651;453366;448887;444232;439409;434440;429366
05/set;732722;713712;697159;682223;668317;654957;645379;641647;639520;640841;646371;647532;647313;650488;651389;648931;648849;647936;642767;636888;630361;623301;615856;608149;600273;592331;584357;576371;568451;560673;553075;545697;538588;531794;525315;519152;513305;507824;502714;497958;493525;489377;485461;481690;478009;474341;470649;466884;462987;458900;454623
out/14;841335;825734;803039;778310;754540;733829;714832;698284;683352;669451;656087;646504;642759;640620;641927;647436;648578;648344;651501;652382;649908;649810;648879;643704;637826;631309;624257;616826;609132;601266;593332;585365;577390;569482;561715;554123;546752;539646;532861;526390;520236;514397;508919;503814;499058;494627;490481;486576;482811;479141;475475
15-19;862826;860576;859124;856718;850643;839336;823802;801185;776533;752835;732187;713250;696753;681868;668015;654698;645154;641442;639334;640666;646195;647359;647142;650308;651202;648743;648655;647734;642574;636709;630206;623170;615754;608068;600218;592296;584344;576380;568481;560725;553143;545782;538685;531911;525453;519306;513475;508000;502900;498149;493728
20-24;871071;867956;864535;861095;858031;855466;853352;852030;849764;843830;832670;817286;794830;770339;746799;726308;707516;691156;676405;662680;649490;640052;636413;634356;635719;641260;642437;642235;645413;646318;643874;643799;642888;637747;631899;625417;618396;610996;603329;595496;587589;579654;571710;563825;556082;548510;541161;534084;527322;520874;514735
25-29;864704;866673;866697;865232;862962;860356;857440;854217;850961;848087;845711;843783;842643;840554;834803;823837;808653;786404;762123;738790;718496;699884;683673;669038;655399;642265;632861;629243;627205;628582;634131;635322;635134;638323;639239;636810;636748;635852;630729;624901;618436;611429;604050;596404;588586;580700;572786;564853;556982;549253;541698
30-34;816400;829053;839150;846797;852452;856414;858540;858721;857418;855306;852856;850097;847033;843936;841214;838979;837191;836184;834226;828615;817798;802768;780679;756543;733337;713142;694607;678459;663879;650291;637209;627847;624264;622250;623645;629202;630408;630234;633434;634365;631956;631912;631028;625926;620118;613677;606691;599335;591713;583919;576055
35-39;731932;743816;759868;778245;795957;811052;823761;833927;841663;847409;851467;853691;853975;852783;850787;848448;845800;842836;839833;837202;835057;833362;832433;830558;825022;814294;799365;777400;753389;730302;710206;691767;675703;661201;647686;634671;625368;621822;619839;621254;626816;628039;627887;631098;632044;629657;629628;628761;623684;617903;611493
40-44;711583;713440;714001;714933;718683;726683;738612;754671;773028;790729;805831;818563;828771;836560;842369;846502;848806;849188;848096;846195;843951;841388;838519;835607;833068;831005;829392;828538;826738;821291;810669;795865;774053;750209;727282;707332;689025;673072;658672;645252;632330;623102;619601;617657;619095;624658;625891;625758;628978;629938;627581
45-49;675448;684090;690945;696204;700159;703157;705176;705908;707000;710881;718962;730925;746964;765273;782928;798012;810746;820985;828826;834704;838920;841317;841803;840827;839047;836927;834485;831738;828945;826516;824558;823037;822268;820552;815213;804735;790101;768506;744895;722195;702448;684327;668531;654272;640986;628194;619070;615626;613725;615185;620737
50-54;592779;609246;624922;639395;652107;662745;671475;678451;683859;687980;691147;693349;694282;695563;699589;707745;719720;735703;753918;771486;786518;799235;809488;817374;823315;827608;830107;830716;829882;828247;826269;823969;821359;818696;816388;814550;813137;812466;810847;805639;795339;780929;759633;736343;713957;694484;676618;661036;646972;633868;621255
55-59;486237;505020;523756;542220;560136;577276;593608;609172;623562;636235;646888;655674;662745;668281;672555;675886;678267;679396;680863;685016;693215;705150;721013;739057;756457;771371;784009;794225;802118;808099;812459;815055;815793;815110;813632;811810;809671;807217;804706;802542;800833;799540;798972;797462;792407;782334;768215;747315;724466;702510;683416
60-64;381325;397787;414820;432346;450288;468546;486945;505308;523416;541001;557845;573918;589255;603460;615996;626582;635352;642466;648088;652482;655946;658482;659801;661454;665722;673923;685751;701385;719123;736226;750905;763370;773480;781328;787314;791716;794392;795252;794726;793424;791783;789817;787537;785201;783199;781642;780483;780026;778638;773777;764003
65-69;294117;304574;316721;330298;344850;360081;375973;392423;409352;426691;444340;462132;479903;497442;514497;530850;546480;561413;575277;587541;597939;606603;613690;619349;623833;627422;630115;631633;633474;637831;645965;657565;672797;690022;706629;720900;733043;742927;750646;756572;760965;763695;764680;764328;763225;761788;760035;757973;755854;754054;752680
70-74;236547;242273;247422;252731;259263;267631;277607;289130;301970;315711;330095;345104;360645;376642;393033;409724;426563;443398;460030;476224;491776;506660;520908;534168;545931;555950;564360;571306;576923;581433;585092;587907;589622;591652;596048;603991;615170;629717;646096;661871;675450;687034;696506;703948;709704;714016;716761;717861;717705;716843;715665
75-79;171139;176992;183545;190370;196842;202692;208089;213024;218129;224314;232097;241288;251830;263532;276038;289128;302786;316934;331504;346442;361664;377033;392414;407625;422461;436730;450415;463550;475804;486715;496053;503957;510566;515990;520411;524049;526921;528803;530979;535311;542858;553304;566742;581785;596251;608722;619391;628174;635130;640556;644666
80-84;113555;117007;120470;124143;128251;132886;138025;143738;149671;155319;160456;165250;169724;174368;179910;186750;194736;203824;213863;224577;235783;247483;259606;272099;284918;297991;311203;324447;337563;350377;362733;374615;386054;396764;406341;414586;421625;427603;432595;436731;440184;442985;444943;447176;451276;458121;467410;479175;492238;504763;515577
85-89;57338;62061;65955;69309;72330;75168;77969;80822;83846;87181;90886;94950;99440;104097;108544;112621;116479;120157;123998;128515;133981;140282;147389;155197;163511;172212;181299;190723;200447;210440;220640;230966;241335;251621;261697;271440;280844;289932;298470;306142;312791;318531;323495;327717;331277;334295;336805;338679;340793;344391;350130
90+;34208;35531;37968;41032;44375;47751;51209;54822;58487;62133;65700;69312;73069;76975;81072;85353;89877;94752;99810;104834;109727;114635;119660;124920;130604;136804;143523;150796;158617;166974;175854;185255;195172;205579;216450;227736;239387;251352;263536;275842;288167;300489;312799;324886;336478;347422;357814;367759;377148;385851;393849
Brasil;;;;;;;;;;;;;;;;;;;;;;;;;;;;;;;;;;;;;;;;;;;;;;;;;;;
Dados;;;;;;;;;;;;;;;;;;;;;;;;;;;;;;;;;;;;;;;;;;;;;;;;;;;
Ano;População total;Homens;Mulheres;Nascimentos;Óbitos;Taxa de Crescimento Geométrico;Taxa Bruta de Natalidade;Taxa Bruta de Mortalidade;Esperança de Vida ao Nascer;Esperança de Vida ao Nascer - Homens;Esperança de Vida ao Nascer - Mulheres;Taxa de Mortalidade Infantil;Taxa de Mortalidade Infantil - Homens;Taxa de Mortalidade Infantil - Mulheres;Taxa de Fecundidade Total;Razão de Dependência - Jovens 0 a 14 anos;Razão de Dependência - Idosos 65 ou mais anos;Razão de Dependência;Índice de Envelhecimento;;;;;;;;;;;;;;;;;;;;;;;;;;;;;;;;
2010;194890682;95513298;99377384;2939435;1240083;x;15.08;6.36;73.86;70.21;77.6;17.22;18.76;15.59;1.75;36.32;10.77;47.09;29.55;;;;;;;;;;;;;;;;;;;;;;;;;;;;;;;;
2011;196603732;96322635;100281097;2974525;1247751;0.88;15.13;6.35;74.2;70.57;77.91;16.43;17.86;14.92;1.76;35.37;10.99;46.36;30.99;;;;;;;;;;;;;;;;;;;;;;;;;;;;;;;;
2012;198314934;97132054;101182880;2953890;1258235;0.87;14.89;6.34;74.52;70.91;78.22;15.69;17.03;14.29;1.75;34.45;11.24;45.68;32.63;;;;;;;;;;;;;;;;;;;;;;;;;;;;;;;;
2013;200004188;97931331;102072857;2953178;1270306;0.85;14.77;6.35;74.84;71.25;78.51;15.02;16.27;13.7;1.74;33.56;11.51;45.07;34.2;;;;;;;;;;;;;;;;;;;;;;;;;;;;;;;;
2014;201717541;98744098;102973443;3028202;1284346;0.86;15.01;6.37;75.14;71.57;78.78;14.4;15.58;13.16;1.78;32.78;11.81;44.59;36.12;;;;;;;;;;;;;;;;;;;;;;;;;;;;;;;;
2015;203475683;99581002;103894681;3070979;1299541;0.87;15.09;6.39;75.44;71.88;79.05;13.82;14.93;12.65;1.8;32.15;12.13;44.29;37.67;;;;;;;;;;;;;;;;;;;;;;;;;;;;;;;;
2016;205156587;100379640;104776947;2901053;1314164;0.83;14.14;6.41;75.72;72.18;79.31;13.29;14.35;12.19;1.7;31.57;12.49;44.05;39.73;;;;;;;;;;;;;;;;;;;;;;;;;;;;;;;;
2017;206804741;101163599;105641142;3020743;1330811;0.8;14.61;6.44;75.99;72.46;79.56;12.81;13.8;11.75;1.78;31.11;12.87;43.98;41.2;;;;;;;;;;;;;;;;;;;;;;;;;;;;;;;;
2018;208494900;101971173;106523727;3003585;1349693;0.82;14.41;6.47;76.25;72.74;79.8;12.35;13.31;11.35;1.77;30.75;13.28;44.03;43.19;;;;;;;;;;;;;;;;;;;;;;;;;;;;;;;;
2019;210147125;102760295;107386830;2984414;1368954;0.79;14.2;6.51;76.5;73;80.03;11.94;12.85;10.98;1.77;30.42;13.72;44.14;45.02;;;;;;;;;;;;;;;;;;;;;;;;;;;;;;;;
2020;211755692;103527689;108228003;2963516;1389144;0.77;13.99;6.56;76.74;73.26;80.25;11.56;12.43;10.64;1.76;30.11;14.18;44.29;46.89;;;;;;;;;;;;;;;;;;;;;;;;;;;;;;;;
2021;213317639;104271843;109045796;2940629;1410602;0.74;13.79;6.61;76.97;73.5;80.46;11.2;12.04;10.32;1.76;29.83;14.67;44.5;49.51;;;;;;;;;;;;;;;;;;;;;;;;;;;;;;;;
2022;214828540;104990487;109838053;2913688;1433605;0.71;13.56;6.67;77.19;73.74;80.67;10.88;11.68;10.03;1.75;29.63;15.19;44.82;51.22;;;;;;;;;;;;;;;;;;;;;;;;;;;;;;;;
2023;216284269;105681529;110602740;2885501;1458023;0.68;13.34;6.74;77.4;73.96;80.86;10.58;11.36;9.75;1.75;29.43;15.74;45.17;53.2;;;;;;;;;;;;;;;;;;;;;;;;;;;;;;;;
2024;217684462;106345043;111339419;2856690;1483777;0.65;13.12;6.82;77.6;74.17;81.05;10.3;11.05;9.5;1.74;29.26;16.31;45.56;55.72;;;;;;;;;;;;;;;;;;;;;;;;;;;;;;;;
2025;219029093;106981304;112047789;2827039;1510693;0.62;12.91;6.9;77.8;74.38;81.22;10.04;10.77;9.27;1.74;29.11;16.9;46.01;58.29;;;;;;;;;;;;;;;;;;;;;;;;;;;;;;;;
2026;220316530;107589495;112727035;2797674;1539159;0.59;12.7;6.99;77.98;74.57;81.39;9.8;10.51;9.05;1.74;28.95;17.51;46.45;60.61;;;;;;;;;;;;;;;;;;;;;;;;;;;;;;;;
2027;221545234;108168830;113376404;2768000;1569117;0.56;12.49;7.08;78.16;74.76;81.56;9.58;10.27;8.85;1.73;28.77;18.14;46.9;62.76;;;;;;;;;;;;;;;;;;;;;;;;;;;;;;;;
2028;222713669;108718587;113995082;2738355;1600375;0.53;12.3;7.19;78.32;74.94;81.71;9.37;10.05;8.66;1.73;28.59;18.78;47.37;65.46;;;;;;;;;;;;;;;;;;;;;;;;;;;;;;;;
2029;223821305;109238514;114582791;2710134;1632845;0.5;12.11;7.3;78.49;75.11;81.86;9.18;9.84;8.49;1.72;28.36;19.42;47.79;68.23;;;;;;;;;;;;;;;;;;;;;;;;;;;;;;;;
2030;224868462;109728762;115139700;2683440;1666427;0.47;11.93;7.41;78.64;75.28;82;9.01;9.65;8.33;1.72;28.08;20.06;48.14;71.05;;;;;;;;;;;;;;;;;;;;;;;;;;;;;;;;
2031;225854415;110189007;115665408;2655850;1700970;0.44;11.76;7.53;78.78;75.43;82.14;8.85;9.48;8.18;1.72;27.84;20.71;48.55;74.33;;;;;;;;;;;;;;;;;;;;;;;;;;;;;;;;
2032;226777802;110618592;116159210;2628742;1736861;0.41;11.59;7.66;78.92;75.58;82.27;8.7;9.32;8.05;1.72;27.61;21.36;48.97;77.3;;;;;;;;;;;;;;;;;;;;;;;;;;;;;;;;
2033;227638581;111017537;116621044;2603540;1773877;0.38;11.44;7.79;79.05;75.72;82.39;8.57;9.18;7.92;1.71;27.32;22.01;49.33;80.33;;;;;;;;;;;;;;;;;;;;;;;;;;;;;;;;
2034;228437122;111386062;117051060;2579544;1812136;0.35;11.29;7.93;79.18;75.86;82.51;8.44;9.04;7.81;1.71;27.04;22.65;49.69;83.43;;;;;;;;;;;;;;;;;;;;;;;;;;;;;;;;
2035;229173685;111724392;117449293;2557147;1851454;0.32;11.16;8.08;79.3;75.99;82.62;8.32;8.92;7.7;1.71;26.76;23.28;50.04;87.08;;;;;;;;;;;;;;;;;;;;;;;;;;;;;;;;
2036;229847832;112032426;117815406;2534413;1891832;0.29;11.03;8.23;79.42;76.11;82.73;8.22;8.8;7.6;1.7;26.48;23.9;50.39;90.34;;;;;;;;;;;;;;;;;;;;;;;;;;;;;;;;
2037;230459062;112309958;118149104;2513030;1933167;0.27;10.9;8.39;79.53;76.23;82.83;8.12;8.69;7.51;1.7;26.22;24.52;50.74;93.68;;;;;;;;;;;;;;;;;;;;;;;;;;;;;;;;
2038;231007871;112557327;118450544;2493021;1975283;0.24;10.79;8.55;79.63;76.34;82.93;8.02;8.59;7.42;1.7;25.97;25.13;51.1;96.51;;;;;;;;;;;;;;;;;;;;;;;;;;;;;;;;
2039;231494650;112774820;118719830;2473758;2017958;0.21;10.69;8.72;79.73;76.45;83.02;7.93;8.49;7.34;1.7;25.74;25.77;51.52;100;;;;;;;;;;;;;;;;;;;;;;;;;;;;;;;;
2040;231919922;112962751;118957171;2455519;2060782;0.18;10.59;8.89;79.83;76.55;83.11;7.85;8.4;7.27;1.69;25.54;26.46;51.99;103.57;;;;;;;;;;;;;;;;;;;;;;;;;;;;;;;;
2041;232284233;113121438;119162795;2437785;2103915;0.16;10.49;9.06;79.92;76.65;83.2;7.77;8.32;7.2;1.69;25.35;27.18;52.53;107.23;;;;;;;;;;;;;;;;;;;;;;;;;;;;;;;;
2042;232588580;113251454;119337126;2422219;2147419;0.13;10.41;9.23;80;76.74;83.28;7.7;8.24;7.13;1.69;25.19;27.93;53.13;110.3;;;;;;;;;;;;;;;;;;;;;;;;;;;;;;;;
2043;232834065;113353443;119480622;2407325;2191168;0.11;10.34;9.41;80.09;76.83;83.36;7.63;8.16;7.06;1.69;25.06;28.73;53.78;114.72;;;;;;;;;;;;;;;;;;;;;;;;;;;;;;;;
2044;233020996;113427597;119593399;2392409;2234730;0.08;10.27;9.59;80.17;76.92;83.43;7.56;8.09;7;1.69;24.94;29.55;54.49;118.63;;;;;;;;;;;;;;;;;;;;;;;;;;;;;;;;
2045;233149625;113474061;119675564;2377677;2278119;0.06;10.2;9.77;80.24;77;83.5;7.5;8.02;6.95;1.68;24.85;30.4;55.25;122.5;;;;;;;;;;;;;;;;;;;;;;;;;;;;;;;;
2046;233220257;113493052;119727205;2363150;2321466;0.03;10.13;9.95;80.31;77.08;83.57;7.44;7.96;6.9;1.68;24.77;31.27;56.04;125.79;;;;;;;;;;;;;;;;;;;;;;;;;;;;;;;;
2047;233233670;113485011;119748659;2349527;2364398;0.01;10.07;10.14;80.38;77.16;83.63;7.39;7.9;6.84;1.68;24.72;32.17;56.89;129.75;;;;;;;;;;;;;;;;;;;;;;;;;;;;;;;;
2048;233190482;113450253;119740229;2335541;2407046;-0.02;10.02;10.32;80.45;77.23;83.7;7.33;7.84;6.8;1.68;24.68;33.08;57.76;134.62;;;;;;;;;;;;;;;;;;;;;;;;;;;;;;;;
2049;233090464;113388652;119701812;2320604;2449148;-0.04;9.96;10.51;80.51;77.3;83.75;7.29;7.79;6.75;1.68;24.66;33.99;58.64;138.06;;;;;;;;;;;;;;;;;;;;;;;;;;;;;;;;
2050;232933276;113300060;119633216;2304717;2490559;-0.07;9.89;10.69;80.57;77.37;83.81;7.24;7.74;6.71;1.68;24.64;34.88;59.52;142.21;;;;;;;;;;;;;;;;;;;;;;;;;;;;;;;;
2051;232719169;113184593;119534576;2288973;2531362;-0.09;9.84;10.88;80.63;77.43;83.86;7.2;7.69;6.67;1.67;24.63;35.76;60.38;144.81;;;;;;;;;;;;;;;;;;;;;;;;;;;;;;;;
2052;232448867;113042592;119406275;2273127;2571362;-0.12;9.78;11.06;80.68;77.49;83.91;7.16;7.65;6.64;1.67;24.62;36.62;61.24;148.37;;;;;;;;;;;;;;;;;;;;;;;;;;;;;;;;
2053;232122448;112874076;119248372;2255972;2610595;-0.14;9.72;11.25;80.74;77.55;83.96;7.12;7.61;6.6;1.67;24.62;37.45;62.07;151.97;;;;;;;;;;;;;;;;;;;;;;;;;;;;;;;;
2054;231739632;112678873;119060759;2237804;2648830;-0.16;9.66;11.43;80.78;77.61;84;7.08;7.57;6.57;1.67;24.62;38.26;62.89;155.63;;;;;;;;;;;;;;;;;;;;;;;;;;;;;;;;
2055;231300323;112456873;118843450;2218450;2686056;-0.19;9.59;11.61;80.83;77.66;84.04;7.05;7.54;6.54;1.67;24.63;39.05;63.68;159.33;;;;;;;;;;;;;;;;;;;;;;;;;;;;;;;;
2056;230805223;112208379;118596844;2199622;2722232;-0.21;9.53;11.79;80.88;77.71;84.08;7.02;7.5;6.51;1.67;24.63;39.81;64.43;161.33;;;;;;;;;;;;;;;;;;;;;;;;;;;;;;;;
2057;230255685;111934042;118321643;2180831;2757317;-0.24;9.47;11.98;80.92;77.76;84.12;6.99;7.47;6.48;1.66;24.62;40.52;65.15;164.43;;;;;;;;;;;;;;;;;;;;;;;;;;;;;;;;
2058;229652286;111634119;118018167;2161015;2791329;-0.26;9.41;12.15;80.96;77.81;84.16;6.96;7.44;6.46;1.66;24.62;41.22;65.84;168.24;;;;;;;;;;;;;;;;;;;;;;;;;;;;;;;;
2059;228995541;111308845;117686696;2141033;2824224;-0.29;9.35;12.33;81;77.86;84.19;6.94;7.41;6.44;1.66;24.61;41.91;66.53;170.27;;;;;;;;;;;;;;;;;;;;;;;;;;;;;;;;
2060;228286347;110958642;117327705;2120842;2856059;-0.31;9.29;12.51;81.04;77.9;84.23;6.91;7.39;6.42;1.66;24.61;42.62;67.23;173.47;;;;;;;;;;;;;;;;;;;;;;;;;;;;;;;;
Faixas etárias;;;;;;;;;;;;;;;;;;;;;;;;;;;;;;;;;;;;;;;;;;;;;;;;;;;
Total;;;;;;;;;;;;;;;;;;;;;;;;;;;;;;;;;;;;;;;;;;;;;;;;;;;
Faixa/Ano;2010;2011;2012;2013;2014;2015;2016;2017;2018;2019;2020;2021;2022;2023;2024;2025;2026;2027;2028;2029;2030;2031;2032;2033;2034;2035;2036;2037;2038;2039;2040;2041;2042;2043;2044;2045;2046;2047;2048;2049;2050;2051;2052;2053;2054;2055;2056;2057;2058;2059;2060
Total;194890682;196603732;198314934;200004188;201717541;203475683;205156587;206804741;208494900;210147125;211755692;213317639;214828540;216284269;217684462;219029093;220316530;221545234;222713669;223821305;224868462;225854415;226777802;227638581;228437122;229173685;229847832;230459062;231007871;231494650;231919922;232284233;232588580;232834065;233020996;233149625;233220257;233233670;233190482;233090464;232933276;232719169;232448867;232122448;231739632;231300323;230805223;230255685;229652286;228995541;228286347
0-4;14858280;14697433;14624301;14567170;14570070;14677159;14715112;14720776;14787557;14798332;14730311;14703281;14675523;14569055;14452355;14326234;14192256;14053426;13912226;13770272;13629815;13491399;13354905;13221642;13092489;12967369;12846604;12730937;12620549;12514918;12413588;12316709;12225086;12138798;12057106;11979238;11904624;11832490;11761709;11691308;11620256;11547982;11473958;11397201;11317212;11233863;11147191;11057520;10965028;10870292;10774218
05/set;15865195;15600504;15387507;15203145;15029641;14824271;14664918;14593299;14537829;14542132;14650311;14689394;14695773;14762671;14773628;14705941;14679311;14652033;14546208;14430226;14304778;14171490;14033278;13892710;13751331;13611405;13473529;13337523;13204728;13076037;12951361;12830995;12715703;12605672;12500387;12399373;12302790;12211456;12125433;12043993;11966376;11891973;11820071;11749531;11679356;11608504;11536459;11462615;11386046;11306224;11223031
out/14;17397304;17216843;16880174;16495325;16131984;15840860;15577214;15365237;15182024;15009676;14805478;14647164;14576191;14520972;14525347;14633526;14672711;14679300;14746432;14757724;14690423;14664114;14637176;14531700;14416109;14291049;14158125;14020272;13880038;13738984;13599376;13461829;13326122;13193611;13065182;12940762;12820626;12705545;12595720;12490655;12389855;12293466;12202305;12116445;12035156;11957694;11883455;11811703;11741278;11671246;11600532
15-19;17219086;17238401;17315601;17402809;17424089;17334096;17155615;16821630;16439846;16079464;15790863;15529387;15318916;15136923;14965724;14762869;14605891;14536019;14481942;14487286;14596110;14635967;14643187;14710785;14722659;14656163;14630405;14603997;14499263;14384409;14260078;14127872;13990752;13851207;13710840;13571863;13434947;13299846;13167907;13040010;12916108;12796510;12681921;12572557;12467934;12367551;12271531;12180736;12095228;12014265;11937109
20-24;17476779;17396868;17296030;17195219;17124785;17100769;17122881;17203520;17294780;17319853;17233266;17057794;16726717;16347561;15989803;15703800;15444924;15236871;15057313;14888503;14688175;14533531;14465563;14413260;14420025;14529708;14570602;14578856;14647162;14659931;14594614;14569782;14544238;14440723;14327061;14203946;14072906;13936948;13798559;13659314;13521425;13385549;13251456;13120499;12993545;12870528;12751775;12637977;12529386;12425516;12325847
25-29;17334110;17423848;17454135;17436877;17391346;17331851;17256322;17161679;17068593;17004904;16985866;17011218;17092427;17182193;17206153;17119972;16946247;16618500;16243415;15889766;15607291;15351552;15146240;14969263;14802897;14605190;14452983;14386955;14336521;14344709;14455193;14497153;14506501;14575436;14589082;14524961;14501063;14476422;14374170;14261783;14139942;14010163;13875462;13738287;13600246;13463536;13328803;13195813;13065893;12939931;12817887
30-34;15955949;16275019;16567575;16822855;17028854;17178656;17271648;17306947;17296659;17258318;17205416;17135646;17044190;16951251;16886952;16867543;16892885;16974395;17065211;17091062;17007393;16836728;16512899;16141856;15792033;15512843;15259983;15057188;14882572;14718488;14523256;14373318;14309113;14260407;14269902;14381026;14423898;14434174;14503630;14518027;14455019;14431957;14408126;14307058;14195853;14075191;13946610;13813084;13677088;13540196;13404578
35-39;14075108;14350827;14689558;15066579;15441748;15787821;16107943;16402815;16661965;16872342;17026545;17123723;17161844;17152616;17115112;17063584;16995707;16906691;16816670;16755274;16738294;16765601;16848588;16940702;16968189;16886844;16719129;16399166;16032170;15686230;15410325;15160396;14960090;14787787;14625966;14433207;14285523;14223058;14175984;14186704;14298311;14341981;14353071;14422945;14437977;14376076;14353778;14330671;14230768;14120755;14001307
40-44;13184170;13311309;13414041;13519509;13668343;13884283;14161178;14500831;14879035;15255513;15602974;15924417;16219710;16478229;16688213;16842846;16941312;16981681;16975459;16941357;16893256;16828804;16743240;16656520;16598022;16583446;16612647;16696902;16790065;16818996;16739962;16575282;16259556;15897111;15555535;15283397;15036761;14839171;14669407;14510049;14320041;14174828;14114206;14068807;14080737;14192649;14236987;14248844;14318948;14334584;14273861
45-49;11992439;12218181;12426314;12615601;12784211;12933598;13064058;13171048;13281287;13434076;13652504;13930420;14269004;14644402;15017933;15363171;15683089;15977567;16236139;16446903;16602926;16703462;16746553;16743579;16713006;16668492;16607681;16525845;16442743;16387431;16375387;16406437;16491724;16585608;16615819;16539189;16377988;16067408;15710668;15374594;15107158;14864721;14670479;14503796;14347422;14160785;14018586;13960052;13916591;13929788;14041783
50-54;10276773;10574366;10868062;11152415;11419933;11666086;11892707;12102371;12293932;12465329;12617804;12751592;12861867;12974530;13128538;13346782;13623237;13959030;14330885;14700984;15043388;15361008;15653779;15911350;16121912;16278600;16380728;16426408;16426757;16399939;16359306;16302574;16224958;16146006;16094242;16084875;16117711;16203642;16297801;16329111;16255195;16098244;15794311;15445094;15116301;14855005;14618039;14428117;14265353;14112793;13930535
55-59;8387564;8679820;8977656;9278724;9579705;9877881;10172542;10463716;10746091;11012111;11257277;11483368;11692613;11883880;12055490;12208751;12343963;12456465;12571436;12726473;12943766;13217366;13548288;13914012;14277951;14615019;14928011;15216929;15471607;15680383;15836527;15939411;15987269;15990939;15968053;15931630;15879345;15806522;15732281;15684468;15677945;15712380;15798347;15891980;15924009;15853162;15701406;15406171;15066946;14747850;14494713
60-64;6596741;6859058;7119004;7379912;7647936;7926230;8211893;8503042;8797470;9091910;9383728;9672175;9957156;10233460;10493988;10734491;10956693;11162776;11351609;11521660;11673982;11809015;11922324;12038067;12192258;12406090;12673729;12996043;13351492;13705082;14032901;14337648;14619346;14868106;15072540;15226101;15328313;15377469;15384059;15365094;15332980;15285499;15218052;15149158;15105746;15102049;15137666;15222586;15314436;15346470;15279016
65-69;4905988;5095516;5318713;5565313;5819304;6071240;6322755;6572590;6823731;7081680;7349244;7623733;7903288;8185834;8468411;8748627;9025766;9299757;9565627;9816554;10048512;10263166;10462649;10645868;10811283;10959940;11092321;11204363;11318835;11469648;11676652;11934133;12242752;12582173;12919685;13232909;13524376;13794222;14032965;14229585;14377822;14477368;14526754;14535915;14520894;14493445;14451348;14390212;14327671;14289289;14288480
70-74;3792042;3889352;3974955;4063519;4175947;4323465;4501441;4709484;4938529;5174388;5408663;5642901;5876091;6110754;6351769;6601500;6857600;7118354;7381902;7645534;7907040;8165785;8421765;8670307;8905063;9122289;9323635;9511104;9683679;9839876;9980630;10106571;10214158;10324288;10467931;10663049;10904126;11191369;11506226;11819031;12109555;12380193;12631212;12853724;13037277;13176002;13269879;13317776;13328895;13317878;13295484
75-79;2597990;2688798;2797237;2913384;3023576;3121818;3211601;3292375;3376250;3480536;3614389;3774018;3959070;4161906;4370673;4578361;4786387;4994114;5203523;5418622;5641260;5869405;6101656;6336314;6571128;6804078;7034690;7263005;7484798;7694408;7888458;8068562;8236631;8391702;8532383;8659541;8773851;8872509;8973811;9104799;9280868;9496727;9752138;10030863;10307408;10564467;10804204;11027068;11224976;11388373;11511971
80-84;1689444;1727063;1764898;1807817;1861166;1926871;2004365;2095235;2191860;2283815;2366558;2443191;2513706;2587330;2677251;2790280;2923509;3076687;3243763;3415649;3586931;3758879;3931160;4105249;4284098;4468984;4658301;4850986;5045614;5240341;5433588;5624985;5814637;5998934;6173117;6334346;6484201;6624391;6754088;6872004;6978835;7075422;7159683;7246694;7358416;7506972;7687508;7899218;8128899;8356311;8567809
85-89;830529;901360;954570;996763;1032554;1065148;1097017;1129489;1165517;1208442;1259330;1318006;1385731;1457236;1525459;1587405;1645581;1700356;1758056;1827478;1913020;2012666;2126181;2249361;2375978;2502391;2629690;2757777;2887609;3021064;3158814;3299768;3443164;3587930;3732788;3876586;4019065;4160416;4297807;4427602;4547659;4659375;4764254;4861528;4950167;5030651;5103867;5168499;5235780;5321722;5434778
90+;455191;459166;484603;521252;562349;603580;645377;688657;731945;774304;815165;856211;898723;943466;991663;1043410;1099461;1161212;1225853;1289978;1352102;1414477;1478371;1546036;1620691;1703785;1795039;1894806;2001669;2113776;2229906;2350808;2476780;2607627;2743377;2883626;3028143;3176612;3328257;3482333;3637926;3794831;3953061;4110366;4263976;4412193;4556131;4697023;4833076;4962058;5083408
Homens;;;;;;;;;;;;;;;;;;;;;;;;;;;;;;;;;;;;;;;;;;;;;;;;;;;
Faixa/Ano;2010;2011;2012;2013;2014;2015;2016;2017;2018;2019;2020;2021;2022;2023;2024;2025;2026;2027;2028;2029;2030;2031;2032;2033;2034;2035;2036;2037;2038;2039;2040;2041;2042;2043;2044;2045;2046;2047;2048;2049;2050;2051;2052;2053;2054;2055;2056;2057;2058;2059;2060
Total;95513298;96322635;97132054;97931331;98744098;99581002;100379640;101163599;101971173;102760295;103527689;104271843;104990487;105681529;106345043;106981304;107589495;108168830;108718587;109238514;109728762;110189007;110618592;111017537;111386062;111724392;112032426;112309958;112557327;112774820;112962751;113121438;113251454;113353443;113427597;113474061;113493052;113485011;113450253;113388652;113300060;113184593;113042592;112874076;112678873;112456873;112208379;111934042;111634119;111308845;110958642
0-4;7594516;7513761;7477567;7449337;7451690;7507226;7527223;7530642;7565301;7571223;7536789;7523299;7509386;7455164;7395678;7331364;7263006;7192133;7120032;7047528;6975778;6905062;6835307;6767195;6701192;6637231;6575502;6516373;6459937;6405936;6354123;6304598;6257751;6213632;6171861;6132043;6093885;6056997;6020798;5984802;5948471;5911502;5873639;5834370;5793447;5750809;5706456;5660575;5613249;5564770;5515605
05/set;8094637;7962532;7856445;7764679;7678145;7574960;7495049;7459700;7432381;7435509;7491634;7512252;7516076;7550810;7556858;7522618;7509351;7495730;7441882;7382807;7318878;7250909;7180401;7108665;7036481;6965042;6894634;6825161;6757331;6691592;6627900;6566392;6507477;6451252;6397457;6345822;6296474;6249795;6205831;6164206;6124537;6086502;6049752;6013699;5977830;5941609;5904776;5867020;5827860;5787041;5744493
out/14;8842587;8760868;8596730;8405865;8224795;8080135;7948620;7843086;7751948;7666040;7563501;7484190;7449226;7422072;7425264;7481411;7502112;7506047;7540921;7547162;7513141;7500066;7486634;7433002;7374143;7310452;7242697;7172400;7100861;7028875;6957623;6887413;6818125;6750468;6684877;6621345;6559981;6501187;6445082;6391415;6339911;6290699;6244133;6200276;6158737;6119162;6081226;6044568;6008592;5972801;5936671
15-19;8673836;8693267;8745322;8804210;8829069;8795446;8715095;8552810;8364062;8185062;8042202;7912260;7807878;7717747;7632793;7531320;7453057;7418949;7392651;7396587;7453221;7474403;7478801;7514010;7520683;7487251;7474592;7461547;7408463;7350163;7287028;7219811;7150062;7079046;7007575;6936806;6867067;6798239;6731019;6665837;6602699;6541729;6483312;6427561;6374235;6323041;6274127;6227836;6184244;6142973;6103630
20-24;8746116;8711375;8663577;8614902;8583358;8578611;8600164;8654720;8716490;8744065;8712945;8634909;8475014;8288587;8111918;7971317;7843582;7741213;7653070;7570037;7470597;7394220;7361652;7336794;7341891;7399228;7421254;7426487;7462264;7469669;7437195;7425286;7412946;7360848;7303529;7241380;7175120;7106330;7036251;6965698;6895815;6826928;6758931;6692510;6628106;6565701;6505416;6447653;6392537;6339825;6289218
25-29;8574606;8629711;8657414;8662143;8651184;8630266;8598875;8555561;8512314;8485534;8484394;8508378;8563553;8624538;8651626;8621118;8544666;8387530;8204388;8031009;7893232;7767999;7667829;7581750;7500675;7403356;7328943;7297950;7274594;7280847;7338836;7361712;7367822;7404119;7412226;7380713;7369573;7357978;7306911;7250628;7189512;7124285;7056509;6987423;6917849;6848930;6780967;6713878;6648312;6584723;6523112
30-34;7821287;7982363;8131551;8263753;8373348;8457008;8514439;8545686;8555280;8549320;8532944;8505514;8464499;8421615;8394693;8393527;8417664;8473141;8534872;8563312;8534665;8460519;8306365;8126302;7955838;7820545;7697488;7599240;7514973;7435649;7340229;7267552;7237960;7215936;7223197;7281677;7305262;7312099;7348805;7357492;7326843;7316343;7305373;7255224;7199860;7139664;7075362;7008494;6940318;6871646;6803583
35-39;6857527;6990523;7155946;7341635;7527745;7700900;7862666;8013399;8148183;8260741;8347421;8407755;8440996;8451369;8446055;8430688;8404634;8365378;8324589;8299702;8300209;8325674;8382118;8444696;8474256;8447253;8375224;8223858;8046719;7879049;7746136;7625181;7528741;7446144;7368454;7274845;7203808;7175501;7154681;7162834;7221685;7245877;7253323;7290325;7299496;7269639;7259722;7249292;7200007;7145508;7086207
40-44;6405478;6465519;6511227;6557089;6624863;6727359;6861189;7027271;7213769;7400750;7574836;7737477;7888496;8022898;8135221;8222214;8283430;8318165;8330545;8327522;8314471;8290745;8253830;8215289;8192354;8194452;8221147;8278370;8341585;8372088;8346626;8276663;8128189;7954176;7789503;7659150;7540448;7445888;7365050;7289066;7197348;7128025;7100999;7081359;7090362;7149455;7174123;7182135;7219317;7228927;7199896
45-49;5768516;5880219;5985481;6082367;6167931;6241647;6303978;6352579;6401687;6472175;6576419;6711034;6876531;7061277;7246407;7419108;7580798;7731316;7865760;7978594;8066468;8128987;8165432;8179855;8179060;8168292;8146911;8112423;8076237;8055349;8059034;8086849;8144623;8208179;8239414;8215443;8147699;8002569;7832277;7671186;7543900;7427925;7335566;7256745;7182722;7093220;7025894;7000246;6981909;6991754;7050917
50-54;4900002;5040349;5178764;5313246;5441195;5561009;5673316;5779573;5877917;5965268;6041008;6105571;6156429;6207294;6278778;6383077;6516900;6680739;6863310;7046315;7217244;7377487;7526925;7660698;7773367;7861606;7925036;7962995;7979372;7980824;7972437;7953589;7921753;7888179;7869486;7874764;7903569;7961564;8025093;8056849;8034455;7969304;7828334;7662799;7506320;7382926;7270417;7180814;7104474;7032873;6946162
55-59;3954821;4089187;4227766;4368987;4510555;4650762;4789417;4926386;5059761;5186871;5306101;5418069;5523994;5622071;5709488;5785731;5851268;5903677;5956190;6028485;6132308;6264412;6425224;6603964;6783080;6950611;7107892;7254823;7386666;7498065;7585774;7649457;7688505;7706661;7710316;7704363;7688149;7659220;7628530;7612199;7619074;7648657;7706356;7769208;7801082;7780353;7718248;7582612;7423293;7272866;7154556
60-64;3081961;3198692;3313737;3429277;3548963;3674713;3805186;3939707;4076794;4214303;4350563;4485379;4618536;4748149;4871821;4988027;5097383;5201061;5297302;5383487;5458969;5524298;5577221;5630273;5702081;5803746;5932098;6087478;6259725;6432268;6593867;6745779;6887959;7015825;7124175;7209866;7272652;7311982;7331395;7336975;7333300;7319725;7293901;7266311;7252466;7260725;7290580;7347073;7408221;7439552;7420473
65-69;2253998;2339108;2439108;2549140;2661907;2773210;2883883;2993314;3103440;3217426;3337000;3460918;3588535;3718492;3848844;3978090;4106032;4232502;4355732;4473440;4584216;4688647;4787847;4880176;4963105;5036045;5099560;5151653;5203924;5273663;5371091;5493166;5640066;5802391;5964930;6117373;6260872;6395434;6516731;6619770;6701600;6762068;6800700;6820803;6827971;6826458;6815605;6793193;6769102;6757874;6767303
70-74;1689818;1732563;1770303;1809593;1859518;1924795;2003224;2094581;2194687;2297297;2398778;2499910;2600243;2701380;2806006;2915566;3028989;3145702;3264515;3383680;3501868;3618911;3734717;3847628;3955595;4057304;4153367;4244811;4330120;4406952;4474742;4534111;4583407;4633065;4698510;4788775;4900975;5035044;5182591;5330211;5468808;5599462;5722265;5833225;5927673;6002895;6058911;6095418;6115370;6123684;6124121
75-79;1105206;1144121;1190922;1240998;1288273;1330216;1368574;1403314;1439622;1484658;1542105;1610235;1688895;1774682;1862608;1949716;2036732;2123408;2210961;2301516;2396166;2494028;2594665;2697044;2799720;2901547;3002440;3102353;3199832;3293112;3381052;3464237;3543625;3617852;3684841;3744109;3796312;3840217;3884676;3942722;4021823;4119269;4234768;4361237;4487603;4606394;4718561;4824282;4920042;5001664;5066803
80-84;677628;692280;707304;724631;746369;773094;804695;841980;881564;919059;952619;983758;1012641;1042996;1079956;1126100;1180178;1242110;1309326;1378193;1446541;1514999;1583484;1652852;1724591;1799420;1876683;1956079;2036796;2117674;2197885;2277383;2356175;2433074;2506675;2576080;2641835;2704769;2763770;2817079;2864310;2906165;2941812;2978203;3025436;3089091;3166772;3257946;3357133;3456065;3549148
85-89;314944;340306;359247;374268;387076;398787;410381;422377;435871;452078;471252;493422;519178;546326;572074;595279;617114;637836;659812;686235;718616;756161;798785;844827;891952;938795;985869;1033177;1081264;1131002;1182750;1236101;1290875;1346482;1402163;1457337;1512013;1566262;1619219;1669886;1717634;1762927;1806456;1847353;1884307;1917047;1946213;1971377;1997388;2031094;2076107
90+;155814;155891;163643;175211;188114;200858;213666;226913;240102;252916;265178;277513;290381;304062;318955;335033;352599;372193;392729;412903;432174;451480;471355;492517;515998;542216;571089;602780;636664;672043;708423;746158;785393;826114;868408;912170;957358;1003936;1051543;1099797;1148335;1197201;1246463;1295445;1343371;1389754;1435003;1479630;1522751;1563205;1600637
Mulheres;;;;;;;;;;;;;;;;;;;;;;;;;;;;;;;;;;;;;;;;;;;;;;;;;;;
Faixa/Ano;2010;2011;2012;2013;2014;2015;2016;2017;2018;2019;2020;2021;2022;2023;2024;2025;2026;2027;2028;2029;2030;2031;2032;2033;2034;2035;2036;2037;2038;2039;2040;2041;2042;2043;2044;2045;2046;2047;2048;2049;2050;2051;2052;2053;2054;2055;2056;2057;2058;2059;2060
Total;99377384;100281097;101182880;102072857;102973443;103894681;104776947;105641142;106523727;107386830;108228003;109045796;109838053;110602740;111339419;112047789;112727035;113376404;113995082;114582791;115139700;115665408;116159210;116621044;117051060;117449293;117815406;118149104;118450544;118719830;118957171;119162795;119337126;119480622;119593399;119675564;119727205;119748659;119740229;119701812;119633216;119534576;119406275;119248372;119060759;118843450;118596844;118321643;118018167;117686696;117327705
0-4;7263764;7183672;7146734;7117833;7118380;7169933;7187889;7190134;7222256;7227109;7193522;7179982;7166137;7113891;7056677;6994870;6929250;6861293;6792194;6722744;6654037;6586337;6519598;6454447;6391297;6330138;6271102;6214564;6160612;6108982;6059465;6012111;5967335;5925166;5885245;5847195;5810739;5775493;5740911;5706506;5671785;5636480;5600319;5562831;5523765;5483054;5440735;5396945;5351779;5305522;5258613
05/set;7770558;7637972;7531062;7438466;7351496;7249311;7169869;7133599;7105448;7106623;7158677;7177142;7179697;7211861;7216770;7183323;7169960;7156303;7104326;7047419;6985900;6920581;6852877;6784045;6714850;6646363;6578895;6512362;6447397;6384445;6323461;6264603;6208226;6154420;6102930;6053551;6006316;5961661;5919602;5879787;5841839;5805471;5770319;5735832;5701526;5666895;5631683;5595595;5558186;5519183;5478538
out/14;8554717;8455975;8283444;8089460;7907189;7760725;7628594;7522151;7430076;7343636;7241977;7162974;7126965;7098900;7100083;7152115;7170599;7173253;7205511;7210562;7177282;7164048;7150542;7098698;7041966;6980597;6915428;6847872;6779177;6710109;6641753;6574416;6507997;6443143;6380305;6319417;6260645;6204358;6150638;6099240;6049944;6002767;5958172;5916169;5876419;5838532;5802229;5767135;5732686;5698445;5663861
15-19;8545250;8545134;8570279;8598599;8595020;8538650;8440520;8268820;8075784;7894402;7748661;7617127;7511038;7419176;7332931;7231549;7152834;7117070;7089291;7090699;7142889;7161564;7164386;7196775;7201976;7168912;7155813;7142450;7090800;7034246;6973050;6908061;6840690;6772161;6703265;6635057;6567880;6501607;6436888;6374173;6313409;6254781;6198609;6144996;6093699;6044510;5997404;5952900;5910984;5871292;5833479
20-24;8730663;8685493;8632453;8580317;8541427;8522158;8522717;8548800;8578290;8575788;8520321;8422885;8251703;8058974;7877885;7732483;7601342;7495658;7404243;7318466;7217578;7139311;7103911;7076466;7078134;7130480;7149348;7152369;7184898;7190262;7157419;7144496;7131292;7079875;7023532;6962566;6897786;6830618;6762308;6693616;6625610;6558621;6492525;6427989;6365439;6304827;6246359;6190324;6136849;6085691;6036629
25-29;8759504;8794137;8796721;8774734;8740162;8701585;8657447;8606118;8556279;8519370;8501472;8502840;8528874;8557655;8554527;8498854;8401581;8230970;8039027;7858757;7714059;7583553;7478411;7387513;7302222;7201834;7124040;7089005;7061927;7063862;7116357;7135441;7138679;7171317;7176856;7144248;7131490;7118444;7067259;7011155;6950430;6885878;6818953;6750864;6682397;6614606;6547836;6481935;6417581;6355208;6294775
30-34;8134662;8292656;8436024;8559102;8655506;8721648;8757209;8761261;8741379;8708998;8672472;8630132;8579691;8529636;8492259;8474016;8475221;8501254;8530339;8527750;8472728;8376209;8206534;8015554;7836195;7692298;7562495;7457948;7367599;7282839;7183027;7105766;7071153;7044471;7046705;7099349;7118636;7122075;7154825;7160535;7128176;7115614;7102753;7051834;6995993;6935527;6871248;6804590;6736770;6668550;6600995
35-39;7217581;7360304;7533612;7724944;7914003;8086921;8245277;8389416;8513782;8611601;8679124;8715968;8720848;8701247;8669057;8632896;8591073;8541313;8492081;8455572;8438085;8439927;8466470;8496006;8493933;8439591;8343905;8175308;7985451;7807181;7664189;7535215;7431349;7341643;7257512;7158362;7081715;7047557;7021303;7023870;7076626;7096104;7099748;7132620;7138481;7106437;7094056;7081379;7030761;6975247;6915100
40-44;6778692;6845790;6902814;6962420;7043480;7156924;7299989;7473560;7665266;7854763;8028138;8186940;8331214;8455331;8552992;8620632;8657882;8663516;8644914;8613835;8578785;8538059;8489410;8441231;8405668;8388994;8391500;8418532;8448480;8446908;8393336;8298619;8131367;7942935;7766032;7624247;7496313;7393283;7304357;7220983;7122693;7046803;7013207;6987448;6990375;7043194;7062864;7066709;7099631;7105657;7073965
45-49;6223923;6337962;6440833;6533234;6616280;6691951;6760080;6818469;6879600;6961901;7076085;7219386;7392473;7583125;7771526;7944063;8102291;8246251;8370379;8468309;8536458;8574475;8581121;8563724;8533946;8500200;8460770;8413422;8366506;8332082;8316353;8319588;8347101;8377429;8376405;8323746;8230289;8064839;7878391;7703408;7563258;7436796;7334913;7247051;7164700;7067565;6992692;6959806;6934682;6938034;6990866
50-54;5376771;5534017;5689298;5839169;5978738;6105077;6219391;6322798;6416015;6500061;6576796;6646021;6705438;6767236;6849760;6963705;7106337;7278291;7467575;7654669;7826144;7983521;8126854;8250652;8348545;8416994;8455692;8463413;8447385;8419115;8386869;8348985;8303205;8257827;8224756;8210111;8214142;8242078;8272708;8272262;8220740;8128940;7965977;7782295;7609981;7472079;7347622;7247303;7160879;7079920;6984373
55-59;4432743;4590633;4749890;4909737;5069150;5227119;5383125;5537330;5686330;5825240;5951176;6065299;6168619;6261809;6346002;6423020;6492695;6552788;6615246;6697988;6811458;6952954;7123064;7310048;7494871;7664408;7820119;7962106;8084941;8182318;8250753;8289954;8298764;8284278;8257737;8227267;8191196;8147302;8103751;8072269;8058871;8063723;8091991;8122772;8122927;8072809;7983158;7823559;7643653;7474984;7340157
60-64;3514780;3660366;3805267;3950635;4098973;4251517;4406707;4563335;4720676;4877607;5033165;5186796;5338620;5485311;5622167;5746464;5859310;5961715;6054307;6138173;6215013;6284717;6345103;6407794;6490177;6602344;6741631;6908565;7091767;7272814;7439034;7591869;7731387;7852281;7948365;8016235;8055661;8065487;8052664;8028119;7999680;7965774;7924151;7882847;7853280;7841324;7847086;7875513;7906215;7906918;7858543
65-69;2651990;2756408;2879605;3016173;3157397;3298030;3438872;3579276;3720291;3864254;4012244;4162815;4314753;4467342;4619567;4770537;4919734;5067255;5209895;5343114;5464296;5574519;5674802;5765692;5848178;5923895;5992761;6052710;6114911;6195985;6305561;6440967;6602686;6779782;6954755;7115536;7263504;7398788;7516234;7609815;7676222;7715300;7726054;7715112;7692923;7666987;7635743;7597019;7558569;7531415;7521177
70-74;2102224;2156789;2204652;2253926;2316429;2398670;2498217;2614903;2743842;2877091;3009885;3142991;3275848;3409374;3545763;3685934;3828611;3972652;4117387;4261854;4405172;4546874;4687048;4822679;4949468;5064985;5170268;5266293;5353559;5432924;5505888;5572460;5630751;5691223;5769421;5874274;6003151;6156325;6323635;6488820;6640747;6780731;6908947;7020499;7109604;7173107;7210968;7222358;7213525;7194194;7171363
75-79;1492784;1544677;1606315;1672386;1735303;1791602;1843027;1889061;1936628;1995878;2072284;2163783;2270175;2387224;2508065;2628645;2749655;2870706;2992562;3117106;3245094;3375377;3506991;3639270;3771408;3902531;4032250;4160652;4284966;4401296;4507406;4604325;4693006;4773850;4847542;4915432;4977539;5032292;5089135;5162077;5259045;5377458;5517370;5669626;5819805;5958073;6085643;6202786;6304934;6386709;6445168
80-84;1011816;1034783;1057594;1083186;1114797;1153777;1199670;1253255;1310296;1364756;1413939;1459433;1501065;1544334;1597295;1664180;1743331;1834577;1934437;2037456;2140390;2243880;2347676;2452397;2559507;2669564;2781618;2894907;3008818;3122667;3235703;3347602;3458462;3565860;3666442;3758266;3842366;3919622;3990318;4054925;4114525;4169257;4217871;4268491;4332980;4417881;4520736;4641272;4771766;4900246;5018661
85-89;515585;561054;595323;622495;645478;666361;686636;707112;729646;756364;788078;824584;866553;910910;953385;992126;1028467;1062520;1098244;1141243;1194404;1256505;1327396;1404534;1484026;1563596;1643821;1724600;1806345;1890062;1976064;2063667;2152289;2241448;2330625;2419249;2507052;2594154;2678588;2757716;2830025;2896448;2957798;3014175;3065860;3113604;3157654;3197122;3238392;3290628;3358671
90+;299377;303275;320960;346041;374235;402722;431711;461744;491843;521388;549987;578698;608342;639404;672708;708377;746862;789019;833124;877075;919928;962997;1007016;1053519;1104693;1161569;1223950;1292026;1365005;1441733;1521483;1604650;1691387;1781513;1874969;1971456;2070785;2172676;2276714;2382536;2489591;2597630;2706598;2814921;2920605;3022439;3121128;3217393;3310325;3398853;3482771
