Mato Grosso do Sul;;;;;;;;;;;;;;;;;;;;;;;;;;;;;;;;;;;;;;;;;;;;;;;;;;;
Dados;;;;;;;;;;;;;;;;;;;;;;;;;;;;;;;;;;;;;;;;;;;;;;;;;;;
Ano;População total;Homens;Mulheres;Nascimentos;Óbitos;Taxa de Crescimento Geométrico;Taxa Bruta de Natalidade;Taxa Bruta de Mortalidade;Esperança de Vida ao Nascer;Esperança de Vida ao Nascer - Homens;Esperança de Vida ao Nascer - Mulheres;Taxa de Mortalidade Infantil;Taxa de Mortalidade Infantil - Homens;Taxa de Mortalidade Infantil - Mulheres;Taxa de Fecundidade Total;Razão de Dependência - Jovens 0 a 14 anos;Razão de Dependência - Idosos 65 ou mais anos;Razão de Dependência;Índice de Envelhecimento;;;;;;;;;;;;;;;;;;;;;;;;;;;;;;;;
2010;2494745;1243373;1251372;41441;14732;x;16.61;5.91;73.8;70.41;77.56;17.03;18.3;15.69;1.92;37.32;9.7;47.02;25.98;;;;;;;;;;;;;;;;;;;;;;;;;;;;;;;;
2011;2525762;1258190;1267572;42870;14913;1.24;16.97;5.9;74.12;70.71;77.86;16.47;17.73;15.14;1.98;36.49;9.9;46.4;27.31;;;;;;;;;;;;;;;;;;;;;;;;;;;;;;;;
2012;2557442;1273340;1284102;43270;15123;1.25;16.92;5.91;74.42;71.01;78.15;15.93;17.18;14.62;1.98;35.76;10.13;45.9;28.16;;;;;;;;;;;;;;;;;;;;;;;;;;;;;;;;
2013;2589069;1288460;1300609;43298;15337;1.24;16.72;5.92;74.71;71.3;78.44;15.42;16.66;14.12;1.97;35.11;10.38;45.49;29.46;;;;;;;;;;;;;;;;;;;;;;;;;;;;;;;;
2014;2621214;1303844;1317370;44872;15576;1.24;17.12;5.94;75;71.59;78.71;14.94;16.16;13.65;2.04;34.58;10.66;45.24;30.67;;;;;;;;;;;;;;;;;;;;;;;;;;;;;;;;
2015;2653928;1319520;1334408;45027;15819;1.25;16.97;5.96;75.28;71.86;78.97;14.48;15.69;13.2;2.04;34.2;10.97;45.17;32.2;;;;;;;;;;;;;;;;;;;;;;;;;;;;;;;;
2016;2685454;1334589;1350865;43089;16056;1.19;16.05;5.98;75.54;72.13;79.23;14.04;15.25;12.77;1.95;33.92;11.32;45.25;33.33;;;;;;;;;;;;;;;;;;;;;;;;;;;;;;;;
2017;2716534;1349434;1367100;44747;16321;1.16;16.47;6.01;75.8;72.39;79.47;13.62;14.82;12.37;2.03;33.75;11.71;45.46;34.48;;;;;;;;;;;;;;;;;;;;;;;;;;;;;;;;
2018;2748023;1364494;1383529;44573;16609;1.16;16.22;6.04;76.06;72.64;79.71;13.23;14.41;11.99;2.02;33.6;12.12;45.72;35.93;;;;;;;;;;;;;;;;;;;;;;;;;;;;;;;;
2019;2778986;1379290;1399696;44391;16906;1.13;15.97;6.08;76.3;72.88;79.94;12.86;14.03;11.62;2.02;33.42;12.55;45.96;37.55;;;;;;;;;;;;;;;;;;;;;;;;;;;;;;;;
2020;2809394;1393810;1415584;44180;17214;1.09;15.73;6.13;76.53;73.12;80.16;12.5;13.67;11.28;2.01;33.24;13;46.24;39.21;;;;;;;;;;;;;;;;;;;;;;;;;;;;;;;;
2021;2839188;1408025;1431163;43906;17536;1.06;15.46;6.18;76.75;73.35;80.37;12.17;13.32;10.96;2.01;33.12;13.47;46.59;40.71;;;;;;;;;;;;;;;;;;;;;;;;;;;;;;;;
2022;2868279;1421890;1446389;43546;17874;1.02;15.18;6.23;76.97;73.57;80.58;11.85;12.99;10.65;2;33.11;13.98;47.09;42.22;;;;;;;;;;;;;;;;;;;;;;;;;;;;;;;;
2023;2896624;1435384;1461240;43215;18229;0.99;14.92;6.29;77.18;73.79;80.77;11.55;12.68;10.36;2;33.05;14.5;47.55;43.75;;;;;;;;;;;;;;;;;;;;;;;;;;;;;;;;
2024;2924238;1448516;1475722;42928;18603;0.95;14.68;6.36;77.38;74;80.96;11.27;12.39;10.09;1.99;32.91;15.04;47.95;45.95;;;;;;;;;;;;;;;;;;;;;;;;;;;;;;;;
2025;2951121;1461287;1489834;42624;18989;0.92;14.44;6.43;77.58;74.2;81.14;11;12.11;9.83;1.99;32.8;15.62;48.42;47.51;;;;;;;;;;;;;;;;;;;;;;;;;;;;;;;;
2026;2977257;1473689;1503568;42338;19397;0.89;14.22;6.52;77.76;74.39;81.31;10.75;11.85;9.59;1.98;32.63;16.22;48.85;49.77;;;;;;;;;;;;;;;;;;;;;;;;;;;;;;;;
2027;3002639;1485720;1516919;42053;19813;0.85;14.01;6.6;77.95;74.58;81.48;10.51;11.6;9.36;1.98;32.4;16.85;49.25;52.07;;;;;;;;;;;;;;;;;;;;;;;;;;;;;;;;
2028;3027261;1497378;1529883;41785;20256;0.82;13.8;6.69;78.13;74.76;81.64;10.28;11.37;9.14;1.97;32.17;17.49;49.65;54.42;;;;;;;;;;;;;;;;;;;;;;;;;;;;;;;;
2029;3051133;1508669;1542464;41561;20708;0.79;13.62;6.79;78.3;74.94;81.79;10.07;11.14;8.94;1.97;31.88;18.12;50;56.81;;;;;;;;;;;;;;;;;;;;;;;;;;;;;;;;
2030;3074275;1519604;1554671;41360;21178;0.76;13.45;6.89;78.45;75.11;81.94;9.87;10.93;8.74;1.96;31.53;18.74;50.27;59.52;;;;;;;;;;;;;;;;;;;;;;;;;;;;;;;;
2031;3096709;1530197;1566512;41156;21664;0.73;13.29;7;78.61;75.27;82.08;9.67;10.73;8.56;1.96;31.24;19.35;50.59;61.84;;;;;;;;;;;;;;;;;;;;;;;;;;;;;;;;
2032;3118455;1540462;1577993;40968;22161;0.7;13.14;7.11;78.76;75.43;82.22;9.5;10.55;8.39;1.95;30.96;19.96;50.92;64.39;;;;;;;;;;;;;;;;;;;;;;;;;;;;;;;;
2033;3139518;1550402;1589116;40802;22676;0.68;13;7.22;78.91;75.58;82.35;9.33;10.37;8.23;1.94;30.63;20.55;51.18;67;;;;;;;;;;;;;;;;;;;;;;;;;;;;;;;;
2034;3159898;1560017;1599881;40650;23209;0.65;12.86;7.34;79.04;75.73;82.47;9.17;10.2;8.08;1.94;30.32;21.13;51.45;70;;;;;;;;;;;;;;;;;;;;;;;;;;;;;;;;
2035;3179599;1569311;1610288;40523;23757;0.62;12.74;7.47;79.17;75.87;82.59;9.02;10.04;7.94;1.93;30.02;21.71;51.73;72.22;;;;;;;;;;;;;;;;;;;;;;;;;;;;;;;;
2036;3198627;1578288;1620339;40413;24316;0.6;12.63;7.6;79.3;76.01;82.71;8.88;9.89;7.81;1.93;29.74;22.29;52.03;75;;;;;;;;;;;;;;;;;;;;;;;;;;;;;;;;
2037;3216992;1586954;1630038;40327;24888;0.57;12.54;7.74;79.42;76.14;82.81;8.74;9.75;7.68;1.92;29.48;22.87;52.34;77.72;;;;;;;;;;;;;;;;;;;;;;;;;;;;;;;;
2038;3234690;1595309;1639381;40235;25471;0.55;12.44;7.87;79.54;76.26;82.92;8.62;9.61;7.57;1.92;29.24;23.44;52.68;80.21;;;;;;;;;;;;;;;;;;;;;;;;;;;;;;;;
2039;3251697;1603342;1648355;40129;26071;0.53;12.34;8.02;79.65;76.38;83.02;8.5;9.49;7.46;1.91;29.03;24.03;53.06;82.63;;;;;;;;;;;;;;;;;;;;;;;;;;;;;;;;
2040;3268004;1611049;1656955;40035;26672;0.5;12.25;8.16;79.76;76.5;83.11;8.38;9.37;7.35;1.91;28.85;24.63;53.47;85.11;;;;;;;;;;;;;;;;;;;;;;;;;;;;;;;;
2041;3283622;1618437;1665185;39964;27285;0.48;12.17;8.31;79.86;76.61;83.21;8.27;9.25;7.26;1.9;28.68;25.25;53.93;88.17;;;;;;;;;;;;;;;;;;;;;;;;;;;;;;;;
2042;3298572;1625519;1673053;39928;27902;0.46;12.1;8.46;79.96;76.72;83.29;8.18;9.15;7.16;1.9;28.55;25.88;54.43;90.81;;;;;;;;;;;;;;;;;;;;;;;;;;;;;;;;
2043;3312848;1632292;1680556;39862;28530;0.43;12.03;8.61;80.05;76.82;83.38;8.09;9.05;7.08;1.89;28.44;26.53;54.97;93.44;;;;;;;;;;;;;;;;;;;;;;;;;;;;;;;;
2044;3326410;1638738;1687672;39757;29159;0.41;11.95;8.77;80.14;76.92;83.46;7.99;8.95;7;1.89;28.34;27.2;55.55;96.15;;;;;;;;;;;;;;;;;;;;;;;;;;;;;;;;
2045;3339241;1644846;1694395;39649;29778;0.39;11.87;8.92;80.23;77.02;83.53;7.91;8.86;6.92;1.88;28.27;27.89;56.16;98.9;;;;;;;;;;;;;;;;;;;;;;;;;;;;;;;;
2046;3351345;1650619;1700726;39543;30401;0.36;11.8;9.07;80.31;77.11;83.61;7.84;8.77;6.85;1.87;28.21;28.59;56.8;101.11;;;;;;;;;;;;;;;;;;;;;;;;;;;;;;;;
2047;3362728;1656061;1706667;39448;31018;0.34;11.73;9.22;80.39;77.2;83.68;7.76;8.69;6.78;1.87;28.17;29.31;57.48;103.91;;;;;;;;;;;;;;;;;;;;;;;;;;;;;;;;
2048;3373384;1661168;1712216;39322;31632;0.32;11.66;9.38;80.46;77.28;83.74;7.69;8.61;6.72;1.86;28.14;30.04;58.17;106.74;;;;;;;;;;;;;;;;;;;;;;;;;;;;;;;;
2049;3383280;1665923;1717357;39154;32246;0.29;11.57;9.53;80.53;77.36;83.81;7.62;8.54;6.66;1.86;28.11;30.75;58.86;109.6;;;;;;;;;;;;;;;;;;;;;;;;;;;;;;;;
2050;3392392;1670313;1722079;38973;32851;0.27;11.49;9.68;80.6;77.44;83.87;7.56;8.47;6.61;1.85;28.08;31.43;59.52;111.93;;;;;;;;;;;;;;;;;;;;;;;;;;;;;;;;
2051;3400723;1674339;1726384;38792;33446;0.25;11.41;9.83;80.67;77.51;83.92;7.5;8.41;6.56;1.85;28.06;32.09;60.15;114.29;;;;;;;;;;;;;;;;;;;;;;;;;;;;;;;;
2052;3408275;1678003;1730272;38601;34036;0.22;11.33;9.99;80.73;77.58;83.98;7.45;8.34;6.51;1.84;28.02;32.72;60.74;117.24;;;;;;;;;;;;;;;;;;;;;;;;;;;;;;;;
2053;3415039;1681298;1733741;38386;34618;0.2;11.24;10.14;80.79;77.65;84.03;7.4;8.28;6.46;1.84;27.99;33.32;61.31;119.65;;;;;;;;;;;;;;;;;;;;;;;;;;;;;;;;
2054;3421004;1684215;1736789;38148;35180;0.17;11.15;10.28;80.85;77.72;84.08;7.35;8.23;6.42;1.83;27.95;33.92;61.87;121.39;;;;;;;;;;;;;;;;;;;;;;;;;;;;;;;;
2055;3426170;1686754;1739416;37896;35726;0.15;11.06;10.43;80.91;77.78;84.13;7.3;8.18;6.38;1.83;27.91;34.53;62.43;123.84;;;;;;;;;;;;;;;;;;;;;;;;;;;;;;;;
2056;3430552;1688921;1741631;37657;36258;0.13;10.98;10.57;80.95;77.84;84.18;7.26;8.12;6.34;1.82;27.87;35.12;62.99;126.32;;;;;;;;;;;;;;;;;;;;;;;;;;;;;;;;
2057;3434177;1690727;1743450;37422;36765;0.11;10.9;10.71;81;77.9;84.22;7.22;8.08;6.31;1.82;27.82;35.72;63.53;128.24;;;;;;;;;;;;;;;;;;;;;;;;;;;;;;;;
2058;3437056;1692177;1744879;37174;37267;0.08;10.82;10.84;81.05;77.96;84.26;7.17;8.03;6.28;1.81;27.76;36.29;64.06;130.77;;;;;;;;;;;;;;;;;;;;;;;;;;;;;;;;
2059;3439191;1693270;1745921;36926;37755;0.06;10.74;10.98;81.1;78.01;84.3;7.14;7.99;6.24;1.81;27.7;36.85;64.55;133.33;;;;;;;;;;;;;;;;;;;;;;;;;;;;;;;;
2060;3440594;1694011;1746583;36678;38237;0.04;10.66;11.11;81.14;78.06;84.34;7.1;7.95;6.22;1.8;27.63;37.38;65.01;135.93;;;;;;;;;;;;;;;;;;;;;;;;;;;;;;;;
Faixas etárias;;;;;;;;;;;;;;;;;;;;;;;;;;;;;;;;;;;;;;;;;;;;;;;;;;;
Total;;;;;;;;;;;;;;;;;;;;;;;;;;;;;;;;;;;;;;;;;;;;;;;;;;;
Faixa/Ano;2010;2011;2012;2013;2014;2015;2016;2017;2018;2019;2020;2021;2022;2023;2024;2025;2026;2027;2028;2029;2030;2031;2032;2033;2034;2035;2036;2037;2038;2039;2040;2041;2042;2043;2044;2045;2046;2047;2048;2049;2050;2051;2052;2053;2054;2055;2056;2057;2058;2059;2060
Total;2494745;2525762;2557442;2589069;2621214;2653928;2685454;2716534;2748023;2778986;2809394;2839188;2868279;2896624;2924238;2951121;2977257;3002639;3027261;3051133;3074275;3096709;3118455;3139518;3159898;3179599;3198627;3216992;3234690;3251697;3268004;3283622;3298572;3312848;3326410;3339241;3351345;3362728;3373384;3383280;3392392;3400723;3408275;3415039;3421004;3426170;3430552;3434177;3437056;3439191;3440594
0-4;201397;202264;205746;208658;211215;214990;216938;217856;219300;219770;219187;219250;219124;217923;216588;215152;213660;212196;210797;209451;208187;207015;205932;204952;204053;203228;202482;201832;201267;200759;200287;199850;199458;199098;198751;198397;198017;197591;197101;196550;195931;195240;194461;193590;192638;191617;190532;189394;188218;187019;185818
05/set;206899;206089;204806;203757;203362;202598;203452;206912;209807;212344;216099;218034;218939;220364;220819;220222;220270;220126;218909;217565;216112;214607;213133;211724;210383;209126;207964;206887;205914;205021;204202;203465;202818;202261;201758;201292;200859;200468;200117;199775;199424;199048;198626;198137;197590;196976;196289;195512;194642;193695;192675
out/14;225005;221251;216352;212343;209534;207650;206838;205548;204492;204089;203316;204158;207604;210484;213008;216750;218671;219567;220978;221420;220815;220851;220700;219482;218136;216684;215185;213718;212313;210976;209725;208563;207490;206521;205632;204816;204083;203439;202884;202383;201918;201486;201097;200752;200412;200060;199685;199267;198782;198234;197624
15-19;228960;229052;228824;228132;226767;224647;220915;216046;212065;209281;207419;206616;205336;204291;203896;203135;203986;207425;210303;212826;216562;218481;219378;220789;221238;220644;220687;220544;219339;218004;216563;215078;213619;212224;210894;209652;208499;207435;206471;205589;204783;204053;203415;202862;202366;201912;201480;201096;200754;200418;200067
20-24;222820;223892;225317;226835;228024;228593;228706;228497;227825;226483;224389;220692;215859;211912;209157;207311;206514;205245;204209;203818;203063;203916;207347;210227;212751;216491;218421;219328;220749;221210;220633;220688;220563;219373;218058;216632;215164;213721;212340;211026;209793;208656;207604;206650;205782;204979;204263;203630;203085;202600;202153
25-29;220109;221663;222308;222433;222663;223376;224447;225872;227390;228578;229143;229254;229045;228372;227035;224947;221269;216456;212523;209771;207924;207119;205858;204826;204450;203713;204579;208009;210895;213424;217163;219101;220016;221447;221918;221360;221426;221316;220143;218844;217434;215981;214554;213189;211886;210668;209541;208504;207561;206700;205904
30-34;203171;207318;211433;215269;218470;220840;222386;223031;223154;223385;224095;225158;226573;228079;229253;229811;229912;229697;229021;227680;225591;221927;217135;213228;210506;208688;207907;206675;205664;205309;204593;205473;208902;211788;214323;218056;219998;220921;222358;222837;222297;222374;222276;221118;219833;218440;217000;215587;214236;212946;211742
35-39;183931;187261;190988;195009;199160;203313;207439;211529;215350;218534;220896;222440;223087;223218;223448;224158;225221;226630;228122;229293;229845;229944;229735;229072;227753;225699;222084;217346;213484;210804;209016;208256;207051;206062;205729;205031;205924;209348;212232;214769;218495;220439;221363;222806;223296;222769;222859;222768;221626;220356;218978
40-44;170793;172905;175059;177363;179956;182907;186235;189950;193953;198087;202223;206331;210410;214212;217392;219749;221294;221954;222104;222349;223070;224143;225560;227066;228252;228832;228961;228783;228153;226871;224860;221298;216620;212815;210175;208427;207692;206508;205544;205233;204559;205462;208882;211756;214290;217998;219941;220871;222314;222810;222299
45-49;156731;160015;162584;164666;166610;168676;170803;172972;175287;177884;180834;184156;187850;191834;195944;200058;204142;208198;211981;215146;217500;219051;219732;219911;220190;220940;222040;223482;225008;226213;226821;226983;226838;226243;225005;223041;219543;214941;211204;208619;206917;206208;205049;204118;203828;203182;204095;207492;210351;212876;216559
50-54;129265;134205;139411;144581;149281;153227;156497;159071;161172;163138;165221;167360;169545;171866;174466;177409;180715;184384;188336;192411;196493;200544;204570;208330;211480;213834;215401;216110;216330;216648;217428;218549;220009;221550;222770;223403;223592;223479;222927;221735;219825;216409;211903;208250;205736;204092;203409;202282;201380;201121;200504
55-59;103251;107475;111604;115747;120080;124703;129553;134659;139736;144359;148250;151492;154058;156170;158151;160242;162388;164578;166897;169487;172411;175686;179313;183215;187234;191264;195264;199239;202955;206074;208414;209986;210716;210975;211326;212131;213270;214738;216277;217508;218160;218377;218298;217789;216646;214806;211492;207108;203570;201142;199565
60-64;77883;81492;85405;89525;93697;97827;101920;105932;109956;114165;118658;123364;128316;133243;137736;141530;144705;147234;149336;151313;153389;155522;157694;159992;162553;165431;168640;172192;176004;179928;183863;187769;191651;195278;198331;200629;202183;202929;203219;203601;204423;205567;207025;208547;209778;210440;210681;210638;210170;209091;207341
65-69;58964;61059;63364;65911;68744;71883;75314;79024;82928;86890;90812;94709;98536;102377;106394;110681;115171;119889;124585;128875;132509;135562;138019;140075;142017;144049;146142;148265;150508;152993;155780;158880;162302;165962;169728;173504;177257;180978;184462;187398;189614;191123;191871;192188;192592;193416;194546;195976;197464;198666;199326
70-74;44568;46046;47436;48835;50378;52143;54101;56251;58621;61241;64144;67305;70722;74318;77965;81583;85185;88728;92290;96017;99992;104154;108526;112878;116857;120242;123097;125415;127373;129235;131172;133165;135183;137314;139667;142295;145201;148408;151824;155337;158862;162363;165833;169085;171821;173895;175314;176033;176362;176776;177587
75-79;29545;30884;32369;33919;35420;36818;38152;39422;40707;42117;43704;45458;47370;49474;51794;54356;57137;60144;63305;66511;69698;72877;76011;79169;82479;86003;89694;93568;97418;100943;103952;106499;108589;110371;112071;113838;115654;117489;119426;121554;123922;126535;129403;132449;135583;138723;141846;144936;147833;150274;152115
80-84;17783;18544;19324;20151;21061;22063;23159;24373;25637;26870;28029;29145;30224;31320;32518;33849;35311;36903;38642;40555;42665;44950;47416;50007;52636;55255;57872;60458;63075;65813;68730;71785;74984;78162;81069;83555;85669;87421;88932;90383;91887;93428;94986;96623;98425;100420;102611;105006;107542;110144;112757
85-89;8686;9248;9788;10318;10849;11388;11947;12524;13139;13812;14544;15345;16231;17150;18049;18906;19736;20551;21388;22297;23297;24389;25573;26864;28280;29837;31521;33336;35236;37171;39099;41025;42941;44883;46919;49087;51358;53729;56081;58227;60065;61635;62952;64105;65215;66366;67543;68730;69976;71348;72861
90+;4984;5099;5324;5617;5943;6286;6652;7065;7504;7959;8431;8921;9450;10017;10625;11272;11970;12734;13535;14348;15152;15971;16823;17711;18650;19639;20686;21805;23005;24301;25703;27209;28822;30521;32286;34095;35956;37869;39842;41912;44083;46339;48677;51025;53287;55411;57425;59347;61190;62975;64719
Homens;;;;;;;;;;;;;;;;;;;;;;;;;;;;;;;;;;;;;;;;;;;;;;;;;;;
Faixa/Ano;2010;2011;2012;2013;2014;2015;2016;2017;2018;2019;2020;2021;2022;2023;2024;2025;2026;2027;2028;2029;2030;2031;2032;2033;2034;2035;2036;2037;2038;2039;2040;2041;2042;2043;2044;2045;2046;2047;2048;2049;2050;2051;2052;2053;2054;2055;2056;2057;2058;2059;2060
Total;1243373;1258190;1273340;1288460;1303844;1319520;1334589;1349434;1364494;1379290;1393810;1408025;1421890;1435384;1448516;1461287;1473689;1485720;1497378;1508669;1519604;1530197;1540462;1550402;1560017;1569311;1578288;1586954;1595309;1603342;1611049;1618437;1625519;1632292;1638738;1644846;1650619;1656061;1661168;1665923;1670313;1674339;1678003;1681298;1684215;1686754;1688921;1690727;1692177;1693270;1694011
0-4;102995;103443;105227;106718;108029;109963;110959;111430;112171;112413;112116;112150;112088;111475;110792;110059;109298;108550;107836;107148;106503;105905;105352;104852;104394;103972;103593;103260;102973;102714;102474;102251;102052;101870;101693;101512;101319;101102;100852;100571;100255;99903;99505;99061;98574;98053;97498;96917;96315;95703;95088
05/set;105756;105383;104759;104248;104060;103675;104116;105886;107367;108666;110588;111577;112039;112770;113003;112698;112723;112652;112029;111342;110598;109829;109076;108358;107673;107033;106439;105892;105395;104941;104522;104149;103818;103535;103280;103045;102823;102625;102448;102274;102095;101903;101689;101440;101162;100848;100500;100102;99659;99174;98656
out/14;114434;112709;110361;108436;107106;106234;105858;105231;104714;104520;104130;104562;106324;107794;109086;110999;111979;112433;113157;113381;113071;113089;113012;112389;111698;110955;110191;109441;108726;108043;107407;106812;106268;105773;105321;104903;104533;104204;103922;103669;103435;103213;103018;102842;102669;102490;102298;102087;101841;101563;101251
15-19;115595;115718;115767;115636;115162;114265;112553;110224;108317;107001;106143;105774;105151;104638;104450;104067;104503;106260;107726;109016;110924;111901;112356;113079;113309;113008;113030;112959;112343;111661;110927;110173;109430;108721;108044;107415;106826;106288;105797;105349;104937;104572;104245;103968;103718;103490;103270;103078;102905;102734;102556
20-24;112712;113286;113903;114500;114974;115254;115392;115454;115339;114885;114007;112321;110020;108143;106849;106006;105643;105029;104523;104339;103962;104400;106150;107615;108907;110816;111801;112265;112997;113238;112947;112982;112923;112320;111653;110933;110193;109463;108766;108101;107481;106903;106376;105893;105455;105048;104692;104371;104100;103859;103636
25-29;109509;110566;111269;111738;112179;112707;113288;113911;114514;114994;115278;115422;115491;115381;114936;114069;112405;110125;108266;106981;106142;105780;105177;104680;104508;104147;104596;106345;107815;109109;111021;112010;112482;113222;113473;113194;113240;113192;112603;111949;111242;110516;109797;109113;108459;107851;107281;106765;106291;105860;105460
30-34;100483;102492;104491;106389;108057;109429;110487;111195;111669;112117;112651;113233;113858;114462;114942;115229;115376;115450;115344;114906;114048;112401;110144;108307;107046;106228;105885;105302;104822;104666;104320;104779;106527;107998;109295;111205;112195;112674;113418;113677;113411;113464;113427;112848;112205;111511;110797;110087;109414;108770;108172
35-39;90566;92219;94070;96063;98104;100121;102120;104108;105999;107662;109032;110094;110806;111289;111742;112283;112869;113496;114102;114585;114876;115028;115111;115018;114599;113766;112152;109935;108129;106897;106100;105773;105209;104745;104604;104271;104739;106484;107956;109253;111158;112151;112631;113379;113646;113389;113451;113420;112853;112220;111538
40-44;83946;85007;86057;87165;88420;89875;91524;93366;95347;97374;99380;101365;103345;105224;106882;108247;109309;110027;110519;110981;111527;112119;112752;113371;113865;114176;114349;114452;114382;113988;113185;111607;109432;107665;106461;105692;105384;104833;104387;104262;103946;104422;106163;107630;108925;110818;111810;112297;113044;113318;113072
45-49;76522;78112;79409;80501;81526;82588;83657;84716;85829;87086;88540;90183;92011;93977;95989;97979;99947;101912;103778;105425;106786;107850;108579;109086;109568;110132;110743;111396;112032;112543;112874;113070;113195;113148;112784;112012;110476;108355;106634;105467;104728;104439;103907;103483;103373;103077;103560;105285;106745;108034;109911
50-54;63205;65456;67834;70206;72385;74245;75827;77126;78229;79264;80335;81414;82482;83600;84858;86309;87943;89757;91700;93692;95663;97613;99559;101410;103049;104409;105480;106222;106750;107254;107835;108459;109126;109777;110300;110648;110864;111008;110984;110648;109911;108426;106366;104699;103576;102873;102604;102093;101687;101597;101320
55-59;50569;52477;54334;56194;58142;60233;62431;64750;67066;69202;71028;72592;73886;74993;76037;77110;78194;79264;80384;81637;83077;84690;86480;88393;90349;92289;94209;96124;97947;99565;100912;101981;102728;103270;103787;104381;105016;105690;106344;106877;107237;107468;107631;107631;107323;106627;105200;103217;101621;100551;99890
60-64;38069;39703;41482;43359;45250;47106;48939;50728;52520;54395;56409;58522;60751;62979;65038;66807;68327;69595;70690;71728;72788;73862;74918;76023;77257;78667;80236;81978;83833;85728;87610;89470;91327;93093;94668;95982;97028;97771;98318;98842;99440;100074;100744;101391;101927;102293;102538;102717;102735;102460;101813
65-69;28781;29622;30588;31686;32932;34324;35854;37515;39268;41037;42776;44497;46180;47868;49634;51530;53518;55615;57710;59648;61324;62768;63988;65048;66055;67081;68124;69146;70216;71403;72752;74254;75913;77673;79469;81253;83019;84778;86456;87954;89207;90212;90936;91477;91997;92584;93204;93857;94488;95011;95376
70-74;21940;22465;22913;23354;23877;24539;25314;26201;27200;28329;29587;30963;32457;34035;35621;37188;38742;40264;41798;43402;45119;46923;48822;50720;52480;54008;55331;56461;57453;58400;59363;60339;61295;62297;63402;64652;66036;67562;69172;70814;72449;74064;75673;77211;78582;79735;80665;81344;81862;82360;82922
75-79;14153;14751;15424;16112;16739;17266;17731;18139;18547;19020;19600;20275;21037;21892;22857;23925;25090;26356;27689;29030;30359;31679;32977;34289;35663;37130;38674;40297;41915;43422;44735;45878;46865;47742;48582;49435;50297;51143;52028;53001;54093;55301;56624;58014;59431;60842;62236;63625;64953;66142;67139
80-84;8245;8580;8911;9254;9634;10057;10523;11043;11575;12064;12480;12854;13191;13530;13919;14385;14922;15525;16195;16950;17784;18692;19676;20713;21755;22792;23823;24839;25873;26951;28105;29318;30592;31861;33042;34074;34977;35766;36475;37156;37848;38545;39230;39943;40730;41608;42575;43628;44730;45851;46970
85-89;3841;4107;4354;4591;4821;5048;5273;5503;5740;6003;6292;6608;6964;7323;7655;7941;8200;8440;8687;8965;9293;9669;10087;10549;11071;11643;12265;12939;13646;14360;15069;15773;16473;17186;17933;18730;19570;20447;21320;22131;22840;23463;24014;24518;25000;25491;25984;26468;26975;27532;28154
90+;2052;2094;2187;2310;2447;2591;2743;2908;3083;3258;3438;3619;3809;4011;4226;4456;4701;4970;5245;5513;5760;5999;6246;6502;6771;7059;7367;7701;8062;8459;8891;9359;9864;10396;10947;11509;12084;12676;13288;13928;14600;15300;16027;16757;17463;18126;18758;19369;19959;20531;21087
Mulheres;;;;;;;;;;;;;;;;;;;;;;;;;;;;;;;;;;;;;;;;;;;;;;;;;;;
Faixa/Ano;2010;2011;2012;2013;2014;2015;2016;2017;2018;2019;2020;2021;2022;2023;2024;2025;2026;2027;2028;2029;2030;2031;2032;2033;2034;2035;2036;2037;2038;2039;2040;2041;2042;2043;2044;2045;2046;2047;2048;2049;2050;2051;2052;2053;2054;2055;2056;2057;2058;2059;2060
Total;1251372;1267572;1284102;1300609;1317370;1334408;1350865;1367100;1383529;1399696;1415584;1431163;1446389;1461240;1475722;1489834;1503568;1516919;1529883;1542464;1554671;1566512;1577993;1589116;1599881;1610288;1620339;1630038;1639381;1648355;1656955;1665185;1673053;1680556;1687672;1694395;1700726;1706667;1712216;1717357;1722079;1726384;1730272;1733741;1736789;1739416;1741631;1743450;1744879;1745921;1746583
0-4;98402;98821;100519;101940;103186;105027;105979;106426;107129;107357;107071;107100;107036;106448;105796;105093;104362;103646;102961;102303;101684;101110;100580;100100;99659;99256;98889;98572;98294;98045;97813;97599;97406;97228;97058;96885;96698;96489;96249;95979;95676;95337;94956;94529;94064;93564;93034;92477;91903;91316;90730
05/set;101143;100706;100047;99509;99302;98923;99336;101026;102440;103678;105511;106457;106900;107594;107816;107524;107547;107474;106880;106223;105514;104778;104057;103366;102710;102093;101525;100995;100519;100080;99680;99316;99000;98726;98478;98247;98036;97843;97669;97501;97329;97145;96937;96697;96428;96128;95789;95410;94983;94521;94019
out/14;110571;108542;105991;103907;102428;101416;100980;100317;99778;99569;99186;99596;101280;102690;103922;105751;106692;107134;107821;108039;107744;107762;107688;107093;106438;105729;104994;104277;103587;102933;102318;101751;101222;100748;100311;99913;99550;99235;98962;98714;98483;98273;98079;97910;97743;97570;97387;97180;96941;96671;96373
15-19;113365;113334;113057;112496;111605;110382;108362;105822;103748;102280;101276;100842;100185;99653;99446;99068;99483;101165;102577;103810;105638;106580;107022;107710;107929;107636;107657;107585;106996;106343;105636;104905;104189;103503;102850;102237;101673;101147;100674;100240;99846;99481;99170;98894;98648;98422;98210;98018;97849;97684;97511
20-24;110108;110606;111414;112335;113050;113339;113314;113043;112486;111598;110382;108371;105839;103769;102308;101305;100871;100216;99686;99479;99101;99516;101197;102612;103844;105675;106620;107063;107752;107972;107686;107706;107640;107053;106405;105699;104971;104258;103574;102925;102312;101753;101228;100757;100327;99931;99571;99259;98985;98741;98517
25-29;110600;111097;111039;110695;110484;110669;111159;111961;112876;113584;113865;113832;113554;112991;112099;110878;108864;106331;104257;102790;101782;101339;100681;100146;99942;99566;99983;101664;103080;104315;106142;107091;107534;108225;108445;108166;108186;108124;107540;106895;106192;105465;104757;104076;103427;102817;102260;101739;101270;100840;100444
30-34;102688;104826;106942;108880;110413;111411;111899;111836;111485;111268;111444;111925;112715;113617;114311;114582;114536;114247;113677;112774;111543;109526;106991;104921;103460;102460;102022;101373;100842;100643;100273;100694;102375;103790;105028;106851;107803;108247;108940;109160;108886;108910;108849;108270;107628;106929;106203;105500;104822;104176;103570
35-39;93365;95042;96918;98946;101056;103192;105319;107421;109351;110872;111864;112346;112281;111929;111706;111875;112352;113134;114020;114708;114969;114916;114624;114054;113154;111933;109932;107411;105355;103907;102916;102483;101842;101317;101125;100760;101185;102864;104276;105516;107337;108288;108732;109427;109650;109380;109408;109348;108773;108136;107440
40-44;86847;87898;89002;90198;91536;93032;94711;96584;98606;100713;102843;104966;107065;108988;110510;111502;111985;111927;111585;111368;111543;112024;112808;113695;114387;114656;114612;114331;113771;112883;111675;109691;107188;105150;103714;102735;102308;101675;101157;100971;100613;101040;102719;104126;105365;107180;108131;108574;109270;109492;109227
45-49;80209;81903;83175;84165;85084;86088;87146;88256;89458;90798;92294;93973;95839;97857;99955;102079;104195;106286;108203;109721;110714;111201;111153;110825;110622;110808;111297;112086;112976;113670;113947;113913;113643;113095;112221;111029;109067;106586;104570;103152;102189;101769;101142;100635;100455;100105;100535;102207;103606;104842;106648
50-54;66060;68749;71577;74375;76896;78982;80670;81945;82943;83874;84886;85946;87063;88266;89608;91100;92772;94627;96636;98719;100830;102931;105011;106920;108431;109425;109921;109888;109580;109394;109593;110090;110883;111773;112470;112755;112728;112471;111943;111087;109914;107983;105537;103551;102160;101219;100805;100189;99693;99524;99184
55-59;52682;54998;57270;59553;61938;64470;67122;69909;72670;75157;77222;78900;80172;81177;82114;83132;84194;85314;86513;87850;89334;90996;92833;94822;96885;98975;101055;103115;105008;106509;107502;108005;107988;107705;107539;107750;108254;109048;109933;110631;110923;110909;110667;110158;109323;108179;106292;103891;101949;100591;99675
60-64;39814;41789;43923;46166;48447;50721;52981;55204;57436;59770;62249;64842;67565;70264;72698;74723;76378;77639;78646;79585;80601;81660;82776;83969;85296;86764;88404;90214;92171;94200;96253;98299;100324;102185;103663;104647;105155;105158;104901;104759;104983;105493;106281;107156;107851;108147;108143;107921;107435;106631;105528
65-69;30183;31437;32776;34225;35812;37559;39460;41509;43660;45853;48036;50212;52356;54509;56760;59151;61653;64274;66875;69227;71185;72794;74031;75027;75962;76968;78018;79119;80292;81590;83028;84626;86389;88289;90259;92251;94238;96200;98006;99444;100407;100911;100935;100711;100595;100832;101342;102119;102976;103655;103950
70-74;22628;23581;24523;25481;26501;27604;28787;30050;31421;32912;34557;36342;38265;40283;42344;44395;46443;48464;50492;52615;54873;57231;59704;62158;64377;66234;67766;68954;69920;70835;71809;72826;73888;75017;76265;77643;79165;80846;82652;84523;86413;88299;90160;91874;93239;94160;94649;94689;94500;94416;94665
75-79;15392;16133;16945;17807;18681;19552;20421;21283;22160;23097;24104;25183;26333;27582;28937;30431;32047;33788;35616;37481;39339;41198;43034;44880;46816;48873;51020;53271;55503;57521;59217;60621;61724;62629;63489;64403;65357;66346;67398;68553;69829;71234;72779;74435;76152;77881;79610;81311;82880;84132;84976
80-84;9538;9964;10413;10897;11427;12006;12636;13330;14062;14806;15549;16291;17033;17790;18599;19464;20389;21378;22447;23605;24881;26258;27740;29294;30881;32463;34049;35619;37202;38862;40625;42467;44392;46301;48027;49481;50692;51655;52457;53227;54039;54883;55756;56680;57695;58812;60036;61378;62812;64293;65787
85-89;4845;5141;5434;5727;6028;6340;6674;7021;7399;7809;8252;8737;9267;9827;10394;10965;11536;12111;12701;13332;14004;14720;15486;16315;17209;18194;19256;20397;21590;22811;24030;25252;26468;27697;28986;30357;31788;33282;34761;36096;37225;38172;38938;39587;40215;40875;41559;42262;43001;43816;44707
90+;2932;3005;3137;3307;3496;3695;3909;4157;4421;4701;4993;5302;5641;6006;6399;6816;7269;7764;8290;8835;9392;9972;10577;11209;11879;12580;13319;14104;14943;15842;16812;17850;18958;20125;21339;22586;23872;25193;26554;27984;29483;31039;32650;34268;35824;37285;38667;39978;41231;42444;43632
Brasil;;;;;;;;;;;;;;;;;;;;;;;;;;;;;;;;;;;;;;;;;;;;;;;;;;;
Dados;;;;;;;;;;;;;;;;;;;;;;;;;;;;;;;;;;;;;;;;;;;;;;;;;;;
Ano;População total;Homens;Mulheres;Nascimentos;Óbitos;Taxa de Crescimento Geométrico;Taxa Bruta de Natalidade;Taxa Bruta de Mortalidade;Esperança de Vida ao Nascer;Esperança de Vida ao Nascer - Homens;Esperança de Vida ao Nascer - Mulheres;Taxa de Mortalidade Infantil;Taxa de Mortalidade Infantil - Homens;Taxa de Mortalidade Infantil - Mulheres;Taxa de Fecundidade Total;Razão de Dependência - Jovens 0 a 14 anos;Razão de Dependência - Idosos 65 ou mais anos;Razão de Dependência;Índice de Envelhecimento;;;;;;;;;;;;;;;;;;;;;;;;;;;;;;;;
2010;194890682;95513298;99377384;2939435;1240083;x;15.08;6.36;73.86;70.21;77.6;17.22;18.76;15.59;1.75;36.32;10.77;47.09;29.55;;;;;;;;;;;;;;;;;;;;;;;;;;;;;;;;
2011;196603732;96322635;100281097;2974525;1247751;0.88;15.13;6.35;74.2;70.57;77.91;16.43;17.86;14.92;1.76;35.37;10.99;46.36;30.99;;;;;;;;;;;;;;;;;;;;;;;;;;;;;;;;
2012;198314934;97132054;101182880;2953890;1258235;0.87;14.89;6.34;74.52;70.91;78.22;15.69;17.03;14.29;1.75;34.45;11.24;45.68;32.63;;;;;;;;;;;;;;;;;;;;;;;;;;;;;;;;
2013;200004188;97931331;102072857;2953178;1270306;0.85;14.77;6.35;74.84;71.25;78.51;15.02;16.27;13.7;1.74;33.56;11.51;45.07;34.2;;;;;;;;;;;;;;;;;;;;;;;;;;;;;;;;
2014;201717541;98744098;102973443;3028202;1284346;0.86;15.01;6.37;75.14;71.57;78.78;14.4;15.58;13.16;1.78;32.78;11.81;44.59;36.12;;;;;;;;;;;;;;;;;;;;;;;;;;;;;;;;
2015;203475683;99581002;103894681;3070979;1299541;0.87;15.09;6.39;75.44;71.88;79.05;13.82;14.93;12.65;1.8;32.15;12.13;44.29;37.67;;;;;;;;;;;;;;;;;;;;;;;;;;;;;;;;
2016;205156587;100379640;104776947;2901053;1314164;0.83;14.14;6.41;75.72;72.18;79.31;13.29;14.35;12.19;1.7;31.57;12.49;44.05;39.73;;;;;;;;;;;;;;;;;;;;;;;;;;;;;;;;
2017;206804741;101163599;105641142;3020743;1330811;0.8;14.61;6.44;75.99;72.46;79.56;12.81;13.8;11.75;1.78;31.11;12.87;43.98;41.2;;;;;;;;;;;;;;;;;;;;;;;;;;;;;;;;
2018;208494900;101971173;106523727;3003585;1349693;0.82;14.41;6.47;76.25;72.74;79.8;12.35;13.31;11.35;1.77;30.75;13.28;44.03;43.19;;;;;;;;;;;;;;;;;;;;;;;;;;;;;;;;
2019;210147125;102760295;107386830;2984414;1368954;0.79;14.2;6.51;76.5;73;80.03;11.94;12.85;10.98;1.77;30.42;13.72;44.14;45.02;;;;;;;;;;;;;;;;;;;;;;;;;;;;;;;;
2020;211755692;103527689;108228003;2963516;1389144;0.77;13.99;6.56;76.74;73.26;80.25;11.56;12.43;10.64;1.76;30.11;14.18;44.29;46.89;;;;;;;;;;;;;;;;;;;;;;;;;;;;;;;;
2021;213317639;104271843;109045796;2940629;1410602;0.74;13.79;6.61;76.97;73.5;80.46;11.2;12.04;10.32;1.76;29.83;14.67;44.5;49.51;;;;;;;;;;;;;;;;;;;;;;;;;;;;;;;;
2022;214828540;104990487;109838053;2913688;1433605;0.71;13.56;6.67;77.19;73.74;80.67;10.88;11.68;10.03;1.75;29.63;15.19;44.82;51.22;;;;;;;;;;;;;;;;;;;;;;;;;;;;;;;;
2023;216284269;105681529;110602740;2885501;1458023;0.68;13.34;6.74;77.4;73.96;80.86;10.58;11.36;9.75;1.75;29.43;15.74;45.17;53.2;;;;;;;;;;;;;;;;;;;;;;;;;;;;;;;;
2024;217684462;106345043;111339419;2856690;1483777;0.65;13.12;6.82;77.6;74.17;81.05;10.3;11.05;9.5;1.74;29.26;16.31;45.56;55.72;;;;;;;;;;;;;;;;;;;;;;;;;;;;;;;;
2025;219029093;106981304;112047789;2827039;1510693;0.62;12.91;6.9;77.8;74.38;81.22;10.04;10.77;9.27;1.74;29.11;16.9;46.01;58.29;;;;;;;;;;;;;;;;;;;;;;;;;;;;;;;;
2026;220316530;107589495;112727035;2797674;1539159;0.59;12.7;6.99;77.98;74.57;81.39;9.8;10.51;9.05;1.74;28.95;17.51;46.45;60.61;;;;;;;;;;;;;;;;;;;;;;;;;;;;;;;;
2027;221545234;108168830;113376404;2768000;1569117;0.56;12.49;7.08;78.16;74.76;81.56;9.58;10.27;8.85;1.73;28.77;18.14;46.9;62.76;;;;;;;;;;;;;;;;;;;;;;;;;;;;;;;;
2028;222713669;108718587;113995082;2738355;1600375;0.53;12.3;7.19;78.32;74.94;81.71;9.37;10.05;8.66;1.73;28.59;18.78;47.37;65.46;;;;;;;;;;;;;;;;;;;;;;;;;;;;;;;;
2029;223821305;109238514;114582791;2710134;1632845;0.5;12.11;7.3;78.49;75.11;81.86;9.18;9.84;8.49;1.72;28.36;19.42;47.79;68.23;;;;;;;;;;;;;;;;;;;;;;;;;;;;;;;;
2030;224868462;109728762;115139700;2683440;1666427;0.47;11.93;7.41;78.64;75.28;82;9.01;9.65;8.33;1.72;28.08;20.06;48.14;71.05;;;;;;;;;;;;;;;;;;;;;;;;;;;;;;;;
2031;225854415;110189007;115665408;2655850;1700970;0.44;11.76;7.53;78.78;75.43;82.14;8.85;9.48;8.18;1.72;27.84;20.71;48.55;74.33;;;;;;;;;;;;;;;;;;;;;;;;;;;;;;;;
2032;226777802;110618592;116159210;2628742;1736861;0.41;11.59;7.66;78.92;75.58;82.27;8.7;9.32;8.05;1.72;27.61;21.36;48.97;77.3;;;;;;;;;;;;;;;;;;;;;;;;;;;;;;;;
2033;227638581;111017537;116621044;2603540;1773877;0.38;11.44;7.79;79.05;75.72;82.39;8.57;9.18;7.92;1.71;27.32;22.01;49.33;80.33;;;;;;;;;;;;;;;;;;;;;;;;;;;;;;;;
2034;228437122;111386062;117051060;2579544;1812136;0.35;11.29;7.93;79.18;75.86;82.51;8.44;9.04;7.81;1.71;27.04;22.65;49.69;83.43;;;;;;;;;;;;;;;;;;;;;;;;;;;;;;;;
2035;229173685;111724392;117449293;2557147;1851454;0.32;11.16;8.08;79.3;75.99;82.62;8.32;8.92;7.7;1.71;26.76;23.28;50.04;87.08;;;;;;;;;;;;;;;;;;;;;;;;;;;;;;;;
2036;229847832;112032426;117815406;2534413;1891832;0.29;11.03;8.23;79.42;76.11;82.73;8.22;8.8;7.6;1.7;26.48;23.9;50.39;90.34;;;;;;;;;;;;;;;;;;;;;;;;;;;;;;;;
2037;230459062;112309958;118149104;2513030;1933167;0.27;10.9;8.39;79.53;76.23;82.83;8.12;8.69;7.51;1.7;26.22;24.52;50.74;93.68;;;;;;;;;;;;;;;;;;;;;;;;;;;;;;;;
2038;231007871;112557327;118450544;2493021;1975283;0.24;10.79;8.55;79.63;76.34;82.93;8.02;8.59;7.42;1.7;25.97;25.13;51.1;96.51;;;;;;;;;;;;;;;;;;;;;;;;;;;;;;;;
2039;231494650;112774820;118719830;2473758;2017958;0.21;10.69;8.72;79.73;76.45;83.02;7.93;8.49;7.34;1.7;25.74;25.77;51.52;100;;;;;;;;;;;;;;;;;;;;;;;;;;;;;;;;
2040;231919922;112962751;118957171;2455519;2060782;0.18;10.59;8.89;79.83;76.55;83.11;7.85;8.4;7.27;1.69;25.54;26.46;51.99;103.57;;;;;;;;;;;;;;;;;;;;;;;;;;;;;;;;
2041;232284233;113121438;119162795;2437785;2103915;0.16;10.49;9.06;79.92;76.65;83.2;7.77;8.32;7.2;1.69;25.35;27.18;52.53;107.23;;;;;;;;;;;;;;;;;;;;;;;;;;;;;;;;
2042;232588580;113251454;119337126;2422219;2147419;0.13;10.41;9.23;80;76.74;83.28;7.7;8.24;7.13;1.69;25.19;27.93;53.13;110.3;;;;;;;;;;;;;;;;;;;;;;;;;;;;;;;;
2043;232834065;113353443;119480622;2407325;2191168;0.11;10.34;9.41;80.09;76.83;83.36;7.63;8.16;7.06;1.69;25.06;28.73;53.78;114.72;;;;;;;;;;;;;;;;;;;;;;;;;;;;;;;;
2044;233020996;113427597;119593399;2392409;2234730;0.08;10.27;9.59;80.17;76.92;83.43;7.56;8.09;7;1.69;24.94;29.55;54.49;118.63;;;;;;;;;;;;;;;;;;;;;;;;;;;;;;;;
2045;233149625;113474061;119675564;2377677;2278119;0.06;10.2;9.77;80.24;77;83.5;7.5;8.02;6.95;1.68;24.85;30.4;55.25;122.5;;;;;;;;;;;;;;;;;;;;;;;;;;;;;;;;
2046;233220257;113493052;119727205;2363150;2321466;0.03;10.13;9.95;80.31;77.08;83.57;7.44;7.96;6.9;1.68;24.77;31.27;56.04;125.79;;;;;;;;;;;;;;;;;;;;;;;;;;;;;;;;
2047;233233670;113485011;119748659;2349527;2364398;0.01;10.07;10.14;80.38;77.16;83.63;7.39;7.9;6.84;1.68;24.72;32.17;56.89;129.75;;;;;;;;;;;;;;;;;;;;;;;;;;;;;;;;
2048;233190482;113450253;119740229;2335541;2407046;-0.02;10.02;10.32;80.45;77.23;83.7;7.33;7.84;6.8;1.68;24.68;33.08;57.76;134.62;;;;;;;;;;;;;;;;;;;;;;;;;;;;;;;;
2049;233090464;113388652;119701812;2320604;2449148;-0.04;9.96;10.51;80.51;77.3;83.75;7.29;7.79;6.75;1.68;24.66;33.99;58.64;138.06;;;;;;;;;;;;;;;;;;;;;;;;;;;;;;;;
2050;232933276;113300060;119633216;2304717;2490559;-0.07;9.89;10.69;80.57;77.37;83.81;7.24;7.74;6.71;1.68;24.64;34.88;59.52;142.21;;;;;;;;;;;;;;;;;;;;;;;;;;;;;;;;
2051;232719169;113184593;119534576;2288973;2531362;-0.09;9.84;10.88;80.63;77.43;83.86;7.2;7.69;6.67;1.67;24.63;35.76;60.38;144.81;;;;;;;;;;;;;;;;;;;;;;;;;;;;;;;;
2052;232448867;113042592;119406275;2273127;2571362;-0.12;9.78;11.06;80.68;77.49;83.91;7.16;7.65;6.64;1.67;24.62;36.62;61.24;148.37;;;;;;;;;;;;;;;;;;;;;;;;;;;;;;;;
2053;232122448;112874076;119248372;2255972;2610595;-0.14;9.72;11.25;80.74;77.55;83.96;7.12;7.61;6.6;1.67;24.62;37.45;62.07;151.97;;;;;;;;;;;;;;;;;;;;;;;;;;;;;;;;
2054;231739632;112678873;119060759;2237804;2648830;-0.16;9.66;11.43;80.78;77.61;84;7.08;7.57;6.57;1.67;24.62;38.26;62.89;155.63;;;;;;;;;;;;;;;;;;;;;;;;;;;;;;;;
2055;231300323;112456873;118843450;2218450;2686056;-0.19;9.59;11.61;80.83;77.66;84.04;7.05;7.54;6.54;1.67;24.63;39.05;63.68;159.33;;;;;;;;;;;;;;;;;;;;;;;;;;;;;;;;
2056;230805223;112208379;118596844;2199622;2722232;-0.21;9.53;11.79;80.88;77.71;84.08;7.02;7.5;6.51;1.67;24.63;39.81;64.43;161.33;;;;;;;;;;;;;;;;;;;;;;;;;;;;;;;;
2057;230255685;111934042;118321643;2180831;2757317;-0.24;9.47;11.98;80.92;77.76;84.12;6.99;7.47;6.48;1.66;24.62;40.52;65.15;164.43;;;;;;;;;;;;;;;;;;;;;;;;;;;;;;;;
2058;229652286;111634119;118018167;2161015;2791329;-0.26;9.41;12.15;80.96;77.81;84.16;6.96;7.44;6.46;1.66;24.62;41.22;65.84;168.24;;;;;;;;;;;;;;;;;;;;;;;;;;;;;;;;
2059;228995541;111308845;117686696;2141033;2824224;-0.29;9.35;12.33;81;77.86;84.19;6.94;7.41;6.44;1.66;24.61;41.91;66.53;170.27;;;;;;;;;;;;;;;;;;;;;;;;;;;;;;;;
2060;228286347;110958642;117327705;2120842;2856059;-0.31;9.29;12.51;81.04;77.9;84.23;6.91;7.39;6.42;1.66;24.61;42.62;67.23;173.47;;;;;;;;;;;;;;;;;;;;;;;;;;;;;;;;
Faixas etárias;;;;;;;;;;;;;;;;;;;;;;;;;;;;;;;;;;;;;;;;;;;;;;;;;;;
Total;;;;;;;;;;;;;;;;;;;;;;;;;;;;;;;;;;;;;;;;;;;;;;;;;;;
Faixa/Ano;2010;2011;2012;2013;2014;2015;2016;2017;2018;2019;2020;2021;2022;2023;2024;2025;2026;2027;2028;2029;2030;2031;2032;2033;2034;2035;2036;2037;2038;2039;2040;2041;2042;2043;2044;2045;2046;2047;2048;2049;2050;2051;2052;2053;2054;2055;2056;2057;2058;2059;2060
Total;194890682;196603732;198314934;200004188;201717541;203475683;205156587;206804741;208494900;210147125;211755692;213317639;214828540;216284269;217684462;219029093;220316530;221545234;222713669;223821305;224868462;225854415;226777802;227638581;228437122;229173685;229847832;230459062;231007871;231494650;231919922;232284233;232588580;232834065;233020996;233149625;233220257;233233670;233190482;233090464;232933276;232719169;232448867;232122448;231739632;231300323;230805223;230255685;229652286;228995541;228286347
0-4;14858280;14697433;14624301;14567170;14570070;14677159;14715112;14720776;14787557;14798332;14730311;14703281;14675523;14569055;14452355;14326234;14192256;14053426;13912226;13770272;13629815;13491399;13354905;13221642;13092489;12967369;12846604;12730937;12620549;12514918;12413588;12316709;12225086;12138798;12057106;11979238;11904624;11832490;11761709;11691308;11620256;11547982;11473958;11397201;11317212;11233863;11147191;11057520;10965028;10870292;10774218
05/set;15865195;15600504;15387507;15203145;15029641;14824271;14664918;14593299;14537829;14542132;14650311;14689394;14695773;14762671;14773628;14705941;14679311;14652033;14546208;14430226;14304778;14171490;14033278;13892710;13751331;13611405;13473529;13337523;13204728;13076037;12951361;12830995;12715703;12605672;12500387;12399373;12302790;12211456;12125433;12043993;11966376;11891973;11820071;11749531;11679356;11608504;11536459;11462615;11386046;11306224;11223031
out/14;17397304;17216843;16880174;16495325;16131984;15840860;15577214;15365237;15182024;15009676;14805478;14647164;14576191;14520972;14525347;14633526;14672711;14679300;14746432;14757724;14690423;14664114;14637176;14531700;14416109;14291049;14158125;14020272;13880038;13738984;13599376;13461829;13326122;13193611;13065182;12940762;12820626;12705545;12595720;12490655;12389855;12293466;12202305;12116445;12035156;11957694;11883455;11811703;11741278;11671246;11600532
15-19;17219086;17238401;17315601;17402809;17424089;17334096;17155615;16821630;16439846;16079464;15790863;15529387;15318916;15136923;14965724;14762869;14605891;14536019;14481942;14487286;14596110;14635967;14643187;14710785;14722659;14656163;14630405;14603997;14499263;14384409;14260078;14127872;13990752;13851207;13710840;13571863;13434947;13299846;13167907;13040010;12916108;12796510;12681921;12572557;12467934;12367551;12271531;12180736;12095228;12014265;11937109
20-24;17476779;17396868;17296030;17195219;17124785;17100769;17122881;17203520;17294780;17319853;17233266;17057794;16726717;16347561;15989803;15703800;15444924;15236871;15057313;14888503;14688175;14533531;14465563;14413260;14420025;14529708;14570602;14578856;14647162;14659931;14594614;14569782;14544238;14440723;14327061;14203946;14072906;13936948;13798559;13659314;13521425;13385549;13251456;13120499;12993545;12870528;12751775;12637977;12529386;12425516;12325847
25-29;17334110;17423848;17454135;17436877;17391346;17331851;17256322;17161679;17068593;17004904;16985866;17011218;17092427;17182193;17206153;17119972;16946247;16618500;16243415;15889766;15607291;15351552;15146240;14969263;14802897;14605190;14452983;14386955;14336521;14344709;14455193;14497153;14506501;14575436;14589082;14524961;14501063;14476422;14374170;14261783;14139942;14010163;13875462;13738287;13600246;13463536;13328803;13195813;13065893;12939931;12817887
30-34;15955949;16275019;16567575;16822855;17028854;17178656;17271648;17306947;17296659;17258318;17205416;17135646;17044190;16951251;16886952;16867543;16892885;16974395;17065211;17091062;17007393;16836728;16512899;16141856;15792033;15512843;15259983;15057188;14882572;14718488;14523256;14373318;14309113;14260407;14269902;14381026;14423898;14434174;14503630;14518027;14455019;14431957;14408126;14307058;14195853;14075191;13946610;13813084;13677088;13540196;13404578
35-39;14075108;14350827;14689558;15066579;15441748;15787821;16107943;16402815;16661965;16872342;17026545;17123723;17161844;17152616;17115112;17063584;16995707;16906691;16816670;16755274;16738294;16765601;16848588;16940702;16968189;16886844;16719129;16399166;16032170;15686230;15410325;15160396;14960090;14787787;14625966;14433207;14285523;14223058;14175984;14186704;14298311;14341981;14353071;14422945;14437977;14376076;14353778;14330671;14230768;14120755;14001307
40-44;13184170;13311309;13414041;13519509;13668343;13884283;14161178;14500831;14879035;15255513;15602974;15924417;16219710;16478229;16688213;16842846;16941312;16981681;16975459;16941357;16893256;16828804;16743240;16656520;16598022;16583446;16612647;16696902;16790065;16818996;16739962;16575282;16259556;15897111;15555535;15283397;15036761;14839171;14669407;14510049;14320041;14174828;14114206;14068807;14080737;14192649;14236987;14248844;14318948;14334584;14273861
45-49;11992439;12218181;12426314;12615601;12784211;12933598;13064058;13171048;13281287;13434076;13652504;13930420;14269004;14644402;15017933;15363171;15683089;15977567;16236139;16446903;16602926;16703462;16746553;16743579;16713006;16668492;16607681;16525845;16442743;16387431;16375387;16406437;16491724;16585608;16615819;16539189;16377988;16067408;15710668;15374594;15107158;14864721;14670479;14503796;14347422;14160785;14018586;13960052;13916591;13929788;14041783
50-54;10276773;10574366;10868062;11152415;11419933;11666086;11892707;12102371;12293932;12465329;12617804;12751592;12861867;12974530;13128538;13346782;13623237;13959030;14330885;14700984;15043388;15361008;15653779;15911350;16121912;16278600;16380728;16426408;16426757;16399939;16359306;16302574;16224958;16146006;16094242;16084875;16117711;16203642;16297801;16329111;16255195;16098244;15794311;15445094;15116301;14855005;14618039;14428117;14265353;14112793;13930535
55-59;8387564;8679820;8977656;9278724;9579705;9877881;10172542;10463716;10746091;11012111;11257277;11483368;11692613;11883880;12055490;12208751;12343963;12456465;12571436;12726473;12943766;13217366;13548288;13914012;14277951;14615019;14928011;15216929;15471607;15680383;15836527;15939411;15987269;15990939;15968053;15931630;15879345;15806522;15732281;15684468;15677945;15712380;15798347;15891980;15924009;15853162;15701406;15406171;15066946;14747850;14494713
60-64;6596741;6859058;7119004;7379912;7647936;7926230;8211893;8503042;8797470;9091910;9383728;9672175;9957156;10233460;10493988;10734491;10956693;11162776;11351609;11521660;11673982;11809015;11922324;12038067;12192258;12406090;12673729;12996043;13351492;13705082;14032901;14337648;14619346;14868106;15072540;15226101;15328313;15377469;15384059;15365094;15332980;15285499;15218052;15149158;15105746;15102049;15137666;15222586;15314436;15346470;15279016
65-69;4905988;5095516;5318713;5565313;5819304;6071240;6322755;6572590;6823731;7081680;7349244;7623733;7903288;8185834;8468411;8748627;9025766;9299757;9565627;9816554;10048512;10263166;10462649;10645868;10811283;10959940;11092321;11204363;11318835;11469648;11676652;11934133;12242752;12582173;12919685;13232909;13524376;13794222;14032965;14229585;14377822;14477368;14526754;14535915;14520894;14493445;14451348;14390212;14327671;14289289;14288480
70-74;3792042;3889352;3974955;4063519;4175947;4323465;4501441;4709484;4938529;5174388;5408663;5642901;5876091;6110754;6351769;6601500;6857600;7118354;7381902;7645534;7907040;8165785;8421765;8670307;8905063;9122289;9323635;9511104;9683679;9839876;9980630;10106571;10214158;10324288;10467931;10663049;10904126;11191369;11506226;11819031;12109555;12380193;12631212;12853724;13037277;13176002;13269879;13317776;13328895;13317878;13295484
75-79;2597990;2688798;2797237;2913384;3023576;3121818;3211601;3292375;3376250;3480536;3614389;3774018;3959070;4161906;4370673;4578361;4786387;4994114;5203523;5418622;5641260;5869405;6101656;6336314;6571128;6804078;7034690;7263005;7484798;7694408;7888458;8068562;8236631;8391702;8532383;8659541;8773851;8872509;8973811;9104799;9280868;9496727;9752138;10030863;10307408;10564467;10804204;11027068;11224976;11388373;11511971
80-84;1689444;1727063;1764898;1807817;1861166;1926871;2004365;2095235;2191860;2283815;2366558;2443191;2513706;2587330;2677251;2790280;2923509;3076687;3243763;3415649;3586931;3758879;3931160;4105249;4284098;4468984;4658301;4850986;5045614;5240341;5433588;5624985;5814637;5998934;6173117;6334346;6484201;6624391;6754088;6872004;6978835;7075422;7159683;7246694;7358416;7506972;7687508;7899218;8128899;8356311;8567809
85-89;830529;901360;954570;996763;1032554;1065148;1097017;1129489;1165517;1208442;1259330;1318006;1385731;1457236;1525459;1587405;1645581;1700356;1758056;1827478;1913020;2012666;2126181;2249361;2375978;2502391;2629690;2757777;2887609;3021064;3158814;3299768;3443164;3587930;3732788;3876586;4019065;4160416;4297807;4427602;4547659;4659375;4764254;4861528;4950167;5030651;5103867;5168499;5235780;5321722;5434778
90+;455191;459166;484603;521252;562349;603580;645377;688657;731945;774304;815165;856211;898723;943466;991663;1043410;1099461;1161212;1225853;1289978;1352102;1414477;1478371;1546036;1620691;1703785;1795039;1894806;2001669;2113776;2229906;2350808;2476780;2607627;2743377;2883626;3028143;3176612;3328257;3482333;3637926;3794831;3953061;4110366;4263976;4412193;4556131;4697023;4833076;4962058;5083408
Homens;;;;;;;;;;;;;;;;;;;;;;;;;;;;;;;;;;;;;;;;;;;;;;;;;;;
Faixa/Ano;2010;2011;2012;2013;2014;2015;2016;2017;2018;2019;2020;2021;2022;2023;2024;2025;2026;2027;2028;2029;2030;2031;2032;2033;2034;2035;2036;2037;2038;2039;2040;2041;2042;2043;2044;2045;2046;2047;2048;2049;2050;2051;2052;2053;2054;2055;2056;2057;2058;2059;2060
Total;95513298;96322635;97132054;97931331;98744098;99581002;100379640;101163599;101971173;102760295;103527689;104271843;104990487;105681529;106345043;106981304;107589495;108168830;108718587;109238514;109728762;110189007;110618592;111017537;111386062;111724392;112032426;112309958;112557327;112774820;112962751;113121438;113251454;113353443;113427597;113474061;113493052;113485011;113450253;113388652;113300060;113184593;113042592;112874076;112678873;112456873;112208379;111934042;111634119;111308845;110958642
0-4;7594516;7513761;7477567;7449337;7451690;7507226;7527223;7530642;7565301;7571223;7536789;7523299;7509386;7455164;7395678;7331364;7263006;7192133;7120032;7047528;6975778;6905062;6835307;6767195;6701192;6637231;6575502;6516373;6459937;6405936;6354123;6304598;6257751;6213632;6171861;6132043;6093885;6056997;6020798;5984802;5948471;5911502;5873639;5834370;5793447;5750809;5706456;5660575;5613249;5564770;5515605
05/set;8094637;7962532;7856445;7764679;7678145;7574960;7495049;7459700;7432381;7435509;7491634;7512252;7516076;7550810;7556858;7522618;7509351;7495730;7441882;7382807;7318878;7250909;7180401;7108665;7036481;6965042;6894634;6825161;6757331;6691592;6627900;6566392;6507477;6451252;6397457;6345822;6296474;6249795;6205831;6164206;6124537;6086502;6049752;6013699;5977830;5941609;5904776;5867020;5827860;5787041;5744493
out/14;8842587;8760868;8596730;8405865;8224795;8080135;7948620;7843086;7751948;7666040;7563501;7484190;7449226;7422072;7425264;7481411;7502112;7506047;7540921;7547162;7513141;7500066;7486634;7433002;7374143;7310452;7242697;7172400;7100861;7028875;6957623;6887413;6818125;6750468;6684877;6621345;6559981;6501187;6445082;6391415;6339911;6290699;6244133;6200276;6158737;6119162;6081226;6044568;6008592;5972801;5936671
15-19;8673836;8693267;8745322;8804210;8829069;8795446;8715095;8552810;8364062;8185062;8042202;7912260;7807878;7717747;7632793;7531320;7453057;7418949;7392651;7396587;7453221;7474403;7478801;7514010;7520683;7487251;7474592;7461547;7408463;7350163;7287028;7219811;7150062;7079046;7007575;6936806;6867067;6798239;6731019;6665837;6602699;6541729;6483312;6427561;6374235;6323041;6274127;6227836;6184244;6142973;6103630
20-24;8746116;8711375;8663577;8614902;8583358;8578611;8600164;8654720;8716490;8744065;8712945;8634909;8475014;8288587;8111918;7971317;7843582;7741213;7653070;7570037;7470597;7394220;7361652;7336794;7341891;7399228;7421254;7426487;7462264;7469669;7437195;7425286;7412946;7360848;7303529;7241380;7175120;7106330;7036251;6965698;6895815;6826928;6758931;6692510;6628106;6565701;6505416;6447653;6392537;6339825;6289218
25-29;8574606;8629711;8657414;8662143;8651184;8630266;8598875;8555561;8512314;8485534;8484394;8508378;8563553;8624538;8651626;8621118;8544666;8387530;8204388;8031009;7893232;7767999;7667829;7581750;7500675;7403356;7328943;7297950;7274594;7280847;7338836;7361712;7367822;7404119;7412226;7380713;7369573;7357978;7306911;7250628;7189512;7124285;7056509;6987423;6917849;6848930;6780967;6713878;6648312;6584723;6523112
30-34;7821287;7982363;8131551;8263753;8373348;8457008;8514439;8545686;8555280;8549320;8532944;8505514;8464499;8421615;8394693;8393527;8417664;8473141;8534872;8563312;8534665;8460519;8306365;8126302;7955838;7820545;7697488;7599240;7514973;7435649;7340229;7267552;7237960;7215936;7223197;7281677;7305262;7312099;7348805;7357492;7326843;7316343;7305373;7255224;7199860;7139664;7075362;7008494;6940318;6871646;6803583
35-39;6857527;6990523;7155946;7341635;7527745;7700900;7862666;8013399;8148183;8260741;8347421;8407755;8440996;8451369;8446055;8430688;8404634;8365378;8324589;8299702;8300209;8325674;8382118;8444696;8474256;8447253;8375224;8223858;8046719;7879049;7746136;7625181;7528741;7446144;7368454;7274845;7203808;7175501;7154681;7162834;7221685;7245877;7253323;7290325;7299496;7269639;7259722;7249292;7200007;7145508;7086207
40-44;6405478;6465519;6511227;6557089;6624863;6727359;6861189;7027271;7213769;7400750;7574836;7737477;7888496;8022898;8135221;8222214;8283430;8318165;8330545;8327522;8314471;8290745;8253830;8215289;8192354;8194452;8221147;8278370;8341585;8372088;8346626;8276663;8128189;7954176;7789503;7659150;7540448;7445888;7365050;7289066;7197348;7128025;7100999;7081359;7090362;7149455;7174123;7182135;7219317;7228927;7199896
45-49;5768516;5880219;5985481;6082367;6167931;6241647;6303978;6352579;6401687;6472175;6576419;6711034;6876531;7061277;7246407;7419108;7580798;7731316;7865760;7978594;8066468;8128987;8165432;8179855;8179060;8168292;8146911;8112423;8076237;8055349;8059034;8086849;8144623;8208179;8239414;8215443;8147699;8002569;7832277;7671186;7543900;7427925;7335566;7256745;7182722;7093220;7025894;7000246;6981909;6991754;7050917
50-54;4900002;5040349;5178764;5313246;5441195;5561009;5673316;5779573;5877917;5965268;6041008;6105571;6156429;6207294;6278778;6383077;6516900;6680739;6863310;7046315;7217244;7377487;7526925;7660698;7773367;7861606;7925036;7962995;7979372;7980824;7972437;7953589;7921753;7888179;7869486;7874764;7903569;7961564;8025093;8056849;8034455;7969304;7828334;7662799;7506320;7382926;7270417;7180814;7104474;7032873;6946162
55-59;3954821;4089187;4227766;4368987;4510555;4650762;4789417;4926386;5059761;5186871;5306101;5418069;5523994;5622071;5709488;5785731;5851268;5903677;5956190;6028485;6132308;6264412;6425224;6603964;6783080;6950611;7107892;7254823;7386666;7498065;7585774;7649457;7688505;7706661;7710316;7704363;7688149;7659220;7628530;7612199;7619074;7648657;7706356;7769208;7801082;7780353;7718248;7582612;7423293;7272866;7154556
60-64;3081961;3198692;3313737;3429277;3548963;3674713;3805186;3939707;4076794;4214303;4350563;4485379;4618536;4748149;4871821;4988027;5097383;5201061;5297302;5383487;5458969;5524298;5577221;5630273;5702081;5803746;5932098;6087478;6259725;6432268;6593867;6745779;6887959;7015825;7124175;7209866;7272652;7311982;7331395;7336975;7333300;7319725;7293901;7266311;7252466;7260725;7290580;7347073;7408221;7439552;7420473
65-69;2253998;2339108;2439108;2549140;2661907;2773210;2883883;2993314;3103440;3217426;3337000;3460918;3588535;3718492;3848844;3978090;4106032;4232502;4355732;4473440;4584216;4688647;4787847;4880176;4963105;5036045;5099560;5151653;5203924;5273663;5371091;5493166;5640066;5802391;5964930;6117373;6260872;6395434;6516731;6619770;6701600;6762068;6800700;6820803;6827971;6826458;6815605;6793193;6769102;6757874;6767303
70-74;1689818;1732563;1770303;1809593;1859518;1924795;2003224;2094581;2194687;2297297;2398778;2499910;2600243;2701380;2806006;2915566;3028989;3145702;3264515;3383680;3501868;3618911;3734717;3847628;3955595;4057304;4153367;4244811;4330120;4406952;4474742;4534111;4583407;4633065;4698510;4788775;4900975;5035044;5182591;5330211;5468808;5599462;5722265;5833225;5927673;6002895;6058911;6095418;6115370;6123684;6124121
75-79;1105206;1144121;1190922;1240998;1288273;1330216;1368574;1403314;1439622;1484658;1542105;1610235;1688895;1774682;1862608;1949716;2036732;2123408;2210961;2301516;2396166;2494028;2594665;2697044;2799720;2901547;3002440;3102353;3199832;3293112;3381052;3464237;3543625;3617852;3684841;3744109;3796312;3840217;3884676;3942722;4021823;4119269;4234768;4361237;4487603;4606394;4718561;4824282;4920042;5001664;5066803
80-84;677628;692280;707304;724631;746369;773094;804695;841980;881564;919059;952619;983758;1012641;1042996;1079956;1126100;1180178;1242110;1309326;1378193;1446541;1514999;1583484;1652852;1724591;1799420;1876683;1956079;2036796;2117674;2197885;2277383;2356175;2433074;2506675;2576080;2641835;2704769;2763770;2817079;2864310;2906165;2941812;2978203;3025436;3089091;3166772;3257946;3357133;3456065;3549148
85-89;314944;340306;359247;374268;387076;398787;410381;422377;435871;452078;471252;493422;519178;546326;572074;595279;617114;637836;659812;686235;718616;756161;798785;844827;891952;938795;985869;1033177;1081264;1131002;1182750;1236101;1290875;1346482;1402163;1457337;1512013;1566262;1619219;1669886;1717634;1762927;1806456;1847353;1884307;1917047;1946213;1971377;1997388;2031094;2076107
90+;155814;155891;163643;175211;188114;200858;213666;226913;240102;252916;265178;277513;290381;304062;318955;335033;352599;372193;392729;412903;432174;451480;471355;492517;515998;542216;571089;602780;636664;672043;708423;746158;785393;826114;868408;912170;957358;1003936;1051543;1099797;1148335;1197201;1246463;1295445;1343371;1389754;1435003;1479630;1522751;1563205;1600637
Mulheres;;;;;;;;;;;;;;;;;;;;;;;;;;;;;;;;;;;;;;;;;;;;;;;;;;;
Faixa/Ano;2010;2011;2012;2013;2014;2015;2016;2017;2018;2019;2020;2021;2022;2023;2024;2025;2026;2027;2028;2029;2030;2031;2032;2033;2034;2035;2036;2037;2038;2039;2040;2041;2042;2043;2044;2045;2046;2047;2048;2049;2050;2051;2052;2053;2054;2055;2056;2057;2058;2059;2060
Total;99377384;100281097;101182880;102072857;102973443;103894681;104776947;105641142;106523727;107386830;108228003;109045796;109838053;110602740;111339419;112047789;112727035;113376404;113995082;114582791;115139700;115665408;116159210;116621044;117051060;117449293;117815406;118149104;118450544;118719830;118957171;119162795;119337126;119480622;119593399;119675564;119727205;119748659;119740229;119701812;119633216;119534576;119406275;119248372;119060759;118843450;118596844;118321643;118018167;117686696;117327705
0-4;7263764;7183672;7146734;7117833;7118380;7169933;7187889;7190134;7222256;7227109;7193522;7179982;7166137;7113891;7056677;6994870;6929250;6861293;6792194;6722744;6654037;6586337;6519598;6454447;6391297;6330138;6271102;6214564;6160612;6108982;6059465;6012111;5967335;5925166;5885245;5847195;5810739;5775493;5740911;5706506;5671785;5636480;5600319;5562831;5523765;5483054;5440735;5396945;5351779;5305522;5258613
05/set;7770558;7637972;7531062;7438466;7351496;7249311;7169869;7133599;7105448;7106623;7158677;7177142;7179697;7211861;7216770;7183323;7169960;7156303;7104326;7047419;6985900;6920581;6852877;6784045;6714850;6646363;6578895;6512362;6447397;6384445;6323461;6264603;6208226;6154420;6102930;6053551;6006316;5961661;5919602;5879787;5841839;5805471;5770319;5735832;5701526;5666895;5631683;5595595;5558186;5519183;5478538
out/14;8554717;8455975;8283444;8089460;7907189;7760725;7628594;7522151;7430076;7343636;7241977;7162974;7126965;7098900;7100083;7152115;7170599;7173253;7205511;7210562;7177282;7164048;7150542;7098698;7041966;6980597;6915428;6847872;6779177;6710109;6641753;6574416;6507997;6443143;6380305;6319417;6260645;6204358;6150638;6099240;6049944;6002767;5958172;5916169;5876419;5838532;5802229;5767135;5732686;5698445;5663861
15-19;8545250;8545134;8570279;8598599;8595020;8538650;8440520;8268820;8075784;7894402;7748661;7617127;7511038;7419176;7332931;7231549;7152834;7117070;7089291;7090699;7142889;7161564;7164386;7196775;7201976;7168912;7155813;7142450;7090800;7034246;6973050;6908061;6840690;6772161;6703265;6635057;6567880;6501607;6436888;6374173;6313409;6254781;6198609;6144996;6093699;6044510;5997404;5952900;5910984;5871292;5833479
20-24;8730663;8685493;8632453;8580317;8541427;8522158;8522717;8548800;8578290;8575788;8520321;8422885;8251703;8058974;7877885;7732483;7601342;7495658;7404243;7318466;7217578;7139311;7103911;7076466;7078134;7130480;7149348;7152369;7184898;7190262;7157419;7144496;7131292;7079875;7023532;6962566;6897786;6830618;6762308;6693616;6625610;6558621;6492525;6427989;6365439;6304827;6246359;6190324;6136849;6085691;6036629
25-29;8759504;8794137;8796721;8774734;8740162;8701585;8657447;8606118;8556279;8519370;8501472;8502840;8528874;8557655;8554527;8498854;8401581;8230970;8039027;7858757;7714059;7583553;7478411;7387513;7302222;7201834;7124040;7089005;7061927;7063862;7116357;7135441;7138679;7171317;7176856;7144248;7131490;7118444;7067259;7011155;6950430;6885878;6818953;6750864;6682397;6614606;6547836;6481935;6417581;6355208;6294775
30-34;8134662;8292656;8436024;8559102;8655506;8721648;8757209;8761261;8741379;8708998;8672472;8630132;8579691;8529636;8492259;8474016;8475221;8501254;8530339;8527750;8472728;8376209;8206534;8015554;7836195;7692298;7562495;7457948;7367599;7282839;7183027;7105766;7071153;7044471;7046705;7099349;7118636;7122075;7154825;7160535;7128176;7115614;7102753;7051834;6995993;6935527;6871248;6804590;6736770;6668550;6600995
35-39;7217581;7360304;7533612;7724944;7914003;8086921;8245277;8389416;8513782;8611601;8679124;8715968;8720848;8701247;8669057;8632896;8591073;8541313;8492081;8455572;8438085;8439927;8466470;8496006;8493933;8439591;8343905;8175308;7985451;7807181;7664189;7535215;7431349;7341643;7257512;7158362;7081715;7047557;7021303;7023870;7076626;7096104;7099748;7132620;7138481;7106437;7094056;7081379;7030761;6975247;6915100
40-44;6778692;6845790;6902814;6962420;7043480;7156924;7299989;7473560;7665266;7854763;8028138;8186940;8331214;8455331;8552992;8620632;8657882;8663516;8644914;8613835;8578785;8538059;8489410;8441231;8405668;8388994;8391500;8418532;8448480;8446908;8393336;8298619;8131367;7942935;7766032;7624247;7496313;7393283;7304357;7220983;7122693;7046803;7013207;6987448;6990375;7043194;7062864;7066709;7099631;7105657;7073965
45-49;6223923;6337962;6440833;6533234;6616280;6691951;6760080;6818469;6879600;6961901;7076085;7219386;7392473;7583125;7771526;7944063;8102291;8246251;8370379;8468309;8536458;8574475;8581121;8563724;8533946;8500200;8460770;8413422;8366506;8332082;8316353;8319588;8347101;8377429;8376405;8323746;8230289;8064839;7878391;7703408;7563258;7436796;7334913;7247051;7164700;7067565;6992692;6959806;6934682;6938034;6990866
50-54;5376771;5534017;5689298;5839169;5978738;6105077;6219391;6322798;6416015;6500061;6576796;6646021;6705438;6767236;6849760;6963705;7106337;7278291;7467575;7654669;7826144;7983521;8126854;8250652;8348545;8416994;8455692;8463413;8447385;8419115;8386869;8348985;8303205;8257827;8224756;8210111;8214142;8242078;8272708;8272262;8220740;8128940;7965977;7782295;7609981;7472079;7347622;7247303;7160879;7079920;6984373
55-59;4432743;4590633;4749890;4909737;5069150;5227119;5383125;5537330;5686330;5825240;5951176;6065299;6168619;6261809;6346002;6423020;6492695;6552788;6615246;6697988;6811458;6952954;7123064;7310048;7494871;7664408;7820119;7962106;8084941;8182318;8250753;8289954;8298764;8284278;8257737;8227267;8191196;8147302;8103751;8072269;8058871;8063723;8091991;8122772;8122927;8072809;7983158;7823559;7643653;7474984;7340157
60-64;3514780;3660366;3805267;3950635;4098973;4251517;4406707;4563335;4720676;4877607;5033165;5186796;5338620;5485311;5622167;5746464;5859310;5961715;6054307;6138173;6215013;6284717;6345103;6407794;6490177;6602344;6741631;6908565;7091767;7272814;7439034;7591869;7731387;7852281;7948365;8016235;8055661;8065487;8052664;8028119;7999680;7965774;7924151;7882847;7853280;7841324;7847086;7875513;7906215;7906918;7858543
65-69;2651990;2756408;2879605;3016173;3157397;3298030;3438872;3579276;3720291;3864254;4012244;4162815;4314753;4467342;4619567;4770537;4919734;5067255;5209895;5343114;5464296;5574519;5674802;5765692;5848178;5923895;5992761;6052710;6114911;6195985;6305561;6440967;6602686;6779782;6954755;7115536;7263504;7398788;7516234;7609815;7676222;7715300;7726054;7715112;7692923;7666987;7635743;7597019;7558569;7531415;7521177
70-74;2102224;2156789;2204652;2253926;2316429;2398670;2498217;2614903;2743842;2877091;3009885;3142991;3275848;3409374;3545763;3685934;3828611;3972652;4117387;4261854;4405172;4546874;4687048;4822679;4949468;5064985;5170268;5266293;5353559;5432924;5505888;5572460;5630751;5691223;5769421;5874274;6003151;6156325;6323635;6488820;6640747;6780731;6908947;7020499;7109604;7173107;7210968;7222358;7213525;7194194;7171363
75-79;1492784;1544677;1606315;1672386;1735303;1791602;1843027;1889061;1936628;1995878;2072284;2163783;2270175;2387224;2508065;2628645;2749655;2870706;2992562;3117106;3245094;3375377;3506991;3639270;3771408;3902531;4032250;4160652;4284966;4401296;4507406;4604325;4693006;4773850;4847542;4915432;4977539;5032292;5089135;5162077;5259045;5377458;5517370;5669626;5819805;5958073;6085643;6202786;6304934;6386709;6445168
80-84;1011816;1034783;1057594;1083186;1114797;1153777;1199670;1253255;1310296;1364756;1413939;1459433;1501065;1544334;1597295;1664180;1743331;1834577;1934437;2037456;2140390;2243880;2347676;2452397;2559507;2669564;2781618;2894907;3008818;3122667;3235703;3347602;3458462;3565860;3666442;3758266;3842366;3919622;3990318;4054925;4114525;4169257;4217871;4268491;4332980;4417881;4520736;4641272;4771766;4900246;5018661
85-89;515585;561054;595323;622495;645478;666361;686636;707112;729646;756364;788078;824584;866553;910910;953385;992126;1028467;1062520;1098244;1141243;1194404;1256505;1327396;1404534;1484026;1563596;1643821;1724600;1806345;1890062;1976064;2063667;2152289;2241448;2330625;2419249;2507052;2594154;2678588;2757716;2830025;2896448;2957798;3014175;3065860;3113604;3157654;3197122;3238392;3290628;3358671
90+;299377;303275;320960;346041;374235;402722;431711;461744;491843;521388;549987;578698;608342;639404;672708;708377;746862;789019;833124;877075;919928;962997;1007016;1053519;1104693;1161569;1223950;1292026;1365005;1441733;1521483;1604650;1691387;1781513;1874969;1971456;2070785;2172676;2276714;2382536;2489591;2597630;2706598;2814921;2920605;3022439;3121128;3217393;3310325;3398853;3482771
