Mato Grosso;;;;;;;;;;;;;;;;;;;;;;;;;;;;;;;;;;;;;;;;;;;;;;;;;;;
Dados;;;;;;;;;;;;;;;;;;;;;;;;;;;;;;;;;;;;;;;;;;;;;;;;;;;
Ano;População total;Homens;Mulheres;Nascimentos;Óbitos;Taxa de Crescimento Geométrico;Taxa Bruta de Natalidade;Taxa Bruta de Mortalidade;Esperança de Vida ao Nascer;Esperança de Vida ao Nascer - Homens;Esperança de Vida ao Nascer - Mulheres;Taxa de Mortalidade Infantil;Taxa de Mortalidade Infantil - Homens;Taxa de Mortalidade Infantil - Mulheres;Taxa de Fecundidade Total;Razão de Dependência - Jovens 0 a 14 anos;Razão de Dependência - Idosos 65 ou mais anos;Razão de Dependência;Índice de Envelhecimento;;;;;;;;;;;;;;;;;;;;;;;;;;;;;;;;
2010;3106513;1586508;1520005;52071;16836;x;16.76;5.42;72.64;69.54;76.33;19.52;20.98;17.98;1.88;38.63;7.44;46.07;19.32;;;;;;;;;;;;;;;;;;;;;;;;;;;;;;;;
2011;3145830;1605262;1540568;50466;17076;1.27;16.04;5.43;72.92;69.81;76.6;19.05;20.49;17.53;1.81;37.61;7.65;45.26;20.46;;;;;;;;;;;;;;;;;;;;;;;;;;;;;;;;
2012;3185148;1624000;1561148;52773;17385;1.25;16.57;5.46;73.19;70.08;76.86;18.59;20.01;17.08;1.89;36.67;7.87;44.53;21.26;;;;;;;;;;;;;;;;;;;;;;;;;;;;;;;;
2013;3226030;1643522;1582508;54405;17734;1.28;16.86;5.5;73.46;70.35;77.11;18.14;19.55;16.66;1.94;35.87;8.11;43.98;22.49;;;;;;;;;;;;;;;;;;;;;;;;;;;;;;;;
2014;3269448;1664325;1605123;58730;18121;1.35;17.96;5.54;73.72;70.61;77.36;17.71;19.11;16.24;2.09;35.28;8.37;43.65;23.58;;;;;;;;;;;;;;;;;;;;;;;;;;;;;;;;
2015;3314540;1685970;1628570;58678;18506;1.38;17.7;5.58;73.97;70.87;77.61;17.3;18.67;15.84;2.08;34.87;8.65;43.52;24.69;;;;;;;;;;;;;;;;;;;;;;;;;;;;;;;;
2016;3356979;1706243;1650736;54277;18824;1.28;16.17;5.61;74.22;71.12;77.84;16.89;18.26;15.45;1.93;34.51;8.97;43.48;26.14;;;;;;;;;;;;;;;;;;;;;;;;;;;;;;;;
2017;3398791;1726185;1672606;58267;19199;1.25;17.14;5.65;74.47;71.37;78.08;16.49;17.85;15.07;2.07;34.24;9.31;43.55;27.2;;;;;;;;;;;;;;;;;;;;;;;;;;;;;;;;
2018;3441998;1746832;1695166;58015;19622;1.27;16.86;5.7;74.71;71.61;78.3;16.12;17.46;14.71;2.06;34.04;9.68;43.72;28.27;;;;;;;;;;;;;;;;;;;;;;;;;;;;;;;;
2019;3484466;1767091;1717375;57774;20032;1.23;16.58;5.75;74.94;71.84;78.52;15.75;17.08;14.36;2.06;33.8;10.07;43.87;29.79;;;;;;;;;;;;;;;;;;;;;;;;;;;;;;;;
2020;3526220;1786977;1739243;57571;20454;1.2;16.33;5.8;75.17;72.07;78.74;15.4;16.71;14.02;2.05;33.47;10.47;43.94;31.33;;;;;;;;;;;;;;;;;;;;;;;;;;;;;;;;
2021;3567234;1806477;1760757;57308;20897;1.16;16.07;5.86;75.39;72.3;78.95;15.05;16.35;13.69;2.04;33.16;10.9;44.07;33.04;;;;;;;;;;;;;;;;;;;;;;;;;;;;;;;;
2022;3607400;1825538;1781862;56926;21353;1.13;15.78;5.92;75.61;72.51;79.15;14.73;16.01;13.37;2.04;33.01;11.37;44.38;34.5;;;;;;;;;;;;;;;;;;;;;;;;;;;;;;;;
2023;3646630;1844116;1802514;56524;21834;1.09;15.5;5.99;75.81;72.73;79.35;14.4;15.68;13.07;2.03;32.88;11.87;44.75;36.12;;;;;;;;;;;;;;;;;;;;;;;;;;;;;;;;
2024;3684919;1862207;1822712;56169;22328;1.05;15.24;6.06;76.02;72.94;79.54;14.09;15.35;12.77;2.03;32.72;12.39;45.1;37.78;;;;;;;;;;;;;;;;;;;;;;;;;;;;;;;;
2025;3722274;1879817;1842457;55817;22847;1.01;15;6.14;76.22;73.14;79.73;13.8;15.04;12.49;2.02;32.6;12.93;45.54;39.73;;;;;;;;;;;;;;;;;;;;;;;;;;;;;;;;
2026;3758643;1896922;1861721;55402;23379;0.98;14.74;6.22;76.42;73.34;79.91;13.51;14.75;12.21;2.01;32.59;13.51;46.1;41.26;;;;;;;;;;;;;;;;;;;;;;;;;;;;;;;;
2027;3793963;1913489;1880474;54957;23934;0.94;14.49;6.31;76.61;73.53;80.09;13.23;14.46;11.95;2.01;32.55;14.12;46.66;43.24;;;;;;;;;;;;;;;;;;;;;;;;;;;;;;;;
2028;3828225;1929513;1898712;54568;24510;0.9;14.25;6.4;76.79;73.72;80.26;12.96;14.18;11.7;2;32.41;14.73;47.14;45.45;;;;;;;;;;;;;;;;;;;;;;;;;;;;;;;;
2029;3861489;1945026;1916463;54292;25114;0.87;14.06;6.5;76.97;73.9;80.43;12.71;13.91;11.45;1.99;32.13;15.34;47.47;47.71;;;;;;;;;;;;;;;;;;;;;;;;;;;;;;;;
2030;3893821;1960062;1933759;54070;25726;0.84;13.89;6.61;77.15;74.08;80.59;12.46;13.65;11.22;1.99;31.75;15.94;47.69;50.23;;;;;;;;;;;;;;;;;;;;;;;;;;;;;;;;
2031;3925227;1974630;1950597;53766;26363;0.81;13.7;6.72;77.32;74.25;80.75;12.23;13.4;10.99;1.98;31.49;16.57;48.06;52.58;;;;;;;;;;;;;;;;;;;;;;;;;;;;;;;;
2032;3955688;1988728;1966960;53475;27022;0.78;13.52;6.83;77.48;74.42;80.9;12;13.16;10.77;1.98;31.23;17.21;48.44;55.24;;;;;;;;;;;;;;;;;;;;;;;;;;;;;;;;
2033;3985234;2002370;1982864;53274;27701;0.75;13.37;6.95;77.64;74.58;81.05;11.77;12.93;10.56;1.97;30.89;17.84;48.74;57.69;;;;;;;;;;;;;;;;;;;;;;;;;;;;;;;;
2034;4013910;2015580;1998330;53115;28402;0.72;13.23;7.08;77.8;74.74;81.19;11.56;12.7;10.36;1.96;30.57;18.47;49.05;60.49;;;;;;;;;;;;;;;;;;;;;;;;;;;;;;;;
2035;4041732;2028367;2013365;52983;29117;0.69;13.11;7.2;77.95;74.89;81.33;11.35;12.49;10.17;1.96;30.27;19.1;49.37;63.05;;;;;;;;;;;;;;;;;;;;;;;;;;;;;;;;
2036;4068689;2040729;2027960;52838;29856;0.67;12.99;7.34;78.1;75.04;81.47;11.16;12.28;9.98;1.95;29.98;19.73;49.7;66;;;;;;;;;;;;;;;;;;;;;;;;;;;;;;;;
2037;4094768;2052660;2042108;52721;30609;0.64;12.88;7.48;78.24;75.19;81.6;10.97;12.08;9.8;1.94;29.71;20.35;50.05;68.69;;;;;;;;;;;;;;;;;;;;;;;;;;;;;;;;
2038;4119984;2064168;2055816;52630;31376;0.62;12.77;7.62;78.38;75.33;81.73;10.79;11.88;9.63;1.94;29.46;20.98;50.44;70.92;;;;;;;;;;;;;;;;;;;;;;;;;;;;;;;;
2039;4144322;2075248;2069074;52515;32157;0.59;12.67;7.76;78.51;75.47;81.85;10.61;11.7;9.46;1.93;29.24;21.62;50.86;73.71;;;;;;;;;;;;;;;;;;;;;;;;;;;;;;;;
2040;4167749;2085887;2081862;52381;32950;0.57;12.57;7.91;78.64;75.6;81.97;10.44;11.52;9.31;1.93;29.05;22.29;51.34;76.56;;;;;;;;;;;;;;;;;;;;;;;;;;;;;;;;
2041;4190263;2096085;2094178;52277;33746;0.54;12.48;8.05;78.77;75.73;82.09;10.28;11.35;9.15;1.92;28.88;22.98;51.87;79.47;;;;;;;;;;;;;;;;;;;;;;;;;;;;;;;;
2042;4211891;2105857;2106034;52217;34558;0.52;12.4;8.2;78.89;75.85;82.2;10.12;11.18;9.01;1.91;28.75;23.7;52.45;82.01;;;;;;;;;;;;;;;;;;;;;;;;;;;;;;;;
2043;4232637;2115207;2117430;52141;35374;0.49;12.32;8.36;79.01;75.97;82.31;9.97;11.02;8.87;1.91;28.64;24.44;53.08;85.56;;;;;;;;;;;;;;;;;;;;;;;;;;;;;;;;
2044;4252454;2124115;2128339;52001;36202;0.47;12.23;8.51;79.12;76.09;82.41;9.83;10.87;8.73;1.9;28.55;25.18;53.73;88.17;;;;;;;;;;;;;;;;;;;;;;;;;;;;;;;;
2045;4271287;2132555;2138732;51825;37024;0.44;12.13;8.67;79.24;76.21;82.52;9.69;10.72;8.6;1.89;28.47;25.93;54.41;91.3;;;;;;;;;;;;;;;;;;;;;;;;;;;;;;;;
2046;4289144;2140532;2148612;51698;37853;0.42;12.05;8.83;79.34;76.32;82.62;9.56;10.58;8.48;1.89;28.41;26.69;55.1;93.99;;;;;;;;;;;;;;;;;;;;;;;;;;;;;;;;
2047;4306064;2148070;2157994;51601;38672;0.39;11.98;8.98;79.45;76.42;82.71;9.43;10.44;8.36;1.88;28.37;27.46;55.82;96.7;;;;;;;;;;;;;;;;;;;;;;;;;;;;;;;;
2048;4322044;2155169;2166875;51458;39492;0.37;11.91;9.14;79.55;76.53;82.8;9.3;10.31;8.25;1.88;28.34;28.22;56.56;99.45;;;;;;;;;;;;;;;;;;;;;;;;;;;;;;;;
2049;4337023;2161797;2175226;51237;40311;0.35;11.81;9.29;79.65;76.63;82.89;9.19;10.18;8.14;1.87;28.31;28.98;57.29;102.22;;;;;;;;;;;;;;;;;;;;;;;;;;;;;;;;
2050;4350948;2167929;2183019;50983;41124;0.32;11.72;9.45;79.74;76.72;82.98;9.07;10.06;8.03;1.86;28.28;29.72;58;105.03;;;;;;;;;;;;;;;;;;;;;;;;;;;;;;;;
2051;4363850;2173583;2190267;50800;41922;0.3;11.64;9.61;79.83;76.82;83.06;8.96;9.94;7.93;1.86;28.25;30.44;58.69;107.87;;;;;;;;;;;;;;;;;;;;;;;;;;;;;;;;
2052;4375775;2178784;2196991;50621;42715;0.27;11.57;9.76;79.92;76.91;83.14;8.86;9.83;7.84;1.85;28.22;31.13;59.36;110.17;;;;;;;;;;;;;;;;;;;;;;;;;;;;;;;;
2053;4386699;2183519;2203180;50370;43495;0.25;11.48;9.92;80;77;83.22;8.76;9.72;7.74;1.84;28.19;31.8;59.99;113.07;;;;;;;;;;;;;;;;;;;;;;;;;;;;;;;;
2054;4396571;2187763;2208808;50062;44260;0.23;11.39;10.07;80.09;77.08;83.3;8.66;9.62;7.66;1.84;28.16;32.45;60.61;115.43;;;;;;;;;;;;;;;;;;;;;;;;;;;;;;;;
2055;4405356;2191498;2213858;49715;45014;0.2;11.29;10.22;80.17;77.16;83.37;8.56;9.52;7.57;1.83;28.12;33.08;61.2;117.82;;;;;;;;;;;;;;;;;;;;;;;;;;;;;;;;
2056;4413076;2194736;2218340;49418;45746;0.18;11.2;10.37;80.25;77.24;83.44;8.48;9.42;7.49;1.83;28.07;33.69;61.75;119.54;;;;;;;;;;;;;;;;;;;;;;;;;;;;;;;;
2057;4419781;2197503;2222278;49130;46458;0.15;11.12;10.51;80.32;77.32;83.51;8.39;9.33;7.41;1.82;28.01;34.26;62.27;121.97;;;;;;;;;;;;;;;;;;;;;;;;;;;;;;;;
2058;4425472;2199798;2225674;48801;47157;0.13;11.03;10.66;80.39;77.4;83.58;8.31;9.24;7.34;1.81;27.94;34.8;62.74;124.42;;;;;;;;;;;;;;;;;;;;;;;;;;;;;;;;
2059;4430140;2201617;2228523;48465;47839;0.11;10.94;10.8;80.46;77.47;83.64;8.23;9.15;7.27;1.81;27.87;35.31;63.18;126.32;;;;;;;;;;;;;;;;;;;;;;;;;;;;;;;;
2060;4433798;2202964;2230834;48126;48501;0.08;10.85;10.94;80.53;77.54;83.7;8.16;9.07;7.2;1.8;27.78;35.8;63.59;128.82;;;;;;;;;;;;;;;;;;;;;;;;;;;;;;;;
Faixas etárias;;;;;;;;;;;;;;;;;;;;;;;;;;;;;;;;;;;;;;;;;;;;;;;;;;;
Total;;;;;;;;;;;;;;;;;;;;;;;;;;;;;;;;;;;;;;;;;;;;;;;;;;;
Faixa/Ano;2010;2011;2012;2013;2014;2015;2016;2017;2018;2019;2020;2021;2022;2023;2024;2025;2026;2027;2028;2029;2030;2031;2032;2033;2034;2035;2036;2037;2038;2039;2040;2041;2042;2043;2044;2045;2046;2047;2048;2049;2050;2051;2052;2053;2054;2055;2056;2057;2058;2059;2060
Total;3106513;3145830;3185148;3226030;3269448;3314540;3356979;3398791;3441998;3484466;3526220;3567234;3607400;3646630;3684919;3722274;3758643;3793963;3828225;3861489;3893821;3925227;3955688;3985234;4013910;4041732;4068689;4094768;4119984;4144322;4167749;4190263;4211891;4232637;4252454;4271287;4289144;4306064;4322044;4337023;4350948;4363850;4375775;4386699;4396571;4405356;4413076;4419781;4425472;4430140;4433798
0-4;266608;261679;259644;260160;262740;268296;273492;278139;282700;284071;283130;284173;285079;283746;282296;280712;278975;277126;275250;273417;271683;270070;268590;267284;266131;265079;264145;263373;262741;262180;261637;261113;260633;260192;259740;259254;258732;258178;257573;256894;256131;255303;254404;253412;252318;251136;249849;248449;246958;245411;243855
05/set;269588;271528;272085;271707;271088;267730;262805;260762;261258;263809;269338;274517;279147;283687;285044;284090;285115;286010;284662;283199;281604;279850;277993;276110;274275;272546;270945;269477;268180;267039;265996;265065;264305;263678;263124;262588;262071;261600;261164;260716;260238;259720;259171;258570;257899;257139;256319;255426;254437;253347;252166
out/14;285290;281367;276301;271835;269146;269213;271163;271727;271355;270750;267403;262493;260460;260964;263519;269046;274226;278854;283396;284759;283809;284842;285741;284399;282942;281353;279608;277759;275882;274054;272329;270737;269275;267983;266846;265808;264883;264126;263502;262951;262421;261910;261440;261005;260561;260088;259572;259025;258426;257758;257002
15-19;288108;287710;287539;287265;286391;284630;280729;275701;271273;268611;268705;270664;271235;270871;270276;266956;262071;260053;260566;263124;268651;273823;278443;282982;284354;283427;284466;285372;284046;282602;281030;279301;277467;275603;273791;272079;270500;269048;267768;266641;265613;264698;263952;263335;262787;262268;261764;261300;260872;260434;259968
20-24;289771;290159;290277;290188;289933;289534;289134;288948;288663;287782;286015;282125;277113;272699;270041;270116;272046;272585;272190;271574;268245;263369;261358;261875;264445;269968;275141;279757;284295;285684;284785;285840;286762;285461;284042;282495;280791;278981;277143;275358;273667;272106;270672;269413;268305;267291;266391;265659;265057;264524;264015
25-29;287890;290303;291848;292746;293344;293864;294204;294281;294147;293845;293399;292947;292706;292363;291426;289613;285686;280648;276206;273497;273502;275361;275857;275449;274837;271550;266732;264761;265304;267881;273396;278567;283181;287723;289128;288255;289327;290266;288990;287599;286079;284400;282619;280807;279045;277376;275838;274427;273183;272090;271097
30-34;269150;274247;278939;283148;286808;289892;292272;293787;294665;295241;295743;296064;296120;295970;295651;295184;294708;294438;294065;293103;291266;287337;282317;277898;275214;275247;277126;277650;277275;276700;273460;268699;266766;267330;269918;275429;280593;285202;289740;291161;290319;291406;292358;291105;289741;288244;286588;284832;283045;281309;279659
35-39;238568;243960;250024;256413;262565;268115;273189;277866;282061;285720;288797;291182;292715;293610;294208;294733;295077;295154;295027;294726;294286;293829;293576;293233;292310;290521;286660;281716;277364;274738;274809;276704;277253;276910;276366;273175;268471;266577;267164;269759;275253;280411;285015;289544;290974;290162;291262;292224;290996;289655;288185
40-44;216142;220179;223813;227378;231382;236118;241494;247531;253892;260013;265548;270608;275273;279468;283128;286213;288618;290182;291108;291745;292301;292679;292801;292717;292466;292076;291672;291463;291166;290287;288554;284767;279904;275626;273064;273173;275084;275653;275336;274824;271690;267048;265192;265801;268405;273880;279017;283603;288117;289556;288772
45-49;187025;192628;197965;203002;207704;212076;216118;219766;223344;227356;232085;237441;243449;249768;255857;261367;266410;271065;275261;278926;282023;284454;286054;287024;287710;288321;288753;288932;288907;288715;288384;288035;287874;287627;286798;285130;281424;276660;272477;269988;270141;272065;272654;272365;271886;268818;264255;262445;263076;265687;271130
50-54;150713;157142;163587;169950;176086;181913;187455;192743;197739;202413;206765;210796;214445;218029;222032;226741;232056;238011;244265;250295;255760;260766;265393;269577;273234;276338;278788;280421;281442;282182;282844;283334;283572;283609;283481;283210;282923;282814;282618;281845;280248;276644;272003;267935;265540;265735;267669;268272;268011;267568;264586
55-59;114898;120621;126523;132573;138736;144965;151241;157538;163761;169764;175476;180918;186121;191041;195657;199958;203956;207578;211145;215115;219769;225011;230875;237024;242958;248344;253281;257857;261995;265627;268716;271168;272830;273895;274688;275403;275949;276248;276348;276286;276080;275861;275807;275665;274954;273446;269968;265482;261562;259278;259528
60-64;84516;88740;93246;98020;103059;108345;113842;119513;125334;131269;137271;143324;149405;155418;161230;166765;172049;177114;181910;186423;190632;194557;198119;201634;205540;210097;215220;220933;226916;232688;237939;242756;247227;251278;254842;257885;260314;261983;263083;263924;264690;265289;265648;265815;265824;265693;265542;265548;265463;264826;263420
65-69;61260;63954;66891;70083;73533;77249;81226;85471;89968;94714;99697;104883;110229;115729;121338;127019;132754;138521;144229;149753;155031;160073;164919;169521;173858;177913;181704;185160;188572;192356;196750;201674;207150;212871;218393;223419;228042;232339;236240;239682;242630;244999;246653;247774;248650;249456;250106;250527;250762;250845;250793
70-74;43725;45484;47215;49011;50991;53229;55701;58390;61309;64465;67859;71490;75364;79470;83803;88357;93094;97981;103017;108162;113372;118644;123950;129209;134305;139185;143857;148362;152654;156705;160507;164066;167327;170558;174127;178255;182860;187965;193283;198410;203087;207394;211409;215063;218297;221073;223319;224915;226030;226921;227752
75-79;27202;28668;30281;31961;33606;35164;36694;38213;39796;41533;43484;45635;47974;50505;53242;56182;59327;62685;66242;69997;73945;78053;82300;86681;91162;95711;100317;104959;109569;114047;118343;122472;126465;130284;133898;137300;140497;143440;146366;149592;153301;157421;161966;166679;171221;175374;179204;182787;186054;188957;191452
80-84;15248;16057;16889;17771;18736;19798;20950;22221;23542;24844;26085;27310;28538;29826;31232;32808;34537;36419;38453;40651;43013;45538;48234;51091;54112;57286;60596;64022;67563;71189;74876;78618;82398;86155;89816;93334;96729;100030;103194;106202;109039;111716;114195;116671;119395;122508;125952;129723;133618;137369;140801
85-89;6794;7299;7788;8282;8790;9317;9867;10438;11050;11719;12452;13246;14125;15040;15942;16806;17670;18545;19475;20483;21604;22836;24178;25626;27189;28871;30668;32590;34625;36782;39046;41413;43865;46407;49016;51675;54379;57111;59839;62501;65068;67557;69990;72334;74569;76682;78686;80555;82437;84501;86853
90+;4017;4105;4293;4537;4810;5092;5403;5756;6141;6547;6968;7418;7902;8426;8997;9608;10268;10994;11758;12540;13325;14135;14990;15900;16868;17899;19010;20204;21488;22866;24348;25934;27637;29447;31376;33420;35575;37843;40216;42690;45253;47902;50627;53406;56200;58987;61775;64582;67368;70104;72764
Homens;;;;;;;;;;;;;;;;;;;;;;;;;;;;;;;;;;;;;;;;;;;;;;;;;;;
Faixa/Ano;2010;2011;2012;2013;2014;2015;2016;2017;2018;2019;2020;2021;2022;2023;2024;2025;2026;2027;2028;2029;2030;2031;2032;2033;2034;2035;2036;2037;2038;2039;2040;2041;2042;2043;2044;2045;2046;2047;2048;2049;2050;2051;2052;2053;2054;2055;2056;2057;2058;2059;2060
Total;1586508;1605262;1624000;1643522;1664325;1685970;1706243;1726185;1746832;1767091;1786977;1806477;1825538;1844116;1862207;1879817;1896922;1913489;1929513;1945026;1960062;1974630;1988728;2002370;2015580;2028367;2040729;2052660;2064168;2075248;2085887;2096085;2105857;2115207;2124115;2132555;2140532;2148070;2155169;2161797;2167929;2173583;2178784;2183519;2187763;2191498;2194736;2197503;2199798;2201617;2202964
0-4;136316;133764;132700;132948;134261;137106;139766;142146;144483;145187;144709;145247;145714;145035;144297;143491;142607;141665;140709;139774;138893;138070;137316;136650;136063;135527;135051;134658;134337;134051;133774;133508;133264;133040;132810;132562;132297;132016;131708;131363;130973;130551;130093;129585;129027;128424;127766;127050;126290;125500;124704
05/set;137753;138714;138966;138741;138393;136642;134097;133032;133273;134575;137409;140064;142438;144768;145469;144988;145520;145985;145303;144563;143753;142865;141922;140966;140031;139154;138340;137592;136931;136351;135821;135348;134960;134642;134361;134090;133827;133587;133366;133138;132897;132634;132355;132050;131708;131321;130904;130450;129943;129387;128786
out/14;146100;144094;141415;138987;137468;137395;138364;138622;138403;138065;136322;133786;132731;132977;134283;137118;139776;142150;144483;145190;144714;145251;145721;145043;144308;143501;142617;141680;140727;139797;138923;138112;137370;136712;136134;135606;135137;134750;134435;134155;133887;133628;133389;133169;132944;132704;132442;132165;131861;131522;131137
15-19;146195;146091;146256;146446;146284;145547;143558;140909;138509;137012;136961;137940;138200;137989;137659;135936;133419;132378;132630;133942;136778;139431;141797;144128;144841;144382;144924;145399;144733;144009;143215;142344;141417;140474;139556;138691;137890;137158;136507;135938;135417;134955;134575;134267;133992;133730;133477;133242;133027;132807;132572
20-24;147534;147672;147570;147324;147055;146834;146735;146896;147083;146923;146188;144215;141588;139207;137720;137663;138626;138867;138642;138302;136580;134077;133047;133306;134628;137462;140114;142478;144808;145534;145097;145652;146141;145495;144792;144020;143169;142261;141341;140443;139596;138811;138095;137458;136904;136396;135946;135578;135282;135018;134764
25-29;146091;147541;148524;149136;149533;149820;149936;149815;149549;149257;149015;148889;149017;149172;148982;148224;146238;143606;141216;139703;139607;140527;140744;140516;140186;138498;136043;135046;135325;136654;139481;142130;144493;146826;147564;147148;147717;148221;147594;146915;146164;145333;144448;143551;142670;141842;141075;140377;139753;139212;138720
30-34;135661;138409;141022;143434;145568;147377;148801;149764;150362;150745;151019;151123;150993;150718;150417;150162;150021;150130;150262;150057;149283;147297;144684;142317;140826;140753;141689;141926;141725;141422;139773;137361;136391;136687;138025;140848;143491;145850;148182;148930;148537;149118;149632;149022;148365;147632;146819;145953;145075;144213;143401
35-39;120621;123146;126059;129198;132299;135187;137914;140508;142903;145028;146827;148247;149217;149822;150216;150502;150619;150499;150241;149948;149708;149578;149695;149842;149661;148921;146984;144426;142110;140658;140612;141562;141820;141641;141361;139747;137377;136435;136746;138089;140901;143538;145894;148221;148975;148604;149196;149717;149125;148485;147770
40-44;110478;112172;113659;115125;116845;118988;121503;124397;127517;130595;133471;136186;138769;141159;143282;145084;146515;147505;148128;148548;148854;148995;148906;148680;148422;148218;148124;148272;148445;148296;147592;145705;143204;140941;139533;139514;140476;140748;140589;140333;138755;136429;135514;135839;137189;139989;142611;144959;147274;148035;147685
45-49;96469;99063;101501;103762;105831;107712;109415;110918;112398;114129;116271;118778;121653;124749;127806;130663;133366;135941;138328;140452;142262;143707;144719;145372;145825;146167;146346;146297;146115;145899;145738;145681;145858;146062;145945;145282;143450;141018;138819;137462;137474;138447;138734;138594;138361;136827;134557;133670;134013;135367;138146
50-54;78116;81223;84329;87378;90289;93018;95578;97991;100234;102293;104168;105871;107387;108877;110610;112746;115230;118074;121131;124152;126979;129656;132211;134585;136700;138511;139966;140998;141682;142170;142546;142765;142760;142623;142452;142332;142315;142523;142759;142674;142057;140291;137940;135820;134527;134568;135548;135847;135726;135519;134041
55-59;59685;62511;65403;68350;71337;74339;77352;80365;83329;86161;88823;91327;93691;95895;97925;99776;101466;102974;104462;106184;108290;110733;113522;116513;119473;122247;124876;127391;129729;131821;133615;135068;136111;136820;137340;137750;138005;138044;137952;137827;137751;137778;138016;138280;138227;137664;135977;133726;131704;130486;130565
60-64;43874;45875;48044;50367;52830;55415;58098;60849;63652;66496;69359;72234;75116;77950;80667;83223;85635;87921;90056;92027;93834;95487;96969;98434;100123;102174;104546;107243;110130;112985;115669;118212;120651;122919;124956;126711;128140;129178;129902;130448;130887;131174;131254;131209;131134;131105;131172;131440;131727;131710;131204
65-69;31946;33175;34509;35960;37538;39256;41114;43126;45285;47573;49974;52469;55024;57638;60287;62961;65648;68345;71000;73552;75959;78236;80397;82428;84303;86029;87612;89042;90456;92079;94039;96293;98848;101576;104272;106809;109219;111535;113693;115635;117314;118690;119705;120429;120986;121442;121757;121878;121880;121852;121867
70-74;22818;23610;24379;25172;26052;27054;28163;29364;30666;32083;33623;35288;37088;39019;41067;43217;45449;47738;50083;52464;54867;57289;59722;62118;64427;66609;68680;70652;72514;74237;75827;77291;78622;79944;81453;83266;85338;87677;90163;92619;94936;97139;99262;101245;103031;104582;105861;106815;107515;108064;108525
75-79;14039;14702;15445;16222;16973;17670;18342;19001;19686;20441;21292;22230;23248;24345;25540;26836;28237;29751;31375;33097;34905;36781;38709;40687;42696;44729;46781;48844;50879;52845;54709;56485;58181;59790;61285;62666;63946;65116;66285;67615;69199;71000;73021;75158;77272;79266;81166;83006;84726;86278;87628
80-84;7746;8120;8491;8874;9291;9749;10253;10818;11406;11977;12511;13030;13542;14081;14669;15330;16055;16841;17687;18608;19605;20683;21849;23095;24422;25811;27254;28740;30268;31822;33394;34986;36591;38176;39710;41167;42561;43900;45174;46361;47461;48485;49429;50376;51451;52724;54163;55764;57449;59118;60691
85-89;3253;3566;3842;4099;4346;4588;4829;5073;5324;5599;5902;6231;6604;6990;7363;7714;8059;8405;8774;9171;9615;10103;10629;11199;11816;12485;13209;13990;14826;15716;16647;17616;18614;19642;20690;21754;22832;23917;24996;26040;27033;27988;28909;29791;30615;31378;32092;32756;33430;34191;35092
90+;1813;1814;1886;1999;2132;2273;2425;2591;2770;2952;3133;3322;3518;3725;3948;4183;4436;4714;5003;5292;5576;5864;6169;6491;6829;7189;7573;7986;8428;8902;9415;9966;10561;11197;11876;12592;13345;14136;14958;15812;16690;17594;18519;19455;20385;21300;22207;23110;23998;24853;25666
Mulheres;;;;;;;;;;;;;;;;;;;;;;;;;;;;;;;;;;;;;;;;;;;;;;;;;;;
Faixa/Ano;2010;2011;2012;2013;2014;2015;2016;2017;2018;2019;2020;2021;2022;2023;2024;2025;2026;2027;2028;2029;2030;2031;2032;2033;2034;2035;2036;2037;2038;2039;2040;2041;2042;2043;2044;2045;2046;2047;2048;2049;2050;2051;2052;2053;2054;2055;2056;2057;2058;2059;2060
Total;1520005;1540568;1561148;1582508;1605123;1628570;1650736;1672606;1695166;1717375;1739243;1760757;1781862;1802514;1822712;1842457;1861721;1880474;1898712;1916463;1933759;1950597;1966960;1982864;1998330;2013365;2027960;2042108;2055816;2069074;2081862;2094178;2106034;2117430;2128339;2138732;2148612;2157994;2166875;2175226;2183019;2190267;2196991;2203180;2208808;2213858;2218340;2222278;2225674;2228523;2230834
0-4;130292;127915;126944;127212;128479;131190;133726;135993;138217;138884;138421;138926;139365;138711;137999;137221;136368;135461;134541;133643;132790;132000;131274;130634;130068;129552;129094;128715;128404;128129;127863;127605;127369;127152;126930;126692;126435;126162;125865;125531;125158;124752;124311;123827;123291;122712;122083;121399;120668;119911;119151
05/set;131835;132814;133119;132966;132695;131088;128708;127730;127985;129234;131929;134453;136709;138919;139575;139102;139595;140025;139359;138636;137851;136985;136071;135144;134244;133392;132605;131885;131249;130688;130175;129717;129345;129036;128763;128498;128244;128013;127798;127578;127341;127086;126816;126520;126191;125818;125415;124976;124494;123960;123380
out/14;139190;137273;134886;132848;131678;131818;132799;133105;132952;132685;131081;128707;127729;127987;129236;131928;134450;136704;138913;139569;139095;139591;140020;139356;138634;137852;136991;136079;135155;134257;133406;132625;131905;131271;130712;130202;129746;129376;129067;128796;128534;128282;128051;127836;127617;127384;127130;126860;126565;126236;125865
15-19;141913;141619;141283;140819;140107;139083;137171;134792;132764;131599;131744;132724;133035;132882;132617;131020;128652;127675;127936;129182;131873;134392;136646;138854;139513;139045;139542;139973;139313;138593;137815;136957;136050;135129;134235;133388;132610;131890;131261;130703;130196;129743;129377;129068;128795;128538;128287;128058;127845;127627;127396
20-24;142237;142487;142707;142864;142878;142700;142399;142052;141580;140859;139827;137910;135525;133492;132321;132453;133420;133718;133548;133272;131665;129292;128311;128569;129817;132506;135027;137279;139487;140150;139688;140188;140621;139966;139250;138475;137622;136720;135802;134915;134071;133295;132577;131955;131401;130895;130445;130081;129775;129506;129251
25-29;141799;142762;143324;143610;143811;144044;144268;144466;144598;144588;144384;144058;143689;143191;142444;141389;139448;137042;134990;133794;133895;134834;135113;134933;134651;133052;130689;129715;129979;131227;133915;136437;138688;140897;141564;141107;141610;142045;141396;140684;139915;139067;138171;137256;136375;135534;134763;134050;133430;132878;132377
30-34;133489;135838;137917;139714;141240;142515;143471;144023;144303;144496;144724;144941;145127;145252;145234;145022;144687;144308;143803;143046;141983;140040;137633;135581;134388;134494;135437;135724;135550;135278;133687;131338;130375;130643;131893;134581;137102;139352;141558;142231;141782;142288;142726;142083;141376;140612;139769;138879;137970;137096;136258
35-39;117947;120814;123965;127215;130266;132928;135275;137358;139158;140692;141970;142935;143498;143788;143992;144231;144458;144655;144786;144778;144578;144251;143881;143391;142649;141600;139676;137290;135254;134080;134197;135142;135433;135269;135005;133428;131094;130142;130418;131670;134352;136873;139121;141323;141999;141558;142066;142507;141871;141170;140415
40-44;105664;108007;110154;112253;114537;117130;119991;123134;126375;129418;132077;134422;136504;138309;139846;141129;142103;142677;142980;143197;143447;143684;143895;144037;144044;143858;143548;143191;142721;141991;140962;139062;136700;134685;133531;133659;134608;134905;134747;134491;132935;130619;129678;129962;131216;133891;136406;138644;140843;141521;141087
45-49;90556;93565;96464;99240;101873;104364;106703;108848;110946;113227;115814;118663;121796;125019;128051;130704;133044;135124;136933;138474;139761;140747;141335;141652;141885;142154;142407;142635;142792;142816;142646;142354;142016;141565;140853;139848;137974;135642;133658;132526;132667;133618;133920;133771;133525;131991;129698;128775;129063;130320;132984
50-54;72597;75919;79258;82572;85797;88895;91877;94752;97505;100120;102597;104925;107058;109152;111422;113995;116826;119937;123134;126143;128781;131110;133182;134992;136534;137827;138822;139423;139760;140012;140298;140569;140812;140986;141029;140878;140608;140291;139859;139171;138191;136353;134063;132115;131013;131167;132121;132425;132285;132049;130545
55-59;55213;58110;61120;64223;67399;70626;73889;77173;80432;83603;86653;89591;92430;95146;97732;100182;102490;104604;106683;108931;111479;114278;117353;120511;123485;126097;128405;130466;132266;133806;135101;136100;136719;137075;137348;137653;137944;138204;138396;138459;138329;138083;137791;137385;136727;135782;133991;131756;129858;128792;128963
60-64;40642;42865;45202;47653;50229;52930;55744;58664;61682;64773;67912;71090;74289;77468;80563;83542;86414;89193;91854;94396;96798;99070;101150;103200;105417;107923;110674;113690;116786;119703;122270;124544;126576;128359;129886;131174;132174;132805;133181;133476;133803;134115;134394;134606;134690;134588;134370;134108;133736;133116;132216
65-69;29314;30779;32382;34123;35995;37993;40112;42345;44683;47141;49723;52414;55205;58091;61051;64058;67106;70176;73229;76201;79072;81837;84522;87093;89555;91884;94092;96118;98116;100277;102711;105381;108302;111295;114121;116610;118823;120804;122547;124047;125316;126309;126948;127345;127664;128014;128349;128649;128882;128993;128926
70-74;20907;21874;22836;23839;24939;26175;27538;29026;30643;32382;34236;36202;38276;40451;42736;45140;47645;50243;52934;55698;58505;61355;64228;67091;69878;72576;75177;77710;80140;82468;84680;86775;88705;90614;92674;94989;97522;100288;103120;105791;108151;110255;112147;113818;115266;116491;117458;118100;118515;118857;119227
75-79;13163;13966;14836;15739;16633;17494;18352;19212;20110;21092;22192;23405;24726;26160;27702;29346;31090;32934;34867;36900;39040;41272;43591;45994;48466;50982;53536;56115;58690;61202;63634;65987;68284;70494;72613;74634;76551;78324;80081;81977;84102;86421;88945;91521;93949;96108;98038;99781;101328;102679;103824
80-84;7502;7937;8398;8897;9445;10049;10697;11403;12136;12867;13574;14280;14996;15745;16563;17478;18482;19578;20766;22043;23408;24855;26385;27996;29690;31475;33342;35282;37295;39367;41482;43632;45807;47979;50106;52167;54168;56130;58020;59841;61578;63231;64766;66295;67944;69784;71789;73959;76169;78251;80110
85-89;3541;3733;3946;4183;4444;4729;5038;5365;5726;6120;6550;7015;7521;8050;8579;9092;9611;10140;10701;11312;11989;12733;13549;14427;15373;16386;17459;18600;19799;21066;22399;23797;25251;26765;28326;29921;31547;33194;34843;36461;38035;39569;41081;42543;43954;45304;46594;47799;49007;50310;51761
90+;2204;2291;2407;2538;2678;2819;2978;3165;3371;3595;3835;4096;4384;4701;5049;5425;5832;6280;6755;7248;7749;8271;8821;9409;10039;10710;11437;12218;13060;13964;14933;15968;17076;18250;19500;20828;22230;23707;25258;26878;28563;30308;32108;33951;35815;37687;39568;41472;43370;45251;47098
Brasil;;;;;;;;;;;;;;;;;;;;;;;;;;;;;;;;;;;;;;;;;;;;;;;;;;;
Dados;;;;;;;;;;;;;;;;;;;;;;;;;;;;;;;;;;;;;;;;;;;;;;;;;;;
Ano;População total;Homens;Mulheres;Nascimentos;Óbitos;Taxa de Crescimento Geométrico;Taxa Bruta de Natalidade;Taxa Bruta de Mortalidade;Esperança de Vida ao Nascer;Esperança de Vida ao Nascer - Homens;Esperança de Vida ao Nascer - Mulheres;Taxa de Mortalidade Infantil;Taxa de Mortalidade Infantil - Homens;Taxa de Mortalidade Infantil - Mulheres;Taxa de Fecundidade Total;Razão de Dependência - Jovens 0 a 14 anos;Razão de Dependência - Idosos 65 ou mais anos;Razão de Dependência;Índice de Envelhecimento;;;;;;;;;;;;;;;;;;;;;;;;;;;;;;;;
2010;194890682;95513298;99377384;2939435;1240083;x;15.08;6.36;73.86;70.21;77.6;17.22;18.76;15.59;1.75;36.32;10.77;47.09;29.55;;;;;;;;;;;;;;;;;;;;;;;;;;;;;;;;
2011;196603732;96322635;100281097;2974525;1247751;0.88;15.13;6.35;74.2;70.57;77.91;16.43;17.86;14.92;1.76;35.37;10.99;46.36;30.99;;;;;;;;;;;;;;;;;;;;;;;;;;;;;;;;
2012;198314934;97132054;101182880;2953890;1258235;0.87;14.89;6.34;74.52;70.91;78.22;15.69;17.03;14.29;1.75;34.45;11.24;45.68;32.63;;;;;;;;;;;;;;;;;;;;;;;;;;;;;;;;
2013;200004188;97931331;102072857;2953178;1270306;0.85;14.77;6.35;74.84;71.25;78.51;15.02;16.27;13.7;1.74;33.56;11.51;45.07;34.2;;;;;;;;;;;;;;;;;;;;;;;;;;;;;;;;
2014;201717541;98744098;102973443;3028202;1284346;0.86;15.01;6.37;75.14;71.57;78.78;14.4;15.58;13.16;1.78;32.78;11.81;44.59;36.12;;;;;;;;;;;;;;;;;;;;;;;;;;;;;;;;
2015;203475683;99581002;103894681;3070979;1299541;0.87;15.09;6.39;75.44;71.88;79.05;13.82;14.93;12.65;1.8;32.15;12.13;44.29;37.67;;;;;;;;;;;;;;;;;;;;;;;;;;;;;;;;
2016;205156587;100379640;104776947;2901053;1314164;0.83;14.14;6.41;75.72;72.18;79.31;13.29;14.35;12.19;1.7;31.57;12.49;44.05;39.73;;;;;;;;;;;;;;;;;;;;;;;;;;;;;;;;
2017;206804741;101163599;105641142;3020743;1330811;0.8;14.61;6.44;75.99;72.46;79.56;12.81;13.8;11.75;1.78;31.11;12.87;43.98;41.2;;;;;;;;;;;;;;;;;;;;;;;;;;;;;;;;
2018;208494900;101971173;106523727;3003585;1349693;0.82;14.41;6.47;76.25;72.74;79.8;12.35;13.31;11.35;1.77;30.75;13.28;44.03;43.19;;;;;;;;;;;;;;;;;;;;;;;;;;;;;;;;
2019;210147125;102760295;107386830;2984414;1368954;0.79;14.2;6.51;76.5;73;80.03;11.94;12.85;10.98;1.77;30.42;13.72;44.14;45.02;;;;;;;;;;;;;;;;;;;;;;;;;;;;;;;;
2020;211755692;103527689;108228003;2963516;1389144;0.77;13.99;6.56;76.74;73.26;80.25;11.56;12.43;10.64;1.76;30.11;14.18;44.29;46.89;;;;;;;;;;;;;;;;;;;;;;;;;;;;;;;;
2021;213317639;104271843;109045796;2940629;1410602;0.74;13.79;6.61;76.97;73.5;80.46;11.2;12.04;10.32;1.76;29.83;14.67;44.5;49.51;;;;;;;;;;;;;;;;;;;;;;;;;;;;;;;;
2022;214828540;104990487;109838053;2913688;1433605;0.71;13.56;6.67;77.19;73.74;80.67;10.88;11.68;10.03;1.75;29.63;15.19;44.82;51.22;;;;;;;;;;;;;;;;;;;;;;;;;;;;;;;;
2023;216284269;105681529;110602740;2885501;1458023;0.68;13.34;6.74;77.4;73.96;80.86;10.58;11.36;9.75;1.75;29.43;15.74;45.17;53.2;;;;;;;;;;;;;;;;;;;;;;;;;;;;;;;;
2024;217684462;106345043;111339419;2856690;1483777;0.65;13.12;6.82;77.6;74.17;81.05;10.3;11.05;9.5;1.74;29.26;16.31;45.56;55.72;;;;;;;;;;;;;;;;;;;;;;;;;;;;;;;;
2025;219029093;106981304;112047789;2827039;1510693;0.62;12.91;6.9;77.8;74.38;81.22;10.04;10.77;9.27;1.74;29.11;16.9;46.01;58.29;;;;;;;;;;;;;;;;;;;;;;;;;;;;;;;;
2026;220316530;107589495;112727035;2797674;1539159;0.59;12.7;6.99;77.98;74.57;81.39;9.8;10.51;9.05;1.74;28.95;17.51;46.45;60.61;;;;;;;;;;;;;;;;;;;;;;;;;;;;;;;;
2027;221545234;108168830;113376404;2768000;1569117;0.56;12.49;7.08;78.16;74.76;81.56;9.58;10.27;8.85;1.73;28.77;18.14;46.9;62.76;;;;;;;;;;;;;;;;;;;;;;;;;;;;;;;;
2028;222713669;108718587;113995082;2738355;1600375;0.53;12.3;7.19;78.32;74.94;81.71;9.37;10.05;8.66;1.73;28.59;18.78;47.37;65.46;;;;;;;;;;;;;;;;;;;;;;;;;;;;;;;;
2029;223821305;109238514;114582791;2710134;1632845;0.5;12.11;7.3;78.49;75.11;81.86;9.18;9.84;8.49;1.72;28.36;19.42;47.79;68.23;;;;;;;;;;;;;;;;;;;;;;;;;;;;;;;;
2030;224868462;109728762;115139700;2683440;1666427;0.47;11.93;7.41;78.64;75.28;82;9.01;9.65;8.33;1.72;28.08;20.06;48.14;71.05;;;;;;;;;;;;;;;;;;;;;;;;;;;;;;;;
2031;225854415;110189007;115665408;2655850;1700970;0.44;11.76;7.53;78.78;75.43;82.14;8.85;9.48;8.18;1.72;27.84;20.71;48.55;74.33;;;;;;;;;;;;;;;;;;;;;;;;;;;;;;;;
2032;226777802;110618592;116159210;2628742;1736861;0.41;11.59;7.66;78.92;75.58;82.27;8.7;9.32;8.05;1.72;27.61;21.36;48.97;77.3;;;;;;;;;;;;;;;;;;;;;;;;;;;;;;;;
2033;227638581;111017537;116621044;2603540;1773877;0.38;11.44;7.79;79.05;75.72;82.39;8.57;9.18;7.92;1.71;27.32;22.01;49.33;80.33;;;;;;;;;;;;;;;;;;;;;;;;;;;;;;;;
2034;228437122;111386062;117051060;2579544;1812136;0.35;11.29;7.93;79.18;75.86;82.51;8.44;9.04;7.81;1.71;27.04;22.65;49.69;83.43;;;;;;;;;;;;;;;;;;;;;;;;;;;;;;;;
2035;229173685;111724392;117449293;2557147;1851454;0.32;11.16;8.08;79.3;75.99;82.62;8.32;8.92;7.7;1.71;26.76;23.28;50.04;87.08;;;;;;;;;;;;;;;;;;;;;;;;;;;;;;;;
2036;229847832;112032426;117815406;2534413;1891832;0.29;11.03;8.23;79.42;76.11;82.73;8.22;8.8;7.6;1.7;26.48;23.9;50.39;90.34;;;;;;;;;;;;;;;;;;;;;;;;;;;;;;;;
2037;230459062;112309958;118149104;2513030;1933167;0.27;10.9;8.39;79.53;76.23;82.83;8.12;8.69;7.51;1.7;26.22;24.52;50.74;93.68;;;;;;;;;;;;;;;;;;;;;;;;;;;;;;;;
2038;231007871;112557327;118450544;2493021;1975283;0.24;10.79;8.55;79.63;76.34;82.93;8.02;8.59;7.42;1.7;25.97;25.13;51.1;96.51;;;;;;;;;;;;;;;;;;;;;;;;;;;;;;;;
2039;231494650;112774820;118719830;2473758;2017958;0.21;10.69;8.72;79.73;76.45;83.02;7.93;8.49;7.34;1.7;25.74;25.77;51.52;100;;;;;;;;;;;;;;;;;;;;;;;;;;;;;;;;
2040;231919922;112962751;118957171;2455519;2060782;0.18;10.59;8.89;79.83;76.55;83.11;7.85;8.4;7.27;1.69;25.54;26.46;51.99;103.57;;;;;;;;;;;;;;;;;;;;;;;;;;;;;;;;
2041;232284233;113121438;119162795;2437785;2103915;0.16;10.49;9.06;79.92;76.65;83.2;7.77;8.32;7.2;1.69;25.35;27.18;52.53;107.23;;;;;;;;;;;;;;;;;;;;;;;;;;;;;;;;
2042;232588580;113251454;119337126;2422219;2147419;0.13;10.41;9.23;80;76.74;83.28;7.7;8.24;7.13;1.69;25.19;27.93;53.13;110.3;;;;;;;;;;;;;;;;;;;;;;;;;;;;;;;;
2043;232834065;113353443;119480622;2407325;2191168;0.11;10.34;9.41;80.09;76.83;83.36;7.63;8.16;7.06;1.69;25.06;28.73;53.78;114.72;;;;;;;;;;;;;;;;;;;;;;;;;;;;;;;;
2044;233020996;113427597;119593399;2392409;2234730;0.08;10.27;9.59;80.17;76.92;83.43;7.56;8.09;7;1.69;24.94;29.55;54.49;118.63;;;;;;;;;;;;;;;;;;;;;;;;;;;;;;;;
2045;233149625;113474061;119675564;2377677;2278119;0.06;10.2;9.77;80.24;77;83.5;7.5;8.02;6.95;1.68;24.85;30.4;55.25;122.5;;;;;;;;;;;;;;;;;;;;;;;;;;;;;;;;
2046;233220257;113493052;119727205;2363150;2321466;0.03;10.13;9.95;80.31;77.08;83.57;7.44;7.96;6.9;1.68;24.77;31.27;56.04;125.79;;;;;;;;;;;;;;;;;;;;;;;;;;;;;;;;
2047;233233670;113485011;119748659;2349527;2364398;0.01;10.07;10.14;80.38;77.16;83.63;7.39;7.9;6.84;1.68;24.72;32.17;56.89;129.75;;;;;;;;;;;;;;;;;;;;;;;;;;;;;;;;
2048;233190482;113450253;119740229;2335541;2407046;-0.02;10.02;10.32;80.45;77.23;83.7;7.33;7.84;6.8;1.68;24.68;33.08;57.76;134.62;;;;;;;;;;;;;;;;;;;;;;;;;;;;;;;;
2049;233090464;113388652;119701812;2320604;2449148;-0.04;9.96;10.51;80.51;77.3;83.75;7.29;7.79;6.75;1.68;24.66;33.99;58.64;138.06;;;;;;;;;;;;;;;;;;;;;;;;;;;;;;;;
2050;232933276;113300060;119633216;2304717;2490559;-0.07;9.89;10.69;80.57;77.37;83.81;7.24;7.74;6.71;1.68;24.64;34.88;59.52;142.21;;;;;;;;;;;;;;;;;;;;;;;;;;;;;;;;
2051;232719169;113184593;119534576;2288973;2531362;-0.09;9.84;10.88;80.63;77.43;83.86;7.2;7.69;6.67;1.67;24.63;35.76;60.38;144.81;;;;;;;;;;;;;;;;;;;;;;;;;;;;;;;;
2052;232448867;113042592;119406275;2273127;2571362;-0.12;9.78;11.06;80.68;77.49;83.91;7.16;7.65;6.64;1.67;24.62;36.62;61.24;148.37;;;;;;;;;;;;;;;;;;;;;;;;;;;;;;;;
2053;232122448;112874076;119248372;2255972;2610595;-0.14;9.72;11.25;80.74;77.55;83.96;7.12;7.61;6.6;1.67;24.62;37.45;62.07;151.97;;;;;;;;;;;;;;;;;;;;;;;;;;;;;;;;
2054;231739632;112678873;119060759;2237804;2648830;-0.16;9.66;11.43;80.78;77.61;84;7.08;7.57;6.57;1.67;24.62;38.26;62.89;155.63;;;;;;;;;;;;;;;;;;;;;;;;;;;;;;;;
2055;231300323;112456873;118843450;2218450;2686056;-0.19;9.59;11.61;80.83;77.66;84.04;7.05;7.54;6.54;1.67;24.63;39.05;63.68;159.33;;;;;;;;;;;;;;;;;;;;;;;;;;;;;;;;
2056;230805223;112208379;118596844;2199622;2722232;-0.21;9.53;11.79;80.88;77.71;84.08;7.02;7.5;6.51;1.67;24.63;39.81;64.43;161.33;;;;;;;;;;;;;;;;;;;;;;;;;;;;;;;;
2057;230255685;111934042;118321643;2180831;2757317;-0.24;9.47;11.98;80.92;77.76;84.12;6.99;7.47;6.48;1.66;24.62;40.52;65.15;164.43;;;;;;;;;;;;;;;;;;;;;;;;;;;;;;;;
2058;229652286;111634119;118018167;2161015;2791329;-0.26;9.41;12.15;80.96;77.81;84.16;6.96;7.44;6.46;1.66;24.62;41.22;65.84;168.24;;;;;;;;;;;;;;;;;;;;;;;;;;;;;;;;
2059;228995541;111308845;117686696;2141033;2824224;-0.29;9.35;12.33;81;77.86;84.19;6.94;7.41;6.44;1.66;24.61;41.91;66.53;170.27;;;;;;;;;;;;;;;;;;;;;;;;;;;;;;;;
2060;228286347;110958642;117327705;2120842;2856059;-0.31;9.29;12.51;81.04;77.9;84.23;6.91;7.39;6.42;1.66;24.61;42.62;67.23;173.47;;;;;;;;;;;;;;;;;;;;;;;;;;;;;;;;
Faixas etárias;;;;;;;;;;;;;;;;;;;;;;;;;;;;;;;;;;;;;;;;;;;;;;;;;;;
Total;;;;;;;;;;;;;;;;;;;;;;;;;;;;;;;;;;;;;;;;;;;;;;;;;;;
Faixa/Ano;2010;2011;2012;2013;2014;2015;2016;2017;2018;2019;2020;2021;2022;2023;2024;2025;2026;2027;2028;2029;2030;2031;2032;2033;2034;2035;2036;2037;2038;2039;2040;2041;2042;2043;2044;2045;2046;2047;2048;2049;2050;2051;2052;2053;2054;2055;2056;2057;2058;2059;2060
Total;194890682;196603732;198314934;200004188;201717541;203475683;205156587;206804741;208494900;210147125;211755692;213317639;214828540;216284269;217684462;219029093;220316530;221545234;222713669;223821305;224868462;225854415;226777802;227638581;228437122;229173685;229847832;230459062;231007871;231494650;231919922;232284233;232588580;232834065;233020996;233149625;233220257;233233670;233190482;233090464;232933276;232719169;232448867;232122448;231739632;231300323;230805223;230255685;229652286;228995541;228286347
0-4;14858280;14697433;14624301;14567170;14570070;14677159;14715112;14720776;14787557;14798332;14730311;14703281;14675523;14569055;14452355;14326234;14192256;14053426;13912226;13770272;13629815;13491399;13354905;13221642;13092489;12967369;12846604;12730937;12620549;12514918;12413588;12316709;12225086;12138798;12057106;11979238;11904624;11832490;11761709;11691308;11620256;11547982;11473958;11397201;11317212;11233863;11147191;11057520;10965028;10870292;10774218
05/set;15865195;15600504;15387507;15203145;15029641;14824271;14664918;14593299;14537829;14542132;14650311;14689394;14695773;14762671;14773628;14705941;14679311;14652033;14546208;14430226;14304778;14171490;14033278;13892710;13751331;13611405;13473529;13337523;13204728;13076037;12951361;12830995;12715703;12605672;12500387;12399373;12302790;12211456;12125433;12043993;11966376;11891973;11820071;11749531;11679356;11608504;11536459;11462615;11386046;11306224;11223031
out/14;17397304;17216843;16880174;16495325;16131984;15840860;15577214;15365237;15182024;15009676;14805478;14647164;14576191;14520972;14525347;14633526;14672711;14679300;14746432;14757724;14690423;14664114;14637176;14531700;14416109;14291049;14158125;14020272;13880038;13738984;13599376;13461829;13326122;13193611;13065182;12940762;12820626;12705545;12595720;12490655;12389855;12293466;12202305;12116445;12035156;11957694;11883455;11811703;11741278;11671246;11600532
15-19;17219086;17238401;17315601;17402809;17424089;17334096;17155615;16821630;16439846;16079464;15790863;15529387;15318916;15136923;14965724;14762869;14605891;14536019;14481942;14487286;14596110;14635967;14643187;14710785;14722659;14656163;14630405;14603997;14499263;14384409;14260078;14127872;13990752;13851207;13710840;13571863;13434947;13299846;13167907;13040010;12916108;12796510;12681921;12572557;12467934;12367551;12271531;12180736;12095228;12014265;11937109
20-24;17476779;17396868;17296030;17195219;17124785;17100769;17122881;17203520;17294780;17319853;17233266;17057794;16726717;16347561;15989803;15703800;15444924;15236871;15057313;14888503;14688175;14533531;14465563;14413260;14420025;14529708;14570602;14578856;14647162;14659931;14594614;14569782;14544238;14440723;14327061;14203946;14072906;13936948;13798559;13659314;13521425;13385549;13251456;13120499;12993545;12870528;12751775;12637977;12529386;12425516;12325847
25-29;17334110;17423848;17454135;17436877;17391346;17331851;17256322;17161679;17068593;17004904;16985866;17011218;17092427;17182193;17206153;17119972;16946247;16618500;16243415;15889766;15607291;15351552;15146240;14969263;14802897;14605190;14452983;14386955;14336521;14344709;14455193;14497153;14506501;14575436;14589082;14524961;14501063;14476422;14374170;14261783;14139942;14010163;13875462;13738287;13600246;13463536;13328803;13195813;13065893;12939931;12817887
30-34;15955949;16275019;16567575;16822855;17028854;17178656;17271648;17306947;17296659;17258318;17205416;17135646;17044190;16951251;16886952;16867543;16892885;16974395;17065211;17091062;17007393;16836728;16512899;16141856;15792033;15512843;15259983;15057188;14882572;14718488;14523256;14373318;14309113;14260407;14269902;14381026;14423898;14434174;14503630;14518027;14455019;14431957;14408126;14307058;14195853;14075191;13946610;13813084;13677088;13540196;13404578
35-39;14075108;14350827;14689558;15066579;15441748;15787821;16107943;16402815;16661965;16872342;17026545;17123723;17161844;17152616;17115112;17063584;16995707;16906691;16816670;16755274;16738294;16765601;16848588;16940702;16968189;16886844;16719129;16399166;16032170;15686230;15410325;15160396;14960090;14787787;14625966;14433207;14285523;14223058;14175984;14186704;14298311;14341981;14353071;14422945;14437977;14376076;14353778;14330671;14230768;14120755;14001307
40-44;13184170;13311309;13414041;13519509;13668343;13884283;14161178;14500831;14879035;15255513;15602974;15924417;16219710;16478229;16688213;16842846;16941312;16981681;16975459;16941357;16893256;16828804;16743240;16656520;16598022;16583446;16612647;16696902;16790065;16818996;16739962;16575282;16259556;15897111;15555535;15283397;15036761;14839171;14669407;14510049;14320041;14174828;14114206;14068807;14080737;14192649;14236987;14248844;14318948;14334584;14273861
45-49;11992439;12218181;12426314;12615601;12784211;12933598;13064058;13171048;13281287;13434076;13652504;13930420;14269004;14644402;15017933;15363171;15683089;15977567;16236139;16446903;16602926;16703462;16746553;16743579;16713006;16668492;16607681;16525845;16442743;16387431;16375387;16406437;16491724;16585608;16615819;16539189;16377988;16067408;15710668;15374594;15107158;14864721;14670479;14503796;14347422;14160785;14018586;13960052;13916591;13929788;14041783
50-54;10276773;10574366;10868062;11152415;11419933;11666086;11892707;12102371;12293932;12465329;12617804;12751592;12861867;12974530;13128538;13346782;13623237;13959030;14330885;14700984;15043388;15361008;15653779;15911350;16121912;16278600;16380728;16426408;16426757;16399939;16359306;16302574;16224958;16146006;16094242;16084875;16117711;16203642;16297801;16329111;16255195;16098244;15794311;15445094;15116301;14855005;14618039;14428117;14265353;14112793;13930535
55-59;8387564;8679820;8977656;9278724;9579705;9877881;10172542;10463716;10746091;11012111;11257277;11483368;11692613;11883880;12055490;12208751;12343963;12456465;12571436;12726473;12943766;13217366;13548288;13914012;14277951;14615019;14928011;15216929;15471607;15680383;15836527;15939411;15987269;15990939;15968053;15931630;15879345;15806522;15732281;15684468;15677945;15712380;15798347;15891980;15924009;15853162;15701406;15406171;15066946;14747850;14494713
60-64;6596741;6859058;7119004;7379912;7647936;7926230;8211893;8503042;8797470;9091910;9383728;9672175;9957156;10233460;10493988;10734491;10956693;11162776;11351609;11521660;11673982;11809015;11922324;12038067;12192258;12406090;12673729;12996043;13351492;13705082;14032901;14337648;14619346;14868106;15072540;15226101;15328313;15377469;15384059;15365094;15332980;15285499;15218052;15149158;15105746;15102049;15137666;15222586;15314436;15346470;15279016
65-69;4905988;5095516;5318713;5565313;5819304;6071240;6322755;6572590;6823731;7081680;7349244;7623733;7903288;8185834;8468411;8748627;9025766;9299757;9565627;9816554;10048512;10263166;10462649;10645868;10811283;10959940;11092321;11204363;11318835;11469648;11676652;11934133;12242752;12582173;12919685;13232909;13524376;13794222;14032965;14229585;14377822;14477368;14526754;14535915;14520894;14493445;14451348;14390212;14327671;14289289;14288480
70-74;3792042;3889352;3974955;4063519;4175947;4323465;4501441;4709484;4938529;5174388;5408663;5642901;5876091;6110754;6351769;6601500;6857600;7118354;7381902;7645534;7907040;8165785;8421765;8670307;8905063;9122289;9323635;9511104;9683679;9839876;9980630;10106571;10214158;10324288;10467931;10663049;10904126;11191369;11506226;11819031;12109555;12380193;12631212;12853724;13037277;13176002;13269879;13317776;13328895;13317878;13295484
75-79;2597990;2688798;2797237;2913384;3023576;3121818;3211601;3292375;3376250;3480536;3614389;3774018;3959070;4161906;4370673;4578361;4786387;4994114;5203523;5418622;5641260;5869405;6101656;6336314;6571128;6804078;7034690;7263005;7484798;7694408;7888458;8068562;8236631;8391702;8532383;8659541;8773851;8872509;8973811;9104799;9280868;9496727;9752138;10030863;10307408;10564467;10804204;11027068;11224976;11388373;11511971
80-84;1689444;1727063;1764898;1807817;1861166;1926871;2004365;2095235;2191860;2283815;2366558;2443191;2513706;2587330;2677251;2790280;2923509;3076687;3243763;3415649;3586931;3758879;3931160;4105249;4284098;4468984;4658301;4850986;5045614;5240341;5433588;5624985;5814637;5998934;6173117;6334346;6484201;6624391;6754088;6872004;6978835;7075422;7159683;7246694;7358416;7506972;7687508;7899218;8128899;8356311;8567809
85-89;830529;901360;954570;996763;1032554;1065148;1097017;1129489;1165517;1208442;1259330;1318006;1385731;1457236;1525459;1587405;1645581;1700356;1758056;1827478;1913020;2012666;2126181;2249361;2375978;2502391;2629690;2757777;2887609;3021064;3158814;3299768;3443164;3587930;3732788;3876586;4019065;4160416;4297807;4427602;4547659;4659375;4764254;4861528;4950167;5030651;5103867;5168499;5235780;5321722;5434778
90+;455191;459166;484603;521252;562349;603580;645377;688657;731945;774304;815165;856211;898723;943466;991663;1043410;1099461;1161212;1225853;1289978;1352102;1414477;1478371;1546036;1620691;1703785;1795039;1894806;2001669;2113776;2229906;2350808;2476780;2607627;2743377;2883626;3028143;3176612;3328257;3482333;3637926;3794831;3953061;4110366;4263976;4412193;4556131;4697023;4833076;4962058;5083408
Homens;;;;;;;;;;;;;;;;;;;;;;;;;;;;;;;;;;;;;;;;;;;;;;;;;;;
Faixa/Ano;2010;2011;2012;2013;2014;2015;2016;2017;2018;2019;2020;2021;2022;2023;2024;2025;2026;2027;2028;2029;2030;2031;2032;2033;2034;2035;2036;2037;2038;2039;2040;2041;2042;2043;2044;2045;2046;2047;2048;2049;2050;2051;2052;2053;2054;2055;2056;2057;2058;2059;2060
Total;95513298;96322635;97132054;97931331;98744098;99581002;100379640;101163599;101971173;102760295;103527689;104271843;104990487;105681529;106345043;106981304;107589495;108168830;108718587;109238514;109728762;110189007;110618592;111017537;111386062;111724392;112032426;112309958;112557327;112774820;112962751;113121438;113251454;113353443;113427597;113474061;113493052;113485011;113450253;113388652;113300060;113184593;113042592;112874076;112678873;112456873;112208379;111934042;111634119;111308845;110958642
0-4;7594516;7513761;7477567;7449337;7451690;7507226;7527223;7530642;7565301;7571223;7536789;7523299;7509386;7455164;7395678;7331364;7263006;7192133;7120032;7047528;6975778;6905062;6835307;6767195;6701192;6637231;6575502;6516373;6459937;6405936;6354123;6304598;6257751;6213632;6171861;6132043;6093885;6056997;6020798;5984802;5948471;5911502;5873639;5834370;5793447;5750809;5706456;5660575;5613249;5564770;5515605
05/set;8094637;7962532;7856445;7764679;7678145;7574960;7495049;7459700;7432381;7435509;7491634;7512252;7516076;7550810;7556858;7522618;7509351;7495730;7441882;7382807;7318878;7250909;7180401;7108665;7036481;6965042;6894634;6825161;6757331;6691592;6627900;6566392;6507477;6451252;6397457;6345822;6296474;6249795;6205831;6164206;6124537;6086502;6049752;6013699;5977830;5941609;5904776;5867020;5827860;5787041;5744493
out/14;8842587;8760868;8596730;8405865;8224795;8080135;7948620;7843086;7751948;7666040;7563501;7484190;7449226;7422072;7425264;7481411;7502112;7506047;7540921;7547162;7513141;7500066;7486634;7433002;7374143;7310452;7242697;7172400;7100861;7028875;6957623;6887413;6818125;6750468;6684877;6621345;6559981;6501187;6445082;6391415;6339911;6290699;6244133;6200276;6158737;6119162;6081226;6044568;6008592;5972801;5936671
15-19;8673836;8693267;8745322;8804210;8829069;8795446;8715095;8552810;8364062;8185062;8042202;7912260;7807878;7717747;7632793;7531320;7453057;7418949;7392651;7396587;7453221;7474403;7478801;7514010;7520683;7487251;7474592;7461547;7408463;7350163;7287028;7219811;7150062;7079046;7007575;6936806;6867067;6798239;6731019;6665837;6602699;6541729;6483312;6427561;6374235;6323041;6274127;6227836;6184244;6142973;6103630
20-24;8746116;8711375;8663577;8614902;8583358;8578611;8600164;8654720;8716490;8744065;8712945;8634909;8475014;8288587;8111918;7971317;7843582;7741213;7653070;7570037;7470597;7394220;7361652;7336794;7341891;7399228;7421254;7426487;7462264;7469669;7437195;7425286;7412946;7360848;7303529;7241380;7175120;7106330;7036251;6965698;6895815;6826928;6758931;6692510;6628106;6565701;6505416;6447653;6392537;6339825;6289218
25-29;8574606;8629711;8657414;8662143;8651184;8630266;8598875;8555561;8512314;8485534;8484394;8508378;8563553;8624538;8651626;8621118;8544666;8387530;8204388;8031009;7893232;7767999;7667829;7581750;7500675;7403356;7328943;7297950;7274594;7280847;7338836;7361712;7367822;7404119;7412226;7380713;7369573;7357978;7306911;7250628;7189512;7124285;7056509;6987423;6917849;6848930;6780967;6713878;6648312;6584723;6523112
30-34;7821287;7982363;8131551;8263753;8373348;8457008;8514439;8545686;8555280;8549320;8532944;8505514;8464499;8421615;8394693;8393527;8417664;8473141;8534872;8563312;8534665;8460519;8306365;8126302;7955838;7820545;7697488;7599240;7514973;7435649;7340229;7267552;7237960;7215936;7223197;7281677;7305262;7312099;7348805;7357492;7326843;7316343;7305373;7255224;7199860;7139664;7075362;7008494;6940318;6871646;6803583
35-39;6857527;6990523;7155946;7341635;7527745;7700900;7862666;8013399;8148183;8260741;8347421;8407755;8440996;8451369;8446055;8430688;8404634;8365378;8324589;8299702;8300209;8325674;8382118;8444696;8474256;8447253;8375224;8223858;8046719;7879049;7746136;7625181;7528741;7446144;7368454;7274845;7203808;7175501;7154681;7162834;7221685;7245877;7253323;7290325;7299496;7269639;7259722;7249292;7200007;7145508;7086207
40-44;6405478;6465519;6511227;6557089;6624863;6727359;6861189;7027271;7213769;7400750;7574836;7737477;7888496;8022898;8135221;8222214;8283430;8318165;8330545;8327522;8314471;8290745;8253830;8215289;8192354;8194452;8221147;8278370;8341585;8372088;8346626;8276663;8128189;7954176;7789503;7659150;7540448;7445888;7365050;7289066;7197348;7128025;7100999;7081359;7090362;7149455;7174123;7182135;7219317;7228927;7199896
45-49;5768516;5880219;5985481;6082367;6167931;6241647;6303978;6352579;6401687;6472175;6576419;6711034;6876531;7061277;7246407;7419108;7580798;7731316;7865760;7978594;8066468;8128987;8165432;8179855;8179060;8168292;8146911;8112423;8076237;8055349;8059034;8086849;8144623;8208179;8239414;8215443;8147699;8002569;7832277;7671186;7543900;7427925;7335566;7256745;7182722;7093220;7025894;7000246;6981909;6991754;7050917
50-54;4900002;5040349;5178764;5313246;5441195;5561009;5673316;5779573;5877917;5965268;6041008;6105571;6156429;6207294;6278778;6383077;6516900;6680739;6863310;7046315;7217244;7377487;7526925;7660698;7773367;7861606;7925036;7962995;7979372;7980824;7972437;7953589;7921753;7888179;7869486;7874764;7903569;7961564;8025093;8056849;8034455;7969304;7828334;7662799;7506320;7382926;7270417;7180814;7104474;7032873;6946162
55-59;3954821;4089187;4227766;4368987;4510555;4650762;4789417;4926386;5059761;5186871;5306101;5418069;5523994;5622071;5709488;5785731;5851268;5903677;5956190;6028485;6132308;6264412;6425224;6603964;6783080;6950611;7107892;7254823;7386666;7498065;7585774;7649457;7688505;7706661;7710316;7704363;7688149;7659220;7628530;7612199;7619074;7648657;7706356;7769208;7801082;7780353;7718248;7582612;7423293;7272866;7154556
60-64;3081961;3198692;3313737;3429277;3548963;3674713;3805186;3939707;4076794;4214303;4350563;4485379;4618536;4748149;4871821;4988027;5097383;5201061;5297302;5383487;5458969;5524298;5577221;5630273;5702081;5803746;5932098;6087478;6259725;6432268;6593867;6745779;6887959;7015825;7124175;7209866;7272652;7311982;7331395;7336975;7333300;7319725;7293901;7266311;7252466;7260725;7290580;7347073;7408221;7439552;7420473
65-69;2253998;2339108;2439108;2549140;2661907;2773210;2883883;2993314;3103440;3217426;3337000;3460918;3588535;3718492;3848844;3978090;4106032;4232502;4355732;4473440;4584216;4688647;4787847;4880176;4963105;5036045;5099560;5151653;5203924;5273663;5371091;5493166;5640066;5802391;5964930;6117373;6260872;6395434;6516731;6619770;6701600;6762068;6800700;6820803;6827971;6826458;6815605;6793193;6769102;6757874;6767303
70-74;1689818;1732563;1770303;1809593;1859518;1924795;2003224;2094581;2194687;2297297;2398778;2499910;2600243;2701380;2806006;2915566;3028989;3145702;3264515;3383680;3501868;3618911;3734717;3847628;3955595;4057304;4153367;4244811;4330120;4406952;4474742;4534111;4583407;4633065;4698510;4788775;4900975;5035044;5182591;5330211;5468808;5599462;5722265;5833225;5927673;6002895;6058911;6095418;6115370;6123684;6124121
75-79;1105206;1144121;1190922;1240998;1288273;1330216;1368574;1403314;1439622;1484658;1542105;1610235;1688895;1774682;1862608;1949716;2036732;2123408;2210961;2301516;2396166;2494028;2594665;2697044;2799720;2901547;3002440;3102353;3199832;3293112;3381052;3464237;3543625;3617852;3684841;3744109;3796312;3840217;3884676;3942722;4021823;4119269;4234768;4361237;4487603;4606394;4718561;4824282;4920042;5001664;5066803
80-84;677628;692280;707304;724631;746369;773094;804695;841980;881564;919059;952619;983758;1012641;1042996;1079956;1126100;1180178;1242110;1309326;1378193;1446541;1514999;1583484;1652852;1724591;1799420;1876683;1956079;2036796;2117674;2197885;2277383;2356175;2433074;2506675;2576080;2641835;2704769;2763770;2817079;2864310;2906165;2941812;2978203;3025436;3089091;3166772;3257946;3357133;3456065;3549148
85-89;314944;340306;359247;374268;387076;398787;410381;422377;435871;452078;471252;493422;519178;546326;572074;595279;617114;637836;659812;686235;718616;756161;798785;844827;891952;938795;985869;1033177;1081264;1131002;1182750;1236101;1290875;1346482;1402163;1457337;1512013;1566262;1619219;1669886;1717634;1762927;1806456;1847353;1884307;1917047;1946213;1971377;1997388;2031094;2076107
90+;155814;155891;163643;175211;188114;200858;213666;226913;240102;252916;265178;277513;290381;304062;318955;335033;352599;372193;392729;412903;432174;451480;471355;492517;515998;542216;571089;602780;636664;672043;708423;746158;785393;826114;868408;912170;957358;1003936;1051543;1099797;1148335;1197201;1246463;1295445;1343371;1389754;1435003;1479630;1522751;1563205;1600637
Mulheres;;;;;;;;;;;;;;;;;;;;;;;;;;;;;;;;;;;;;;;;;;;;;;;;;;;
Faixa/Ano;2010;2011;2012;2013;2014;2015;2016;2017;2018;2019;2020;2021;2022;2023;2024;2025;2026;2027;2028;2029;2030;2031;2032;2033;2034;2035;2036;2037;2038;2039;2040;2041;2042;2043;2044;2045;2046;2047;2048;2049;2050;2051;2052;2053;2054;2055;2056;2057;2058;2059;2060
Total;99377384;100281097;101182880;102072857;102973443;103894681;104776947;105641142;106523727;107386830;108228003;109045796;109838053;110602740;111339419;112047789;112727035;113376404;113995082;114582791;115139700;115665408;116159210;116621044;117051060;117449293;117815406;118149104;118450544;118719830;118957171;119162795;119337126;119480622;119593399;119675564;119727205;119748659;119740229;119701812;119633216;119534576;119406275;119248372;119060759;118843450;118596844;118321643;118018167;117686696;117327705
0-4;7263764;7183672;7146734;7117833;7118380;7169933;7187889;7190134;7222256;7227109;7193522;7179982;7166137;7113891;7056677;6994870;6929250;6861293;6792194;6722744;6654037;6586337;6519598;6454447;6391297;6330138;6271102;6214564;6160612;6108982;6059465;6012111;5967335;5925166;5885245;5847195;5810739;5775493;5740911;5706506;5671785;5636480;5600319;5562831;5523765;5483054;5440735;5396945;5351779;5305522;5258613
05/set;7770558;7637972;7531062;7438466;7351496;7249311;7169869;7133599;7105448;7106623;7158677;7177142;7179697;7211861;7216770;7183323;7169960;7156303;7104326;7047419;6985900;6920581;6852877;6784045;6714850;6646363;6578895;6512362;6447397;6384445;6323461;6264603;6208226;6154420;6102930;6053551;6006316;5961661;5919602;5879787;5841839;5805471;5770319;5735832;5701526;5666895;5631683;5595595;5558186;5519183;5478538
out/14;8554717;8455975;8283444;8089460;7907189;7760725;7628594;7522151;7430076;7343636;7241977;7162974;7126965;7098900;7100083;7152115;7170599;7173253;7205511;7210562;7177282;7164048;7150542;7098698;7041966;6980597;6915428;6847872;6779177;6710109;6641753;6574416;6507997;6443143;6380305;6319417;6260645;6204358;6150638;6099240;6049944;6002767;5958172;5916169;5876419;5838532;5802229;5767135;5732686;5698445;5663861
15-19;8545250;8545134;8570279;8598599;8595020;8538650;8440520;8268820;8075784;7894402;7748661;7617127;7511038;7419176;7332931;7231549;7152834;7117070;7089291;7090699;7142889;7161564;7164386;7196775;7201976;7168912;7155813;7142450;7090800;7034246;6973050;6908061;6840690;6772161;6703265;6635057;6567880;6501607;6436888;6374173;6313409;6254781;6198609;6144996;6093699;6044510;5997404;5952900;5910984;5871292;5833479
20-24;8730663;8685493;8632453;8580317;8541427;8522158;8522717;8548800;8578290;8575788;8520321;8422885;8251703;8058974;7877885;7732483;7601342;7495658;7404243;7318466;7217578;7139311;7103911;7076466;7078134;7130480;7149348;7152369;7184898;7190262;7157419;7144496;7131292;7079875;7023532;6962566;6897786;6830618;6762308;6693616;6625610;6558621;6492525;6427989;6365439;6304827;6246359;6190324;6136849;6085691;6036629
25-29;8759504;8794137;8796721;8774734;8740162;8701585;8657447;8606118;8556279;8519370;8501472;8502840;8528874;8557655;8554527;8498854;8401581;8230970;8039027;7858757;7714059;7583553;7478411;7387513;7302222;7201834;7124040;7089005;7061927;7063862;7116357;7135441;7138679;7171317;7176856;7144248;7131490;7118444;7067259;7011155;6950430;6885878;6818953;6750864;6682397;6614606;6547836;6481935;6417581;6355208;6294775
30-34;8134662;8292656;8436024;8559102;8655506;8721648;8757209;8761261;8741379;8708998;8672472;8630132;8579691;8529636;8492259;8474016;8475221;8501254;8530339;8527750;8472728;8376209;8206534;8015554;7836195;7692298;7562495;7457948;7367599;7282839;7183027;7105766;7071153;7044471;7046705;7099349;7118636;7122075;7154825;7160535;7128176;7115614;7102753;7051834;6995993;6935527;6871248;6804590;6736770;6668550;6600995
35-39;7217581;7360304;7533612;7724944;7914003;8086921;8245277;8389416;8513782;8611601;8679124;8715968;8720848;8701247;8669057;8632896;8591073;8541313;8492081;8455572;8438085;8439927;8466470;8496006;8493933;8439591;8343905;8175308;7985451;7807181;7664189;7535215;7431349;7341643;7257512;7158362;7081715;7047557;7021303;7023870;7076626;7096104;7099748;7132620;7138481;7106437;7094056;7081379;7030761;6975247;6915100
40-44;6778692;6845790;6902814;6962420;7043480;7156924;7299989;7473560;7665266;7854763;8028138;8186940;8331214;8455331;8552992;8620632;8657882;8663516;8644914;8613835;8578785;8538059;8489410;8441231;8405668;8388994;8391500;8418532;8448480;8446908;8393336;8298619;8131367;7942935;7766032;7624247;7496313;7393283;7304357;7220983;7122693;7046803;7013207;6987448;6990375;7043194;7062864;7066709;7099631;7105657;7073965
45-49;6223923;6337962;6440833;6533234;6616280;6691951;6760080;6818469;6879600;6961901;7076085;7219386;7392473;7583125;7771526;7944063;8102291;8246251;8370379;8468309;8536458;8574475;8581121;8563724;8533946;8500200;8460770;8413422;8366506;8332082;8316353;8319588;8347101;8377429;8376405;8323746;8230289;8064839;7878391;7703408;7563258;7436796;7334913;7247051;7164700;7067565;6992692;6959806;6934682;6938034;6990866
50-54;5376771;5534017;5689298;5839169;5978738;6105077;6219391;6322798;6416015;6500061;6576796;6646021;6705438;6767236;6849760;6963705;7106337;7278291;7467575;7654669;7826144;7983521;8126854;8250652;8348545;8416994;8455692;8463413;8447385;8419115;8386869;8348985;8303205;8257827;8224756;8210111;8214142;8242078;8272708;8272262;8220740;8128940;7965977;7782295;7609981;7472079;7347622;7247303;7160879;7079920;6984373
55-59;4432743;4590633;4749890;4909737;5069150;5227119;5383125;5537330;5686330;5825240;5951176;6065299;6168619;6261809;6346002;6423020;6492695;6552788;6615246;6697988;6811458;6952954;7123064;7310048;7494871;7664408;7820119;7962106;8084941;8182318;8250753;8289954;8298764;8284278;8257737;8227267;8191196;8147302;8103751;8072269;8058871;8063723;8091991;8122772;8122927;8072809;7983158;7823559;7643653;7474984;7340157
60-64;3514780;3660366;3805267;3950635;4098973;4251517;4406707;4563335;4720676;4877607;5033165;5186796;5338620;5485311;5622167;5746464;5859310;5961715;6054307;6138173;6215013;6284717;6345103;6407794;6490177;6602344;6741631;6908565;7091767;7272814;7439034;7591869;7731387;7852281;7948365;8016235;8055661;8065487;8052664;8028119;7999680;7965774;7924151;7882847;7853280;7841324;7847086;7875513;7906215;7906918;7858543
65-69;2651990;2756408;2879605;3016173;3157397;3298030;3438872;3579276;3720291;3864254;4012244;4162815;4314753;4467342;4619567;4770537;4919734;5067255;5209895;5343114;5464296;5574519;5674802;5765692;5848178;5923895;5992761;6052710;6114911;6195985;6305561;6440967;6602686;6779782;6954755;7115536;7263504;7398788;7516234;7609815;7676222;7715300;7726054;7715112;7692923;7666987;7635743;7597019;7558569;7531415;7521177
70-74;2102224;2156789;2204652;2253926;2316429;2398670;2498217;2614903;2743842;2877091;3009885;3142991;3275848;3409374;3545763;3685934;3828611;3972652;4117387;4261854;4405172;4546874;4687048;4822679;4949468;5064985;5170268;5266293;5353559;5432924;5505888;5572460;5630751;5691223;5769421;5874274;6003151;6156325;6323635;6488820;6640747;6780731;6908947;7020499;7109604;7173107;7210968;7222358;7213525;7194194;7171363
75-79;1492784;1544677;1606315;1672386;1735303;1791602;1843027;1889061;1936628;1995878;2072284;2163783;2270175;2387224;2508065;2628645;2749655;2870706;2992562;3117106;3245094;3375377;3506991;3639270;3771408;3902531;4032250;4160652;4284966;4401296;4507406;4604325;4693006;4773850;4847542;4915432;4977539;5032292;5089135;5162077;5259045;5377458;5517370;5669626;5819805;5958073;6085643;6202786;6304934;6386709;6445168
80-84;1011816;1034783;1057594;1083186;1114797;1153777;1199670;1253255;1310296;1364756;1413939;1459433;1501065;1544334;1597295;1664180;1743331;1834577;1934437;2037456;2140390;2243880;2347676;2452397;2559507;2669564;2781618;2894907;3008818;3122667;3235703;3347602;3458462;3565860;3666442;3758266;3842366;3919622;3990318;4054925;4114525;4169257;4217871;4268491;4332980;4417881;4520736;4641272;4771766;4900246;5018661
85-89;515585;561054;595323;622495;645478;666361;686636;707112;729646;756364;788078;824584;866553;910910;953385;992126;1028467;1062520;1098244;1141243;1194404;1256505;1327396;1404534;1484026;1563596;1643821;1724600;1806345;1890062;1976064;2063667;2152289;2241448;2330625;2419249;2507052;2594154;2678588;2757716;2830025;2896448;2957798;3014175;3065860;3113604;3157654;3197122;3238392;3290628;3358671
90+;299377;303275;320960;346041;374235;402722;431711;461744;491843;521388;549987;578698;608342;639404;672708;708377;746862;789019;833124;877075;919928;962997;1007016;1053519;1104693;1161569;1223950;1292026;1365005;1441733;1521483;1604650;1691387;1781513;1874969;1971456;2070785;2172676;2276714;2382536;2489591;2597630;2706598;2814921;2920605;3022439;3121128;3217393;3310325;3398853;3482771
