Pará;;;;;;;;;;;;;;;;;;;;;;;;;;;;;;;;;;;;;;;;;;;;;;;;;;;
Dados;;;;;;;;;;;;;;;;;;;;;;;;;;;;;;;;;;;;;;;;;;;;;;;;;;;
Ano;População total;Homens;Mulheres;Nascimentos;Óbitos;Taxa de Crescimento Geométrico;Taxa Bruta de Natalidade;Taxa Bruta de Mortalidade;Esperança de Vida ao Nascer;Esperança de Vida ao Nascer - Homens;Esperança de Vida ao Nascer - Mulheres;Taxa de Mortalidade Infantil;Taxa de Mortalidade Infantil - Homens;Taxa de Mortalidade Infantil - Mulheres;Taxa de Fecundidade Total;Razão de Dependência - Jovens 0 a 14 anos;Razão de Dependência - Idosos 65 ou mais anos;Razão de Dependência;Índice de Envelhecimento;;;;;;;;;;;;;;;;;;;;;;;;;;;;;;;;
2010;7762953;3915560;3847393;152324;44609;x;19.62;5.75;70.87;67.46;74.73;20.3;22.98;17.47;2.14;50.06;7.41;57.48;14.78;;;;;;;;;;;;;;;;;;;;;;;;;;;;;;;;
2011;7862943;3963990;3898953;152858;45060;1.29;19.44;5.73;71.09;67.62;75.01;19.57;22.18;16.83;2.12;48.59;7.49;56.08;15.43;;;;;;;;;;;;;;;;;;;;;;;;;;;;;;;;
2012;7960134;4010819;3949315;147482;45602;1.24;18.53;5.73;71.3;67.78;75.28;18.89;21.42;16.23;2.02;47.08;7.57;54.65;16.12;;;;;;;;;;;;;;;;;;;;;;;;;;;;;;;;
2013;8054419;4056010;3998409;147957;46204;1.18;18.37;5.74;71.51;67.94;75.55;18.26;20.71;15.67;2;45.57;7.67;53.23;16.84;;;;;;;;;;;;;;;;;;;;;;;;;;;;;;;;
2014;8149418;4101424;4047994;149988;46915;1.18;18.4;5.76;71.71;68.1;75.8;17.65;20.04;15.14;2.01;44.17;7.78;51.95;17.53;;;;;;;;;;;;;;;;;;;;;;;;;;;;;;;;
2015;8244575;4146782;4097793;149502;47667;1.17;18.13;5.78;71.91;68.25;76.05;17.09;19.42;14.65;1.99;42.9;7.91;50.82;18.31;;;;;;;;;;;;;;;;;;;;;;;;;;;;;;;;
2016;8334346;4189258;4145088;140422;48358;1.09;16.85;5.8;72.1;68.4;76.29;16.56;18.83;14.18;1.86;41.68;8.07;49.75;19.42;;;;;;;;;;;;;;;;;;;;;;;;;;;;;;;;
2017;8422634;4230858;4191776;147813;49179;1.06;17.55;5.84;72.29;68.55;76.52;16.07;18.27;13.75;1.94;40.56;8.26;48.82;20.15;;;;;;;;;;;;;;;;;;;;;;;;;;;;;;;;
2018;8513497;4273661;4239836;147080;50097;1.08;17.28;5.88;72.48;68.7;76.74;15.6;17.75;13.35;1.92;39.56;8.46;48.02;21.35;;;;;;;;;;;;;;;;;;;;;;;;;;;;;;;;
2019;8602865;4315587;4287278;146401;50996;1.05;17.02;5.93;72.66;68.85;76.95;15.17;17.26;12.97;1.91;38.61;8.68;47.29;22.52;;;;;;;;;;;;;;;;;;;;;;;;;;;;;;;;
2020;8690745;4356651;4334094;145701;51930;1.02;16.77;5.98;72.83;69;77.16;14.77;16.81;12.62;1.89;37.72;8.91;46.64;23.74;;;;;;;;;;;;;;;;;;;;;;;;;;;;;;;;
2021;8777124;4396853;4380271;145071;52902;0.99;16.53;6.03;73.01;69.14;77.36;14.39;16.38;12.3;1.88;36.84;9.16;46;25;;;;;;;;;;;;;;;;;;;;;;;;;;;;;;;;
2022;8861974;4436183;4425791;144395;53917;0.97;16.29;6.08;73.18;69.29;77.56;14.04;15.98;11.99;1.87;36.03;9.42;45.45;26.21;;;;;;;;;;;;;;;;;;;;;;;;;;;;;;;;
2023;8945219;4474611;4470608;143707;54983;0.94;16.07;6.15;73.34;69.43;77.74;13.71;15.61;11.71;1.86;35.27;9.69;44.96;27.57;;;;;;;;;;;;;;;;;;;;;;;;;;;;;;;;
2024;9026771;4512095;4514676;142936;56079;0.91;15.83;6.21;73.5;69.57;77.92;13.4;15.26;11.45;1.85;34.6;9.98;44.58;28.87;;;;;;;;;;;;;;;;;;;;;;;;;;;;;;;;
2025;9106465;4548557;4557908;141973;57200;0.88;15.59;6.28;73.66;69.71;78.1;13.12;14.93;11.2;1.84;34.07;10.28;44.36;30.08;;;;;;;;;;;;;;;;;;;;;;;;;;;;;;;;
2026;9184171;4583943;4600228;141012;58368;0.85;15.35;6.36;73.81;69.84;78.26;12.85;14.63;10.98;1.84;33.59;10.6;44.19;31.33;;;;;;;;;;;;;;;;;;;;;;;;;;;;;;;;
2027;9259811;4618219;4641592;140000;59590;0.82;15.12;6.44;73.96;69.98;78.42;12.61;14.35;10.77;1.83;33.16;10.92;44.08;33.04;;;;;;;;;;;;;;;;;;;;;;;;;;;;;;;;
2028;9333294;4651343;4681951;138923;60829;0.79;14.88;6.52;74.11;70.11;78.58;12.37;14.08;10.57;1.83;32.79;11.26;44.04;34.21;;;;;;;;;;;;;;;;;;;;;;;;;;;;;;;;
2029;9404564;4683292;4721272;137886;62138;0.76;14.66;6.61;74.25;70.24;78.73;12.15;13.83;10.39;1.82;32.38;11.61;43.99;36;;;;;;;;;;;;;;;;;;;;;;;;;;;;;;;;
2030;9473593;4714061;4759532;136843;63464;0.73;14.44;6.7;74.39;70.37;78.87;11.96;13.6;10.23;1.82;31.97;11.98;43.95;37.39;;;;;;;;;;;;;;;;;;;;;;;;;;;;;;;;
2031;9540216;4743585;4796631;135644;64826;0.7;14.22;6.8;74.53;70.5;79.01;11.77;13.39;10.07;1.82;31.65;12.38;44.03;39.09;;;;;;;;;;;;;;;;;;;;;;;;;;;;;;;;
2032;9604249;4771787;4832462;134438;66241;0.67;14;6.9;74.66;70.63;79.14;11.6;13.18;9.93;1.81;31.34;12.81;44.15;41.01;;;;;;;;;;;;;;;;;;;;;;;;;;;;;;;;
2033;9665694;4798674;4867020;133336;67693;0.64;13.79;7;74.8;70.76;79.27;11.44;13;9.8;1.81;30.97;13.25;44.22;42.79;;;;;;;;;;;;;;;;;;;;;;;;;;;;;;;;
2034;9724587;4824266;4900321;132274;69181;0.61;13.6;7.11;74.92;70.88;79.39;11.28;12.82;9.68;1.81;30.61;13.71;44.32;44.81;;;;;;;;;;;;;;;;;;;;;;;;;;;;;;;;
2035;9780938;4848575;4932363;131273;70716;0.58;13.42;7.23;75.05;71;79.51;11.15;12.66;9.56;1.81;30.26;14.18;44.44;46.89;;;;;;;;;;;;;;;;;;;;;;;;;;;;;;;;
2036;9834703;4871586;4963117;130198;72275;0.55;13.24;7.35;75.17;71.12;79.62;11.02;12.5;9.46;1.81;29.92;14.67;44.59;48.79;;;;;;;;;;;;;;;;;;;;;;;;;;;;;;;;
2037;9885814;4893268;4992546;129139;73890;0.52;13.06;7.47;75.28;71.24;79.73;10.9;12.36;9.36;1.81;29.59;15.17;44.76;51.47;;;;;;;;;;;;;;;;;;;;;;;;;;;;;;;;
2038;9934265;4913623;5020642;128136;75534;0.49;12.9;7.6;75.4;71.36;79.83;10.79;12.23;9.27;1.81;29.27;15.68;44.96;53.47;;;;;;;;;;;;;;;;;;;;;;;;;;;;;;;;
2039;9980050;4932654;5047396;127155;77236;0.46;12.74;7.74;75.51;71.47;79.93;10.68;12.11;9.19;1.8;28.97;16.23;45.2;56;;;;;;;;;;;;;;;;;;;;;;;;;;;;;;;;
2040;10023188;4950380;5072808;126256;78948;0.43;12.6;7.88;75.63;71.59;80.03;10.59;11.99;9.11;1.8;28.68;16.81;45.49;58.88;;;;;;;;;;;;;;;;;;;;;;;;;;;;;;;;
2041;10063691;4966816;5096875;125366;80716;0.4;12.46;8.02;75.73;71.7;80.12;10.5;11.88;9.04;1.8;28.42;17.42;45.84;61.03;;;;;;;;;;;;;;;;;;;;;;;;;;;;;;;;
2042;10101541;4981961;5119580;124512;82513;0.38;12.33;8.17;75.84;71.81;80.21;10.41;11.78;8.98;1.8;28.17;18.07;46.24;64.25;;;;;;;;;;;;;;;;;;;;;;;;;;;;;;;;
2043;10136721;4995818;5140903;123667;84357;0.35;12.2;8.32;75.94;71.92;80.29;10.34;11.69;8.92;1.8;27.95;18.75;46.69;67.02;;;;;;;;;;;;;;;;;;;;;;;;;;;;;;;;
2044;10169203;5008379;5160824;122823;86220;0.32;12.08;8.48;76.04;72.03;80.37;10.27;11.6;8.86;1.8;27.74;19.45;47.19;70.21;;;;;;;;;;;;;;;;;;;;;;;;;;;;;;;;
2045;10198997;5019656;5179341;122038;88104;0.29;11.97;8.64;76.14;72.14;80.45;10.2;11.52;8.81;1.8;27.55;20.19;47.74;73.66;;;;;;;;;;;;;;;;;;;;;;;;;;;;;;;;
2046;10226126;5029666;5196460;121288;90015;0.27;11.86;8.8;76.23;72.24;80.52;10.14;11.44;8.76;1.8;27.39;20.95;48.34;76.22;;;;;;;;;;;;;;;;;;;;;;;;;;;;;;;;
2047;10250595;5038414;5212181;120559;91945;0.24;11.76;8.97;76.32;72.35;80.59;10.08;11.37;8.72;1.8;27.24;21.74;48.98;79.78;;;;;;;;;;;;;;;;;;;;;;;;;;;;;;;;
2048;10272374;5045894;5226480;119794;93900;0.21;11.66;9.14;76.41;72.45;80.66;10.03;11.31;8.68;1.8;27.11;22.55;49.66;83.43;;;;;;;;;;;;;;;;;;;;;;;;;;;;;;;;
2049;10291421;5052094;5239327;119023;95873;0.19;11.57;9.32;76.5;72.55;80.73;9.97;11.24;8.64;1.8;27;23.36;50.36;86.11;;;;;;;;;;;;;;;;;;;;;;;;;;;;;;;;
2050;10307745;5057027;5250718;118295;97847;0.16;11.48;9.49;76.58;72.65;80.79;9.93;11.19;8.61;1.8;26.9;24.16;51.06;89.89;;;;;;;;;;;;;;;;;;;;;;;;;;;;;;;;
2051;10321384;5060718;5260666;117607;99826;0.13;11.39;9.67;76.67;72.74;80.85;9.89;11.13;8.58;1.8;26.8;24.96;51.76;92.66;;;;;;;;;;;;;;;;;;;;;;;;;;;;;;;;
2052;10332358;5063186;5269172;116927;101810;0.11;11.32;9.85;76.75;72.84;80.9;9.85;11.08;8.55;1.8;26.72;25.74;52.46;96.57;;;;;;;;;;;;;;;;;;;;;;;;;;;;;;;;
2053;10340631;5064421;5276210;116193;103813;0.08;11.24;10.04;76.83;72.94;80.96;9.81;11.03;8.52;1.8;26.65;26.51;53.16;99.43;;;;;;;;;;;;;;;;;;;;;;;;;;;;;;;;
2054;10346154;5064407;5281747;115424;105807;0.05;11.16;10.23;76.91;73.03;81.01;9.77;10.99;8.5;1.8;26.58;27.28;53.86;102.31;;;;;;;;;;;;;;;;;;;;;;;;;;;;;;;;
2055;10348902;5063144;5285758;114639;107810;0.03;11.08;10.42;76.98;73.12;81.06;9.74;10.95;8.47;1.8;26.53;28.04;54.57;105.23;;;;;;;;;;;;;;;;;;;;;;;;;;;;;;;;
2056;10348887;5060649;5288238;113903;109812;0;11.01;10.61;77.06;73.21;81.11;9.71;10.91;8.45;1.8;26.48;28.8;55.28;108.19;;;;;;;;;;;;;;;;;;;;;;;;;;;;;;;;
2057;10346144;5056949;5289195;113162;111790;-0.03;10.94;10.8;77.13;73.3;81.15;9.69;10.87;8.43;1.8;26.44;29.54;55.98;111.18;;;;;;;;;;;;;;;;;;;;;;;;;;;;;;;;
2058;10340650;5052039;5288611;112362;113771;-0.05;10.87;11;77.19;73.39;81.2;9.66;10.84;8.42;1.8;26.41;30.28;56.69;114.2;;;;;;;;;;;;;;;;;;;;;;;;;;;;;;;;
2059;10332396;5045921;5286475;111553;115701;-0.08;10.8;11.2;77.27;73.47;81.24;9.63;10.81;8.4;1.8;26.38;31.03;57.42;117.26;;;;;;;;;;;;;;;;;;;;;;;;;;;;;;;;
2060;10321412;5038618;5282794;110740;117610;-0.11;10.73;11.39;77.33;73.56;81.28;9.61;10.78;8.38;1.8;26.37;31.81;58.18;120.36;;;;;;;;;;;;;;;;;;;;;;;;;;;;;;;;
Faixas etárias;;;;;;;;;;;;;;;;;;;;;;;;;;;;;;;;;;;;;;;;;;;;;;;;;;;
Total;;;;;;;;;;;;;;;;;;;;;;;;;;;;;;;;;;;;;;;;;;;;;;;;;;;
Faixa/Ano;2010;2011;2012;2013;2014;2015;2016;2017;2018;2019;2020;2021;2022;2023;2024;2025;2026;2027;2028;2029;2030;2031;2032;2033;2034;2035;2036;2037;2038;2039;2040;2041;2042;2043;2044;2045;2046;2047;2048;2049;2050;2051;2052;2053;2054;2055;2056;2057;2058;2059;2060
Total;7762953;7862943;7960134;8054419;8149418;8244575;8334346;8422634;8513497;8602865;8690745;8777124;8861974;8945219;9026771;9106465;9184171;9259811;9333294;9404564;9473593;9540216;9604249;9665694;9724587;9780938;9834703;9885814;9934265;9980050;10023188;10063691;10101541;10136721;10169203;10198997;10226126;10250595;10272374;10291421;10307745;10321384;10332358;10340631;10346154;10348902;10348887;10346144;10340650;10332396;10321412
0-4;797433;782470;766883;750588;739204;734749;727703;722199;722380;720553;717267;718036;718946;715865;712764;709467;705859;701902;697570;692906;688055;683033;677786;672421;667021;661622;656292;651088;645998;640989;636061;631272;626667;622236;617945;613778;609728;605805;601980;598228;594536;590901;587316;583773;580238;576677;573061;569388;565650;561860;558034
05/set;823378;819406;816291;812055;804764;793031;778195;762734;746554;735268;730890;723935;718509;718752;716995;713781;714612;715582;712567;709527;706291;702745;698835;694542;689912;685089;680101;674887;669552;664182;658815;653511;648336;643275;638289;633381;628614;624031;619624;615355;611208;607174;603271;599462;595731;592055;588437;584869;581339;577816;574271
out/14;847110;846057;840094;832444;824901;817535;813660;810638;806502;799314;787696;772978;757635;741569;730389;726106;719248;713912;714234;712564;709439;710337;711368;708407;705410;702204;698682;694795;690522;685908;681108;676142;670950;665637;660288;654942;649655;644498;639452;634484;629592;624845;620275;615883;611628;607500;603479;599589;595790;592071;588408
15-19;797478;805092;814792;824836;832533;836239;835330;829542;822083;814737;807565;803869;801013;797044;790032;778595;764087;748957;733114;722140;718024;711319;706102;706502;704898;701835;702761;703814;700897;697943;694780;691303;687456;683227;678661;673906;668986;663837;658569;653262;647957;642708;637594;632586;627656;622799;618088;613554;609196;604972;600872
20-24;758804;762283;765695;769525;774427;780667;788440;798263;808431;816264;820147;819458;813943;806786;799734;792852;789412;786802;783085;776349;765215;751029;736199;720636;709881;705892;699304;694195;694657;693133;690158;691133;692234;689398;686522;683436;680040;676271;672123;667637;662963;658126;653057;647868;642642;637415;632242;627200;622266;617402;612614
25-29;716721;725713;731905;736097;739566;743184;746829;750413;754403;759451;765815;773692;783593;793834;801769;805803;805312;800052;793173;786392;779780;776561;774149;770620;764073;753154;739200;724600;709270;698699;694825;688374;683385;683911;682473;679591;680620;681776;679026;676237;673240;669929;666247;662193;657801;653215;648472;643497;638392;633258;628120
30-34;625351;643486;661113;677554;691876;703546;712595;718882;723191;726789;730538;734309;738016;742124;747276;753723;761673;771613;781889;789884;794024;793690;788628;781956;775372;768933;765847;763556;760154;753760;743033;729299;714931;699828;689436;685672;679349;674478;675067;673707;670912;671992;673202;670534;667827;664916;661689;658088;654123;649819;645317
35-39;521264;538418;556811;575962;595111;613695;631730;649269;665645;679935;691601;700687;707049;711454;715163;719019;722896;726707;730913;736153;742664;750651;760599;770870;778877;783072;782838;777929;771435;765025;758750;755794;753613;750334;744092;733557;720045;705897;691021;680808;677153;670960;666199;666843;665556;662853;663975;665228;662641;660010;657181
40-44;440515;454441;467652;480791;494904;510589;527590;545815;564792;583769;602204;620096;637510;653787;668004;679643;688740;695157;699643;703438;707382;711345;715237;719510;724798;731332;739315;749230;759464;767459;771691;771550;766795;760477;754243;748143;745316;743251;740095;734005;723662;710382;696472;681843;671820;668272;662216;657566;658264;657054;654439
45-49;358628;371222;385223;400078;414890;429138;442876;455929;468914;482866;498356;515141;533126;551846;570577;588783;606467;623693;639803;653895;665456;674521;680959;685499;689364;693369;697390;701338;705656;710971;717513;725470;735325;745491;753445;757693;757646;753063;746957;740933;735042;732363;730424;727405;721495;711381;698384;684772;670455;660680;657267
50-54;298059;307210;315994;324906;334688;345775;358107;371798;386325;400816;414768;428236;441052;453814;467518;482728;499195;516829;535182;553557;571420;588792;605726;621574;635457;646869;655851;662272;666849;670768;674825;678898;682892;687247;692573;699098;706997;716745;726784;734661;738910;738966;734599;728757;723000;717373;714872;713088;710238;704549;694740
55-59;236077;245819;255567;265210;274624;283769;292654;301199;309874;319387;330158;342126;355395;369475;383526;397069;410158;422636;435076;448426;463236;479253;496388;514223;532083;549468;566381;582889;598350;611917;623094;631926;638287;642873;646826;650916;655017;659033;663402;668703;675167;682954;692520;702359;710096;714313;714475;710362;704843;699410;694094
60-64;176721;184030;192376;201451;210777;220050;229329;238622;247827;256823;265574;274087;282291;290630;299770;310097;321563;334251;347714;361153;374121;386676;398663;410628;423465;437690;453065;469493;486591;503716;520404;536659;552540;567431;580516;591317;599890;606119;610662;614610;618688;622777;626777;631109;636328;642659;650249;659521;669033;676534;680655
65-69;136143;140478;144550;148755;153651;159555;166375;174151;182595;191274;199911;208561;217244;225849;234276;242483;250479;258207;266069;274676;284385;295148;307041;319648;332238;344402;356194;367483;378766;390871;404271;418737;434177;450236;466336;482046;497366;512350;526417;538797;549041;557214;563201;567628;571505;575506;579513;583432;587658;592707;598802
70-74;96588;100225;104219;108412;112567;116592;120499;124193;128025;132473;137809;143950;150930;158501;166276;174024;181792;189604;197361;204973;212389;219629;226651;233806;241639;250450;260204;270960;282348;293722;304721;315409;325678;335970;347012;359221;372382;386406;400972;415589;429875;443823;457495;470341;481663;491049;498571;504144;508329;512033;515852
75-79;63546;65740;68067;70547;73213;76069;79148;82531;86076;89594;93002;96329;99498;102799;106617;111166;116384;122293;128692;135258;141814;148396;155030;161634;168116;174450;180644;186673;192835;199575;207145;215502;224694;234414;244124;253534;262703;271545;280440;289985;300516;311851;323904;336409;348968;361268;373303;385117;396239;406051;414203
80-84;37492;38707;40014;41412;42911;44509;46216;48033;49975;52057;54279;56667;59291;62041;64772;67418;70012;72513;75125;78142;81713;85787;90386;95348;100442;105529;110648;115825;120991;126072;131042;135919;140692;145581;150928;156925;163524;170761;178395;186023;193433;200673;207689;214777;222391;230780;239785;249333;259223;269162;278924
85-89;18313;19153;19988;20815;21636;22443;23280;24184;25152;26189;27288;28467;29723;31069;32512;34048;35691;37498;39394;41276;43102;44902;46649;48489;50608;53098;55932;59112;62536;66052;69565;73110;76705;80302;83852;87322;90739;94104;97561;101342;105572;110215;115291;120635;125973;131169;136267;141232;146269;151690;157647
90+;13332;12993;12900;12981;13175;13440;13790;14239;14753;15306;15877;16500;17210;17980;18801;19660;20591;21603;22690;23855;25083;26402;27853;29381;30933;32480;34054;35675;37394;39288;41387;43683;46184;48853;51642;54519;57509;60625;63827;67055;70278;73531;76825;80226;83836;87702;91809;96164;100702;105318;109972
Homens;;;;;;;;;;;;;;;;;;;;;;;;;;;;;;;;;;;;;;;;;;;;;;;;;;;
Faixa/Ano;2010;2011;2012;2013;2014;2015;2016;2017;2018;2019;2020;2021;2022;2023;2024;2025;2026;2027;2028;2029;2030;2031;2032;2033;2034;2035;2036;2037;2038;2039;2040;2041;2042;2043;2044;2045;2046;2047;2048;2049;2050;2051;2052;2053;2054;2055;2056;2057;2058;2059;2060
Total;3915560;3963990;4010819;4056010;4101424;4146782;4189258;4230858;4273661;4315587;4356651;4396853;4436183;4474611;4512095;4548557;4583943;4618219;4651343;4683292;4714061;4743585;4771787;4798674;4824266;4848575;4871586;4893268;4913623;4932654;4950380;4966816;4981961;4995818;5008379;5019656;5029666;5038414;5045894;5052094;5057027;5060718;5063186;5064421;5064407;5063144;5060649;5056949;5052039;5045921;5038618
0-4;407167;399667;391819;383582;377833;375596;372016;369224;369337;368418;366755;367164;367643;366079;364505;362832;360999;358987;356783;354409;351936;349377;346703;343970;341220;338470;335753;333100;330507;327953;325441;323000;320653;318394;316206;314081;312016;310015;308065;306151;304269;302413;300584;298777;296972;295155;293307;291433;289525;287589;285635
05/set;419935;417972;416468;414410;410812;404961;397523;389736;381555;375854;373651;370114;367358;367498;366613;364982;365418;365923;364389;362842;361200;359398;357409;355223;352867;350410;347873;345219;342504;339772;337041;334341;331705;329128;326590;324091;321666;319334;317090;314917;312804;310752;308762;306822;304922;303051;301208;299390;297592;295796;293988
out/14;431115;431129;428426;424703;420944;417238;415317;413852;411836;408280;402480;395094;387362;379234;373581;371420;367926;365209;365382;364534;362942;363406;363941;362435;360912;359287;357498;355523;353348;351004;348560;346037;343397;340696;337976;335259;332569;329945;327377;324852;322363;319951;317631;315397;313233;311130;309086;307107;305175;303282;301420
15-19;402171;406616;412303;418260;422985;425565;425630;423005;419375;415716;412106;410272;408883;406948;403478;397767;390493;382878;374875;369334;367256;363840;361184;361398;360589;359042;359525;360076;358605;357111;355519;353764;351821;349682;347374;344966;342478;339872;337207;334519;331834;329176;326584;324048;321555;319095;316714;314419;312212;310076;307996
20-24;380457;382245;383982;385971;388642;392187;396682;402393;408374;413135;415784;415957;413482;410029;406544;403105;401418;400167;398375;395067;389541;382472;375060;367254;361873;359890;356572;354002;354265;353523;352048;352571;353160;351754;350327;348800;347113;345237;343167;340926;338587;336167;333629;331031;328410;325794;323200;320672;318198;315763;313362
25-29;357363;361586;364664;366909;368803;370682;372539;374350;376405;379129;382715;387229;392940;398916;403696;406409;406687;404367;401084;397770;394501;392951;391823;390158;386986;381630;374750;367527;359913;354683;352795;349588;347116;347433;346760;345363;345934;346568;345235;343883;342429;340814;339013;337023;334863;332600;330260;327800;325278;322733;320193
30-34;314078;322299;330115;337312;343621;348894;353117;356220;358507;360456;362389;364300;366165;368268;371031;374639;379164;384861;390821;395607;398365;398731;396538;393397;390223;387086;385638;384602;383033;379983;374780;368074;361031;353596;348510;346708;343605;341229;341595;340984;339659;340271;340950;339685;338401;337019;335472;333742;331824;329737;327546
35-39;262918;271092;279934;289129;298176;306731;314846;322574;329697;335954;341196;345413;348537;350862;352858;354834;356791;358701;360847;363642;367268;371792;377470;383403;388182;390965;391395;389309;386298;383247;380230;378874;377920;376441;373501;368445;361903;355026;347761;342807;341087;338082;335790;336199;335646;334389;335038;335753;334552;333328;332009
40-44;224036;230649;236750;242727;249205;256544;264588;273284;282333;291236;299664;307665;315289;322325;328515;333720;337920;341055;343406;345435;347444;349435;351381;353559;356373;360003;364511;370153;376044;380804;383601;384091;382108;379219;376288;373392;372127;371253;369862;367030;362113;355736;349027;341935;337116;335474;332567;330356;330806;330313;329122
45-49;182192;188502;195518;202919;210195;217051;223517;229496;235354;241708;248902;256784;265302;274164;282889;291151;299007;306502;313425;319528;324672;328839;331972;334343;336403;338440;340463;342439;344640;347466;351093;355572;361161;366992;371716;374514;375061;373192;370442;367655;364900;363739;362955;361662;358953;354194;348010;341503;334624;329970;328425
50-54;150652;155141;159455;163842;168673;174162;180273;187059;194221;201262;207905;214179;219991;225694;231878;238880;246543;254821;263431;271914;279952;287609;294920;301682;307658;312708;316819;319935;322320;324405;326472;328525;330529;332755;335584;339192;343623;349130;354867;359525;362314;362922;361194;358620;356014;353438;352403;351727;350549;347993;343439
55-59;118792;123494;128229;132928;137506;141929;146220;150352;154559;159191;164448;170299;176790;183641;190382;196748;202769;208360;213857;219814;226556;233927;241882;250159;258317;266060;273441;280503;287043;292838;297751;301772;304849;307229;309328;311415;313485;315502;317735;320548;324109;328456;333829;339421;343974;346732;347402;345836;343472;341078;338704
60-64;89211;92673;96559;100755;105086;109440;113830;118257;122653;126943;131093;135126;139016;142985;147355;152309;157820;163923;170365;176708;182703;188385;193674;198884;204530;210919;217896;225416;233242;240956;248288;255288;261996;268223;273751;278451;282322;285316;287661;289749;291823;293883;295891;298101;300858;304325;308533;313703;319067;323450;326131
65-69;67917;69976;71937;73967;76300;79065;82210;85738;89545;93474;97428;101420;105456;109465;113387;117182;120880;124459;128116;132140;136697;141759;147358;153261;159076;164580;169808;174691;179510;184736;190642;197085;204019;211229;218346;225123;231604;237825;243612;248761;253158;256807;259660;261927;263966;265990;268002;269965;272113;274765;278075
70-74;47338;48944;50729;52617;54493;56311;58089;59793;61568;63606;66012;68738;71791;75083;78475;81899;85356;88860;92350;95770;99084;102320;105464;108688;112238;116244;120689;125598;130765;135854;140676;145268;149580;153853;158492;163727;169430;175554;181910;188191;194183;199924;205453;210609;215210;219155;222456;225077;227198;229129;231045
75-79;30443;31426;32416;33439;34531;35707;36984;38408;39913;41408;42858;44283;45659;47103;48757;50697;52892;55340;57979;60696;63446;66228;69057;71880;74648;77341;79978;82551;85202;88119;91407;95047;99055;103269;107420;111363;115130;118688;122232;126083;130420;135138;140190;145426;150605;155561;160321;164919;169226;173080;176408
80-84;16929;17514;18146;18806;19483;20166;20862;21569;22304;23090;23931;24844;25866;26944;28016;29054;30078;31084;32141;33354;34766;36357;38127;40030;41991;43977;45991;48049;50108;52131;54104;56045;57951;59924;62095;64541;67240;70203;73310;76370;79284;82078;84737;87402;90305;93571;97114;100893;104802;108670;112383
85-89;7868;8077;8355;8672;9006;9340;9690;10072;10475;10887;11300;11726;12159;12615;13101;13621;14182;14813;15480;16141;16782;17417;18048;18716;19483;20368;21365;22465;23648;24870;26106;27364;28658;29954;31235;32481;33715;34938;36210;37611;39187;40919;42815;44801;46754;48616;50414;52137;53876;55778;57913
90+;4978;4988;5014;5062;5130;5213;5325;5476;5650;5840;6034;6246;6494;6758;7034;7308;7600;7909;8237;8587;8950;9342;9776;10234;10697;11155;11621;12110;12628;13199;13826;14510;15252;16047;16880;17744;18645;19587;20556;21532;22504;23490;24492;25535;26650;27855;29142;30517;31950;33391;34824
Mulheres;;;;;;;;;;;;;;;;;;;;;;;;;;;;;;;;;;;;;;;;;;;;;;;;;;;
Faixa/Ano;2010;2011;2012;2013;2014;2015;2016;2017;2018;2019;2020;2021;2022;2023;2024;2025;2026;2027;2028;2029;2030;2031;2032;2033;2034;2035;2036;2037;2038;2039;2040;2041;2042;2043;2044;2045;2046;2047;2048;2049;2050;2051;2052;2053;2054;2055;2056;2057;2058;2059;2060
Total;3847393;3898953;3949315;3998409;4047994;4097793;4145088;4191776;4239836;4287278;4334094;4380271;4425791;4470608;4514676;4557908;4600228;4641592;4681951;4721272;4759532;4796631;4832462;4867020;4900321;4932363;4963117;4992546;5020642;5047396;5072808;5096875;5119580;5140903;5160824;5179341;5196460;5212181;5226480;5239327;5250718;5260666;5269172;5276210;5281747;5285758;5288238;5289195;5288611;5286475;5282794
0-4;390266;382803;375064;367006;361371;359153;355687;352975;353043;352135;350512;350872;351303;349786;348259;346635;344860;342915;340787;338497;336119;333656;331083;328451;325801;323152;320539;317988;315491;313036;310620;308272;306014;303842;301739;299697;297712;295790;293915;292077;290267;288488;286732;284996;283266;281522;279754;277955;276125;274271;272399
05/set;403443;401434;399823;397645;393952;388070;380672;372998;364999;359414;357239;353821;351151;351254;350382;348799;349194;349659;348178;346685;345091;343347;341426;339319;337045;334679;332228;329668;327048;324410;321774;319170;316631;314147;311699;309290;306948;304697;302534;300438;298404;296422;294509;292640;290809;289004;287229;285479;283747;282020;280283
out/14;415995;414928;411668;407741;403957;400297;398343;396786;394666;391034;385216;377884;370273;362335;356808;354686;351322;348703;348852;348030;346497;346931;347427;345972;344498;342917;341184;339272;337174;334904;332548;330105;327553;324941;322312;319683;317086;314553;312075;309632;307229;304894;302644;300486;298395;296370;294393;292482;290615;288789;286988
15-19;395307;398476;402489;406576;409548;410674;409700;406537;402708;399021;395459;393597;392130;390096;386554;380828;373594;366079;358239;352806;350768;347479;344918;345104;344309;342793;343236;343738;342292;340832;339261;337539;335635;333545;331287;328940;326508;323965;321362;318743;316123;313532;311010;308538;306101;303704;301374;299135;296984;294896;292876
20-24;378347;380038;381713;383554;385785;388480;391758;395870;400057;403129;404363;403501;400461;396757;393190;389747;387994;386635;384710;381282;375674;368557;361139;353382;348008;346002;342732;340193;340392;339610;338110;338562;339074;337644;336195;334636;332927;331034;328956;326711;324376;321959;319428;316837;314232;311621;309042;306528;304068;301639;299252
25-29;359358;364127;367241;369188;370763;372502;374290;376063;377998;380322;383100;386463;390653;394918;398073;399394;398625;395685;392089;388622;385279;383610;382326;380462;377087;371524;364450;357073;349357;344016;342030;338786;336269;336478;335713;334228;334686;335208;333791;332354;330811;329115;327234;325170;322938;320615;318212;315697;313114;310525;307927
30-34;311273;321187;330998;340242;348255;354652;359478;362662;364684;366333;368149;370009;371851;373856;376245;379084;382509;386752;391068;394277;395659;394959;392090;388559;385149;381847;380209;378954;377121;373777;368253;361225;353900;346232;340926;338964;335744;333249;333472;332723;331253;331721;332252;330849;329426;327897;326217;324346;322299;320082;317771
35-39;258346;267326;276877;286833;296935;306964;316884;326695;335948;343981;350405;355274;358512;360592;362305;364185;366105;368006;370066;372511;375396;378859;383129;387467;390695;392107;391443;388620;385137;381778;378520;376920;375693;373893;370591;365112;358142;350871;343260;338001;336066;332878;330409;330644;329910;328464;328937;329475;328089;326682;325172
40-44;216479;223792;230902;238064;245699;254045;263002;272531;282459;292533;302540;312431;322221;331462;339489;345923;350820;354102;356237;358003;359938;361910;363856;365951;368425;371329;374804;379077;383420;386655;388090;387459;384687;381258;377955;374751;373189;371998;370233;366975;361549;354646;347445;339908;334704;332798;329649;327210;327458;326741;325317
45-49;176436;182720;189705;197159;204695;212087;219359;226433;233560;241158;249454;258357;267824;277682;287688;297632;307460;317191;326378;334367;340784;345682;348987;351156;352961;354929;356927;358899;361016;363505;366420;369898;374164;378499;381729;383179;382585;379871;376515;373278;370142;368624;367469;365743;362542;357187;350374;343269;335831;330710;328842
50-54;147407;152069;156539;161064;166015;171613;177834;184739;192104;199554;206863;214057;221061;228120;235640;243848;252652;262008;271751;281643;291468;301183;310806;319892;327799;334161;339032;342337;344529;346363;348353;350373;352363;354492;356989;359906;363374;367615;371917;375136;376596;376044;373405;370137;366986;363935;362469;361361;359689;356556;351301
55-59;117285;122325;127338;132282;137118;141840;146434;150847;155315;160196;165710;171827;178605;185834;193144;200321;207389;214276;221219;228612;236680;245326;254506;264064;273766;283408;292940;302386;311307;319079;325343;330154;333438;335644;337498;339501;341532;343531;345667;348155;351058;354498;358691;362938;366122;367581;367073;364526;361371;358332;355390
60-64;87510;91357;95817;100696;105691;110610;115499;120365;125174;129880;134481;138961;143275;147645;152415;157788;163743;170328;177349;184445;191418;198291;204989;211744;218935;226771;235169;244077;253349;262760;272116;281371;290544;299208;306765;312866;317568;320803;323001;324861;326865;328894;330886;333008;335470;338334;341716;345818;349966;353084;354524
65-69;68226;70502;72613;74788;77351;80490;84165;88413;93050;97800;102483;107141;111788;116384;120889;125301;129599;133748;137953;142536;147688;153389;159683;166387;173162;179822;186386;192792;199256;206135;213629;221652;230158;239007;247990;256923;265762;274525;282805;290036;295883;300407;303541;305701;307539;309516;311511;313467;315545;317942;320727
70-74;49250;51281;53490;55795;58074;60281;62410;64400;66457;68867;71797;75212;79139;83418;87801;92125;96436;100744;105011;109203;113305;117309;121187;125118;129401;134206;139515;145362;151583;157868;164045;170141;176098;182117;188520;195494;202952;210852;219062;227398;235692;243899;252042;259732;266453;271894;276115;279067;281131;282904;284807
75-79;33103;34314;35651;37108;38682;40362;42164;44123;46163;48186;50144;52046;53839;55696;57860;60469;63492;66953;70713;74562;78368;82168;85973;89754;93468;97109;100666;104122;107633;111456;115738;120455;125639;131145;136704;142171;147573;152857;158208;163902;170096;176713;183714;190983;198363;205707;212982;220198;227013;232971;237795
80-84;20563;21193;21868;22606;23428;24343;25354;26464;27671;28967;30348;31823;33425;35097;36756;38364;39934;41429;42984;44788;46947;49430;52259;55318;58451;61552;64657;67776;70883;73941;76938;79874;82741;85657;88833;92384;96284;100558;105085;109653;114149;118595;122952;127375;132086;137209;142671;148440;154421;160492;166541
85-89;10445;11076;11633;12143;12630;13103;13590;14112;14677;15302;15988;16741;17564;18454;19411;20427;21509;22685;23914;25135;26320;27485;28601;29773;31125;32730;34567;36647;38888;41182;43459;45746;48047;50348;52617;54841;57024;59166;61351;63731;66385;69296;72476;75834;79219;82553;85853;89095;92393;95912;99734
90+;8354;8005;7886;7919;8045;8227;8465;8763;9103;9466;9843;10254;10716;11222;11767;12352;12991;13694;14453;15268;16133;17060;18077;19147;20236;21325;22433;23565;24766;26089;27561;29173;30932;32806;34762;36775;38864;41038;43271;45523;47774;50041;52333;54691;57186;59847;62667;65647;68752;71927;75148
Brasil;;;;;;;;;;;;;;;;;;;;;;;;;;;;;;;;;;;;;;;;;;;;;;;;;;;
Dados;;;;;;;;;;;;;;;;;;;;;;;;;;;;;;;;;;;;;;;;;;;;;;;;;;;
Ano;População total;Homens;Mulheres;Nascimentos;Óbitos;Taxa de Crescimento Geométrico;Taxa Bruta de Natalidade;Taxa Bruta de Mortalidade;Esperança de Vida ao Nascer;Esperança de Vida ao Nascer - Homens;Esperança de Vida ao Nascer - Mulheres;Taxa de Mortalidade Infantil;Taxa de Mortalidade Infantil - Homens;Taxa de Mortalidade Infantil - Mulheres;Taxa de Fecundidade Total;Razão de Dependência - Jovens 0 a 14 anos;Razão de Dependência - Idosos 65 ou mais anos;Razão de Dependência;Índice de Envelhecimento;;;;;;;;;;;;;;;;;;;;;;;;;;;;;;;;
2010;194890682;95513298;99377384;2939435;1240083;x;15.08;6.36;73.86;70.21;77.6;17.22;18.76;15.59;1.75;36.32;10.77;47.09;29.55;;;;;;;;;;;;;;;;;;;;;;;;;;;;;;;;
2011;196603732;96322635;100281097;2974525;1247751;0.88;15.13;6.35;74.2;70.57;77.91;16.43;17.86;14.92;1.76;35.37;10.99;46.36;30.99;;;;;;;;;;;;;;;;;;;;;;;;;;;;;;;;
2012;198314934;97132054;101182880;2953890;1258235;0.87;14.89;6.34;74.52;70.91;78.22;15.69;17.03;14.29;1.75;34.45;11.24;45.68;32.63;;;;;;;;;;;;;;;;;;;;;;;;;;;;;;;;
2013;200004188;97931331;102072857;2953178;1270306;0.85;14.77;6.35;74.84;71.25;78.51;15.02;16.27;13.7;1.74;33.56;11.51;45.07;34.2;;;;;;;;;;;;;;;;;;;;;;;;;;;;;;;;
2014;201717541;98744098;102973443;3028202;1284346;0.86;15.01;6.37;75.14;71.57;78.78;14.4;15.58;13.16;1.78;32.78;11.81;44.59;36.12;;;;;;;;;;;;;;;;;;;;;;;;;;;;;;;;
2015;203475683;99581002;103894681;3070979;1299541;0.87;15.09;6.39;75.44;71.88;79.05;13.82;14.93;12.65;1.8;32.15;12.13;44.29;37.67;;;;;;;;;;;;;;;;;;;;;;;;;;;;;;;;
2016;205156587;100379640;104776947;2901053;1314164;0.83;14.14;6.41;75.72;72.18;79.31;13.29;14.35;12.19;1.7;31.57;12.49;44.05;39.73;;;;;;;;;;;;;;;;;;;;;;;;;;;;;;;;
2017;206804741;101163599;105641142;3020743;1330811;0.8;14.61;6.44;75.99;72.46;79.56;12.81;13.8;11.75;1.78;31.11;12.87;43.98;41.2;;;;;;;;;;;;;;;;;;;;;;;;;;;;;;;;
2018;208494900;101971173;106523727;3003585;1349693;0.82;14.41;6.47;76.25;72.74;79.8;12.35;13.31;11.35;1.77;30.75;13.28;44.03;43.19;;;;;;;;;;;;;;;;;;;;;;;;;;;;;;;;
2019;210147125;102760295;107386830;2984414;1368954;0.79;14.2;6.51;76.5;73;80.03;11.94;12.85;10.98;1.77;30.42;13.72;44.14;45.02;;;;;;;;;;;;;;;;;;;;;;;;;;;;;;;;
2020;211755692;103527689;108228003;2963516;1389144;0.77;13.99;6.56;76.74;73.26;80.25;11.56;12.43;10.64;1.76;30.11;14.18;44.29;46.89;;;;;;;;;;;;;;;;;;;;;;;;;;;;;;;;
2021;213317639;104271843;109045796;2940629;1410602;0.74;13.79;6.61;76.97;73.5;80.46;11.2;12.04;10.32;1.76;29.83;14.67;44.5;49.51;;;;;;;;;;;;;;;;;;;;;;;;;;;;;;;;
2022;214828540;104990487;109838053;2913688;1433605;0.71;13.56;6.67;77.19;73.74;80.67;10.88;11.68;10.03;1.75;29.63;15.19;44.82;51.22;;;;;;;;;;;;;;;;;;;;;;;;;;;;;;;;
2023;216284269;105681529;110602740;2885501;1458023;0.68;13.34;6.74;77.4;73.96;80.86;10.58;11.36;9.75;1.75;29.43;15.74;45.17;53.2;;;;;;;;;;;;;;;;;;;;;;;;;;;;;;;;
2024;217684462;106345043;111339419;2856690;1483777;0.65;13.12;6.82;77.6;74.17;81.05;10.3;11.05;9.5;1.74;29.26;16.31;45.56;55.72;;;;;;;;;;;;;;;;;;;;;;;;;;;;;;;;
2025;219029093;106981304;112047789;2827039;1510693;0.62;12.91;6.9;77.8;74.38;81.22;10.04;10.77;9.27;1.74;29.11;16.9;46.01;58.29;;;;;;;;;;;;;;;;;;;;;;;;;;;;;;;;
2026;220316530;107589495;112727035;2797674;1539159;0.59;12.7;6.99;77.98;74.57;81.39;9.8;10.51;9.05;1.74;28.95;17.51;46.45;60.61;;;;;;;;;;;;;;;;;;;;;;;;;;;;;;;;
2027;221545234;108168830;113376404;2768000;1569117;0.56;12.49;7.08;78.16;74.76;81.56;9.58;10.27;8.85;1.73;28.77;18.14;46.9;62.76;;;;;;;;;;;;;;;;;;;;;;;;;;;;;;;;
2028;222713669;108718587;113995082;2738355;1600375;0.53;12.3;7.19;78.32;74.94;81.71;9.37;10.05;8.66;1.73;28.59;18.78;47.37;65.46;;;;;;;;;;;;;;;;;;;;;;;;;;;;;;;;
2029;223821305;109238514;114582791;2710134;1632845;0.5;12.11;7.3;78.49;75.11;81.86;9.18;9.84;8.49;1.72;28.36;19.42;47.79;68.23;;;;;;;;;;;;;;;;;;;;;;;;;;;;;;;;
2030;224868462;109728762;115139700;2683440;1666427;0.47;11.93;7.41;78.64;75.28;82;9.01;9.65;8.33;1.72;28.08;20.06;48.14;71.05;;;;;;;;;;;;;;;;;;;;;;;;;;;;;;;;
2031;225854415;110189007;115665408;2655850;1700970;0.44;11.76;7.53;78.78;75.43;82.14;8.85;9.48;8.18;1.72;27.84;20.71;48.55;74.33;;;;;;;;;;;;;;;;;;;;;;;;;;;;;;;;
2032;226777802;110618592;116159210;2628742;1736861;0.41;11.59;7.66;78.92;75.58;82.27;8.7;9.32;8.05;1.72;27.61;21.36;48.97;77.3;;;;;;;;;;;;;;;;;;;;;;;;;;;;;;;;
2033;227638581;111017537;116621044;2603540;1773877;0.38;11.44;7.79;79.05;75.72;82.39;8.57;9.18;7.92;1.71;27.32;22.01;49.33;80.33;;;;;;;;;;;;;;;;;;;;;;;;;;;;;;;;
2034;228437122;111386062;117051060;2579544;1812136;0.35;11.29;7.93;79.18;75.86;82.51;8.44;9.04;7.81;1.71;27.04;22.65;49.69;83.43;;;;;;;;;;;;;;;;;;;;;;;;;;;;;;;;
2035;229173685;111724392;117449293;2557147;1851454;0.32;11.16;8.08;79.3;75.99;82.62;8.32;8.92;7.7;1.71;26.76;23.28;50.04;87.08;;;;;;;;;;;;;;;;;;;;;;;;;;;;;;;;
2036;229847832;112032426;117815406;2534413;1891832;0.29;11.03;8.23;79.42;76.11;82.73;8.22;8.8;7.6;1.7;26.48;23.9;50.39;90.34;;;;;;;;;;;;;;;;;;;;;;;;;;;;;;;;
2037;230459062;112309958;118149104;2513030;1933167;0.27;10.9;8.39;79.53;76.23;82.83;8.12;8.69;7.51;1.7;26.22;24.52;50.74;93.68;;;;;;;;;;;;;;;;;;;;;;;;;;;;;;;;
2038;231007871;112557327;118450544;2493021;1975283;0.24;10.79;8.55;79.63;76.34;82.93;8.02;8.59;7.42;1.7;25.97;25.13;51.1;96.51;;;;;;;;;;;;;;;;;;;;;;;;;;;;;;;;
2039;231494650;112774820;118719830;2473758;2017958;0.21;10.69;8.72;79.73;76.45;83.02;7.93;8.49;7.34;1.7;25.74;25.77;51.52;100;;;;;;;;;;;;;;;;;;;;;;;;;;;;;;;;
2040;231919922;112962751;118957171;2455519;2060782;0.18;10.59;8.89;79.83;76.55;83.11;7.85;8.4;7.27;1.69;25.54;26.46;51.99;103.57;;;;;;;;;;;;;;;;;;;;;;;;;;;;;;;;
2041;232284233;113121438;119162795;2437785;2103915;0.16;10.49;9.06;79.92;76.65;83.2;7.77;8.32;7.2;1.69;25.35;27.18;52.53;107.23;;;;;;;;;;;;;;;;;;;;;;;;;;;;;;;;
2042;232588580;113251454;119337126;2422219;2147419;0.13;10.41;9.23;80;76.74;83.28;7.7;8.24;7.13;1.69;25.19;27.93;53.13;110.3;;;;;;;;;;;;;;;;;;;;;;;;;;;;;;;;
2043;232834065;113353443;119480622;2407325;2191168;0.11;10.34;9.41;80.09;76.83;83.36;7.63;8.16;7.06;1.69;25.06;28.73;53.78;114.72;;;;;;;;;;;;;;;;;;;;;;;;;;;;;;;;
2044;233020996;113427597;119593399;2392409;2234730;0.08;10.27;9.59;80.17;76.92;83.43;7.56;8.09;7;1.69;24.94;29.55;54.49;118.63;;;;;;;;;;;;;;;;;;;;;;;;;;;;;;;;
2045;233149625;113474061;119675564;2377677;2278119;0.06;10.2;9.77;80.24;77;83.5;7.5;8.02;6.95;1.68;24.85;30.4;55.25;122.5;;;;;;;;;;;;;;;;;;;;;;;;;;;;;;;;
2046;233220257;113493052;119727205;2363150;2321466;0.03;10.13;9.95;80.31;77.08;83.57;7.44;7.96;6.9;1.68;24.77;31.27;56.04;125.79;;;;;;;;;;;;;;;;;;;;;;;;;;;;;;;;
2047;233233670;113485011;119748659;2349527;2364398;0.01;10.07;10.14;80.38;77.16;83.63;7.39;7.9;6.84;1.68;24.72;32.17;56.89;129.75;;;;;;;;;;;;;;;;;;;;;;;;;;;;;;;;
2048;233190482;113450253;119740229;2335541;2407046;-0.02;10.02;10.32;80.45;77.23;83.7;7.33;7.84;6.8;1.68;24.68;33.08;57.76;134.62;;;;;;;;;;;;;;;;;;;;;;;;;;;;;;;;
2049;233090464;113388652;119701812;2320604;2449148;-0.04;9.96;10.51;80.51;77.3;83.75;7.29;7.79;6.75;1.68;24.66;33.99;58.64;138.06;;;;;;;;;;;;;;;;;;;;;;;;;;;;;;;;
2050;232933276;113300060;119633216;2304717;2490559;-0.07;9.89;10.69;80.57;77.37;83.81;7.24;7.74;6.71;1.68;24.64;34.88;59.52;142.21;;;;;;;;;;;;;;;;;;;;;;;;;;;;;;;;
2051;232719169;113184593;119534576;2288973;2531362;-0.09;9.84;10.88;80.63;77.43;83.86;7.2;7.69;6.67;1.67;24.63;35.76;60.38;144.81;;;;;;;;;;;;;;;;;;;;;;;;;;;;;;;;
2052;232448867;113042592;119406275;2273127;2571362;-0.12;9.78;11.06;80.68;77.49;83.91;7.16;7.65;6.64;1.67;24.62;36.62;61.24;148.37;;;;;;;;;;;;;;;;;;;;;;;;;;;;;;;;
2053;232122448;112874076;119248372;2255972;2610595;-0.14;9.72;11.25;80.74;77.55;83.96;7.12;7.61;6.6;1.67;24.62;37.45;62.07;151.97;;;;;;;;;;;;;;;;;;;;;;;;;;;;;;;;
2054;231739632;112678873;119060759;2237804;2648830;-0.16;9.66;11.43;80.78;77.61;84;7.08;7.57;6.57;1.67;24.62;38.26;62.89;155.63;;;;;;;;;;;;;;;;;;;;;;;;;;;;;;;;
2055;231300323;112456873;118843450;2218450;2686056;-0.19;9.59;11.61;80.83;77.66;84.04;7.05;7.54;6.54;1.67;24.63;39.05;63.68;159.33;;;;;;;;;;;;;;;;;;;;;;;;;;;;;;;;
2056;230805223;112208379;118596844;2199622;2722232;-0.21;9.53;11.79;80.88;77.71;84.08;7.02;7.5;6.51;1.67;24.63;39.81;64.43;161.33;;;;;;;;;;;;;;;;;;;;;;;;;;;;;;;;
2057;230255685;111934042;118321643;2180831;2757317;-0.24;9.47;11.98;80.92;77.76;84.12;6.99;7.47;6.48;1.66;24.62;40.52;65.15;164.43;;;;;;;;;;;;;;;;;;;;;;;;;;;;;;;;
2058;229652286;111634119;118018167;2161015;2791329;-0.26;9.41;12.15;80.96;77.81;84.16;6.96;7.44;6.46;1.66;24.62;41.22;65.84;168.24;;;;;;;;;;;;;;;;;;;;;;;;;;;;;;;;
2059;228995541;111308845;117686696;2141033;2824224;-0.29;9.35;12.33;81;77.86;84.19;6.94;7.41;6.44;1.66;24.61;41.91;66.53;170.27;;;;;;;;;;;;;;;;;;;;;;;;;;;;;;;;
2060;228286347;110958642;117327705;2120842;2856059;-0.31;9.29;12.51;81.04;77.9;84.23;6.91;7.39;6.42;1.66;24.61;42.62;67.23;173.47;;;;;;;;;;;;;;;;;;;;;;;;;;;;;;;;
Faixas etárias;;;;;;;;;;;;;;;;;;;;;;;;;;;;;;;;;;;;;;;;;;;;;;;;;;;
Total;;;;;;;;;;;;;;;;;;;;;;;;;;;;;;;;;;;;;;;;;;;;;;;;;;;
Faixa/Ano;2010;2011;2012;2013;2014;2015;2016;2017;2018;2019;2020;2021;2022;2023;2024;2025;2026;2027;2028;2029;2030;2031;2032;2033;2034;2035;2036;2037;2038;2039;2040;2041;2042;2043;2044;2045;2046;2047;2048;2049;2050;2051;2052;2053;2054;2055;2056;2057;2058;2059;2060
Total;194890682;196603732;198314934;200004188;201717541;203475683;205156587;206804741;208494900;210147125;211755692;213317639;214828540;216284269;217684462;219029093;220316530;221545234;222713669;223821305;224868462;225854415;226777802;227638581;228437122;229173685;229847832;230459062;231007871;231494650;231919922;232284233;232588580;232834065;233020996;233149625;233220257;233233670;233190482;233090464;232933276;232719169;232448867;232122448;231739632;231300323;230805223;230255685;229652286;228995541;228286347
0-4;14858280;14697433;14624301;14567170;14570070;14677159;14715112;14720776;14787557;14798332;14730311;14703281;14675523;14569055;14452355;14326234;14192256;14053426;13912226;13770272;13629815;13491399;13354905;13221642;13092489;12967369;12846604;12730937;12620549;12514918;12413588;12316709;12225086;12138798;12057106;11979238;11904624;11832490;11761709;11691308;11620256;11547982;11473958;11397201;11317212;11233863;11147191;11057520;10965028;10870292;10774218
05/set;15865195;15600504;15387507;15203145;15029641;14824271;14664918;14593299;14537829;14542132;14650311;14689394;14695773;14762671;14773628;14705941;14679311;14652033;14546208;14430226;14304778;14171490;14033278;13892710;13751331;13611405;13473529;13337523;13204728;13076037;12951361;12830995;12715703;12605672;12500387;12399373;12302790;12211456;12125433;12043993;11966376;11891973;11820071;11749531;11679356;11608504;11536459;11462615;11386046;11306224;11223031
out/14;17397304;17216843;16880174;16495325;16131984;15840860;15577214;15365237;15182024;15009676;14805478;14647164;14576191;14520972;14525347;14633526;14672711;14679300;14746432;14757724;14690423;14664114;14637176;14531700;14416109;14291049;14158125;14020272;13880038;13738984;13599376;13461829;13326122;13193611;13065182;12940762;12820626;12705545;12595720;12490655;12389855;12293466;12202305;12116445;12035156;11957694;11883455;11811703;11741278;11671246;11600532
15-19;17219086;17238401;17315601;17402809;17424089;17334096;17155615;16821630;16439846;16079464;15790863;15529387;15318916;15136923;14965724;14762869;14605891;14536019;14481942;14487286;14596110;14635967;14643187;14710785;14722659;14656163;14630405;14603997;14499263;14384409;14260078;14127872;13990752;13851207;13710840;13571863;13434947;13299846;13167907;13040010;12916108;12796510;12681921;12572557;12467934;12367551;12271531;12180736;12095228;12014265;11937109
20-24;17476779;17396868;17296030;17195219;17124785;17100769;17122881;17203520;17294780;17319853;17233266;17057794;16726717;16347561;15989803;15703800;15444924;15236871;15057313;14888503;14688175;14533531;14465563;14413260;14420025;14529708;14570602;14578856;14647162;14659931;14594614;14569782;14544238;14440723;14327061;14203946;14072906;13936948;13798559;13659314;13521425;13385549;13251456;13120499;12993545;12870528;12751775;12637977;12529386;12425516;12325847
25-29;17334110;17423848;17454135;17436877;17391346;17331851;17256322;17161679;17068593;17004904;16985866;17011218;17092427;17182193;17206153;17119972;16946247;16618500;16243415;15889766;15607291;15351552;15146240;14969263;14802897;14605190;14452983;14386955;14336521;14344709;14455193;14497153;14506501;14575436;14589082;14524961;14501063;14476422;14374170;14261783;14139942;14010163;13875462;13738287;13600246;13463536;13328803;13195813;13065893;12939931;12817887
30-34;15955949;16275019;16567575;16822855;17028854;17178656;17271648;17306947;17296659;17258318;17205416;17135646;17044190;16951251;16886952;16867543;16892885;16974395;17065211;17091062;17007393;16836728;16512899;16141856;15792033;15512843;15259983;15057188;14882572;14718488;14523256;14373318;14309113;14260407;14269902;14381026;14423898;14434174;14503630;14518027;14455019;14431957;14408126;14307058;14195853;14075191;13946610;13813084;13677088;13540196;13404578
35-39;14075108;14350827;14689558;15066579;15441748;15787821;16107943;16402815;16661965;16872342;17026545;17123723;17161844;17152616;17115112;17063584;16995707;16906691;16816670;16755274;16738294;16765601;16848588;16940702;16968189;16886844;16719129;16399166;16032170;15686230;15410325;15160396;14960090;14787787;14625966;14433207;14285523;14223058;14175984;14186704;14298311;14341981;14353071;14422945;14437977;14376076;14353778;14330671;14230768;14120755;14001307
40-44;13184170;13311309;13414041;13519509;13668343;13884283;14161178;14500831;14879035;15255513;15602974;15924417;16219710;16478229;16688213;16842846;16941312;16981681;16975459;16941357;16893256;16828804;16743240;16656520;16598022;16583446;16612647;16696902;16790065;16818996;16739962;16575282;16259556;15897111;15555535;15283397;15036761;14839171;14669407;14510049;14320041;14174828;14114206;14068807;14080737;14192649;14236987;14248844;14318948;14334584;14273861
45-49;11992439;12218181;12426314;12615601;12784211;12933598;13064058;13171048;13281287;13434076;13652504;13930420;14269004;14644402;15017933;15363171;15683089;15977567;16236139;16446903;16602926;16703462;16746553;16743579;16713006;16668492;16607681;16525845;16442743;16387431;16375387;16406437;16491724;16585608;16615819;16539189;16377988;16067408;15710668;15374594;15107158;14864721;14670479;14503796;14347422;14160785;14018586;13960052;13916591;13929788;14041783
50-54;10276773;10574366;10868062;11152415;11419933;11666086;11892707;12102371;12293932;12465329;12617804;12751592;12861867;12974530;13128538;13346782;13623237;13959030;14330885;14700984;15043388;15361008;15653779;15911350;16121912;16278600;16380728;16426408;16426757;16399939;16359306;16302574;16224958;16146006;16094242;16084875;16117711;16203642;16297801;16329111;16255195;16098244;15794311;15445094;15116301;14855005;14618039;14428117;14265353;14112793;13930535
55-59;8387564;8679820;8977656;9278724;9579705;9877881;10172542;10463716;10746091;11012111;11257277;11483368;11692613;11883880;12055490;12208751;12343963;12456465;12571436;12726473;12943766;13217366;13548288;13914012;14277951;14615019;14928011;15216929;15471607;15680383;15836527;15939411;15987269;15990939;15968053;15931630;15879345;15806522;15732281;15684468;15677945;15712380;15798347;15891980;15924009;15853162;15701406;15406171;15066946;14747850;14494713
60-64;6596741;6859058;7119004;7379912;7647936;7926230;8211893;8503042;8797470;9091910;9383728;9672175;9957156;10233460;10493988;10734491;10956693;11162776;11351609;11521660;11673982;11809015;11922324;12038067;12192258;12406090;12673729;12996043;13351492;13705082;14032901;14337648;14619346;14868106;15072540;15226101;15328313;15377469;15384059;15365094;15332980;15285499;15218052;15149158;15105746;15102049;15137666;15222586;15314436;15346470;15279016
65-69;4905988;5095516;5318713;5565313;5819304;6071240;6322755;6572590;6823731;7081680;7349244;7623733;7903288;8185834;8468411;8748627;9025766;9299757;9565627;9816554;10048512;10263166;10462649;10645868;10811283;10959940;11092321;11204363;11318835;11469648;11676652;11934133;12242752;12582173;12919685;13232909;13524376;13794222;14032965;14229585;14377822;14477368;14526754;14535915;14520894;14493445;14451348;14390212;14327671;14289289;14288480
70-74;3792042;3889352;3974955;4063519;4175947;4323465;4501441;4709484;4938529;5174388;5408663;5642901;5876091;6110754;6351769;6601500;6857600;7118354;7381902;7645534;7907040;8165785;8421765;8670307;8905063;9122289;9323635;9511104;9683679;9839876;9980630;10106571;10214158;10324288;10467931;10663049;10904126;11191369;11506226;11819031;12109555;12380193;12631212;12853724;13037277;13176002;13269879;13317776;13328895;13317878;13295484
75-79;2597990;2688798;2797237;2913384;3023576;3121818;3211601;3292375;3376250;3480536;3614389;3774018;3959070;4161906;4370673;4578361;4786387;4994114;5203523;5418622;5641260;5869405;6101656;6336314;6571128;6804078;7034690;7263005;7484798;7694408;7888458;8068562;8236631;8391702;8532383;8659541;8773851;8872509;8973811;9104799;9280868;9496727;9752138;10030863;10307408;10564467;10804204;11027068;11224976;11388373;11511971
80-84;1689444;1727063;1764898;1807817;1861166;1926871;2004365;2095235;2191860;2283815;2366558;2443191;2513706;2587330;2677251;2790280;2923509;3076687;3243763;3415649;3586931;3758879;3931160;4105249;4284098;4468984;4658301;4850986;5045614;5240341;5433588;5624985;5814637;5998934;6173117;6334346;6484201;6624391;6754088;6872004;6978835;7075422;7159683;7246694;7358416;7506972;7687508;7899218;8128899;8356311;8567809
85-89;830529;901360;954570;996763;1032554;1065148;1097017;1129489;1165517;1208442;1259330;1318006;1385731;1457236;1525459;1587405;1645581;1700356;1758056;1827478;1913020;2012666;2126181;2249361;2375978;2502391;2629690;2757777;2887609;3021064;3158814;3299768;3443164;3587930;3732788;3876586;4019065;4160416;4297807;4427602;4547659;4659375;4764254;4861528;4950167;5030651;5103867;5168499;5235780;5321722;5434778
90+;455191;459166;484603;521252;562349;603580;645377;688657;731945;774304;815165;856211;898723;943466;991663;1043410;1099461;1161212;1225853;1289978;1352102;1414477;1478371;1546036;1620691;1703785;1795039;1894806;2001669;2113776;2229906;2350808;2476780;2607627;2743377;2883626;3028143;3176612;3328257;3482333;3637926;3794831;3953061;4110366;4263976;4412193;4556131;4697023;4833076;4962058;5083408
Homens;;;;;;;;;;;;;;;;;;;;;;;;;;;;;;;;;;;;;;;;;;;;;;;;;;;
Faixa/Ano;2010;2011;2012;2013;2014;2015;2016;2017;2018;2019;2020;2021;2022;2023;2024;2025;2026;2027;2028;2029;2030;2031;2032;2033;2034;2035;2036;2037;2038;2039;2040;2041;2042;2043;2044;2045;2046;2047;2048;2049;2050;2051;2052;2053;2054;2055;2056;2057;2058;2059;2060
Total;95513298;96322635;97132054;97931331;98744098;99581002;100379640;101163599;101971173;102760295;103527689;104271843;104990487;105681529;106345043;106981304;107589495;108168830;108718587;109238514;109728762;110189007;110618592;111017537;111386062;111724392;112032426;112309958;112557327;112774820;112962751;113121438;113251454;113353443;113427597;113474061;113493052;113485011;113450253;113388652;113300060;113184593;113042592;112874076;112678873;112456873;112208379;111934042;111634119;111308845;110958642
0-4;7594516;7513761;7477567;7449337;7451690;7507226;7527223;7530642;7565301;7571223;7536789;7523299;7509386;7455164;7395678;7331364;7263006;7192133;7120032;7047528;6975778;6905062;6835307;6767195;6701192;6637231;6575502;6516373;6459937;6405936;6354123;6304598;6257751;6213632;6171861;6132043;6093885;6056997;6020798;5984802;5948471;5911502;5873639;5834370;5793447;5750809;5706456;5660575;5613249;5564770;5515605
05/set;8094637;7962532;7856445;7764679;7678145;7574960;7495049;7459700;7432381;7435509;7491634;7512252;7516076;7550810;7556858;7522618;7509351;7495730;7441882;7382807;7318878;7250909;7180401;7108665;7036481;6965042;6894634;6825161;6757331;6691592;6627900;6566392;6507477;6451252;6397457;6345822;6296474;6249795;6205831;6164206;6124537;6086502;6049752;6013699;5977830;5941609;5904776;5867020;5827860;5787041;5744493
out/14;8842587;8760868;8596730;8405865;8224795;8080135;7948620;7843086;7751948;7666040;7563501;7484190;7449226;7422072;7425264;7481411;7502112;7506047;7540921;7547162;7513141;7500066;7486634;7433002;7374143;7310452;7242697;7172400;7100861;7028875;6957623;6887413;6818125;6750468;6684877;6621345;6559981;6501187;6445082;6391415;6339911;6290699;6244133;6200276;6158737;6119162;6081226;6044568;6008592;5972801;5936671
15-19;8673836;8693267;8745322;8804210;8829069;8795446;8715095;8552810;8364062;8185062;8042202;7912260;7807878;7717747;7632793;7531320;7453057;7418949;7392651;7396587;7453221;7474403;7478801;7514010;7520683;7487251;7474592;7461547;7408463;7350163;7287028;7219811;7150062;7079046;7007575;6936806;6867067;6798239;6731019;6665837;6602699;6541729;6483312;6427561;6374235;6323041;6274127;6227836;6184244;6142973;6103630
20-24;8746116;8711375;8663577;8614902;8583358;8578611;8600164;8654720;8716490;8744065;8712945;8634909;8475014;8288587;8111918;7971317;7843582;7741213;7653070;7570037;7470597;7394220;7361652;7336794;7341891;7399228;7421254;7426487;7462264;7469669;7437195;7425286;7412946;7360848;7303529;7241380;7175120;7106330;7036251;6965698;6895815;6826928;6758931;6692510;6628106;6565701;6505416;6447653;6392537;6339825;6289218
25-29;8574606;8629711;8657414;8662143;8651184;8630266;8598875;8555561;8512314;8485534;8484394;8508378;8563553;8624538;8651626;8621118;8544666;8387530;8204388;8031009;7893232;7767999;7667829;7581750;7500675;7403356;7328943;7297950;7274594;7280847;7338836;7361712;7367822;7404119;7412226;7380713;7369573;7357978;7306911;7250628;7189512;7124285;7056509;6987423;6917849;6848930;6780967;6713878;6648312;6584723;6523112
30-34;7821287;7982363;8131551;8263753;8373348;8457008;8514439;8545686;8555280;8549320;8532944;8505514;8464499;8421615;8394693;8393527;8417664;8473141;8534872;8563312;8534665;8460519;8306365;8126302;7955838;7820545;7697488;7599240;7514973;7435649;7340229;7267552;7237960;7215936;7223197;7281677;7305262;7312099;7348805;7357492;7326843;7316343;7305373;7255224;7199860;7139664;7075362;7008494;6940318;6871646;6803583
35-39;6857527;6990523;7155946;7341635;7527745;7700900;7862666;8013399;8148183;8260741;8347421;8407755;8440996;8451369;8446055;8430688;8404634;8365378;8324589;8299702;8300209;8325674;8382118;8444696;8474256;8447253;8375224;8223858;8046719;7879049;7746136;7625181;7528741;7446144;7368454;7274845;7203808;7175501;7154681;7162834;7221685;7245877;7253323;7290325;7299496;7269639;7259722;7249292;7200007;7145508;7086207
40-44;6405478;6465519;6511227;6557089;6624863;6727359;6861189;7027271;7213769;7400750;7574836;7737477;7888496;8022898;8135221;8222214;8283430;8318165;8330545;8327522;8314471;8290745;8253830;8215289;8192354;8194452;8221147;8278370;8341585;8372088;8346626;8276663;8128189;7954176;7789503;7659150;7540448;7445888;7365050;7289066;7197348;7128025;7100999;7081359;7090362;7149455;7174123;7182135;7219317;7228927;7199896
45-49;5768516;5880219;5985481;6082367;6167931;6241647;6303978;6352579;6401687;6472175;6576419;6711034;6876531;7061277;7246407;7419108;7580798;7731316;7865760;7978594;8066468;8128987;8165432;8179855;8179060;8168292;8146911;8112423;8076237;8055349;8059034;8086849;8144623;8208179;8239414;8215443;8147699;8002569;7832277;7671186;7543900;7427925;7335566;7256745;7182722;7093220;7025894;7000246;6981909;6991754;7050917
50-54;4900002;5040349;5178764;5313246;5441195;5561009;5673316;5779573;5877917;5965268;6041008;6105571;6156429;6207294;6278778;6383077;6516900;6680739;6863310;7046315;7217244;7377487;7526925;7660698;7773367;7861606;7925036;7962995;7979372;7980824;7972437;7953589;7921753;7888179;7869486;7874764;7903569;7961564;8025093;8056849;8034455;7969304;7828334;7662799;7506320;7382926;7270417;7180814;7104474;7032873;6946162
55-59;3954821;4089187;4227766;4368987;4510555;4650762;4789417;4926386;5059761;5186871;5306101;5418069;5523994;5622071;5709488;5785731;5851268;5903677;5956190;6028485;6132308;6264412;6425224;6603964;6783080;6950611;7107892;7254823;7386666;7498065;7585774;7649457;7688505;7706661;7710316;7704363;7688149;7659220;7628530;7612199;7619074;7648657;7706356;7769208;7801082;7780353;7718248;7582612;7423293;7272866;7154556
60-64;3081961;3198692;3313737;3429277;3548963;3674713;3805186;3939707;4076794;4214303;4350563;4485379;4618536;4748149;4871821;4988027;5097383;5201061;5297302;5383487;5458969;5524298;5577221;5630273;5702081;5803746;5932098;6087478;6259725;6432268;6593867;6745779;6887959;7015825;7124175;7209866;7272652;7311982;7331395;7336975;7333300;7319725;7293901;7266311;7252466;7260725;7290580;7347073;7408221;7439552;7420473
65-69;2253998;2339108;2439108;2549140;2661907;2773210;2883883;2993314;3103440;3217426;3337000;3460918;3588535;3718492;3848844;3978090;4106032;4232502;4355732;4473440;4584216;4688647;4787847;4880176;4963105;5036045;5099560;5151653;5203924;5273663;5371091;5493166;5640066;5802391;5964930;6117373;6260872;6395434;6516731;6619770;6701600;6762068;6800700;6820803;6827971;6826458;6815605;6793193;6769102;6757874;6767303
70-74;1689818;1732563;1770303;1809593;1859518;1924795;2003224;2094581;2194687;2297297;2398778;2499910;2600243;2701380;2806006;2915566;3028989;3145702;3264515;3383680;3501868;3618911;3734717;3847628;3955595;4057304;4153367;4244811;4330120;4406952;4474742;4534111;4583407;4633065;4698510;4788775;4900975;5035044;5182591;5330211;5468808;5599462;5722265;5833225;5927673;6002895;6058911;6095418;6115370;6123684;6124121
75-79;1105206;1144121;1190922;1240998;1288273;1330216;1368574;1403314;1439622;1484658;1542105;1610235;1688895;1774682;1862608;1949716;2036732;2123408;2210961;2301516;2396166;2494028;2594665;2697044;2799720;2901547;3002440;3102353;3199832;3293112;3381052;3464237;3543625;3617852;3684841;3744109;3796312;3840217;3884676;3942722;4021823;4119269;4234768;4361237;4487603;4606394;4718561;4824282;4920042;5001664;5066803
80-84;677628;692280;707304;724631;746369;773094;804695;841980;881564;919059;952619;983758;1012641;1042996;1079956;1126100;1180178;1242110;1309326;1378193;1446541;1514999;1583484;1652852;1724591;1799420;1876683;1956079;2036796;2117674;2197885;2277383;2356175;2433074;2506675;2576080;2641835;2704769;2763770;2817079;2864310;2906165;2941812;2978203;3025436;3089091;3166772;3257946;3357133;3456065;3549148
85-89;314944;340306;359247;374268;387076;398787;410381;422377;435871;452078;471252;493422;519178;546326;572074;595279;617114;637836;659812;686235;718616;756161;798785;844827;891952;938795;985869;1033177;1081264;1131002;1182750;1236101;1290875;1346482;1402163;1457337;1512013;1566262;1619219;1669886;1717634;1762927;1806456;1847353;1884307;1917047;1946213;1971377;1997388;2031094;2076107
90+;155814;155891;163643;175211;188114;200858;213666;226913;240102;252916;265178;277513;290381;304062;318955;335033;352599;372193;392729;412903;432174;451480;471355;492517;515998;542216;571089;602780;636664;672043;708423;746158;785393;826114;868408;912170;957358;1003936;1051543;1099797;1148335;1197201;1246463;1295445;1343371;1389754;1435003;1479630;1522751;1563205;1600637
Mulheres;;;;;;;;;;;;;;;;;;;;;;;;;;;;;;;;;;;;;;;;;;;;;;;;;;;
Faixa/Ano;2010;2011;2012;2013;2014;2015;2016;2017;2018;2019;2020;2021;2022;2023;2024;2025;2026;2027;2028;2029;2030;2031;2032;2033;2034;2035;2036;2037;2038;2039;2040;2041;2042;2043;2044;2045;2046;2047;2048;2049;2050;2051;2052;2053;2054;2055;2056;2057;2058;2059;2060
Total;99377384;100281097;101182880;102072857;102973443;103894681;104776947;105641142;106523727;107386830;108228003;109045796;109838053;110602740;111339419;112047789;112727035;113376404;113995082;114582791;115139700;115665408;116159210;116621044;117051060;117449293;117815406;118149104;118450544;118719830;118957171;119162795;119337126;119480622;119593399;119675564;119727205;119748659;119740229;119701812;119633216;119534576;119406275;119248372;119060759;118843450;118596844;118321643;118018167;117686696;117327705
0-4;7263764;7183672;7146734;7117833;7118380;7169933;7187889;7190134;7222256;7227109;7193522;7179982;7166137;7113891;7056677;6994870;6929250;6861293;6792194;6722744;6654037;6586337;6519598;6454447;6391297;6330138;6271102;6214564;6160612;6108982;6059465;6012111;5967335;5925166;5885245;5847195;5810739;5775493;5740911;5706506;5671785;5636480;5600319;5562831;5523765;5483054;5440735;5396945;5351779;5305522;5258613
05/set;7770558;7637972;7531062;7438466;7351496;7249311;7169869;7133599;7105448;7106623;7158677;7177142;7179697;7211861;7216770;7183323;7169960;7156303;7104326;7047419;6985900;6920581;6852877;6784045;6714850;6646363;6578895;6512362;6447397;6384445;6323461;6264603;6208226;6154420;6102930;6053551;6006316;5961661;5919602;5879787;5841839;5805471;5770319;5735832;5701526;5666895;5631683;5595595;5558186;5519183;5478538
out/14;8554717;8455975;8283444;8089460;7907189;7760725;7628594;7522151;7430076;7343636;7241977;7162974;7126965;7098900;7100083;7152115;7170599;7173253;7205511;7210562;7177282;7164048;7150542;7098698;7041966;6980597;6915428;6847872;6779177;6710109;6641753;6574416;6507997;6443143;6380305;6319417;6260645;6204358;6150638;6099240;6049944;6002767;5958172;5916169;5876419;5838532;5802229;5767135;5732686;5698445;5663861
15-19;8545250;8545134;8570279;8598599;8595020;8538650;8440520;8268820;8075784;7894402;7748661;7617127;7511038;7419176;7332931;7231549;7152834;7117070;7089291;7090699;7142889;7161564;7164386;7196775;7201976;7168912;7155813;7142450;7090800;7034246;6973050;6908061;6840690;6772161;6703265;6635057;6567880;6501607;6436888;6374173;6313409;6254781;6198609;6144996;6093699;6044510;5997404;5952900;5910984;5871292;5833479
20-24;8730663;8685493;8632453;8580317;8541427;8522158;8522717;8548800;8578290;8575788;8520321;8422885;8251703;8058974;7877885;7732483;7601342;7495658;7404243;7318466;7217578;7139311;7103911;7076466;7078134;7130480;7149348;7152369;7184898;7190262;7157419;7144496;7131292;7079875;7023532;6962566;6897786;6830618;6762308;6693616;6625610;6558621;6492525;6427989;6365439;6304827;6246359;6190324;6136849;6085691;6036629
25-29;8759504;8794137;8796721;8774734;8740162;8701585;8657447;8606118;8556279;8519370;8501472;8502840;8528874;8557655;8554527;8498854;8401581;8230970;8039027;7858757;7714059;7583553;7478411;7387513;7302222;7201834;7124040;7089005;7061927;7063862;7116357;7135441;7138679;7171317;7176856;7144248;7131490;7118444;7067259;7011155;6950430;6885878;6818953;6750864;6682397;6614606;6547836;6481935;6417581;6355208;6294775
30-34;8134662;8292656;8436024;8559102;8655506;8721648;8757209;8761261;8741379;8708998;8672472;8630132;8579691;8529636;8492259;8474016;8475221;8501254;8530339;8527750;8472728;8376209;8206534;8015554;7836195;7692298;7562495;7457948;7367599;7282839;7183027;7105766;7071153;7044471;7046705;7099349;7118636;7122075;7154825;7160535;7128176;7115614;7102753;7051834;6995993;6935527;6871248;6804590;6736770;6668550;6600995
35-39;7217581;7360304;7533612;7724944;7914003;8086921;8245277;8389416;8513782;8611601;8679124;8715968;8720848;8701247;8669057;8632896;8591073;8541313;8492081;8455572;8438085;8439927;8466470;8496006;8493933;8439591;8343905;8175308;7985451;7807181;7664189;7535215;7431349;7341643;7257512;7158362;7081715;7047557;7021303;7023870;7076626;7096104;7099748;7132620;7138481;7106437;7094056;7081379;7030761;6975247;6915100
40-44;6778692;6845790;6902814;6962420;7043480;7156924;7299989;7473560;7665266;7854763;8028138;8186940;8331214;8455331;8552992;8620632;8657882;8663516;8644914;8613835;8578785;8538059;8489410;8441231;8405668;8388994;8391500;8418532;8448480;8446908;8393336;8298619;8131367;7942935;7766032;7624247;7496313;7393283;7304357;7220983;7122693;7046803;7013207;6987448;6990375;7043194;7062864;7066709;7099631;7105657;7073965
45-49;6223923;6337962;6440833;6533234;6616280;6691951;6760080;6818469;6879600;6961901;7076085;7219386;7392473;7583125;7771526;7944063;8102291;8246251;8370379;8468309;8536458;8574475;8581121;8563724;8533946;8500200;8460770;8413422;8366506;8332082;8316353;8319588;8347101;8377429;8376405;8323746;8230289;8064839;7878391;7703408;7563258;7436796;7334913;7247051;7164700;7067565;6992692;6959806;6934682;6938034;6990866
50-54;5376771;5534017;5689298;5839169;5978738;6105077;6219391;6322798;6416015;6500061;6576796;6646021;6705438;6767236;6849760;6963705;7106337;7278291;7467575;7654669;7826144;7983521;8126854;8250652;8348545;8416994;8455692;8463413;8447385;8419115;8386869;8348985;8303205;8257827;8224756;8210111;8214142;8242078;8272708;8272262;8220740;8128940;7965977;7782295;7609981;7472079;7347622;7247303;7160879;7079920;6984373
55-59;4432743;4590633;4749890;4909737;5069150;5227119;5383125;5537330;5686330;5825240;5951176;6065299;6168619;6261809;6346002;6423020;6492695;6552788;6615246;6697988;6811458;6952954;7123064;7310048;7494871;7664408;7820119;7962106;8084941;8182318;8250753;8289954;8298764;8284278;8257737;8227267;8191196;8147302;8103751;8072269;8058871;8063723;8091991;8122772;8122927;8072809;7983158;7823559;7643653;7474984;7340157
60-64;3514780;3660366;3805267;3950635;4098973;4251517;4406707;4563335;4720676;4877607;5033165;5186796;5338620;5485311;5622167;5746464;5859310;5961715;6054307;6138173;6215013;6284717;6345103;6407794;6490177;6602344;6741631;6908565;7091767;7272814;7439034;7591869;7731387;7852281;7948365;8016235;8055661;8065487;8052664;8028119;7999680;7965774;7924151;7882847;7853280;7841324;7847086;7875513;7906215;7906918;7858543
65-69;2651990;2756408;2879605;3016173;3157397;3298030;3438872;3579276;3720291;3864254;4012244;4162815;4314753;4467342;4619567;4770537;4919734;5067255;5209895;5343114;5464296;5574519;5674802;5765692;5848178;5923895;5992761;6052710;6114911;6195985;6305561;6440967;6602686;6779782;6954755;7115536;7263504;7398788;7516234;7609815;7676222;7715300;7726054;7715112;7692923;7666987;7635743;7597019;7558569;7531415;7521177
70-74;2102224;2156789;2204652;2253926;2316429;2398670;2498217;2614903;2743842;2877091;3009885;3142991;3275848;3409374;3545763;3685934;3828611;3972652;4117387;4261854;4405172;4546874;4687048;4822679;4949468;5064985;5170268;5266293;5353559;5432924;5505888;5572460;5630751;5691223;5769421;5874274;6003151;6156325;6323635;6488820;6640747;6780731;6908947;7020499;7109604;7173107;7210968;7222358;7213525;7194194;7171363
75-79;1492784;1544677;1606315;1672386;1735303;1791602;1843027;1889061;1936628;1995878;2072284;2163783;2270175;2387224;2508065;2628645;2749655;2870706;2992562;3117106;3245094;3375377;3506991;3639270;3771408;3902531;4032250;4160652;4284966;4401296;4507406;4604325;4693006;4773850;4847542;4915432;4977539;5032292;5089135;5162077;5259045;5377458;5517370;5669626;5819805;5958073;6085643;6202786;6304934;6386709;6445168
80-84;1011816;1034783;1057594;1083186;1114797;1153777;1199670;1253255;1310296;1364756;1413939;1459433;1501065;1544334;1597295;1664180;1743331;1834577;1934437;2037456;2140390;2243880;2347676;2452397;2559507;2669564;2781618;2894907;3008818;3122667;3235703;3347602;3458462;3565860;3666442;3758266;3842366;3919622;3990318;4054925;4114525;4169257;4217871;4268491;4332980;4417881;4520736;4641272;4771766;4900246;5018661
85-89;515585;561054;595323;622495;645478;666361;686636;707112;729646;756364;788078;824584;866553;910910;953385;992126;1028467;1062520;1098244;1141243;1194404;1256505;1327396;1404534;1484026;1563596;1643821;1724600;1806345;1890062;1976064;2063667;2152289;2241448;2330625;2419249;2507052;2594154;2678588;2757716;2830025;2896448;2957798;3014175;3065860;3113604;3157654;3197122;3238392;3290628;3358671
90+;299377;303275;320960;346041;374235;402722;431711;461744;491843;521388;549987;578698;608342;639404;672708;708377;746862;789019;833124;877075;919928;962997;1007016;1053519;1104693;1161569;1223950;1292026;1365005;1441733;1521483;1604650;1691387;1781513;1874969;1971456;2070785;2172676;2276714;2382536;2489591;2597630;2706598;2814921;2920605;3022439;3121128;3217393;3310325;3398853;3482771
