Paraíba;;;;;;;;;;;;;;;;;;;;;;;;;;;;;;;;;;;;;;;;;;;;;;;;;;;
Dados;;;;;;;;;;;;;;;;;;;;;;;;;;;;;;;;;;;;;;;;;;;;;;;;;;;
Ano;População total;Homens;Mulheres;Nascimentos;Óbitos;Taxa de Crescimento Geométrico;Taxa Bruta de Natalidade;Taxa Bruta de Mortalidade;Esperança de Vida ao Nascer;Esperança de Vida ao Nascer - Homens;Esperança de Vida ao Nascer - Mulheres;Taxa de Mortalidade Infantil;Taxa de Mortalidade Infantil - Homens;Taxa de Mortalidade Infantil - Mulheres;Taxa de Fecundidade Total;Razão de Dependência - Jovens 0 a 14 anos;Razão de Dependência - Idosos 65 ou mais anos;Razão de Dependência;Índice de Envelhecimento;;;;;;;;;;;;;;;;;;;;;;;;;;;;;;;;
2010;3840796;1861223;1979573;58544;32139;x;15.24;8.37;71.24;67.38;75.1;22.87;23.29;22.43;1.76;39.13;12.91;52.04;33.07;;;;;;;;;;;;;;;;;;;;;;;;;;;;;;;;
2011;3859813;1869634;1990179;56215;31682;0.5;14.56;8.21;71.59;67.73;75.46;21.46;21.81;21.1;1.68;38.05;12.96;51.01;34.13;;;;;;;;;;;;;;;;;;;;;;;;;;;;;;;;
2012;3875373;1876227;1999146;50642;31346;0.4;13.07;8.09;71.94;68.06;75.82;20.18;20.47;19.87;1.51;36.88;13.07;49.94;35.37;;;;;;;;;;;;;;;;;;;;;;;;;;;;;;;;
2013;3890494;1882569;2007925;54623;31163;0.39;14.04;8.01;72.29;68.4;76.16;19.02;19.27;18.75;1.63;35.73;13.21;48.94;37.08;;;;;;;;;;;;;;;;;;;;;;;;;;;;;;;;
2014;3910059;1891174;2018885;59128;31138;0.5;15.12;7.96;72.61;68.72;76.49;17.97;18.19;17.72;1.76;34.81;13.36;48.17;38.3;;;;;;;;;;;;;;;;;;;;;;;;;;;;;;;;
2015;3932537;1901265;2031272;60204;31114;0.57;15.31;7.91;72.93;69.03;76.8;17.01;17.22;16.79;1.79;34.05;13.52;47.57;39.83;;;;;;;;;;;;;;;;;;;;;;;;;;;;;;;;
2016;3953693;1910681;2043012;56213;31063;0.54;14.22;7.86;73.23;69.34;77.11;16.15;16.34;15.94;1.67;33.27;13.68;46.95;41.15;;;;;;;;;;;;;;;;;;;;;;;;;;;;;;;;
2017;3974437;1919893;2054544;59138;31064;0.52;14.88;7.82;73.53;69.63;77.4;15.37;15.56;15.17;1.76;32.57;13.86;46.42;42.79;;;;;;;;;;;;;;;;;;;;;;;;;;;;;;;;
2018;3996496;1929789;2066707;58711;31128;0.56;14.69;7.79;73.82;69.92;77.67;14.66;14.85;14.47;1.76;32.01;14.05;46.06;43.84;;;;;;;;;;;;;;;;;;;;;;;;;;;;;;;;
2019;4018127;1939480;2078647;58234;31211;0.54;14.49;7.77;74.09;70.2;77.94;14.03;14.21;13.85;1.75;31.52;14.26;45.78;45.37;;;;;;;;;;;;;;;;;;;;;;;;;;;;;;;;
2020;4039277;1948943;2090334;57747;31318;0.53;14.3;7.75;74.36;70.47;78.19;13.47;13.64;13.28;1.74;31.01;14.49;45.5;46.95;;;;;;;;;;;;;;;;;;;;;;;;;;;;;;;;
2021;4059905;1958161;2101744;57247;31465;0.51;14.1;7.75;74.62;70.73;78.44;12.96;13.13;12.78;1.74;30.53;14.74;45.27;48.1;;;;;;;;;;;;;;;;;;;;;;;;;;;;;;;;
2022;4079917;1967089;2112828;56658;31656;0.49;13.89;7.76;74.86;70.99;78.67;12.51;12.68;12.33;1.73;30.16;15.01;45.17;49.52;;;;;;;;;;;;;;;;;;;;;;;;;;;;;;;;
2023;4099203;1975675;2123528;56024;31890;0.47;13.67;7.78;75.09;71.24;78.89;12.1;12.27;11.92;1.73;29.84;15.32;45.15;51.46;;;;;;;;;;;;;;;;;;;;;;;;;;;;;;;;
2024;4117682;1983881;2133801;55358;32162;0.45;13.44;7.81;75.32;71.47;79.1;11.74;11.91;11.56;1.72;29.55;15.67;45.22;52.94;;;;;;;;;;;;;;;;;;;;;;;;;;;;;;;;
2025;4135286;1991675;2143611;54660;32471;0.43;13.22;7.85;75.54;71.7;79.31;11.41;11.59;11.24;1.72;29.35;16.07;45.42;54.95;;;;;;;;;;;;;;;;;;;;;;;;;;;;;;;;
2026;4151945;1999024;2152921;53929;32820;0.4;12.99;7.9;75.75;71.93;79.5;11.13;11.3;10.95;1.71;29.22;16.53;45.75;56.5;;;;;;;;;;;;;;;;;;;;;;;;;;;;;;;;
2027;4167546;2005874;2161672;53083;33203;0.38;12.74;7.97;75.95;72.14;79.68;10.87;11.04;10.7;1.71;29.24;17.06;46.3;58.5;;;;;;;;;;;;;;;;;;;;;;;;;;;;;;;;
2028;4181999;2012183;2169816;52230;33613;0.35;12.49;8.04;76.15;72.35;79.86;10.64;10.81;10.47;1.7;29.28;17.63;46.91;60.3;;;;;;;;;;;;;;;;;;;;;;;;;;;;;;;;
2029;4195340;2017967;2177373;51502;34039;0.32;12.28;8.11;76.33;72.55;80.03;10.45;10.61;10.27;1.7;29.11;18.2;47.31;62.63;;;;;;;;;;;;;;;;;;;;;;;;;;;;;;;;
2030;4207657;2023270;2184387;50849;34477;0.29;12.08;8.19;76.51;72.74;80.18;10.27;10.43;10.09;1.69;28.8;18.76;47.56;65.13;;;;;;;;;;;;;;;;;;;;;;;;;;;;;;;;
2031;4218905;2028065;2190840;50155;34926;0.27;11.89;8.28;76.68;72.93;80.34;10.1;10.28;9.93;1.69;28.54;19.36;47.89;67.88;;;;;;;;;;;;;;;;;;;;;;;;;;;;;;;;
2032;4228977;2032296;2196681;49418;35400;0.24;11.69;8.37;76.83;73.11;80.48;9.97;10.13;9.79;1.69;28.28;19.98;48.26;70.68;;;;;;;;;;;;;;;;;;;;;;;;;;;;;;;;
2033;4237853;2035952;2201901;48731;35894;0.21;11.5;8.47;76.99;73.28;80.62;9.84;10.01;9.66;1.68;27.95;20.6;48.55;73.94;;;;;;;;;;;;;;;;;;;;;;;;;;;;;;;;
2034;4245570;2039052;2206518;48120;36418;0.18;11.33;8.58;77.14;73.45;80.75;9.73;9.9;9.55;1.68;27.62;21.23;48.85;76.88;;;;;;;;;;;;;;;;;;;;;;;;;;;;;;;;
2035;4252159;2041612;2210547;47556;36975;0.16;11.18;8.7;77.28;73.61;80.87;9.63;9.8;9.46;1.68;27.29;21.85;49.13;79.78;;;;;;;;;;;;;;;;;;;;;;;;;;;;;;;;
2036;4257603;2043627;2213976;46969;37558;0.13;11.03;8.82;77.42;73.76;80.99;9.54;9.72;9.37;1.68;26.96;22.46;49.42;83.33;;;;;;;;;;;;;;;;;;;;;;;;;;;;;;;;
2037;4261871;2045084;2216787;46400;38172;0.1;10.89;8.96;77.54;73.91;81.1;9.47;9.64;9.29;1.67;26.64;23.07;49.71;86.52;;;;;;;;;;;;;;;;;;;;;;;;;;;;;;;;
2038;4264971;2045987;2218984;45878;38803;0.07;10.76;9.1;77.67;74.05;81.2;9.41;9.57;9.23;1.67;26.32;23.69;50.01;90.29;;;;;;;;;;;;;;;;;;;;;;;;;;;;;;;;
2039;4266919;2046347;2220572;45383;39458;0.05;10.64;9.25;77.78;74.19;81.3;9.34;9.51;9.17;1.67;26.03;24.33;50.36;93.64;;;;;;;;;;;;;;;;;;;;;;;;;;;;;;;;
2040;4267727;2046170;2221557;44902;40106;0.02;10.52;9.4;77.9;74.32;81.39;9.29;9.46;9.11;1.67;25.76;25.03;50.79;97.08;;;;;;;;;;;;;;;;;;;;;;;;;;;;;;;;
2041;4267396;2045455;2221941;44415;40769;-0.01;10.41;9.55;78;74.44;81.48;9.24;9.41;9.07;1.66;25.51;25.78;51.29;100.59;;;;;;;;;;;;;;;;;;;;;;;;;;;;;;;;
2042;4265937;2044208;2221729;43988;41447;-0.03;10.31;9.72;78.11;74.56;81.57;9.2;9.37;9.02;1.66;25.3;26.57;51.87;104.79;;;;;;;;;;;;;;;;;;;;;;;;;;;;;;;;
2043;4263380;2042447;2220933;43589;42139;-0.06;10.22;9.88;78.21;74.68;81.65;9.16;9.33;8.99;1.66;25.11;27.4;52.51;109.09;;;;;;;;;;;;;;;;;;;;;;;;;;;;;;;;
2044;4259719;2040169;2219550;43179;42846;-0.09;10.14;10.06;78.3;74.79;81.73;9.13;9.3;8.96;1.66;24.95;28.27;53.22;113.5;;;;;;;;;;;;;;;;;;;;;;;;;;;;;;;;
2045;4254930;2037363;2217567;42763;43569;-0.11;10.05;10.24;78.39;74.9;81.8;9.1;9.27;8.93;1.66;24.81;29.17;53.98;117.39;;;;;;;;;;;;;;;;;;;;;;;;;;;;;;;;
2046;4249005;2034026;2214979;42364;44305;-0.14;9.97;10.43;78.47;75;81.87;9.08;9.25;8.9;1.65;24.69;30.09;54.78;121.25;;;;;;;;;;;;;;;;;;;;;;;;;;;;;;;;
2047;4241983;2030180;2211803;42044;45043;-0.17;9.91;10.62;78.55;75.09;81.93;9.05;9.22;8.88;1.65;24.59;31.02;55.62;125.95;;;;;;;;;;;;;;;;;;;;;;;;;;;;;;;;
2048;4233897;2025843;2208054;41726;45796;-0.19;9.86;10.82;78.63;75.19;81.99;9.03;9.2;8.86;1.65;24.52;31.97;56.49;129.94;;;;;;;;;;;;;;;;;;;;;;;;;;;;;;;;
2049;4224706;2020997;2203709;41346;46553;-0.22;9.79;11.02;78.7;75.28;82.05;9.02;9.19;8.84;1.65;24.46;32.94;57.4;134.84;;;;;;;;;;;;;;;;;;;;;;;;;;;;;;;;
2050;4214358;2015619;2198739;40932;47318;-0.24;9.71;11.23;78.77;75.36;82.11;9;9.17;8.83;1.65;24.42;33.9;58.32;138.96;;;;;;;;;;;;;;;;;;;;;;;;;;;;;;;;
2051;4202839;2009703;2193136;40539;48086;-0.27;9.65;11.44;78.84;75.44;82.16;8.99;9.16;8.81;1.65;24.39;34.87;59.26;143.14;;;;;;;;;;;;;;;;;;;;;;;;;;;;;;;;
2052;4190189;2003273;2186916;40200;48849;-0.3;9.59;11.66;78.9;75.52;82.21;8.97;9.15;8.8;1.65;24.37;35.83;60.2;147.37;;;;;;;;;;;;;;;;;;;;;;;;;;;;;;;;
2053;4176432;1996343;2180089;39839;49600;-0.33;9.54;11.88;78.96;75.6;82.25;8.96;9.14;8.79;1.65;24.36;36.77;61.13;150.99;;;;;;;;;;;;;;;;;;;;;;;;;;;;;;;;
2054;4161539;1988900;2172639;39411;50331;-0.36;9.47;12.09;79.02;75.67;82.3;8.95;9.13;8.78;1.64;24.36;37.69;62.05;155.33;;;;;;;;;;;;;;;;;;;;;;;;;;;;;;;;
2055;4145474;1980924;2164550;38943;51049;-0.39;9.39;12.31;79.07;75.74;82.34;8.95;9.12;8.77;1.64;24.35;38.59;62.94;159.06;;;;;;;;;;;;;;;;;;;;;;;;;;;;;;;;
2056;4128245;1972421;2155824;38495;51744;-0.42;9.32;12.53;79.12;75.8;82.38;8.94;9.11;8.77;1.64;24.36;39.47;63.82;161.74;;;;;;;;;;;;;;;;;;;;;;;;;;;;;;;;
2057;4109898;1963415;2146483;38067;52408;-0.44;9.26;12.75;79.17;75.86;82.42;8.93;9.1;8.76;1.64;24.36;40.33;64.69;165.54;;;;;;;;;;;;;;;;;;;;;;;;;;;;;;;;
2058;4090459;1953919;2136540;37620;53052;-0.47;9.2;12.97;79.21;75.92;82.45;8.93;9.1;8.75;1.64;24.37;41.19;65.56;169.39;;;;;;;;;;;;;;;;;;;;;;;;;;;;;;;;
2059;4069934;1943935;2125999;37153;53666;-0.5;9.13;13.19;79.26;75.98;82.49;8.93;9.09;8.75;1.64;24.37;42.03;66.41;173.29;;;;;;;;;;;;;;;;;;;;;;;;;;;;;;;;
2060;4048336;1933467;2114869;36674;54254;-0.53;9.06;13.4;79.3;76.04;82.52;8.93;9.09;8.74;1.64;24.38;42.86;67.24;175.34;;;;;;;;;;;;;;;;;;;;;;;;;;;;;;;;
Faixas etárias;;;;;;;;;;;;;;;;;;;;;;;;;;;;;;;;;;;;;;;;;;;;;;;;;;;
Total;;;;;;;;;;;;;;;;;;;;;;;;;;;;;;;;;;;;;;;;;;;;;;;;;;;
Faixa/Ano;2010;2011;2012;2013;2014;2015;2016;2017;2018;2019;2020;2021;2022;2023;2024;2025;2026;2027;2028;2029;2030;2031;2032;2033;2034;2035;2036;2037;2038;2039;2040;2041;2042;2043;2044;2045;2046;2047;2048;2049;2050;2051;2052;2053;2054;2055;2056;2057;2058;2059;2060
Total;3840796;3859813;3875373;3890494;3910059;3932537;3953693;3974437;3996496;4018127;4039277;4059905;4079917;4099203;4117682;4135286;4151945;4167546;4181999;4195340;4207657;4218905;4228977;4237853;4245570;4252159;4257603;4261871;4264971;4266919;4267727;4267396;4265937;4263380;4259719;4254930;4249005;4241983;4233897;4224706;4214358;4202839;4190189;4176432;4161539;4145474;4128245;4109898;4090459;4069934;4048336
0-4;303657;295247;285576;276344;272544;273406;274551;279039;285497;287281;285840;285354;284828;282440;279852;277045;274009;270718;267176;263487;259781;256104;252485;248994;245633;242368;239193;236151;233271;230527;227875;225316;222874;220560;218347;216207;214144;212174;210296;208470;206662;204854;203042;201198;199311;197370;195377;193311;191155;188940;186699
05/set;331357;326247;320194;314849;309582;302377;294034;284421;275237;271466;272351;273522;278028;284499;286300;284889;284423;283917;281556;278996;276210;273201;269936;266415;262749;259058;255396;251790;248312;244962;241712;238543;235512;232641;229903;227261;224710;222274;219967;217760;215626;213569;211603;209733;207910;206106;204302;202494;200657;198772;196837
out/14;353484;351124;347345;342146;336416;331663;326563;320520;315189;309930;302737;294405;284810;275636;271868;272746;273911;278405;284863;286650;285239;284764;284259;281902;279350;276572;273573;270319;266808;263151;259469;255819;252220;248750;245410;242168;239006;235981;233115;230384;227747;225200;222773;220466;218264;216137;214081;212120;210251;208435;206633
15-19;357823;356384;355034;353597;351788;349438;347162;343479;338372;332740;328079;323079;317125;311881;306703;299598;291357;281856;272771;269090;270034;271254;275759;282209;284003;282614;282155;281664;279329;276800;274041;271063;267829;264340;260702;257038;253405;249830;246377;243052;239823;236680;233666;230816;228099;225471;222937;220517;218223;216027;213911
20-24;351260;349442;347641;345922;344382;343071;341899;340811;339636;338089;336002;333990;330581;325751;320396;316006;311277;305585;300606;295683;288848;280851;271554;262632;259044;260032;261280;265780;272215;274023;272670;272237;271772;269472;266982;264258;261314;258111;254658;251053;247427;243824;240281;236857;233560;230359;227240;224253;221423;218730;216119
25-29;332027;333764;334808;335141;334734;333592;332098;330610;329206;327971;326968;326092;325301;324420;323169;321381;319661;316563;312043;307005;302916;298477;293037;288261;283496;276777;268880;259690;250866;247338;248348;249617;254112;260531;262350;261033;260628;260188;257922;255473;252781;249877;246709;243293;239722;236132;232566;229055;225664;222396;219226
30-34;301837;307429;312099;315912;319053;321615;323526;324757;325278;325065;324118;322824;321528;320312;319258;318429;317728;317104;316394;315313;313699;312139;309207;304842;299936;295947;291584;286229;281529;276839;270208;262404;253312;244583;241111;242140;243425;247910;254305;256127;254843;254460;254042;251809;249394;246736;243862;240730;237349;233814;230255
35-39;263842;269112;275710;283070;290259;296659;302288;307002;310876;314086;316726;318717;320041;320660;320550;319706;318519;317320;316196;315233;314487;313869;313321;312686;311678;310133;308640;305780;301501;296677;292762;288472;283199;278565;273945;267395;259678;250684;242047;238630;239673;240969;245436;251800;253628;252369;252007;251607;249404;247017;244391
40-44;247119;249904;251792;253475;255997;259990;265262;271845;279175;286336;292722;298352;303079;306981;310226;312909;314949;316336;317019;316979;316211;315101;313976;312923;312028;311345;310789;310303;309723;308775;307291;305859;303069;298876;294136;290295;286083;280893;276333;271776;265318;257699;248812;240276;236917;237979;239283;243722;250041;251865;250633
45-49;217342;223584;229194;234120;238333;241882;244713;246669;248422;251000;255016;260288;266841;274122;281243;287603;293222;297950;301874;305149;307870;309956;311399;312149;312184;311501;310479;309441;308468;307646;307030;306534;306107;305584;304697;303276;301908;299194;295093;290457;286699;282580;277486;273012;268538;262188;254692;245938;237528;234245;235325
50-54;174559;180976;188390;196285;203894;210721;216889;222454;227364;231583;235156;238023;240046;241872;244497;248528;253774;260268;267466;274510;280811;286391;291103;295030;298328;301084;303216;304715;305536;305652;305060;304137;303189;302299;301552;301008;300576;300211;299747;298924;297576;296277;293657;289671;285157;281509;277506;272532;268171;263800;257592
55-59;148897;151394;154277;157758;162106;167448;173710;180928;188610;196023;202693;208749;214229;219086;223282;226846;229735;231804;233688;236334;240347;245530;251914;258975;265894;272092;277597;282261;286167;289460;292231;294388;295930;296816;297013;296517;295693;294839;294041;293375;292901;292532;292229;291827;291076;289804;288586;286079;282233;277877;274367
60-64;131551;133970;135628;136900;138371;140413;142909;145763;149179;153421;158602;164653;171610;179008;186158;192610;198484;203829;208580;212707;216222;219092;221184;223100;225741;229698;234768;240978;247834;254547;260570;265933;270491;274322;277565;280308;282458;284020;284947;285208;284801;284076;283318;282605;282015;281607;281297;281052;280710;280026;278837
65-69;102733;105396;109180;113498;117442;120509;122884;124574;125922;127446;129497;131963;134750;138059;142130;147084;152844;159438;166441;173220;179349;184951;190069;194645;198635;202044;204847;206925;208837;211439;215273;220146;226084;232611;239007;244751;249878;254245;257926;261061;263721;265823;267368;268311;268623;268303;267680;267022;266400;265890;265548
70-74;86589;87868;88043;87819;88228;89814;92360;95884;99869;103523;106400;108672;110355;111741;113286;115292;117663;120317;123438;127239;131841;137166;143238;149671;155901;161551;166735;171497;175775;179518;182724;185381;187379;189235;191721;195335;199886;205392;211430;217332;222643;227388;231441;234874;237810;240314;242303;243781;244712;245058;244824
75-79;55763;58017;61377;65111;68244;70311;71527;71869;71904;72475;74019;76353;79492;82999;86223;88790;90861;92458;93815;95311;97189;99368;101781;104586;107973;112052;116746;122068;127688;133130;138084;142645;146859;150668;154011;156881;159273;161100;162811;165084;168337;172396;177262;182571;187751;192418;196598;200173;203214;205830;208070
80-84;41412;40314;39295;38695;38898;40020;41915;44599;47537;50013;51693;52755;53199;53443;54111;55509;57497;60085;62936;65558;67669;69412;70810;72043;73388;75017;76874;78906;81244;84043;87388;91212;95521;100048;104432;108429;112131;115576;118713;121470;123838;125826;127367;128832;130765;133488;136842;140823;145129;149324;153103
85-89;24263;25429;25723;25528;25103;24616;24159;23742;23583;23925;24843;26242;28129;30169;31891;33102;33919;34358;34691;35320;36434;37933;39822;41870;43757;45297;46593;47675;48659;49724;50976;52379;53896;55626;57675;60115;62878;65971;69199;72325;75183;77842;80342;82633;84647;86377;87841;88990;90109;91565;93599
90+;15281;14212;14067;14324;14685;14992;15244;15471;15640;15754;15815;15872;15945;16124;16539;17213;18112;19235;20446;21556;22500;23346;24123;24920;25852;26977;28258;29699;31209;32668;34015;35311;36582;37853;39160;40515;41931;43390;44970;46745;48759;50967;53355;55848;58352;60807;63245;65699;68086;70323;72367
Homens;;;;;;;;;;;;;;;;;;;;;;;;;;;;;;;;;;;;;;;;;;;;;;;;;;;
Faixa/Ano;2010;2011;2012;2013;2014;2015;2016;2017;2018;2019;2020;2021;2022;2023;2024;2025;2026;2027;2028;2029;2030;2031;2032;2033;2034;2035;2036;2037;2038;2039;2040;2041;2042;2043;2044;2045;2046;2047;2048;2049;2050;2051;2052;2053;2054;2055;2056;2057;2058;2059;2060
Total;1861223;1869634;1876227;1882569;1891174;1901265;1910681;1919893;1929789;1939480;1948943;1958161;1967089;1975675;1983881;1991675;1999024;2005874;2012183;2017967;2023270;2028065;2032296;2035952;2039052;2041612;2043627;2045084;2045987;2046347;2046170;2045455;2044208;2042447;2040169;2037363;2034026;2030180;2025843;2020997;2015619;2009703;2003273;1996343;1988900;1980924;1972421;1963415;1953919;1943935;1933467
0-4;155311;151111;146231;141550;139634;140088;140679;142977;146285;147197;146460;146211;145941;144719;143392;141954;140398;138712;136897;135007;133109;131225;129372;127584;125864;124194;122570;121012;119537;118133;116776;115466;114216;113032;111899;110805;109749;108739;107778;106844;105919;104994;104066;103121;102156;101162;100142;99084;97981;96847;95700
05/set;168662;166309;163437;160891;158353;154799;150633;145784;141125;139222;139685;140286;142590;145900;146820;146095;145854;145592;144383;143069;141638;140096;138421;136618;134740;132850;130975;129131;127352;125638;123977;122357;120806;119337;117938;116585;115280;114037;112857;111727;110637;109584;108578;107623;106690;105768;104846;103920;102979;102016;101026
out/14;179647;178462;176564;173961;171120;168821;166472;163605;161067;158535;154986;150828;145990;141336;139435;139897;140495;142791;146092;147003;146278;146032;145772;144564;143254;141829;140293;138626;136830;134957;133073;131206;129366;127593;125884;124228;122613;121065;119600;118205;116855;115554;114315;113137;112010;110924;109872;108870;107916;106987;106066
15-19;180181;179690;179213;178663;177906;176866;175738;173905;171365;168594;166359;164079;161274;158798;156324;152835;148743;143971;139381;137542;138052;138687;140988;144283;145201;144493;144260;144011;142818;141528;140117;138599;136948;135168;133312;131444;129590;127766;126007;124311;122666;121064;119527;118072;116688;115347;114055;112824;111655;110533;109456
20-24;173748;172865;172164;171619;171184;170822;170503;170194;169814;169224;168356;167398;165747;163391;160802;158746;156643;154012;151709;149401;146089;142164;137535;133064;131297;131842;132500;134798;138080;139009;138333;138121;137894;136732;135473;134091;132603;130980;129230;127403;125566;123739;121942;120208;118535;116914;115333;113816;112379;111016;109691
25-29;162771;163438;163716;163639;163263;162632;161958;161458;161114;160871;160705;160575;160453;160259;159858;159182;158412;156962;154808;152428;150569;148652;146190;144024;141827;138607;134765;130225;125839;124120;124684;125359;127655;130923;131863;131217;131029;130824;129691;128466;127112;125658;124065;122347;120551;118743;116947;115179;113471;111824;110227
30-34;146459;149102;151306;153093;154535;155669;156451;156856;156907;156667;156170;155634;155264;155047;154926;154878;154866;154856;154780;154492;153935;153276;151942;149899;147616;145831;143975;141580;139475;137339;134188;130422;125960;121651;119977;120556;121244;123533;126783;127727;127109;126938;126751;125645;124448;123120;121693;120129;118440;116673;114892
35-39;126678;129229;132402;135926;139355;142394;145063;147298;149132;150625;151819;152663;153139;153267;153108;152691;152237;151942;151793;151741;151755;151806;151854;151834;151600;151097;150488;149211;147232;145012;143285;141483;139151;137098;135015;131928;128229;123843;119605;117972;118563;119261;121537;124764;125714;125118;124962;124788;123708;122532;121230
40-44;117636;118906;119809;120660;121920;123870;126417;129578;133076;136486;139514;142184;144429;146284;147803;149029;149911;150433;150610;150502;150142;149742;149500;149400;149396;149449;149543;149632;149651;149459;148998;148434;147207;145290;143132;141456;139709;137436;135433;133397;130372;126744;122435;118271;116677;117280;117984;120244;123440;124389;123813
45-49;103441;106372;108872;110977;112773;114338;115633;116571;117460;118747;120706;123246;126383;129845;133227;136237;138896;141141;143008;144546;145795;146709;147267;147491;147435;147134;146790;146601;146549;146588;146681;146810;146936;146990;146835;146416;145894;144717;142862;140771;139151;137459;135249;133301;131319;128364;124819;120597;116517;114971;115585
50-54;81115;84366;88135;92128;95907;99203;102078;104546;106641;108440;110018;111334;112310;113241;114554;116519;119043;122140;125547;128879;131852;134486;136723;138592;140145;141418;142367;142967;143241;143242;143004;142725;142591;142588;142670;142805;142970;143133;143224;143109;142734;142258;141141;139362;137350;135801;134181;132048;130169;128255;125392
55-59;67434;68600;70005;71741;73925;76598;79730;83355;87193;90833;94020;96817;99233;101299;103087;104662;105990;106994;107961;109285;111235;113717;116743;120064;123317;126226;128815;131024;132882;134437;135723;136694;137329;137652;137711;137537;137322;137244;137294;137419;137591;137791;137989;138115;138044;137714;137289;136244;134558;132645;131183
60-64;59066;60047;60655;61091;61655;62538;63686;65054;66730;68827;71378;74357;77797;81437;84897;87938;90617;92950;94950;96700;98244;99556;100569;101550;102864;104774;107181;110097;113290;116415;119218;121721;123864;125676;127203;128473;129444;130098;130450;130555;130439;130280;130252;130342;130500;130701;130925;131150;131302;131267;130981
65-69;45421;46648;48334;50215;51900;53173;54116;54732;55200;55781;56652;57766;59073;60662;62632;65022;67803;71001;74384;77603;80439;82950;85148;87049;88725;90208;91478;92477;93446;94727;96556;98839;101591;104589;107525;110165;112528;114557;116280;117742;118963;119910;120560;120926;121065;121000;120895;120909;121032;121213;121431
70-74;37086;37603;37705;37679;37931;38675;39808;41329;43013;44529;45689;46567;47174;47658;48245;49080;50126;51338;52798;54588;56754;59262;62136;65168;68053;70605;72874;74876;76620;78166;79537;80722;81667;82591;83794;85487;87580;90082;92799;95452;97845;99990;101837;103419;104765;105896;106780;107398;107763;107924;107906
75-79;23380;24256;25575;27033;28245;29029;29494;29648;29712;30002;30687;31679;32977;34400;35683;36678;37448;38011;38480;39038;39795;40724;41786;43051;44588;46441;48576;51008;53566;55999;58158;60085;61799;63306;64647;65840;66879;67718;68546;69614;71095;72906;75051;77365;79622;81662;83495;85076;86440;87607;88592
80-84;17104;16538;16027;15705;15719;16108;16799;17792;18872;19773;20366;20743;20917;21040;21334;21907;22701;23710;24803;25788;26559;27171;27642;28054;28538;29163;29915;30763;31764;32969;34413;36069;37942;39901;41764;43418;44902;46237;47422;48480;49422;50249;50927;51603;52472;53658;55089;56767;58558;60304;61882
85-89;10175;10514;10506;10310;10033;9739;9472;9233;9109;9181;9478;9950;10596;11292;11870;12264;12527;12680;12809;13051;13467;14018;14699;15426;16081;16602;17022;17361;17670;18029;18477;19005;19593;20281;21100;22082;23197;24452;25755;26993;28093;29084;29986;30795;31518;32164;32735;33208;33691;34303;35133
90+;5908;5578;5571;5688;5816;5903;5951;5978;5974;5946;5895;5844;5802;5800;5884;6061;6314;6638;6990;7304;7563;7792;8009;8237;8511;8849;9240;9684;10145;10580;10972;11338;11693;12049;12427;12830;13264;13719;14227;14810;15487;16240;17065;17927;18776;19588;20379;21164;21920;22629;23281
Mulheres;;;;;;;;;;;;;;;;;;;;;;;;;;;;;;;;;;;;;;;;;;;;;;;;;;;
Faixa/Ano;2010;2011;2012;2013;2014;2015;2016;2017;2018;2019;2020;2021;2022;2023;2024;2025;2026;2027;2028;2029;2030;2031;2032;2033;2034;2035;2036;2037;2038;2039;2040;2041;2042;2043;2044;2045;2046;2047;2048;2049;2050;2051;2052;2053;2054;2055;2056;2057;2058;2059;2060
Total;1979573;1990179;1999146;2007925;2018885;2031272;2043012;2054544;2066707;2078647;2090334;2101744;2112828;2123528;2133801;2143611;2152921;2161672;2169816;2177373;2184387;2190840;2196681;2201901;2206518;2210547;2213976;2216787;2218984;2220572;2221557;2221941;2221729;2220933;2219550;2217567;2214979;2211803;2208054;2203709;2198739;2193136;2186916;2180089;2172639;2164550;2155824;2146483;2136540;2125999;2114869
0-4;148346;144136;139345;134794;132910;133318;133872;136062;139212;140084;139380;139143;138887;137721;136460;135091;133611;132006;130279;128480;126672;124879;123113;121410;119769;118174;116623;115139;113734;112394;111099;109850;108658;107528;106448;105402;104395;103435;102518;101626;100743;99860;98976;98077;97155;96208;95235;94227;93174;92093;90999
05/set;162695;159938;156757;153958;151229;147578;143401;138637;134112;132244;132666;133236;135438;138599;139480;138794;138569;138325;137173;135927;134572;133105;131515;129797;128009;126208;124421;122659;120960;119324;117735;116186;114706;113304;111965;110676;109430;108237;107110;106033;104989;103985;103025;102110;101220;100338;99456;98574;97678;96756;95811
out/14;173837;172662;170781;168185;165296;162842;160091;156915;154122;151395;147751;143577;138820;134300;132433;132849;133416;135614;138771;139647;138961;138732;138487;137338;136096;134743;133280;131693;129978;128194;126396;124613;122854;121157;119526;117940;116393;114916;113515;112179;110892;109646;108458;107329;106254;105213;104209;103250;102335;101448;100567
15-19;177642;176694;175821;174934;173882;172572;171424;169574;167007;164146;161720;159000;155851;153083;150379;146763;142614;137885;133390;131548;131982;132567;134771;137926;138802;138121;137895;137653;136511;135272;133924;132464;130881;129172;127390;125594;123815;122064;120370;118741;117157;115616;114139;112744;111411;110124;108882;107693;106568;105494;104455
20-24;177512;176577;175477;174303;173198;172249;171396;170617;169822;168865;167646;166592;164834;162360;159594;157260;154634;151573;148897;146282;142759;138687;134019;129568;127747;128190;128780;130982;134135;135014;134337;134116;133878;132740;131509;130167;128711;127131;125428;123650;121861;120085;118339;116649;115025;113445;111907;110437;109044;107714;106428
25-29;169256;170326;171092;171502;171471;170960;170140;169152;168092;167100;166263;165517;164848;164161;163311;162199;161249;159601;157235;154577;152347;149825;146847;144237;141669;138170;134115;129465;125027;123218;123664;124258;126457;129608;130487;129816;129599;129364;128231;127007;125669;124219;122644;120946;119171;117389;115619;113876;112193;110572;108999
30-34;155378;158327;160793;162819;164518;165946;167075;167901;168371;168398;167948;167190;166264;165265;164332;163551;162862;162248;161614;160821;159764;158863;157265;154943;152320;150116;147609;144649;142054;139500;136020;131982;127352;122932;121134;121584;122181;124377;127522;128400;127734;127522;127291;126164;124946;123616;122169;120601;118909;117141;115363
35-39;137164;139883;143308;147144;150904;154265;157225;159704;161744;163461;164907;166054;166902;167393;167442;167015;166282;165378;164403;163492;162732;162063;161467;160852;160078;159036;158152;156569;154269;151665;149477;146989;144048;141467;138930;135467;131449;126841;122442;120658;121110;121708;123899;127036;127914;127251;127045;126819;125696;124485;123161
40-44;129483;130998;131983;132815;134077;136120;138845;142267;146099;149850;153208;156168;158650;160697;162423;163880;165038;165903;166409;166477;166069;165359;164476;163523;162632;161896;161246;160671;160072;159316;158293;157425;155862;153586;151004;148839;146374;143457;140900;138379;134946;130955;126377;122005;120240;120699;121299;123478;126601;127476;126820
45-49;113901;117212;120322;123143;125560;127544;129080;130098;130962;132253;134310;137042;140458;144277;148016;151366;154326;156809;158866;160603;162075;163247;164132;164658;164749;164367;163689;162840;161919;161058;160349;159724;159171;158594;157862;156860;156014;154477;152231;149686;147548;145121;142237;139711;137219;133824;129873;125341;121011;119274;119740
50-54;93444;96610;100255;104157;107987;111518;114811;117908;120723;123143;125138;126689;127736;128631;129943;132009;134731;138128;141919;145631;148959;151905;154380;156438;158183;159666;160849;161748;162295;162410;162056;161412;160598;159711;158882;158203;157606;157078;156523;155815;154842;154019;152516;150309;147807;145708;143325;140484;138002;135545;132200
55-59;81463;82794;84272;86017;88181;90850;93980;97573;101417;105190;108673;111932;114996;117787;120195;122184;123745;124810;125727;127049;129112;131813;135171;138911;142577;145866;148782;151237;153285;155023;156508;157694;158601;159164;159302;158980;158371;157595;156747;155956;155310;154741;154240;153712;153032;152090;151297;149835;147675;145232;143184
60-64;72485;73923;74973;75809;76716;77875;79223;80709;82449;84594;87224;90296;93813;97571;101261;104672;107867;110879;113630;116007;117978;119536;120615;121550;122877;124924;127587;130881;134544;138132;141352;144212;146627;148646;150362;151835;153014;153922;154497;154653;154362;153796;153066;152263;151515;150906;150372;149902;149408;148759;147856
65-69;57312;58748;60846;63283;65542;67336;68768;69842;70722;71665;72845;74197;75677;77397;79498;82062;85041;88437;92057;95617;98910;102001;104921;107596;109910;111836;113369;114448;115391;116712;118717;121307;124493;128022;131482;134586;137350;139688;141646;143319;144758;145913;146808;147385;147558;147303;146785;146113;145368;144677;144117
70-74;49503;50265;50338;50140;50297;51139;52552;54555;56856;58994;60711;62105;63181;64083;65041;66212;67537;68979;70640;72651;75087;77904;81102;84503;87848;90946;93861;96621;99155;101352;103187;104659;105712;106644;107927;109848;112306;115310;118631;121880;124798;127398;129604;131455;133045;134418;135523;136383;136949;137134;136918
75-79;32383;33761;35802;38078;39999;41282;42033;42221;42192;42473;43332;44674;46515;48599;50540;52112;53413;54447;55335;56273;57394;58644;59995;61535;63385;65611;68170;71060;74122;77131;79926;82560;85060;87362;89364;91041;92394;93382;94265;95470;97242;99490;102211;105206;108129;110756;113103;115097;116774;118223;119478
80-84;24308;23776;23268;22990;23179;23912;25116;26807;28665;30240;31327;32012;32282;32403;32777;33602;34796;36375;38133;39770;41110;42241;43168;43989;44850;45854;46959;48143;49480;51074;52975;55143;57579;60147;62668;65011;67229;69339;71291;72990;74416;75577;76440;77229;78293;79830;81753;84056;86571;89020;91221
85-89;14088;14915;15217;15218;15070;14877;14687;14509;14474;14744;15365;16292;17533;18877;20021;20838;21392;21678;21882;22269;22967;23915;25123;26444;27676;28695;29571;30314;30989;31695;32499;33374;34303;35345;36575;38033;39681;41519;43444;45332;47090;48758;50356;51838;53129;54213;55106;55782;56418;57262;58466
90+;9373;8634;8496;8636;8869;9089;9293;9493;9666;9808;9920;10028;10143;10324;10655;11152;11798;12597;13456;14252;14937;15554;16114;16683;17341;18128;19018;20015;21064;22088;23043;23973;24889;25804;26733;27685;28667;29671;30743;31935;33272;34727;36290;37921;39576;41219;42866;44535;46166;47694;49086
Brasil;;;;;;;;;;;;;;;;;;;;;;;;;;;;;;;;;;;;;;;;;;;;;;;;;;;
Dados;;;;;;;;;;;;;;;;;;;;;;;;;;;;;;;;;;;;;;;;;;;;;;;;;;;
Ano;População total;Homens;Mulheres;Nascimentos;Óbitos;Taxa de Crescimento Geométrico;Taxa Bruta de Natalidade;Taxa Bruta de Mortalidade;Esperança de Vida ao Nascer;Esperança de Vida ao Nascer - Homens;Esperança de Vida ao Nascer - Mulheres;Taxa de Mortalidade Infantil;Taxa de Mortalidade Infantil - Homens;Taxa de Mortalidade Infantil - Mulheres;Taxa de Fecundidade Total;Razão de Dependência - Jovens 0 a 14 anos;Razão de Dependência - Idosos 65 ou mais anos;Razão de Dependência;Índice de Envelhecimento;;;;;;;;;;;;;;;;;;;;;;;;;;;;;;;;
2010;194890682;95513298;99377384;2939435;1240083;x;15.08;6.36;73.86;70.21;77.6;17.22;18.76;15.59;1.75;36.32;10.77;47.09;29.55;;;;;;;;;;;;;;;;;;;;;;;;;;;;;;;;
2011;196603732;96322635;100281097;2974525;1247751;0.88;15.13;6.35;74.2;70.57;77.91;16.43;17.86;14.92;1.76;35.37;10.99;46.36;30.99;;;;;;;;;;;;;;;;;;;;;;;;;;;;;;;;
2012;198314934;97132054;101182880;2953890;1258235;0.87;14.89;6.34;74.52;70.91;78.22;15.69;17.03;14.29;1.75;34.45;11.24;45.68;32.63;;;;;;;;;;;;;;;;;;;;;;;;;;;;;;;;
2013;200004188;97931331;102072857;2953178;1270306;0.85;14.77;6.35;74.84;71.25;78.51;15.02;16.27;13.7;1.74;33.56;11.51;45.07;34.2;;;;;;;;;;;;;;;;;;;;;;;;;;;;;;;;
2014;201717541;98744098;102973443;3028202;1284346;0.86;15.01;6.37;75.14;71.57;78.78;14.4;15.58;13.16;1.78;32.78;11.81;44.59;36.12;;;;;;;;;;;;;;;;;;;;;;;;;;;;;;;;
2015;203475683;99581002;103894681;3070979;1299541;0.87;15.09;6.39;75.44;71.88;79.05;13.82;14.93;12.65;1.8;32.15;12.13;44.29;37.67;;;;;;;;;;;;;;;;;;;;;;;;;;;;;;;;
2016;205156587;100379640;104776947;2901053;1314164;0.83;14.14;6.41;75.72;72.18;79.31;13.29;14.35;12.19;1.7;31.57;12.49;44.05;39.73;;;;;;;;;;;;;;;;;;;;;;;;;;;;;;;;
2017;206804741;101163599;105641142;3020743;1330811;0.8;14.61;6.44;75.99;72.46;79.56;12.81;13.8;11.75;1.78;31.11;12.87;43.98;41.2;;;;;;;;;;;;;;;;;;;;;;;;;;;;;;;;
2018;208494900;101971173;106523727;3003585;1349693;0.82;14.41;6.47;76.25;72.74;79.8;12.35;13.31;11.35;1.77;30.75;13.28;44.03;43.19;;;;;;;;;;;;;;;;;;;;;;;;;;;;;;;;
2019;210147125;102760295;107386830;2984414;1368954;0.79;14.2;6.51;76.5;73;80.03;11.94;12.85;10.98;1.77;30.42;13.72;44.14;45.02;;;;;;;;;;;;;;;;;;;;;;;;;;;;;;;;
2020;211755692;103527689;108228003;2963516;1389144;0.77;13.99;6.56;76.74;73.26;80.25;11.56;12.43;10.64;1.76;30.11;14.18;44.29;46.89;;;;;;;;;;;;;;;;;;;;;;;;;;;;;;;;
2021;213317639;104271843;109045796;2940629;1410602;0.74;13.79;6.61;76.97;73.5;80.46;11.2;12.04;10.32;1.76;29.83;14.67;44.5;49.51;;;;;;;;;;;;;;;;;;;;;;;;;;;;;;;;
2022;214828540;104990487;109838053;2913688;1433605;0.71;13.56;6.67;77.19;73.74;80.67;10.88;11.68;10.03;1.75;29.63;15.19;44.82;51.22;;;;;;;;;;;;;;;;;;;;;;;;;;;;;;;;
2023;216284269;105681529;110602740;2885501;1458023;0.68;13.34;6.74;77.4;73.96;80.86;10.58;11.36;9.75;1.75;29.43;15.74;45.17;53.2;;;;;;;;;;;;;;;;;;;;;;;;;;;;;;;;
2024;217684462;106345043;111339419;2856690;1483777;0.65;13.12;6.82;77.6;74.17;81.05;10.3;11.05;9.5;1.74;29.26;16.31;45.56;55.72;;;;;;;;;;;;;;;;;;;;;;;;;;;;;;;;
2025;219029093;106981304;112047789;2827039;1510693;0.62;12.91;6.9;77.8;74.38;81.22;10.04;10.77;9.27;1.74;29.11;16.9;46.01;58.29;;;;;;;;;;;;;;;;;;;;;;;;;;;;;;;;
2026;220316530;107589495;112727035;2797674;1539159;0.59;12.7;6.99;77.98;74.57;81.39;9.8;10.51;9.05;1.74;28.95;17.51;46.45;60.61;;;;;;;;;;;;;;;;;;;;;;;;;;;;;;;;
2027;221545234;108168830;113376404;2768000;1569117;0.56;12.49;7.08;78.16;74.76;81.56;9.58;10.27;8.85;1.73;28.77;18.14;46.9;62.76;;;;;;;;;;;;;;;;;;;;;;;;;;;;;;;;
2028;222713669;108718587;113995082;2738355;1600375;0.53;12.3;7.19;78.32;74.94;81.71;9.37;10.05;8.66;1.73;28.59;18.78;47.37;65.46;;;;;;;;;;;;;;;;;;;;;;;;;;;;;;;;
2029;223821305;109238514;114582791;2710134;1632845;0.5;12.11;7.3;78.49;75.11;81.86;9.18;9.84;8.49;1.72;28.36;19.42;47.79;68.23;;;;;;;;;;;;;;;;;;;;;;;;;;;;;;;;
2030;224868462;109728762;115139700;2683440;1666427;0.47;11.93;7.41;78.64;75.28;82;9.01;9.65;8.33;1.72;28.08;20.06;48.14;71.05;;;;;;;;;;;;;;;;;;;;;;;;;;;;;;;;
2031;225854415;110189007;115665408;2655850;1700970;0.44;11.76;7.53;78.78;75.43;82.14;8.85;9.48;8.18;1.72;27.84;20.71;48.55;74.33;;;;;;;;;;;;;;;;;;;;;;;;;;;;;;;;
2032;226777802;110618592;116159210;2628742;1736861;0.41;11.59;7.66;78.92;75.58;82.27;8.7;9.32;8.05;1.72;27.61;21.36;48.97;77.3;;;;;;;;;;;;;;;;;;;;;;;;;;;;;;;;
2033;227638581;111017537;116621044;2603540;1773877;0.38;11.44;7.79;79.05;75.72;82.39;8.57;9.18;7.92;1.71;27.32;22.01;49.33;80.33;;;;;;;;;;;;;;;;;;;;;;;;;;;;;;;;
2034;228437122;111386062;117051060;2579544;1812136;0.35;11.29;7.93;79.18;75.86;82.51;8.44;9.04;7.81;1.71;27.04;22.65;49.69;83.43;;;;;;;;;;;;;;;;;;;;;;;;;;;;;;;;
2035;229173685;111724392;117449293;2557147;1851454;0.32;11.16;8.08;79.3;75.99;82.62;8.32;8.92;7.7;1.71;26.76;23.28;50.04;87.08;;;;;;;;;;;;;;;;;;;;;;;;;;;;;;;;
2036;229847832;112032426;117815406;2534413;1891832;0.29;11.03;8.23;79.42;76.11;82.73;8.22;8.8;7.6;1.7;26.48;23.9;50.39;90.34;;;;;;;;;;;;;;;;;;;;;;;;;;;;;;;;
2037;230459062;112309958;118149104;2513030;1933167;0.27;10.9;8.39;79.53;76.23;82.83;8.12;8.69;7.51;1.7;26.22;24.52;50.74;93.68;;;;;;;;;;;;;;;;;;;;;;;;;;;;;;;;
2038;231007871;112557327;118450544;2493021;1975283;0.24;10.79;8.55;79.63;76.34;82.93;8.02;8.59;7.42;1.7;25.97;25.13;51.1;96.51;;;;;;;;;;;;;;;;;;;;;;;;;;;;;;;;
2039;231494650;112774820;118719830;2473758;2017958;0.21;10.69;8.72;79.73;76.45;83.02;7.93;8.49;7.34;1.7;25.74;25.77;51.52;100;;;;;;;;;;;;;;;;;;;;;;;;;;;;;;;;
2040;231919922;112962751;118957171;2455519;2060782;0.18;10.59;8.89;79.83;76.55;83.11;7.85;8.4;7.27;1.69;25.54;26.46;51.99;103.57;;;;;;;;;;;;;;;;;;;;;;;;;;;;;;;;
2041;232284233;113121438;119162795;2437785;2103915;0.16;10.49;9.06;79.92;76.65;83.2;7.77;8.32;7.2;1.69;25.35;27.18;52.53;107.23;;;;;;;;;;;;;;;;;;;;;;;;;;;;;;;;
2042;232588580;113251454;119337126;2422219;2147419;0.13;10.41;9.23;80;76.74;83.28;7.7;8.24;7.13;1.69;25.19;27.93;53.13;110.3;;;;;;;;;;;;;;;;;;;;;;;;;;;;;;;;
2043;232834065;113353443;119480622;2407325;2191168;0.11;10.34;9.41;80.09;76.83;83.36;7.63;8.16;7.06;1.69;25.06;28.73;53.78;114.72;;;;;;;;;;;;;;;;;;;;;;;;;;;;;;;;
2044;233020996;113427597;119593399;2392409;2234730;0.08;10.27;9.59;80.17;76.92;83.43;7.56;8.09;7;1.69;24.94;29.55;54.49;118.63;;;;;;;;;;;;;;;;;;;;;;;;;;;;;;;;
2045;233149625;113474061;119675564;2377677;2278119;0.06;10.2;9.77;80.24;77;83.5;7.5;8.02;6.95;1.68;24.85;30.4;55.25;122.5;;;;;;;;;;;;;;;;;;;;;;;;;;;;;;;;
2046;233220257;113493052;119727205;2363150;2321466;0.03;10.13;9.95;80.31;77.08;83.57;7.44;7.96;6.9;1.68;24.77;31.27;56.04;125.79;;;;;;;;;;;;;;;;;;;;;;;;;;;;;;;;
2047;233233670;113485011;119748659;2349527;2364398;0.01;10.07;10.14;80.38;77.16;83.63;7.39;7.9;6.84;1.68;24.72;32.17;56.89;129.75;;;;;;;;;;;;;;;;;;;;;;;;;;;;;;;;
2048;233190482;113450253;119740229;2335541;2407046;-0.02;10.02;10.32;80.45;77.23;83.7;7.33;7.84;6.8;1.68;24.68;33.08;57.76;134.62;;;;;;;;;;;;;;;;;;;;;;;;;;;;;;;;
2049;233090464;113388652;119701812;2320604;2449148;-0.04;9.96;10.51;80.51;77.3;83.75;7.29;7.79;6.75;1.68;24.66;33.99;58.64;138.06;;;;;;;;;;;;;;;;;;;;;;;;;;;;;;;;
2050;232933276;113300060;119633216;2304717;2490559;-0.07;9.89;10.69;80.57;77.37;83.81;7.24;7.74;6.71;1.68;24.64;34.88;59.52;142.21;;;;;;;;;;;;;;;;;;;;;;;;;;;;;;;;
2051;232719169;113184593;119534576;2288973;2531362;-0.09;9.84;10.88;80.63;77.43;83.86;7.2;7.69;6.67;1.67;24.63;35.76;60.38;144.81;;;;;;;;;;;;;;;;;;;;;;;;;;;;;;;;
2052;232448867;113042592;119406275;2273127;2571362;-0.12;9.78;11.06;80.68;77.49;83.91;7.16;7.65;6.64;1.67;24.62;36.62;61.24;148.37;;;;;;;;;;;;;;;;;;;;;;;;;;;;;;;;
2053;232122448;112874076;119248372;2255972;2610595;-0.14;9.72;11.25;80.74;77.55;83.96;7.12;7.61;6.6;1.67;24.62;37.45;62.07;151.97;;;;;;;;;;;;;;;;;;;;;;;;;;;;;;;;
2054;231739632;112678873;119060759;2237804;2648830;-0.16;9.66;11.43;80.78;77.61;84;7.08;7.57;6.57;1.67;24.62;38.26;62.89;155.63;;;;;;;;;;;;;;;;;;;;;;;;;;;;;;;;
2055;231300323;112456873;118843450;2218450;2686056;-0.19;9.59;11.61;80.83;77.66;84.04;7.05;7.54;6.54;1.67;24.63;39.05;63.68;159.33;;;;;;;;;;;;;;;;;;;;;;;;;;;;;;;;
2056;230805223;112208379;118596844;2199622;2722232;-0.21;9.53;11.79;80.88;77.71;84.08;7.02;7.5;6.51;1.67;24.63;39.81;64.43;161.33;;;;;;;;;;;;;;;;;;;;;;;;;;;;;;;;
2057;230255685;111934042;118321643;2180831;2757317;-0.24;9.47;11.98;80.92;77.76;84.12;6.99;7.47;6.48;1.66;24.62;40.52;65.15;164.43;;;;;;;;;;;;;;;;;;;;;;;;;;;;;;;;
2058;229652286;111634119;118018167;2161015;2791329;-0.26;9.41;12.15;80.96;77.81;84.16;6.96;7.44;6.46;1.66;24.62;41.22;65.84;168.24;;;;;;;;;;;;;;;;;;;;;;;;;;;;;;;;
2059;228995541;111308845;117686696;2141033;2824224;-0.29;9.35;12.33;81;77.86;84.19;6.94;7.41;6.44;1.66;24.61;41.91;66.53;170.27;;;;;;;;;;;;;;;;;;;;;;;;;;;;;;;;
2060;228286347;110958642;117327705;2120842;2856059;-0.31;9.29;12.51;81.04;77.9;84.23;6.91;7.39;6.42;1.66;24.61;42.62;67.23;173.47;;;;;;;;;;;;;;;;;;;;;;;;;;;;;;;;
Faixas etárias;;;;;;;;;;;;;;;;;;;;;;;;;;;;;;;;;;;;;;;;;;;;;;;;;;;
Total;;;;;;;;;;;;;;;;;;;;;;;;;;;;;;;;;;;;;;;;;;;;;;;;;;;
Faixa/Ano;2010;2011;2012;2013;2014;2015;2016;2017;2018;2019;2020;2021;2022;2023;2024;2025;2026;2027;2028;2029;2030;2031;2032;2033;2034;2035;2036;2037;2038;2039;2040;2041;2042;2043;2044;2045;2046;2047;2048;2049;2050;2051;2052;2053;2054;2055;2056;2057;2058;2059;2060
Total;194890682;196603732;198314934;200004188;201717541;203475683;205156587;206804741;208494900;210147125;211755692;213317639;214828540;216284269;217684462;219029093;220316530;221545234;222713669;223821305;224868462;225854415;226777802;227638581;228437122;229173685;229847832;230459062;231007871;231494650;231919922;232284233;232588580;232834065;233020996;233149625;233220257;233233670;233190482;233090464;232933276;232719169;232448867;232122448;231739632;231300323;230805223;230255685;229652286;228995541;228286347
0-4;14858280;14697433;14624301;14567170;14570070;14677159;14715112;14720776;14787557;14798332;14730311;14703281;14675523;14569055;14452355;14326234;14192256;14053426;13912226;13770272;13629815;13491399;13354905;13221642;13092489;12967369;12846604;12730937;12620549;12514918;12413588;12316709;12225086;12138798;12057106;11979238;11904624;11832490;11761709;11691308;11620256;11547982;11473958;11397201;11317212;11233863;11147191;11057520;10965028;10870292;10774218
05/set;15865195;15600504;15387507;15203145;15029641;14824271;14664918;14593299;14537829;14542132;14650311;14689394;14695773;14762671;14773628;14705941;14679311;14652033;14546208;14430226;14304778;14171490;14033278;13892710;13751331;13611405;13473529;13337523;13204728;13076037;12951361;12830995;12715703;12605672;12500387;12399373;12302790;12211456;12125433;12043993;11966376;11891973;11820071;11749531;11679356;11608504;11536459;11462615;11386046;11306224;11223031
out/14;17397304;17216843;16880174;16495325;16131984;15840860;15577214;15365237;15182024;15009676;14805478;14647164;14576191;14520972;14525347;14633526;14672711;14679300;14746432;14757724;14690423;14664114;14637176;14531700;14416109;14291049;14158125;14020272;13880038;13738984;13599376;13461829;13326122;13193611;13065182;12940762;12820626;12705545;12595720;12490655;12389855;12293466;12202305;12116445;12035156;11957694;11883455;11811703;11741278;11671246;11600532
15-19;17219086;17238401;17315601;17402809;17424089;17334096;17155615;16821630;16439846;16079464;15790863;15529387;15318916;15136923;14965724;14762869;14605891;14536019;14481942;14487286;14596110;14635967;14643187;14710785;14722659;14656163;14630405;14603997;14499263;14384409;14260078;14127872;13990752;13851207;13710840;13571863;13434947;13299846;13167907;13040010;12916108;12796510;12681921;12572557;12467934;12367551;12271531;12180736;12095228;12014265;11937109
20-24;17476779;17396868;17296030;17195219;17124785;17100769;17122881;17203520;17294780;17319853;17233266;17057794;16726717;16347561;15989803;15703800;15444924;15236871;15057313;14888503;14688175;14533531;14465563;14413260;14420025;14529708;14570602;14578856;14647162;14659931;14594614;14569782;14544238;14440723;14327061;14203946;14072906;13936948;13798559;13659314;13521425;13385549;13251456;13120499;12993545;12870528;12751775;12637977;12529386;12425516;12325847
25-29;17334110;17423848;17454135;17436877;17391346;17331851;17256322;17161679;17068593;17004904;16985866;17011218;17092427;17182193;17206153;17119972;16946247;16618500;16243415;15889766;15607291;15351552;15146240;14969263;14802897;14605190;14452983;14386955;14336521;14344709;14455193;14497153;14506501;14575436;14589082;14524961;14501063;14476422;14374170;14261783;14139942;14010163;13875462;13738287;13600246;13463536;13328803;13195813;13065893;12939931;12817887
30-34;15955949;16275019;16567575;16822855;17028854;17178656;17271648;17306947;17296659;17258318;17205416;17135646;17044190;16951251;16886952;16867543;16892885;16974395;17065211;17091062;17007393;16836728;16512899;16141856;15792033;15512843;15259983;15057188;14882572;14718488;14523256;14373318;14309113;14260407;14269902;14381026;14423898;14434174;14503630;14518027;14455019;14431957;14408126;14307058;14195853;14075191;13946610;13813084;13677088;13540196;13404578
35-39;14075108;14350827;14689558;15066579;15441748;15787821;16107943;16402815;16661965;16872342;17026545;17123723;17161844;17152616;17115112;17063584;16995707;16906691;16816670;16755274;16738294;16765601;16848588;16940702;16968189;16886844;16719129;16399166;16032170;15686230;15410325;15160396;14960090;14787787;14625966;14433207;14285523;14223058;14175984;14186704;14298311;14341981;14353071;14422945;14437977;14376076;14353778;14330671;14230768;14120755;14001307
40-44;13184170;13311309;13414041;13519509;13668343;13884283;14161178;14500831;14879035;15255513;15602974;15924417;16219710;16478229;16688213;16842846;16941312;16981681;16975459;16941357;16893256;16828804;16743240;16656520;16598022;16583446;16612647;16696902;16790065;16818996;16739962;16575282;16259556;15897111;15555535;15283397;15036761;14839171;14669407;14510049;14320041;14174828;14114206;14068807;14080737;14192649;14236987;14248844;14318948;14334584;14273861
45-49;11992439;12218181;12426314;12615601;12784211;12933598;13064058;13171048;13281287;13434076;13652504;13930420;14269004;14644402;15017933;15363171;15683089;15977567;16236139;16446903;16602926;16703462;16746553;16743579;16713006;16668492;16607681;16525845;16442743;16387431;16375387;16406437;16491724;16585608;16615819;16539189;16377988;16067408;15710668;15374594;15107158;14864721;14670479;14503796;14347422;14160785;14018586;13960052;13916591;13929788;14041783
50-54;10276773;10574366;10868062;11152415;11419933;11666086;11892707;12102371;12293932;12465329;12617804;12751592;12861867;12974530;13128538;13346782;13623237;13959030;14330885;14700984;15043388;15361008;15653779;15911350;16121912;16278600;16380728;16426408;16426757;16399939;16359306;16302574;16224958;16146006;16094242;16084875;16117711;16203642;16297801;16329111;16255195;16098244;15794311;15445094;15116301;14855005;14618039;14428117;14265353;14112793;13930535
55-59;8387564;8679820;8977656;9278724;9579705;9877881;10172542;10463716;10746091;11012111;11257277;11483368;11692613;11883880;12055490;12208751;12343963;12456465;12571436;12726473;12943766;13217366;13548288;13914012;14277951;14615019;14928011;15216929;15471607;15680383;15836527;15939411;15987269;15990939;15968053;15931630;15879345;15806522;15732281;15684468;15677945;15712380;15798347;15891980;15924009;15853162;15701406;15406171;15066946;14747850;14494713
60-64;6596741;6859058;7119004;7379912;7647936;7926230;8211893;8503042;8797470;9091910;9383728;9672175;9957156;10233460;10493988;10734491;10956693;11162776;11351609;11521660;11673982;11809015;11922324;12038067;12192258;12406090;12673729;12996043;13351492;13705082;14032901;14337648;14619346;14868106;15072540;15226101;15328313;15377469;15384059;15365094;15332980;15285499;15218052;15149158;15105746;15102049;15137666;15222586;15314436;15346470;15279016
65-69;4905988;5095516;5318713;5565313;5819304;6071240;6322755;6572590;6823731;7081680;7349244;7623733;7903288;8185834;8468411;8748627;9025766;9299757;9565627;9816554;10048512;10263166;10462649;10645868;10811283;10959940;11092321;11204363;11318835;11469648;11676652;11934133;12242752;12582173;12919685;13232909;13524376;13794222;14032965;14229585;14377822;14477368;14526754;14535915;14520894;14493445;14451348;14390212;14327671;14289289;14288480
70-74;3792042;3889352;3974955;4063519;4175947;4323465;4501441;4709484;4938529;5174388;5408663;5642901;5876091;6110754;6351769;6601500;6857600;7118354;7381902;7645534;7907040;8165785;8421765;8670307;8905063;9122289;9323635;9511104;9683679;9839876;9980630;10106571;10214158;10324288;10467931;10663049;10904126;11191369;11506226;11819031;12109555;12380193;12631212;12853724;13037277;13176002;13269879;13317776;13328895;13317878;13295484
75-79;2597990;2688798;2797237;2913384;3023576;3121818;3211601;3292375;3376250;3480536;3614389;3774018;3959070;4161906;4370673;4578361;4786387;4994114;5203523;5418622;5641260;5869405;6101656;6336314;6571128;6804078;7034690;7263005;7484798;7694408;7888458;8068562;8236631;8391702;8532383;8659541;8773851;8872509;8973811;9104799;9280868;9496727;9752138;10030863;10307408;10564467;10804204;11027068;11224976;11388373;11511971
80-84;1689444;1727063;1764898;1807817;1861166;1926871;2004365;2095235;2191860;2283815;2366558;2443191;2513706;2587330;2677251;2790280;2923509;3076687;3243763;3415649;3586931;3758879;3931160;4105249;4284098;4468984;4658301;4850986;5045614;5240341;5433588;5624985;5814637;5998934;6173117;6334346;6484201;6624391;6754088;6872004;6978835;7075422;7159683;7246694;7358416;7506972;7687508;7899218;8128899;8356311;8567809
85-89;830529;901360;954570;996763;1032554;1065148;1097017;1129489;1165517;1208442;1259330;1318006;1385731;1457236;1525459;1587405;1645581;1700356;1758056;1827478;1913020;2012666;2126181;2249361;2375978;2502391;2629690;2757777;2887609;3021064;3158814;3299768;3443164;3587930;3732788;3876586;4019065;4160416;4297807;4427602;4547659;4659375;4764254;4861528;4950167;5030651;5103867;5168499;5235780;5321722;5434778
90+;455191;459166;484603;521252;562349;603580;645377;688657;731945;774304;815165;856211;898723;943466;991663;1043410;1099461;1161212;1225853;1289978;1352102;1414477;1478371;1546036;1620691;1703785;1795039;1894806;2001669;2113776;2229906;2350808;2476780;2607627;2743377;2883626;3028143;3176612;3328257;3482333;3637926;3794831;3953061;4110366;4263976;4412193;4556131;4697023;4833076;4962058;5083408
Homens;;;;;;;;;;;;;;;;;;;;;;;;;;;;;;;;;;;;;;;;;;;;;;;;;;;
Faixa/Ano;2010;2011;2012;2013;2014;2015;2016;2017;2018;2019;2020;2021;2022;2023;2024;2025;2026;2027;2028;2029;2030;2031;2032;2033;2034;2035;2036;2037;2038;2039;2040;2041;2042;2043;2044;2045;2046;2047;2048;2049;2050;2051;2052;2053;2054;2055;2056;2057;2058;2059;2060
Total;95513298;96322635;97132054;97931331;98744098;99581002;100379640;101163599;101971173;102760295;103527689;104271843;104990487;105681529;106345043;106981304;107589495;108168830;108718587;109238514;109728762;110189007;110618592;111017537;111386062;111724392;112032426;112309958;112557327;112774820;112962751;113121438;113251454;113353443;113427597;113474061;113493052;113485011;113450253;113388652;113300060;113184593;113042592;112874076;112678873;112456873;112208379;111934042;111634119;111308845;110958642
0-4;7594516;7513761;7477567;7449337;7451690;7507226;7527223;7530642;7565301;7571223;7536789;7523299;7509386;7455164;7395678;7331364;7263006;7192133;7120032;7047528;6975778;6905062;6835307;6767195;6701192;6637231;6575502;6516373;6459937;6405936;6354123;6304598;6257751;6213632;6171861;6132043;6093885;6056997;6020798;5984802;5948471;5911502;5873639;5834370;5793447;5750809;5706456;5660575;5613249;5564770;5515605
05/set;8094637;7962532;7856445;7764679;7678145;7574960;7495049;7459700;7432381;7435509;7491634;7512252;7516076;7550810;7556858;7522618;7509351;7495730;7441882;7382807;7318878;7250909;7180401;7108665;7036481;6965042;6894634;6825161;6757331;6691592;6627900;6566392;6507477;6451252;6397457;6345822;6296474;6249795;6205831;6164206;6124537;6086502;6049752;6013699;5977830;5941609;5904776;5867020;5827860;5787041;5744493
out/14;8842587;8760868;8596730;8405865;8224795;8080135;7948620;7843086;7751948;7666040;7563501;7484190;7449226;7422072;7425264;7481411;7502112;7506047;7540921;7547162;7513141;7500066;7486634;7433002;7374143;7310452;7242697;7172400;7100861;7028875;6957623;6887413;6818125;6750468;6684877;6621345;6559981;6501187;6445082;6391415;6339911;6290699;6244133;6200276;6158737;6119162;6081226;6044568;6008592;5972801;5936671
15-19;8673836;8693267;8745322;8804210;8829069;8795446;8715095;8552810;8364062;8185062;8042202;7912260;7807878;7717747;7632793;7531320;7453057;7418949;7392651;7396587;7453221;7474403;7478801;7514010;7520683;7487251;7474592;7461547;7408463;7350163;7287028;7219811;7150062;7079046;7007575;6936806;6867067;6798239;6731019;6665837;6602699;6541729;6483312;6427561;6374235;6323041;6274127;6227836;6184244;6142973;6103630
20-24;8746116;8711375;8663577;8614902;8583358;8578611;8600164;8654720;8716490;8744065;8712945;8634909;8475014;8288587;8111918;7971317;7843582;7741213;7653070;7570037;7470597;7394220;7361652;7336794;7341891;7399228;7421254;7426487;7462264;7469669;7437195;7425286;7412946;7360848;7303529;7241380;7175120;7106330;7036251;6965698;6895815;6826928;6758931;6692510;6628106;6565701;6505416;6447653;6392537;6339825;6289218
25-29;8574606;8629711;8657414;8662143;8651184;8630266;8598875;8555561;8512314;8485534;8484394;8508378;8563553;8624538;8651626;8621118;8544666;8387530;8204388;8031009;7893232;7767999;7667829;7581750;7500675;7403356;7328943;7297950;7274594;7280847;7338836;7361712;7367822;7404119;7412226;7380713;7369573;7357978;7306911;7250628;7189512;7124285;7056509;6987423;6917849;6848930;6780967;6713878;6648312;6584723;6523112
30-34;7821287;7982363;8131551;8263753;8373348;8457008;8514439;8545686;8555280;8549320;8532944;8505514;8464499;8421615;8394693;8393527;8417664;8473141;8534872;8563312;8534665;8460519;8306365;8126302;7955838;7820545;7697488;7599240;7514973;7435649;7340229;7267552;7237960;7215936;7223197;7281677;7305262;7312099;7348805;7357492;7326843;7316343;7305373;7255224;7199860;7139664;7075362;7008494;6940318;6871646;6803583
35-39;6857527;6990523;7155946;7341635;7527745;7700900;7862666;8013399;8148183;8260741;8347421;8407755;8440996;8451369;8446055;8430688;8404634;8365378;8324589;8299702;8300209;8325674;8382118;8444696;8474256;8447253;8375224;8223858;8046719;7879049;7746136;7625181;7528741;7446144;7368454;7274845;7203808;7175501;7154681;7162834;7221685;7245877;7253323;7290325;7299496;7269639;7259722;7249292;7200007;7145508;7086207
40-44;6405478;6465519;6511227;6557089;6624863;6727359;6861189;7027271;7213769;7400750;7574836;7737477;7888496;8022898;8135221;8222214;8283430;8318165;8330545;8327522;8314471;8290745;8253830;8215289;8192354;8194452;8221147;8278370;8341585;8372088;8346626;8276663;8128189;7954176;7789503;7659150;7540448;7445888;7365050;7289066;7197348;7128025;7100999;7081359;7090362;7149455;7174123;7182135;7219317;7228927;7199896
45-49;5768516;5880219;5985481;6082367;6167931;6241647;6303978;6352579;6401687;6472175;6576419;6711034;6876531;7061277;7246407;7419108;7580798;7731316;7865760;7978594;8066468;8128987;8165432;8179855;8179060;8168292;8146911;8112423;8076237;8055349;8059034;8086849;8144623;8208179;8239414;8215443;8147699;8002569;7832277;7671186;7543900;7427925;7335566;7256745;7182722;7093220;7025894;7000246;6981909;6991754;7050917
50-54;4900002;5040349;5178764;5313246;5441195;5561009;5673316;5779573;5877917;5965268;6041008;6105571;6156429;6207294;6278778;6383077;6516900;6680739;6863310;7046315;7217244;7377487;7526925;7660698;7773367;7861606;7925036;7962995;7979372;7980824;7972437;7953589;7921753;7888179;7869486;7874764;7903569;7961564;8025093;8056849;8034455;7969304;7828334;7662799;7506320;7382926;7270417;7180814;7104474;7032873;6946162
55-59;3954821;4089187;4227766;4368987;4510555;4650762;4789417;4926386;5059761;5186871;5306101;5418069;5523994;5622071;5709488;5785731;5851268;5903677;5956190;6028485;6132308;6264412;6425224;6603964;6783080;6950611;7107892;7254823;7386666;7498065;7585774;7649457;7688505;7706661;7710316;7704363;7688149;7659220;7628530;7612199;7619074;7648657;7706356;7769208;7801082;7780353;7718248;7582612;7423293;7272866;7154556
60-64;3081961;3198692;3313737;3429277;3548963;3674713;3805186;3939707;4076794;4214303;4350563;4485379;4618536;4748149;4871821;4988027;5097383;5201061;5297302;5383487;5458969;5524298;5577221;5630273;5702081;5803746;5932098;6087478;6259725;6432268;6593867;6745779;6887959;7015825;7124175;7209866;7272652;7311982;7331395;7336975;7333300;7319725;7293901;7266311;7252466;7260725;7290580;7347073;7408221;7439552;7420473
65-69;2253998;2339108;2439108;2549140;2661907;2773210;2883883;2993314;3103440;3217426;3337000;3460918;3588535;3718492;3848844;3978090;4106032;4232502;4355732;4473440;4584216;4688647;4787847;4880176;4963105;5036045;5099560;5151653;5203924;5273663;5371091;5493166;5640066;5802391;5964930;6117373;6260872;6395434;6516731;6619770;6701600;6762068;6800700;6820803;6827971;6826458;6815605;6793193;6769102;6757874;6767303
70-74;1689818;1732563;1770303;1809593;1859518;1924795;2003224;2094581;2194687;2297297;2398778;2499910;2600243;2701380;2806006;2915566;3028989;3145702;3264515;3383680;3501868;3618911;3734717;3847628;3955595;4057304;4153367;4244811;4330120;4406952;4474742;4534111;4583407;4633065;4698510;4788775;4900975;5035044;5182591;5330211;5468808;5599462;5722265;5833225;5927673;6002895;6058911;6095418;6115370;6123684;6124121
75-79;1105206;1144121;1190922;1240998;1288273;1330216;1368574;1403314;1439622;1484658;1542105;1610235;1688895;1774682;1862608;1949716;2036732;2123408;2210961;2301516;2396166;2494028;2594665;2697044;2799720;2901547;3002440;3102353;3199832;3293112;3381052;3464237;3543625;3617852;3684841;3744109;3796312;3840217;3884676;3942722;4021823;4119269;4234768;4361237;4487603;4606394;4718561;4824282;4920042;5001664;5066803
80-84;677628;692280;707304;724631;746369;773094;804695;841980;881564;919059;952619;983758;1012641;1042996;1079956;1126100;1180178;1242110;1309326;1378193;1446541;1514999;1583484;1652852;1724591;1799420;1876683;1956079;2036796;2117674;2197885;2277383;2356175;2433074;2506675;2576080;2641835;2704769;2763770;2817079;2864310;2906165;2941812;2978203;3025436;3089091;3166772;3257946;3357133;3456065;3549148
85-89;314944;340306;359247;374268;387076;398787;410381;422377;435871;452078;471252;493422;519178;546326;572074;595279;617114;637836;659812;686235;718616;756161;798785;844827;891952;938795;985869;1033177;1081264;1131002;1182750;1236101;1290875;1346482;1402163;1457337;1512013;1566262;1619219;1669886;1717634;1762927;1806456;1847353;1884307;1917047;1946213;1971377;1997388;2031094;2076107
90+;155814;155891;163643;175211;188114;200858;213666;226913;240102;252916;265178;277513;290381;304062;318955;335033;352599;372193;392729;412903;432174;451480;471355;492517;515998;542216;571089;602780;636664;672043;708423;746158;785393;826114;868408;912170;957358;1003936;1051543;1099797;1148335;1197201;1246463;1295445;1343371;1389754;1435003;1479630;1522751;1563205;1600637
Mulheres;;;;;;;;;;;;;;;;;;;;;;;;;;;;;;;;;;;;;;;;;;;;;;;;;;;
Faixa/Ano;2010;2011;2012;2013;2014;2015;2016;2017;2018;2019;2020;2021;2022;2023;2024;2025;2026;2027;2028;2029;2030;2031;2032;2033;2034;2035;2036;2037;2038;2039;2040;2041;2042;2043;2044;2045;2046;2047;2048;2049;2050;2051;2052;2053;2054;2055;2056;2057;2058;2059;2060
Total;99377384;100281097;101182880;102072857;102973443;103894681;104776947;105641142;106523727;107386830;108228003;109045796;109838053;110602740;111339419;112047789;112727035;113376404;113995082;114582791;115139700;115665408;116159210;116621044;117051060;117449293;117815406;118149104;118450544;118719830;118957171;119162795;119337126;119480622;119593399;119675564;119727205;119748659;119740229;119701812;119633216;119534576;119406275;119248372;119060759;118843450;118596844;118321643;118018167;117686696;117327705
0-4;7263764;7183672;7146734;7117833;7118380;7169933;7187889;7190134;7222256;7227109;7193522;7179982;7166137;7113891;7056677;6994870;6929250;6861293;6792194;6722744;6654037;6586337;6519598;6454447;6391297;6330138;6271102;6214564;6160612;6108982;6059465;6012111;5967335;5925166;5885245;5847195;5810739;5775493;5740911;5706506;5671785;5636480;5600319;5562831;5523765;5483054;5440735;5396945;5351779;5305522;5258613
05/set;7770558;7637972;7531062;7438466;7351496;7249311;7169869;7133599;7105448;7106623;7158677;7177142;7179697;7211861;7216770;7183323;7169960;7156303;7104326;7047419;6985900;6920581;6852877;6784045;6714850;6646363;6578895;6512362;6447397;6384445;6323461;6264603;6208226;6154420;6102930;6053551;6006316;5961661;5919602;5879787;5841839;5805471;5770319;5735832;5701526;5666895;5631683;5595595;5558186;5519183;5478538
out/14;8554717;8455975;8283444;8089460;7907189;7760725;7628594;7522151;7430076;7343636;7241977;7162974;7126965;7098900;7100083;7152115;7170599;7173253;7205511;7210562;7177282;7164048;7150542;7098698;7041966;6980597;6915428;6847872;6779177;6710109;6641753;6574416;6507997;6443143;6380305;6319417;6260645;6204358;6150638;6099240;6049944;6002767;5958172;5916169;5876419;5838532;5802229;5767135;5732686;5698445;5663861
15-19;8545250;8545134;8570279;8598599;8595020;8538650;8440520;8268820;8075784;7894402;7748661;7617127;7511038;7419176;7332931;7231549;7152834;7117070;7089291;7090699;7142889;7161564;7164386;7196775;7201976;7168912;7155813;7142450;7090800;7034246;6973050;6908061;6840690;6772161;6703265;6635057;6567880;6501607;6436888;6374173;6313409;6254781;6198609;6144996;6093699;6044510;5997404;5952900;5910984;5871292;5833479
20-24;8730663;8685493;8632453;8580317;8541427;8522158;8522717;8548800;8578290;8575788;8520321;8422885;8251703;8058974;7877885;7732483;7601342;7495658;7404243;7318466;7217578;7139311;7103911;7076466;7078134;7130480;7149348;7152369;7184898;7190262;7157419;7144496;7131292;7079875;7023532;6962566;6897786;6830618;6762308;6693616;6625610;6558621;6492525;6427989;6365439;6304827;6246359;6190324;6136849;6085691;6036629
25-29;8759504;8794137;8796721;8774734;8740162;8701585;8657447;8606118;8556279;8519370;8501472;8502840;8528874;8557655;8554527;8498854;8401581;8230970;8039027;7858757;7714059;7583553;7478411;7387513;7302222;7201834;7124040;7089005;7061927;7063862;7116357;7135441;7138679;7171317;7176856;7144248;7131490;7118444;7067259;7011155;6950430;6885878;6818953;6750864;6682397;6614606;6547836;6481935;6417581;6355208;6294775
30-34;8134662;8292656;8436024;8559102;8655506;8721648;8757209;8761261;8741379;8708998;8672472;8630132;8579691;8529636;8492259;8474016;8475221;8501254;8530339;8527750;8472728;8376209;8206534;8015554;7836195;7692298;7562495;7457948;7367599;7282839;7183027;7105766;7071153;7044471;7046705;7099349;7118636;7122075;7154825;7160535;7128176;7115614;7102753;7051834;6995993;6935527;6871248;6804590;6736770;6668550;6600995
35-39;7217581;7360304;7533612;7724944;7914003;8086921;8245277;8389416;8513782;8611601;8679124;8715968;8720848;8701247;8669057;8632896;8591073;8541313;8492081;8455572;8438085;8439927;8466470;8496006;8493933;8439591;8343905;8175308;7985451;7807181;7664189;7535215;7431349;7341643;7257512;7158362;7081715;7047557;7021303;7023870;7076626;7096104;7099748;7132620;7138481;7106437;7094056;7081379;7030761;6975247;6915100
40-44;6778692;6845790;6902814;6962420;7043480;7156924;7299989;7473560;7665266;7854763;8028138;8186940;8331214;8455331;8552992;8620632;8657882;8663516;8644914;8613835;8578785;8538059;8489410;8441231;8405668;8388994;8391500;8418532;8448480;8446908;8393336;8298619;8131367;7942935;7766032;7624247;7496313;7393283;7304357;7220983;7122693;7046803;7013207;6987448;6990375;7043194;7062864;7066709;7099631;7105657;7073965
45-49;6223923;6337962;6440833;6533234;6616280;6691951;6760080;6818469;6879600;6961901;7076085;7219386;7392473;7583125;7771526;7944063;8102291;8246251;8370379;8468309;8536458;8574475;8581121;8563724;8533946;8500200;8460770;8413422;8366506;8332082;8316353;8319588;8347101;8377429;8376405;8323746;8230289;8064839;7878391;7703408;7563258;7436796;7334913;7247051;7164700;7067565;6992692;6959806;6934682;6938034;6990866
50-54;5376771;5534017;5689298;5839169;5978738;6105077;6219391;6322798;6416015;6500061;6576796;6646021;6705438;6767236;6849760;6963705;7106337;7278291;7467575;7654669;7826144;7983521;8126854;8250652;8348545;8416994;8455692;8463413;8447385;8419115;8386869;8348985;8303205;8257827;8224756;8210111;8214142;8242078;8272708;8272262;8220740;8128940;7965977;7782295;7609981;7472079;7347622;7247303;7160879;7079920;6984373
55-59;4432743;4590633;4749890;4909737;5069150;5227119;5383125;5537330;5686330;5825240;5951176;6065299;6168619;6261809;6346002;6423020;6492695;6552788;6615246;6697988;6811458;6952954;7123064;7310048;7494871;7664408;7820119;7962106;8084941;8182318;8250753;8289954;8298764;8284278;8257737;8227267;8191196;8147302;8103751;8072269;8058871;8063723;8091991;8122772;8122927;8072809;7983158;7823559;7643653;7474984;7340157
60-64;3514780;3660366;3805267;3950635;4098973;4251517;4406707;4563335;4720676;4877607;5033165;5186796;5338620;5485311;5622167;5746464;5859310;5961715;6054307;6138173;6215013;6284717;6345103;6407794;6490177;6602344;6741631;6908565;7091767;7272814;7439034;7591869;7731387;7852281;7948365;8016235;8055661;8065487;8052664;8028119;7999680;7965774;7924151;7882847;7853280;7841324;7847086;7875513;7906215;7906918;7858543
65-69;2651990;2756408;2879605;3016173;3157397;3298030;3438872;3579276;3720291;3864254;4012244;4162815;4314753;4467342;4619567;4770537;4919734;5067255;5209895;5343114;5464296;5574519;5674802;5765692;5848178;5923895;5992761;6052710;6114911;6195985;6305561;6440967;6602686;6779782;6954755;7115536;7263504;7398788;7516234;7609815;7676222;7715300;7726054;7715112;7692923;7666987;7635743;7597019;7558569;7531415;7521177
70-74;2102224;2156789;2204652;2253926;2316429;2398670;2498217;2614903;2743842;2877091;3009885;3142991;3275848;3409374;3545763;3685934;3828611;3972652;4117387;4261854;4405172;4546874;4687048;4822679;4949468;5064985;5170268;5266293;5353559;5432924;5505888;5572460;5630751;5691223;5769421;5874274;6003151;6156325;6323635;6488820;6640747;6780731;6908947;7020499;7109604;7173107;7210968;7222358;7213525;7194194;7171363
75-79;1492784;1544677;1606315;1672386;1735303;1791602;1843027;1889061;1936628;1995878;2072284;2163783;2270175;2387224;2508065;2628645;2749655;2870706;2992562;3117106;3245094;3375377;3506991;3639270;3771408;3902531;4032250;4160652;4284966;4401296;4507406;4604325;4693006;4773850;4847542;4915432;4977539;5032292;5089135;5162077;5259045;5377458;5517370;5669626;5819805;5958073;6085643;6202786;6304934;6386709;6445168
80-84;1011816;1034783;1057594;1083186;1114797;1153777;1199670;1253255;1310296;1364756;1413939;1459433;1501065;1544334;1597295;1664180;1743331;1834577;1934437;2037456;2140390;2243880;2347676;2452397;2559507;2669564;2781618;2894907;3008818;3122667;3235703;3347602;3458462;3565860;3666442;3758266;3842366;3919622;3990318;4054925;4114525;4169257;4217871;4268491;4332980;4417881;4520736;4641272;4771766;4900246;5018661
85-89;515585;561054;595323;622495;645478;666361;686636;707112;729646;756364;788078;824584;866553;910910;953385;992126;1028467;1062520;1098244;1141243;1194404;1256505;1327396;1404534;1484026;1563596;1643821;1724600;1806345;1890062;1976064;2063667;2152289;2241448;2330625;2419249;2507052;2594154;2678588;2757716;2830025;2896448;2957798;3014175;3065860;3113604;3157654;3197122;3238392;3290628;3358671
90+;299377;303275;320960;346041;374235;402722;431711;461744;491843;521388;549987;578698;608342;639404;672708;708377;746862;789019;833124;877075;919928;962997;1007016;1053519;1104693;1161569;1223950;1292026;1365005;1441733;1521483;1604650;1691387;1781513;1874969;1971456;2070785;2172676;2276714;2382536;2489591;2597630;2706598;2814921;2920605;3022439;3121128;3217393;3310325;3398853;3482771
