Pernambuco;;;;;;;;;;;;;;;;;;;;;;;;;;;;;;;;;;;;;;;;;;;;;;;;;;;
Dados;;;;;;;;;;;;;;;;;;;;;;;;;;;;;;;;;;;;;;;;;;;;;;;;;;;
Ano;População total;Homens;Mulheres;Nascimentos;Óbitos;Taxa de Crescimento Geométrico;Taxa Bruta de Natalidade;Taxa Bruta de Mortalidade;Esperança de Vida ao Nascer;Esperança de Vida ao Nascer - Homens;Esperança de Vida ao Nascer - Mulheres;Taxa de Mortalidade Infantil;Taxa de Mortalidade Infantil - Homens;Taxa de Mortalidade Infantil - Mulheres;Taxa de Fecundidade Total;Razão de Dependência - Jovens 0 a 14 anos;Razão de Dependência - Idosos 65 ou mais anos;Razão de Dependência;Índice de Envelhecimento;;;;;;;;;;;;;;;;;;;;;;;;;;;;;;;;
2010;9000873;4332720;4668153;142901;68468;x;15.88;7.61;71.13;66.83;75.47;18.51;20.98;15.91;1.79;39.73;11.02;50.75;27.65;;;;;;;;;;;;;;;;;;;;;;;;;;;;;;;;
2011;9062229;4360157;4702072;147403;67358;0.68;16.27;7.43;71.65;67.4;75.89;17.08;19.3;14.75;1.85;38.75;11.13;49.89;28.57;;;;;;;;;;;;;;;;;;;;;;;;;;;;;;;;
2012;9126434;4389217;4737217;146266;66615;0.71;16.03;7.3;72.13;67.94;76.3;15.87;17.87;13.78;1.83;37.8;11.28;49.08;29.92;;;;;;;;;;;;;;;;;;;;;;;;;;;;;;;;
2013;9189504;4417869;4771635;143301;66007;0.69;15.59;7.18;72.6;68.47;76.69;14.85;16.65;12.96;1.79;36.84;11.46;48.3;31.05;;;;;;;;;;;;;;;;;;;;;;;;;;;;;;;;
2014;9252442;4446635;4805807;144476;65568;0.68;15.61;7.09;73.05;68.97;77.06;13.99;15.62;12.27;1.8;35.94;11.65;47.59;32.38;;;;;;;;;;;;;;;;;;;;;;;;;;;;;;;;
2015;9317744;4476794;4840950;146832;65289;0.71;15.76;7.01;73.48;69.46;77.41;13.26;14.75;11.7;1.83;35.17;11.86;47.03;33.89;;;;;;;;;;;;;;;;;;;;;;;;;;;;;;;;
2016;9377368;4504228;4873140;132090;65020;0.64;14.09;6.93;73.89;69.92;77.75;12.66;14.02;11.23;1.65;34.36;12.08;46.44;34.89;;;;;;;;;;;;;;;;;;;;;;;;;;;;;;;;
2017;9434839;4530736;4904103;141691;64932;0.61;15.02;6.88;74.27;70.36;78.06;12.14;13.4;10.83;1.77;33.67;12.32;45.99;36.36;;;;;;;;;;;;;;;;;;;;;;;;;;;;;;;;
2018;9496735;4559676;4937059;140497;65058;0.66;14.79;6.85;74.63;70.78;78.36;11.72;12.88;10.51;1.76;33.1;12.59;45.68;37.89;;;;;;;;;;;;;;;;;;;;;;;;;;;;;;;;
2019;9557517;4588206;4969311;139264;65214;0.64;14.57;6.82;74.98;71.17;78.65;11.37;12.44;10.24;1.75;32.56;12.87;45.44;39.29;;;;;;;;;;;;;;;;;;;;;;;;;;;;;;;;
2020;9617072;4616264;5000808;137972;65465;0.62;14.35;6.81;75.31;71.55;78.92;11.07;12.07;10.02;1.74;32.06;13.18;45.25;41.18;;;;;;;;;;;;;;;;;;;;;;;;;;;;;;;;
2021;9675249;4643766;5031483;136670;65854;0.6;14.13;6.81;75.62;71.9;79.17;10.82;11.76;9.83;1.73;31.58;13.52;45.1;42.66;;;;;;;;;;;;;;;;;;;;;;;;;;;;;;;;
2022;9731843;4670604;5061239;135208;66349;0.58;13.89;6.82;75.91;72.24;79.41;10.62;11.5;9.68;1.73;31.17;13.89;45.06;44.65;;;;;;;;;;;;;;;;;;;;;;;;;;;;;;;;
2023;9786666;4696679;5089987;133749;66953;0.56;13.67;6.84;76.18;72.56;79.64;10.45;11.29;9.56;1.72;30.77;14.28;45.06;46.23;;;;;;;;;;;;;;;;;;;;;;;;;;;;;;;;
2024;9839619;4721939;5117680;132305;67668;0.54;13.45;6.88;76.44;72.85;79.85;10.3;11.11;9.46;1.71;30.38;14.71;45.09;48.33;;;;;;;;;;;;;;;;;;;;;;;;;;;;;;;;
2025;9890556;4746307;5144249;130771;68485;0.52;13.22;6.92;76.69;73.14;80.05;10.18;10.95;9.38;1.71;30.07;15.17;45.24;50.24;;;;;;;;;;;;;;;;;;;;;;;;;;;;;;;;
2026;9939342;4769709;5169633;129269;69416;0.49;13.01;6.98;76.91;73.4;80.24;10.08;10.82;9.31;1.7;29.77;15.65;45.42;52.68;;;;;;;;;;;;;;;;;;;;;;;;;;;;;;;;
2027;9985921;4792117;5193804;127837;70447;0.47;12.8;7.05;77.12;73.65;80.41;10;10.72;9.25;1.7;29.42;16.16;45.58;54.95;;;;;;;;;;;;;;;;;;;;;;;;;;;;;;;;
2028;10030223;4813493;5216730;126404;71583;0.44;12.6;7.14;77.32;73.88;80.58;9.94;10.63;9.21;1.69;29.09;16.7;45.79;57.5;;;;;;;;;;;;;;;;;;;;;;;;;;;;;;;;
2029;10072190;4833801;5238389;125002;72761;0.42;12.41;7.22;77.51;74.1;80.74;9.88;10.55;9.17;1.69;28.77;17.26;46.03;59.9;;;;;;;;;;;;;;;;;;;;;;;;;;;;;;;;
2030;10111808;4853028;5258780;123652;74010;0.39;12.23;7.32;77.68;74.3;80.89;9.83;10.49;9.14;1.68;28.41;17.83;46.24;62.89;;;;;;;;;;;;;;;;;;;;;;;;;;;;;;;;
2031;10148858;4871053;5277805;122178;75313;0.37;12.04;7.42;77.85;74.49;81.02;9.79;10.43;9.11;1.68;28.15;18.44;46.58;65.63;;;;;;;;;;;;;;;;;;;;;;;;;;;;;;;;
2032;10183114;4887749;5295365;120746;76692;0.34;11.86;7.53;78;74.67;81.15;9.76;10.39;9.09;1.68;27.92;19.07;46.99;68.42;;;;;;;;;;;;;;;;;;;;;;;;;;;;;;;;
2033;10214587;4903121;5311466;119449;78151;0.31;11.69;7.65;78.14;74.84;81.27;9.73;10.35;9.08;1.68;27.6;19.71;47.31;71.66;;;;;;;;;;;;;;;;;;;;;;;;;;;;;;;;
2034;10243275;4917161;5326114;118170;79684;0.28;11.54;7.78;78.27;74.99;81.39;9.71;10.32;9.06;1.67;27.3;20.35;47.65;74.59;;;;;;;;;;;;;;;;;;;;;;;;;;;;;;;;
2035;10269143;4929852;5339291;116951;81293;0.25;11.39;7.92;78.4;75.14;81.49;9.69;10.29;9.05;1.67;27;21.01;48.01;78.02;;;;;;;;;;;;;;;;;;;;;;;;;;;;;;;;
2036;10292112;4941160;5350952;115651;82963;0.22;11.24;8.06;78.51;75.27;81.59;9.67;10.27;9.04;1.67;26.71;21.66;48.38;81.11;;;;;;;;;;;;;;;;;;;;;;;;;;;;;;;;
2037;10312102;4951041;5361061;114406;84704;0.19;11.09;8.21;78.62;75.4;81.69;9.66;10.25;9.03;1.67;26.44;22.33;48.77;84.27;;;;;;;;;;;;;;;;;;;;;;;;;;;;;;;;
2038;10329117;4959495;5369622;113236;86502;0.17;10.96;8.37;78.72;75.51;81.78;9.64;10.23;9.03;1.66;26.18;23;49.18;88;;;;;;;;;;;;;;;;;;;;;;;;;;;;;;;;
2039;10343147;4966516;5376631;112078;88344;0.14;10.84;8.54;78.81;75.62;81.86;9.64;10.22;9.02;1.66;25.94;23.71;49.64;91.33;;;;;;;;;;;;;;;;;;;;;;;;;;;;;;;;
2040;10354192;4972106;5382086;110974;90211;0.11;10.72;8.71;78.9;75.72;81.93;9.63;10.21;9.02;1.66;25.71;24.45;50.16;95.32;;;;;;;;;;;;;;;;;;;;;;;;;;;;;;;;
2041;10362239;4976253;5385986;109848;92109;0.08;10.6;8.89;78.98;75.82;82.01;9.62;10.2;9.02;1.66;25.51;25.22;50.73;98.82;;;;;;;;;;;;;;;;;;;;;;;;;;;;;;;;
2042;10367287;4978956;5388331;108796;94030;0.05;10.49;9.07;79.06;75.91;82.07;9.62;10.19;9.01;1.66;25.33;26.02;51.35;102.99;;;;;;;;;;;;;;;;;;;;;;;;;;;;;;;;
2043;10369343;4980219;5389124;107762;96007;0.02;10.39;9.26;79.12;75.99;82.14;9.61;10.18;9.01;1.66;25.16;26.85;52.02;106.63;;;;;;;;;;;;;;;;;;;;;;;;;;;;;;;;
2044;10368383;4980023;5388360;106730;97998;-0.01;10.29;9.45;79.19;76.06;82.19;9.6;10.18;9.01;1.65;25.01;27.71;52.72;110.37;;;;;;;;;;;;;;;;;;;;;;;;;;;;;;;;
2045;10364406;4978368;5386038;105746;100022;-0.04;10.2;9.65;79.25;76.13;82.25;9.6;10.17;9.01;1.65;24.88;28.58;53.46;114.81;;;;;;;;;;;;;;;;;;;;;;;;;;;;;;;;
2046;10357414;4975260;5382154;104778;102078;-0.07;10.12;9.86;79.3;76.2;82.3;9.6;10.17;9.01;1.65;24.76;29.47;54.23;118.63;;;;;;;;;;;;;;;;;;;;;;;;;;;;;;;;
2047;10347405;4970697;5376708;103831;104140;-0.1;10.03;10.06;79.35;76.26;82.35;9.6;10.16;9;1.65;24.66;30.36;55.02;123.27;;;;;;;;;;;;;;;;;;;;;;;;;;;;;;;;
2048;10334368;4964674;5369694;102861;106218;-0.13;9.95;10.28;79.4;76.31;82.39;9.6;10.16;9;1.65;24.57;31.26;55.84;127.22;;;;;;;;;;;;;;;;;;;;;;;;;;;;;;;;
2049;10318285;4957185;5361100;101884;108286;-0.16;9.87;10.49;79.45;76.37;82.44;9.59;10.16;9;1.65;24.5;32.17;56.67;131.41;;;;;;;;;;;;;;;;;;;;;;;;;;;;;;;;
2050;10299159;4948232;5350927;100915;110356;-0.19;9.8;10.72;79.49;76.41;82.47;9.59;10.16;9;1.65;24.43;33.09;57.52;135.48;;;;;;;;;;;;;;;;;;;;;;;;;;;;;;;;
2051;10277017;4937835;5339182;99977;112411;-0.21;9.73;10.94;79.52;76.46;82.51;9.59;10.15;9;1.65;24.38;34;58.38;139.61;;;;;;;;;;;;;;;;;;;;;;;;;;;;;;;;
2052;10251890;4926012;5325878;99031;114444;-0.24;9.66;11.16;79.56;76.5;82.54;9.59;10.15;9;1.65;24.33;34.91;59.25;143.14;;;;;;;;;;;;;;;;;;;;;;;;;;;;;;;;
2053;10223763;4912752;5311011;98012;116445;-0.27;9.59;11.39;79.59;76.54;82.58;9.59;10.15;9;1.65;24.29;35.81;60.11;147.37;;;;;;;;;;;;;;;;;;;;;;;;;;;;;;;;
2054;10192631;4898054;5294577;96988;118411;-0.3;9.52;11.62;79.62;76.57;82.61;9.59;10.15;9;1.65;24.26;36.68;60.94;150.99;;;;;;;;;;;;;;;;;;;;;;;;;;;;;;;;
2055;10158518;4881933;5276585;95942;120337;-0.33;9.44;11.85;79.65;76.61;82.63;9.59;10.15;9;1.65;24.22;37.5;61.73;154.67;;;;;;;;;;;;;;;;;;;;;;;;;;;;;;;;
2056;10121489;4864421;5257068;94966;122221;-0.36;9.38;12.08;79.67;76.64;82.66;9.59;10.15;9;1.65;24.19;38.29;62.48;158.39;;;;;;;;;;;;;;;;;;;;;;;;;;;;;;;;
2057;10081634;4845564;5236070;93999;124046;-0.39;9.32;12.3;79.69;76.66;82.68;9.59;10.15;9;1.64;24.15;39.03;63.18;161.49;;;;;;;;;;;;;;;;;;;;;;;;;;;;;;;;
2058;10038990;4825382;5213608;92966;125797;-0.42;9.26;12.53;79.72;76.69;82.71;9.59;10.15;9;1.64;24.12;39.76;63.87;165.31;;;;;;;;;;;;;;;;;;;;;;;;;;;;;;;;
2059;9993592;4803889;5189703;91938;127494;-0.45;9.2;12.76;79.74;76.71;82.73;9.59;10.15;9;1.64;24.09;40.49;64.58;168.49;;;;;;;;;;;;;;;;;;;;;;;;;;;;;;;;
2060;9945508;4781114;5164394;90909;129111;-0.48;9.14;12.98;79.76;76.74;82.75;9.59;10.15;9;1.64;24.07;41.25;65.33;171.23;;;;;;;;;;;;;;;;;;;;;;;;;;;;;;;;
Faixas etárias;;;;;;;;;;;;;;;;;;;;;;;;;;;;;;;;;;;;;;;;;;;;;;;;;;;
Total;;;;;;;;;;;;;;;;;;;;;;;;;;;;;;;;;;;;;;;;;;;;;;;;;;;
Faixa/Ano;2010;2011;2012;2013;2014;2015;2016;2017;2018;2019;2020;2021;2022;2023;2024;2025;2026;2027;2028;2029;2030;2031;2032;2033;2034;2035;2036;2037;2038;2039;2040;2041;2042;2043;2044;2045;2046;2047;2048;2049;2050;2051;2052;2053;2054;2055;2056;2057;2058;2059;2060
Total;9000873;9062229;9126434;9189504;9252442;9317744;9377368;9434839;9496735;9557517;9617072;9675249;9731843;9786666;9839619;9890556;9939342;9985921;10030223;10072190;10111808;10148858;10183114;10214587;10243275;10269143;10292112;10312102;10329117;10343147;10354192;10362239;10367287;10369343;10368383;10364406;10357414;10347405;10334368;10318285;10299159;10277017;10251890;10223763;10192631;10158518;10121489;10081634;10038990;9993592;9945508
0-4;739400;728511;723438;717332;711441;711996;707090;697893;694838;691348;684784;683032;682378;676057;669494;662682;655621;648456;641307;634174;627139;620189;613234;606331;599544;592875;586354;580007;573812;567737;561776;555959;550321;544844;539495;534267;529177;524218;519341;514517;509735;504966;500217;495442;490624;485740;480798;475827;470839;465844;460853
05/set;785823;772882;762464;753334;744903;733707;722988;718060;712099;706341;707015;702236;693165;690217;686834;680373;678724;678172;671947;665480;658761;651791;644702;637617;630530;623523;616599;609667;602785;596017;589369;582861;576528;570351;564290;558342;552536;546906;541439;536106;530885;525808;520857;515990;511172;506399;501641;496899;492130;487317;482438
out/14;846908;841653;828166;812259;796733;782940;770095;759764;750711;742361;731246;720601;715737;709837;704139;704864;700140;691123;688223;684889;678480;676872;676356;670168;663736;657043;650087;643014;635942;628871;621879;614969;608051;601176;594423;587789;581292;574967;568794;562743;556802;551003;545383;539923;534595;529378;524306;519363;514500;509688;504924
15-19;824679;825943;830928;837168;840710;839146;834110;820863;805212;789930;776364;763735;753590;744721;736544;725597;715115;710396;704636;699070;699908;695284;686359;683532;680252;673896;672324;671831;665685;659292;652634;645713;638677;631641;624601;617638;610757;603869;597020;590286;583675;577202;570897;564747;558715;552792;547009;541401;535958;530643;525441
20-24;828717;823270;815848;808119;802719;801138;802912;808369;815056;819051;817972;813435;800726;785621;770870;757806;745659;735957;727514;719749;709218;699104;694653;689097;683685;684604;680063;671238;668479;665267;658991;657468;657013;650929;644597;638006;631138;624157;617178;610187;603272;596438;589596;582791;576103;569529;563093;556822;550702;544705;538812
25-29;790259;794621;798244;800548;800616;797998;793284;786592;779567;774829;773857;776198;782179;789365;793873;793336;789357;777259;762759;748591;736081;724446;715162;707059;699548;689207;679235;674882;669427;664108;665080;660618;651891;649193;646040;639830;638358;637936;631913;625640;619108;612297;605370;598446;591509;584649;577863;571067;564307;557657;551126
30-34;726818;737895;747311;755219;761994;767816;772679;776803;779606;780180;778075;773878;767695;761163;756885;756322;759031;765342;772842;777673;777490;773861;762129;747965;734076;721773;710295;701153;693175;685777;675555;665699;661422;656049;650805;651814;647413;638768;636114;633011;626862;625425;625026;619055;612832;606353;599593;592717;585841;578953;572135
35-39;643852;656071;669906;684549;698687;711464;722846;732577;740811;747911;754062;759251;763698;766817;767718;765946;762086;756239;750031;746043;745725;748636;755098;762709;767653;767583;764082;752528;738553;724843;712704;701376;692355;684483;677183;667076;657327;653116;647816;642641;643676;639324;630756;628148;625088;619001;617589;617204;611285;605114;598688
40-44;584927;594445;602741;610714;619726;630587;643026;657050;671863;686170;699133;710713;720653;729113;736439;742817;748227;752892;756227;757359;755827;752214;746615;740641;736839;736658;739655;746162;753799;758786;758796;755400;744019;730235;716710;704740;693567;684671;676904;669708;659721;650088;645949;640720;635618;636673;632373;623891;621327;618307;612288
45-49;509014;522300;535265;547707;559341;570063;579825;588388;596624;605874;616927;629518;643653;658554;672948;686009;697702;707774;716383;723859;730394;735959;740774;744258;745556;744208;740792;735405;729636;726002;725937;728999;735518;743136;748132;748198;744906;733717;720169;706868;695099;684115;675365;667727;660653;650812;641327;637269;632131;627120;628181
50-54;422337;435607;449487;463678;477781;491520;504904;517984;530557;542335;553216;563160;571922;580353;589759;600921;613576;627719;642596;656972;670034;681750;691866;700537;708081;714687;720330;725230;728811;730236;729043;725817;720646;715096;711635;711674;714772;721255;728800;733760;733871;730687;719735;706474;693460;681941;671200;662633;655157;648235;638589
55-59;347420;356445;366694;378012;390104;402752;415988;429818;443956;458013;471720;485080;498151;510727;522526;533444;543445;552293;560816;570268;581411;593994;607999;622701;636901;649818;661420;671451;680073;687594;694197;699848;704765;708386;709897;708851;705814;700877;695569;692292;692417;695515;701897;709301;714166;714298;711225;700576;687691;675056;663872
60-64;292540;299507;305351;310838;317143;324964;334031;344232;355434;367366;379837;392863;406458;420345;434156;447631;460771;473635;486022;497658;508438;518325;527103;535560;544905;555855;568169;581828;596142;609960;622541;633856;643657;652103;659482;665970;671538;676392;679985;681541;680625;677786;673120;668097;665033;665235;668286;674482;681638;686333;686460
65-69;222681;229491;238216;247899;257116;265086;272091;278102;283798;290235;298034;306967;316920;327781;339315;351352;363907;376997;390353;403638;416600;429249;441642;453579;464796;475204;484758;493268;501474;510510;521049;532854;545901;559545;572711;584705;595509;604876;612971;620053;626288;631651;636336;639821;641369;640578;637967;633629;628970;626161;626431
70-74;176621;179963;181990;183760;186761;191771;198425;206731;215866;224585;232220;239016;244965;250647;256983;264499;273001;282384;292562;303340;314573;326272;338448;350868;363219;375264;387026;398562;409678;420128;429825;438735;446701;454395;462844;472662;483611;495672;508245;520368;531418;541377;550022;557512;564079;569869;574858;579221;582471;583937;583256
75-79;114012;118282;124220;130780;136589;141005;144390;146749;148915;152096;156904;163054;170554;178732;186547;193462;199684;205226;210561;216440;223294;230960;239349;248386;257932;267872;278214;288963;299923;310815;321437;331817;342007;351829;361062;369626;377502;384570;391409;398908;407594;417246;427831;438830;449420;459080;467786;475360;481928;487699;492791
80-84;78528;77764;77153;77190;78439;81062;84853;89839;95261;100111;103921;106979;109307;111518;114513;118731;123961;130207;136950;143398;149148;154369;159097;163685;168703;174459;180831;187746;195152;202956;211078;219522;228288;237219;246091;254740;263195;271502;279515;287047;294021;300438;306217;311826;317981;325094;332970;341558;350449;358984;366770
85-89;41480;44262;45623;46186;46359;46419;46520;46701;47273;48604;50793;53716;57393;61332;64879;67733;70104;72033;73915;76340;79583;83502;88092;93005;97689;101892;105745;109295;112770;116551;120829;125517;130559;135929;141573;147447;153551;159882;166327;172719;178950;185044;191043;196828;202263;207278;211894;216066;220135;224614;229785
90+;24857;23317;23389;24212;25280;26310;27311;28324;29288;30177;30992;31817;32699;33766;35197;37031;39231;41817;44579;47249;49704;52081;54436;56889;59630;62722;66133;69872;73801;77697;81472;85211;88968;92804;96812;101031;105451;110054;114859;119890;125140;130607;136273;142085;147951;153819;159711;165649;171531;177225;182668
Homens;;;;;;;;;;;;;;;;;;;;;;;;;;;;;;;;;;;;;;;;;;;;;;;;;;;
Faixa/Ano;2010;2011;2012;2013;2014;2015;2016;2017;2018;2019;2020;2021;2022;2023;2024;2025;2026;2027;2028;2029;2030;2031;2032;2033;2034;2035;2036;2037;2038;2039;2040;2041;2042;2043;2044;2045;2046;2047;2048;2049;2050;2051;2052;2053;2054;2055;2056;2057;2058;2059;2060
Total;4332720;4360157;4389217;4417869;4446635;4476794;4504228;4530736;4559676;4588206;4616264;4643766;4670604;4696679;4721939;4746307;4769709;4792117;4813493;4833801;4853028;4871053;4887749;4903121;4917161;4929852;4941160;4951041;4959495;4966516;4972106;4976253;4978956;4980219;4980023;4978368;4975260;4970697;4964674;4957185;4948232;4937835;4926012;4912752;4898054;4881933;4864421;4845564;4825382;4803889;4781114
0-4;377368;372013;369589;366600;363696;364065;361622;356974;355462;353719;350396;349531;349223;346010;342670;339200;335601;331945;328298;324655;321060;317509;313954;310426;306957;303545;300210;296965;293796;290688;287639;284662;281778;278975;276238;273564;270958;268419;265924;263455;261008;258567;256136;253691;251225;248726;246196;243652;241097;238541;235986
05/set;399486;393286;388329;383986;379966;374494;369226;366881;363971;361139;361571;359195;354612;353154;351468;348198;347385;347130;343966;340676;337254;333702;330086;326471;322852;319274;315737;312192;308676;305218;301818;298492;295254;292095;288995;285950;282980;280101;277302;274576;271907;269307;266774;264285;261818;259373;256937;254509;252070;249605;247109
out/14;429335;426985;420342;412416;404687;397898;391757;386848;382549;378574;373149;367921;365614;362740;359941;360402;358059;353507;352074;350414;347176;346384;346147;343005;339735;336328;332785;329179;325572;321961;318390;314862;311327;307816;304366;300975;297656;294421;291265;288170;285131;282168;279293;276498;273774;271108;268510;265980;263494;261031;258591
15-19;413048;414616;418063;422093;424646;424476;422274;415798;408051;400496;393865;387876;383092;378917;375060;369749;364629;362418;359636;356925;357452;355172;350683;349302;347683;344488;343724;343507;340395;337155;333778;330260;326683;323104;319517;315969;312462;308950;305460;302027;298652;295350;292132;288993;285914;282886;279935;277072;274287;271574;268919
20-24;408323;405781;402532;399368;397542;397737;399663;403435;407769;410631;410796;408943;402851;395495;388318;382042;376389;371907;368022;364440;359410;354540;352511;349872;347275;347868;345658;341252;339930;338369;335241;334520;334334;331277;328089;324765;321294;317764;314230;310682;307176;303709;300236;296781;293384;290041;286772;283580;280469;277418;274416
25-29;384161;386228;387970;389109;389209;388057;386045;383321;380661;379301;379917;382229;386349;391016;394222;394757;393291;387625;380692;373920;368026;362722;358529;354881;351485;346603;341851;339905;337349;334829;335466;333323;328999;327728;326215;323144;322464;322308;319301;316164;312886;309462;305976;302489;298985;295525;292095;288661;285242;281881;278572
30-34;349403;354720;359207;362963;366209;369055;371480;373580;375079;375542;374759;373117;370758;368445;367406;368303;370863;375201;380071;383492;384263;383039;377635;370945;364377;358639;353460;349377;345827;342520;337734;333071;331187;328694;326234;326900;324806;320545;319310;317836;314814;314162;314025;311057;307960;304723;301340;297895;294446;290980;287554
35-39;305647;311640;318442;325638;332568;338802;344340;349057;353051;356534;359621;362281;364615;366344;367043;366499;365098;362978;360893;360053;361116;363811;368246;373193;376692;377547;376419;371150;364602;358168;352551;347481;343485;340015;336779;332079;327495;325660;323219;320809;321493;319438;315236;314036;312594;309616;308984;308857;305928;302868;299671
40-44;274866;279326;283257;287097;291498;296848;302993;309928;317243;324295;330663;336344;341210;345365;349008;352258;355072;357558;359438;360296;359917;358686;356733;354802;354086;355239;357989;362450;367413;370938;371847;370794;365645;359230;352925;347420;342454;338542;335145;331979;327362;322855;321068;318677;316316;317015;314997;310854;309683;308269;305338
45-49;237047;243125;249051;254753;260128;265150;269785;273904;277927;282498;287981;294234;301250;308629;315748;322189;327955;332919;337182;340934;344297;347217;349807;351791;352760;352505;351406;349594;347794;347184;348405;351186;355645;360587;364113;365055;364067;359041;352778;346620;341243;336399;332582;329265;326178;321656;317243;315507;313175;310873;311575
50-54;193601;200015;206595;213223;219754;226090;232245;238257;244059;249540;254677;259440;263695;267850;272527;278084;284380;291407;298779;305892;312338;318129;323129;327438;331240;334655;337629;340275;342323;343373;343217;342234;340549;338873;338354;339622;342408;346828;351706;355196;356156;355226;350346;344261;338279;333055;328355;324645;321424;318427;314023
55-59;154822;158963;163987;169696;175766;181975;188357;194904;201502;208010;214333;220481;226495;232311;237811;242975;247777;252083;256291;260993;266536;272783;279722;286984;293987;300344;306064;311013;315292;319081;322492;325469;328121;330187;331284;331209;330328;328771;327223;326790;328080;330838;335164;339927;343333;344284;343406;338701;332839;327083;322057
60-64;130311;132921;134837;136566;138863;142169;146324;151290;156890;162826;168901;175134;181529;187967;194325;200508;206524;212414;218115;223514;228589;233312;237567;241725;246352;251764;257837;264553;271569;278329;284475;290014;294817;298982;302675;306005;308920;311522;313556;314664;314652;313868;312446;311033;310686;311976;314656;318822;323388;326648;327562
65-69;96898;99863;103737;108011;111954;115185;117847;119906;121803;124209;127512;131576;136362;141714;147373;153158;159087;165170;171289;177331;183208;188937;194550;199986;205138;209988;214506;218592;222584;227010;232158;237910;244245;250846;257204;262987;268208;272739;276683;280185;283350;286126;288605;290553;291630;291666;290985;289711;288459;288196;289454
70-74;74657;75852;76532;77165;78388;80511;83375;86998;90956;94626;97692;100277;102357;104308;106697;109853;113661;118084;122990;128164;133448;138857;144401;149982;155491;160847;166073;171200;176169;180882;185317;189452;193206;196882;200943;205645;210875;216614;222572;228306;233524;238238;242335;245911;249095;251976;254508;256771;258548;259545;259608
75-79;46682;48155;50362;52844;55025;56653;57890;58752;59587;60890;62887;65462;68634;72067;75258;77962;80282;82206;84038;86228;89038;92373;96202;100413;104845;109368;113995;118733;123501;128203;132777;137242;141629;145884;149919;153715;157256;160482;163649;167142;171175;175641;180520;185565;190412;194826;198813;202286;205323;208033;210488
80-84;31658;30988;30405;30118;30352;31157;32448;34232;36197;37944;39304;40396;41241;42079;43260;44935;47020;49535;52229;54733;56876;58736;60320;61849;63651;65912;68560;71567;74851;78297;81813;85408;89087;92785;96432;99977;103439;106846;110152;113288;116232;118981;121494;123968;126702;129851;133328;137103;140989;144712;148099
85-89;16571;17429;17692;17642;17460;17260;17093;16966;17005;17345;18011;18959;20192;21523;22712;23662;24454;25115;25782;26675;27871;29323;31038;32860;34544;35990;37259;38369;39456;40729;42299;44115;46155;48368;50681;53040;55452;57918;60396;62834;65204;67519;69803;72022;74123;76089;77924;79610;81278;83131;85265
90+;8836;8251;8288;8581;8924;9212;9464;9705;9914;10087;10229;10370;10525;10745;11092;11573;12182;12915;13708;14466;15153;15821;16489;17196;18011;18948;19998;21168;22396;23582;24689;25758;26810;27891;29060;30347;31738;33226;34803;36462;38187;39981;41841;43740;45646;47541;49437;51348;53243;55074;56827
Mulheres;;;;;;;;;;;;;;;;;;;;;;;;;;;;;;;;;;;;;;;;;;;;;;;;;;;
Faixa/Ano;2010;2011;2012;2013;2014;2015;2016;2017;2018;2019;2020;2021;2022;2023;2024;2025;2026;2027;2028;2029;2030;2031;2032;2033;2034;2035;2036;2037;2038;2039;2040;2041;2042;2043;2044;2045;2046;2047;2048;2049;2050;2051;2052;2053;2054;2055;2056;2057;2058;2059;2060
Total;4668153;4702072;4737217;4771635;4805807;4840950;4873140;4904103;4937059;4969311;5000808;5031483;5061239;5089987;5117680;5144249;5169633;5193804;5216730;5238389;5258780;5277805;5295365;5311466;5326114;5339291;5350952;5361061;5369622;5376631;5382086;5385986;5388331;5389124;5388360;5386038;5382154;5376708;5369694;5361100;5350927;5339182;5325878;5311011;5294577;5276585;5257068;5236070;5213608;5189703;5164394
0-4;362032;356498;353849;350732;347745;347931;345468;340919;339376;337629;334388;333501;333155;330047;326824;323482;320020;316511;313009;309519;306079;302680;299280;295905;292587;289330;286144;283042;280016;277049;274137;271297;268543;265869;263257;260703;258219;255799;253417;251062;248727;246399;244081;241751;239399;237014;234602;232175;229742;227303;224867
05/set;386337;379596;374135;369348;364937;359213;353762;351179;348128;345202;345444;343041;338553;337063;335366;332175;331339;331042;327981;324804;321507;318089;314616;311146;307678;304249;300862;297475;294109;290799;287551;284369;281274;278256;275295;272392;269556;266805;264137;261530;258978;256501;254083;251705;249354;247026;244704;242390;240060;237712;235329
out/14;417573;414668;407824;399843;392046;385042;378338;372916;368162;363787;358097;352680;350123;347097;344198;344462;342081;337616;336149;334475;331304;330488;330209;327163;324001;320715;317302;313835;310370;306910;303489;300107;296724;293360;290057;286814;283636;280546;277529;274573;271671;268835;266090;263425;260821;258270;255796;253383;251006;248657;246333
15-19;411631;411327;412865;415075;416064;414670;411836;405065;397161;389434;382499;375859;370498;365804;361484;355848;350486;347978;345000;342145;342456;340112;335676;334230;332569;329408;328600;328324;325290;322137;318856;315453;311994;308537;305084;301669;298295;294919;291560;288259;285023;281852;278765;275754;272801;269906;267074;264329;261671;259069;256522
20-24;420394;417489;413316;408751;405177;403401;403249;404934;407287;408420;407176;404492;397875;390126;382552;375764;369270;364050;359492;355309;349808;344564;342142;339225;336410;336736;334405;329986;328549;326898;323750;322948;322679;319652;316508;313241;309844;306393;302948;299505;296096;292729;289360;286010;282719;279488;276321;273242;270233;267287;264396
25-29;406098;408393;410274;411439;411407;409941;407239;403271;398906;395528;393940;393969;395830;398349;399651;398579;396066;389634;382067;374671;368055;361724;356633;352178;348063;342604;337384;334977;332078;329279;329614;327295;322892;321465;319825;316686;315894;315628;312612;309476;306222;302835;299394;295957;292524;289124;285768;282406;279065;275776;272554
30-34;377415;383175;388104;392256;395785;398761;401199;403223;404527;404638;403316;400761;396937;392718;389479;388019;388168;390141;392771;394181;393227;390822;384494;377020;369699;363134;356835;351776;347348;343257;337821;332628;330235;327355;324571;324914;322607;318223;316804;315175;312048;311263;311001;307998;304872;301630;298253;294822;291395;287973;284581
35-39;338205;344431;351464;358911;366119;372662;378506;383520;387760;391377;394441;396970;399083;400473;400675;399447;396988;393261;389138;385990;384609;384825;386852;389516;390961;390036;387663;381378;373951;366675;360153;353895;348870;344468;340404;334997;329832;327456;324597;321832;322183;319886;315520;314112;312494;309385;308605;308347;305357;302246;299017
40-44;310061;315119;319484;323617;328228;333739;340033;347122;354620;361875;368470;374369;379443;383748;387431;390559;393155;395334;396789;397063;395910;393528;389882;385839;382753;381419;381666;383712;386386;387848;386949;384606;378374;371005;363785;357320;351113;346129;341759;337729;332359;327233;324881;322043;319302;319658;317376;313037;311644;310038;306950
45-49;271967;279175;286214;292954;299213;304913;310040;314484;318697;323376;328946;335284;342403;349925;357200;363820;369747;374855;379201;382925;386097;388742;390967;392467;392796;391703;389386;385811;381842;378818;377532;377813;379873;382549;384019;383143;380839;374676;367391;360248;353856;347716;342783;338462;334475;329156;324084;321762;318956;316247;316606
50-54;228736;235592;242892;250455;258027;265430;272659;279727;286498;292795;298539;303720;308227;312503;317232;322837;329196;336312;343817;351080;357696;363621;368737;373099;376841;380032;382701;384955;386488;386863;385826;383583;380097;376223;373281;372052;372364;374427;377094;378564;377715;375461;369389;362213;355181;348886;342845;337988;333733;329808;324566
55-59;192598;197482;202707;208316;214338;220777;227631;234914;242454;250003;257387;264599;271656;278416;284715;290469;295668;300210;304525;309275;314875;321211;328277;335717;342914;349474;355356;360438;364781;368513;371705;374379;376644;378199;378613;377642;375486;372106;368346;365502;364337;364677;366733;369374;370833;370014;367819;361875;354852;347973;341815
60-64;162229;166586;170514;174272;178280;182795;187707;192942;198544;204540;210936;217729;224929;232378;239831;247123;254247;261221;267907;274144;279849;285013;289536;293835;298553;304091;310332;317275;324573;331631;338066;343842;348840;353121;356807;359965;362618;364870;366429;366877;365973;363918;360674;357064;354347;353259;353630;355660;358250;359685;358898
65-69;125783;129628;134479;139888;145162;149901;154244;158196;161995;166026;170522;175391;180558;186067;191942;198194;204820;211827;219064;226307;233392;240312;247092;253593;259658;265216;270252;274676;278890;283500;288891;294944;301656;308699;315507;321718;327301;332137;336288;339868;342938;345525;347731;349268;349739;348912;346982;343918;340511;337965;336977
70-74;101964;104111;105458;106595;108373;111260;115050;119733;124910;129959;134528;138739;142608;146339;150286;154646;159340;164300;169572;175176;181125;187415;194047;200886;207728;214417;220953;227362;233509;239246;244508;249283;253495;257513;261901;267017;272736;279058;285673;292062;297894;303139;307687;311601;314984;317893;320350;322450;323923;324392;323648
75-79;67330;70127;73858;77936;81564;84352;86500;87997;89328;91206;94017;97592;101920;106665;111289;115500;119402;123020;126523;130212;134256;138587;143147;147973;153087;158504;164219;170230;176422;182612;188660;194575;200378;205945;211143;215911;220246;224088;227760;231766;236419;241605;247311;253265;259008;264254;268973;273074;276605;279666;282303
80-84;46870;46776;46748;47072;48087;49905;52405;55607;59064;62167;64617;66583;68066;69439;71253;73796;76941;80672;84721;88665;92272;95633;98777;101836;105052;108547;112271;116179;120301;124659;129265;134114;139201;144434;149659;154763;159756;164656;169363;173759;177789;181457;184723;187858;191279;195243;199642;204455;209460;214272;218671
85-89;24909;26833;27931;28544;28899;29159;29427;29735;30268;31259;32782;34757;37201;39809;42167;44071;45650;46918;48133;49665;51712;54179;57054;60145;63145;65902;68486;70926;73314;75822;78530;81402;84404;87561;90892;94407;98099;101964;105931;109885;113746;117525;121240;124806;128140;131189;133970;136456;138857;141483;144520
90+;16021;15066;15101;15631;16356;17098;17847;18619;19374;20090;20763;21447;22174;23021;24105;25458;27049;28902;30871;32783;34551;36260;37947;39693;41619;43774;46135;48704;51405;54115;56783;59453;62158;64913;67752;70684;73713;76828;80056;83428;86953;90626;94432;98345;102305;106278;110274;114301;118288;122151;125841
Brasil;;;;;;;;;;;;;;;;;;;;;;;;;;;;;;;;;;;;;;;;;;;;;;;;;;;
Dados;;;;;;;;;;;;;;;;;;;;;;;;;;;;;;;;;;;;;;;;;;;;;;;;;;;
Ano;População total;Homens;Mulheres;Nascimentos;Óbitos;Taxa de Crescimento Geométrico;Taxa Bruta de Natalidade;Taxa Bruta de Mortalidade;Esperança de Vida ao Nascer;Esperança de Vida ao Nascer - Homens;Esperança de Vida ao Nascer - Mulheres;Taxa de Mortalidade Infantil;Taxa de Mortalidade Infantil - Homens;Taxa de Mortalidade Infantil - Mulheres;Taxa de Fecundidade Total;Razão de Dependência - Jovens 0 a 14 anos;Razão de Dependência - Idosos 65 ou mais anos;Razão de Dependência;Índice de Envelhecimento;;;;;;;;;;;;;;;;;;;;;;;;;;;;;;;;
2010;194890682;95513298;99377384;2939435;1240083;x;15.08;6.36;73.86;70.21;77.6;17.22;18.76;15.59;1.75;36.32;10.77;47.09;29.55;;;;;;;;;;;;;;;;;;;;;;;;;;;;;;;;
2011;196603732;96322635;100281097;2974525;1247751;0.88;15.13;6.35;74.2;70.57;77.91;16.43;17.86;14.92;1.76;35.37;10.99;46.36;30.99;;;;;;;;;;;;;;;;;;;;;;;;;;;;;;;;
2012;198314934;97132054;101182880;2953890;1258235;0.87;14.89;6.34;74.52;70.91;78.22;15.69;17.03;14.29;1.75;34.45;11.24;45.68;32.63;;;;;;;;;;;;;;;;;;;;;;;;;;;;;;;;
2013;200004188;97931331;102072857;2953178;1270306;0.85;14.77;6.35;74.84;71.25;78.51;15.02;16.27;13.7;1.74;33.56;11.51;45.07;34.2;;;;;;;;;;;;;;;;;;;;;;;;;;;;;;;;
2014;201717541;98744098;102973443;3028202;1284346;0.86;15.01;6.37;75.14;71.57;78.78;14.4;15.58;13.16;1.78;32.78;11.81;44.59;36.12;;;;;;;;;;;;;;;;;;;;;;;;;;;;;;;;
2015;203475683;99581002;103894681;3070979;1299541;0.87;15.09;6.39;75.44;71.88;79.05;13.82;14.93;12.65;1.8;32.15;12.13;44.29;37.67;;;;;;;;;;;;;;;;;;;;;;;;;;;;;;;;
2016;205156587;100379640;104776947;2901053;1314164;0.83;14.14;6.41;75.72;72.18;79.31;13.29;14.35;12.19;1.7;31.57;12.49;44.05;39.73;;;;;;;;;;;;;;;;;;;;;;;;;;;;;;;;
2017;206804741;101163599;105641142;3020743;1330811;0.8;14.61;6.44;75.99;72.46;79.56;12.81;13.8;11.75;1.78;31.11;12.87;43.98;41.2;;;;;;;;;;;;;;;;;;;;;;;;;;;;;;;;
2018;208494900;101971173;106523727;3003585;1349693;0.82;14.41;6.47;76.25;72.74;79.8;12.35;13.31;11.35;1.77;30.75;13.28;44.03;43.19;;;;;;;;;;;;;;;;;;;;;;;;;;;;;;;;
2019;210147125;102760295;107386830;2984414;1368954;0.79;14.2;6.51;76.5;73;80.03;11.94;12.85;10.98;1.77;30.42;13.72;44.14;45.02;;;;;;;;;;;;;;;;;;;;;;;;;;;;;;;;
2020;211755692;103527689;108228003;2963516;1389144;0.77;13.99;6.56;76.74;73.26;80.25;11.56;12.43;10.64;1.76;30.11;14.18;44.29;46.89;;;;;;;;;;;;;;;;;;;;;;;;;;;;;;;;
2021;213317639;104271843;109045796;2940629;1410602;0.74;13.79;6.61;76.97;73.5;80.46;11.2;12.04;10.32;1.76;29.83;14.67;44.5;49.51;;;;;;;;;;;;;;;;;;;;;;;;;;;;;;;;
2022;214828540;104990487;109838053;2913688;1433605;0.71;13.56;6.67;77.19;73.74;80.67;10.88;11.68;10.03;1.75;29.63;15.19;44.82;51.22;;;;;;;;;;;;;;;;;;;;;;;;;;;;;;;;
2023;216284269;105681529;110602740;2885501;1458023;0.68;13.34;6.74;77.4;73.96;80.86;10.58;11.36;9.75;1.75;29.43;15.74;45.17;53.2;;;;;;;;;;;;;;;;;;;;;;;;;;;;;;;;
2024;217684462;106345043;111339419;2856690;1483777;0.65;13.12;6.82;77.6;74.17;81.05;10.3;11.05;9.5;1.74;29.26;16.31;45.56;55.72;;;;;;;;;;;;;;;;;;;;;;;;;;;;;;;;
2025;219029093;106981304;112047789;2827039;1510693;0.62;12.91;6.9;77.8;74.38;81.22;10.04;10.77;9.27;1.74;29.11;16.9;46.01;58.29;;;;;;;;;;;;;;;;;;;;;;;;;;;;;;;;
2026;220316530;107589495;112727035;2797674;1539159;0.59;12.7;6.99;77.98;74.57;81.39;9.8;10.51;9.05;1.74;28.95;17.51;46.45;60.61;;;;;;;;;;;;;;;;;;;;;;;;;;;;;;;;
2027;221545234;108168830;113376404;2768000;1569117;0.56;12.49;7.08;78.16;74.76;81.56;9.58;10.27;8.85;1.73;28.77;18.14;46.9;62.76;;;;;;;;;;;;;;;;;;;;;;;;;;;;;;;;
2028;222713669;108718587;113995082;2738355;1600375;0.53;12.3;7.19;78.32;74.94;81.71;9.37;10.05;8.66;1.73;28.59;18.78;47.37;65.46;;;;;;;;;;;;;;;;;;;;;;;;;;;;;;;;
2029;223821305;109238514;114582791;2710134;1632845;0.5;12.11;7.3;78.49;75.11;81.86;9.18;9.84;8.49;1.72;28.36;19.42;47.79;68.23;;;;;;;;;;;;;;;;;;;;;;;;;;;;;;;;
2030;224868462;109728762;115139700;2683440;1666427;0.47;11.93;7.41;78.64;75.28;82;9.01;9.65;8.33;1.72;28.08;20.06;48.14;71.05;;;;;;;;;;;;;;;;;;;;;;;;;;;;;;;;
2031;225854415;110189007;115665408;2655850;1700970;0.44;11.76;7.53;78.78;75.43;82.14;8.85;9.48;8.18;1.72;27.84;20.71;48.55;74.33;;;;;;;;;;;;;;;;;;;;;;;;;;;;;;;;
2032;226777802;110618592;116159210;2628742;1736861;0.41;11.59;7.66;78.92;75.58;82.27;8.7;9.32;8.05;1.72;27.61;21.36;48.97;77.3;;;;;;;;;;;;;;;;;;;;;;;;;;;;;;;;
2033;227638581;111017537;116621044;2603540;1773877;0.38;11.44;7.79;79.05;75.72;82.39;8.57;9.18;7.92;1.71;27.32;22.01;49.33;80.33;;;;;;;;;;;;;;;;;;;;;;;;;;;;;;;;
2034;228437122;111386062;117051060;2579544;1812136;0.35;11.29;7.93;79.18;75.86;82.51;8.44;9.04;7.81;1.71;27.04;22.65;49.69;83.43;;;;;;;;;;;;;;;;;;;;;;;;;;;;;;;;
2035;229173685;111724392;117449293;2557147;1851454;0.32;11.16;8.08;79.3;75.99;82.62;8.32;8.92;7.7;1.71;26.76;23.28;50.04;87.08;;;;;;;;;;;;;;;;;;;;;;;;;;;;;;;;
2036;229847832;112032426;117815406;2534413;1891832;0.29;11.03;8.23;79.42;76.11;82.73;8.22;8.8;7.6;1.7;26.48;23.9;50.39;90.34;;;;;;;;;;;;;;;;;;;;;;;;;;;;;;;;
2037;230459062;112309958;118149104;2513030;1933167;0.27;10.9;8.39;79.53;76.23;82.83;8.12;8.69;7.51;1.7;26.22;24.52;50.74;93.68;;;;;;;;;;;;;;;;;;;;;;;;;;;;;;;;
2038;231007871;112557327;118450544;2493021;1975283;0.24;10.79;8.55;79.63;76.34;82.93;8.02;8.59;7.42;1.7;25.97;25.13;51.1;96.51;;;;;;;;;;;;;;;;;;;;;;;;;;;;;;;;
2039;231494650;112774820;118719830;2473758;2017958;0.21;10.69;8.72;79.73;76.45;83.02;7.93;8.49;7.34;1.7;25.74;25.77;51.52;100;;;;;;;;;;;;;;;;;;;;;;;;;;;;;;;;
2040;231919922;112962751;118957171;2455519;2060782;0.18;10.59;8.89;79.83;76.55;83.11;7.85;8.4;7.27;1.69;25.54;26.46;51.99;103.57;;;;;;;;;;;;;;;;;;;;;;;;;;;;;;;;
2041;232284233;113121438;119162795;2437785;2103915;0.16;10.49;9.06;79.92;76.65;83.2;7.77;8.32;7.2;1.69;25.35;27.18;52.53;107.23;;;;;;;;;;;;;;;;;;;;;;;;;;;;;;;;
2042;232588580;113251454;119337126;2422219;2147419;0.13;10.41;9.23;80;76.74;83.28;7.7;8.24;7.13;1.69;25.19;27.93;53.13;110.3;;;;;;;;;;;;;;;;;;;;;;;;;;;;;;;;
2043;232834065;113353443;119480622;2407325;2191168;0.11;10.34;9.41;80.09;76.83;83.36;7.63;8.16;7.06;1.69;25.06;28.73;53.78;114.72;;;;;;;;;;;;;;;;;;;;;;;;;;;;;;;;
2044;233020996;113427597;119593399;2392409;2234730;0.08;10.27;9.59;80.17;76.92;83.43;7.56;8.09;7;1.69;24.94;29.55;54.49;118.63;;;;;;;;;;;;;;;;;;;;;;;;;;;;;;;;
2045;233149625;113474061;119675564;2377677;2278119;0.06;10.2;9.77;80.24;77;83.5;7.5;8.02;6.95;1.68;24.85;30.4;55.25;122.5;;;;;;;;;;;;;;;;;;;;;;;;;;;;;;;;
2046;233220257;113493052;119727205;2363150;2321466;0.03;10.13;9.95;80.31;77.08;83.57;7.44;7.96;6.9;1.68;24.77;31.27;56.04;125.79;;;;;;;;;;;;;;;;;;;;;;;;;;;;;;;;
2047;233233670;113485011;119748659;2349527;2364398;0.01;10.07;10.14;80.38;77.16;83.63;7.39;7.9;6.84;1.68;24.72;32.17;56.89;129.75;;;;;;;;;;;;;;;;;;;;;;;;;;;;;;;;
2048;233190482;113450253;119740229;2335541;2407046;-0.02;10.02;10.32;80.45;77.23;83.7;7.33;7.84;6.8;1.68;24.68;33.08;57.76;134.62;;;;;;;;;;;;;;;;;;;;;;;;;;;;;;;;
2049;233090464;113388652;119701812;2320604;2449148;-0.04;9.96;10.51;80.51;77.3;83.75;7.29;7.79;6.75;1.68;24.66;33.99;58.64;138.06;;;;;;;;;;;;;;;;;;;;;;;;;;;;;;;;
2050;232933276;113300060;119633216;2304717;2490559;-0.07;9.89;10.69;80.57;77.37;83.81;7.24;7.74;6.71;1.68;24.64;34.88;59.52;142.21;;;;;;;;;;;;;;;;;;;;;;;;;;;;;;;;
2051;232719169;113184593;119534576;2288973;2531362;-0.09;9.84;10.88;80.63;77.43;83.86;7.2;7.69;6.67;1.67;24.63;35.76;60.38;144.81;;;;;;;;;;;;;;;;;;;;;;;;;;;;;;;;
2052;232448867;113042592;119406275;2273127;2571362;-0.12;9.78;11.06;80.68;77.49;83.91;7.16;7.65;6.64;1.67;24.62;36.62;61.24;148.37;;;;;;;;;;;;;;;;;;;;;;;;;;;;;;;;
2053;232122448;112874076;119248372;2255972;2610595;-0.14;9.72;11.25;80.74;77.55;83.96;7.12;7.61;6.6;1.67;24.62;37.45;62.07;151.97;;;;;;;;;;;;;;;;;;;;;;;;;;;;;;;;
2054;231739632;112678873;119060759;2237804;2648830;-0.16;9.66;11.43;80.78;77.61;84;7.08;7.57;6.57;1.67;24.62;38.26;62.89;155.63;;;;;;;;;;;;;;;;;;;;;;;;;;;;;;;;
2055;231300323;112456873;118843450;2218450;2686056;-0.19;9.59;11.61;80.83;77.66;84.04;7.05;7.54;6.54;1.67;24.63;39.05;63.68;159.33;;;;;;;;;;;;;;;;;;;;;;;;;;;;;;;;
2056;230805223;112208379;118596844;2199622;2722232;-0.21;9.53;11.79;80.88;77.71;84.08;7.02;7.5;6.51;1.67;24.63;39.81;64.43;161.33;;;;;;;;;;;;;;;;;;;;;;;;;;;;;;;;
2057;230255685;111934042;118321643;2180831;2757317;-0.24;9.47;11.98;80.92;77.76;84.12;6.99;7.47;6.48;1.66;24.62;40.52;65.15;164.43;;;;;;;;;;;;;;;;;;;;;;;;;;;;;;;;
2058;229652286;111634119;118018167;2161015;2791329;-0.26;9.41;12.15;80.96;77.81;84.16;6.96;7.44;6.46;1.66;24.62;41.22;65.84;168.24;;;;;;;;;;;;;;;;;;;;;;;;;;;;;;;;
2059;228995541;111308845;117686696;2141033;2824224;-0.29;9.35;12.33;81;77.86;84.19;6.94;7.41;6.44;1.66;24.61;41.91;66.53;170.27;;;;;;;;;;;;;;;;;;;;;;;;;;;;;;;;
2060;228286347;110958642;117327705;2120842;2856059;-0.31;9.29;12.51;81.04;77.9;84.23;6.91;7.39;6.42;1.66;24.61;42.62;67.23;173.47;;;;;;;;;;;;;;;;;;;;;;;;;;;;;;;;
Faixas etárias;;;;;;;;;;;;;;;;;;;;;;;;;;;;;;;;;;;;;;;;;;;;;;;;;;;
Total;;;;;;;;;;;;;;;;;;;;;;;;;;;;;;;;;;;;;;;;;;;;;;;;;;;
Faixa/Ano;2010;2011;2012;2013;2014;2015;2016;2017;2018;2019;2020;2021;2022;2023;2024;2025;2026;2027;2028;2029;2030;2031;2032;2033;2034;2035;2036;2037;2038;2039;2040;2041;2042;2043;2044;2045;2046;2047;2048;2049;2050;2051;2052;2053;2054;2055;2056;2057;2058;2059;2060
Total;194890682;196603732;198314934;200004188;201717541;203475683;205156587;206804741;208494900;210147125;211755692;213317639;214828540;216284269;217684462;219029093;220316530;221545234;222713669;223821305;224868462;225854415;226777802;227638581;228437122;229173685;229847832;230459062;231007871;231494650;231919922;232284233;232588580;232834065;233020996;233149625;233220257;233233670;233190482;233090464;232933276;232719169;232448867;232122448;231739632;231300323;230805223;230255685;229652286;228995541;228286347
0-4;14858280;14697433;14624301;14567170;14570070;14677159;14715112;14720776;14787557;14798332;14730311;14703281;14675523;14569055;14452355;14326234;14192256;14053426;13912226;13770272;13629815;13491399;13354905;13221642;13092489;12967369;12846604;12730937;12620549;12514918;12413588;12316709;12225086;12138798;12057106;11979238;11904624;11832490;11761709;11691308;11620256;11547982;11473958;11397201;11317212;11233863;11147191;11057520;10965028;10870292;10774218
05/set;15865195;15600504;15387507;15203145;15029641;14824271;14664918;14593299;14537829;14542132;14650311;14689394;14695773;14762671;14773628;14705941;14679311;14652033;14546208;14430226;14304778;14171490;14033278;13892710;13751331;13611405;13473529;13337523;13204728;13076037;12951361;12830995;12715703;12605672;12500387;12399373;12302790;12211456;12125433;12043993;11966376;11891973;11820071;11749531;11679356;11608504;11536459;11462615;11386046;11306224;11223031
out/14;17397304;17216843;16880174;16495325;16131984;15840860;15577214;15365237;15182024;15009676;14805478;14647164;14576191;14520972;14525347;14633526;14672711;14679300;14746432;14757724;14690423;14664114;14637176;14531700;14416109;14291049;14158125;14020272;13880038;13738984;13599376;13461829;13326122;13193611;13065182;12940762;12820626;12705545;12595720;12490655;12389855;12293466;12202305;12116445;12035156;11957694;11883455;11811703;11741278;11671246;11600532
15-19;17219086;17238401;17315601;17402809;17424089;17334096;17155615;16821630;16439846;16079464;15790863;15529387;15318916;15136923;14965724;14762869;14605891;14536019;14481942;14487286;14596110;14635967;14643187;14710785;14722659;14656163;14630405;14603997;14499263;14384409;14260078;14127872;13990752;13851207;13710840;13571863;13434947;13299846;13167907;13040010;12916108;12796510;12681921;12572557;12467934;12367551;12271531;12180736;12095228;12014265;11937109
20-24;17476779;17396868;17296030;17195219;17124785;17100769;17122881;17203520;17294780;17319853;17233266;17057794;16726717;16347561;15989803;15703800;15444924;15236871;15057313;14888503;14688175;14533531;14465563;14413260;14420025;14529708;14570602;14578856;14647162;14659931;14594614;14569782;14544238;14440723;14327061;14203946;14072906;13936948;13798559;13659314;13521425;13385549;13251456;13120499;12993545;12870528;12751775;12637977;12529386;12425516;12325847
25-29;17334110;17423848;17454135;17436877;17391346;17331851;17256322;17161679;17068593;17004904;16985866;17011218;17092427;17182193;17206153;17119972;16946247;16618500;16243415;15889766;15607291;15351552;15146240;14969263;14802897;14605190;14452983;14386955;14336521;14344709;14455193;14497153;14506501;14575436;14589082;14524961;14501063;14476422;14374170;14261783;14139942;14010163;13875462;13738287;13600246;13463536;13328803;13195813;13065893;12939931;12817887
30-34;15955949;16275019;16567575;16822855;17028854;17178656;17271648;17306947;17296659;17258318;17205416;17135646;17044190;16951251;16886952;16867543;16892885;16974395;17065211;17091062;17007393;16836728;16512899;16141856;15792033;15512843;15259983;15057188;14882572;14718488;14523256;14373318;14309113;14260407;14269902;14381026;14423898;14434174;14503630;14518027;14455019;14431957;14408126;14307058;14195853;14075191;13946610;13813084;13677088;13540196;13404578
35-39;14075108;14350827;14689558;15066579;15441748;15787821;16107943;16402815;16661965;16872342;17026545;17123723;17161844;17152616;17115112;17063584;16995707;16906691;16816670;16755274;16738294;16765601;16848588;16940702;16968189;16886844;16719129;16399166;16032170;15686230;15410325;15160396;14960090;14787787;14625966;14433207;14285523;14223058;14175984;14186704;14298311;14341981;14353071;14422945;14437977;14376076;14353778;14330671;14230768;14120755;14001307
40-44;13184170;13311309;13414041;13519509;13668343;13884283;14161178;14500831;14879035;15255513;15602974;15924417;16219710;16478229;16688213;16842846;16941312;16981681;16975459;16941357;16893256;16828804;16743240;16656520;16598022;16583446;16612647;16696902;16790065;16818996;16739962;16575282;16259556;15897111;15555535;15283397;15036761;14839171;14669407;14510049;14320041;14174828;14114206;14068807;14080737;14192649;14236987;14248844;14318948;14334584;14273861
45-49;11992439;12218181;12426314;12615601;12784211;12933598;13064058;13171048;13281287;13434076;13652504;13930420;14269004;14644402;15017933;15363171;15683089;15977567;16236139;16446903;16602926;16703462;16746553;16743579;16713006;16668492;16607681;16525845;16442743;16387431;16375387;16406437;16491724;16585608;16615819;16539189;16377988;16067408;15710668;15374594;15107158;14864721;14670479;14503796;14347422;14160785;14018586;13960052;13916591;13929788;14041783
50-54;10276773;10574366;10868062;11152415;11419933;11666086;11892707;12102371;12293932;12465329;12617804;12751592;12861867;12974530;13128538;13346782;13623237;13959030;14330885;14700984;15043388;15361008;15653779;15911350;16121912;16278600;16380728;16426408;16426757;16399939;16359306;16302574;16224958;16146006;16094242;16084875;16117711;16203642;16297801;16329111;16255195;16098244;15794311;15445094;15116301;14855005;14618039;14428117;14265353;14112793;13930535
55-59;8387564;8679820;8977656;9278724;9579705;9877881;10172542;10463716;10746091;11012111;11257277;11483368;11692613;11883880;12055490;12208751;12343963;12456465;12571436;12726473;12943766;13217366;13548288;13914012;14277951;14615019;14928011;15216929;15471607;15680383;15836527;15939411;15987269;15990939;15968053;15931630;15879345;15806522;15732281;15684468;15677945;15712380;15798347;15891980;15924009;15853162;15701406;15406171;15066946;14747850;14494713
60-64;6596741;6859058;7119004;7379912;7647936;7926230;8211893;8503042;8797470;9091910;9383728;9672175;9957156;10233460;10493988;10734491;10956693;11162776;11351609;11521660;11673982;11809015;11922324;12038067;12192258;12406090;12673729;12996043;13351492;13705082;14032901;14337648;14619346;14868106;15072540;15226101;15328313;15377469;15384059;15365094;15332980;15285499;15218052;15149158;15105746;15102049;15137666;15222586;15314436;15346470;15279016
65-69;4905988;5095516;5318713;5565313;5819304;6071240;6322755;6572590;6823731;7081680;7349244;7623733;7903288;8185834;8468411;8748627;9025766;9299757;9565627;9816554;10048512;10263166;10462649;10645868;10811283;10959940;11092321;11204363;11318835;11469648;11676652;11934133;12242752;12582173;12919685;13232909;13524376;13794222;14032965;14229585;14377822;14477368;14526754;14535915;14520894;14493445;14451348;14390212;14327671;14289289;14288480
70-74;3792042;3889352;3974955;4063519;4175947;4323465;4501441;4709484;4938529;5174388;5408663;5642901;5876091;6110754;6351769;6601500;6857600;7118354;7381902;7645534;7907040;8165785;8421765;8670307;8905063;9122289;9323635;9511104;9683679;9839876;9980630;10106571;10214158;10324288;10467931;10663049;10904126;11191369;11506226;11819031;12109555;12380193;12631212;12853724;13037277;13176002;13269879;13317776;13328895;13317878;13295484
75-79;2597990;2688798;2797237;2913384;3023576;3121818;3211601;3292375;3376250;3480536;3614389;3774018;3959070;4161906;4370673;4578361;4786387;4994114;5203523;5418622;5641260;5869405;6101656;6336314;6571128;6804078;7034690;7263005;7484798;7694408;7888458;8068562;8236631;8391702;8532383;8659541;8773851;8872509;8973811;9104799;9280868;9496727;9752138;10030863;10307408;10564467;10804204;11027068;11224976;11388373;11511971
80-84;1689444;1727063;1764898;1807817;1861166;1926871;2004365;2095235;2191860;2283815;2366558;2443191;2513706;2587330;2677251;2790280;2923509;3076687;3243763;3415649;3586931;3758879;3931160;4105249;4284098;4468984;4658301;4850986;5045614;5240341;5433588;5624985;5814637;5998934;6173117;6334346;6484201;6624391;6754088;6872004;6978835;7075422;7159683;7246694;7358416;7506972;7687508;7899218;8128899;8356311;8567809
85-89;830529;901360;954570;996763;1032554;1065148;1097017;1129489;1165517;1208442;1259330;1318006;1385731;1457236;1525459;1587405;1645581;1700356;1758056;1827478;1913020;2012666;2126181;2249361;2375978;2502391;2629690;2757777;2887609;3021064;3158814;3299768;3443164;3587930;3732788;3876586;4019065;4160416;4297807;4427602;4547659;4659375;4764254;4861528;4950167;5030651;5103867;5168499;5235780;5321722;5434778
90+;455191;459166;484603;521252;562349;603580;645377;688657;731945;774304;815165;856211;898723;943466;991663;1043410;1099461;1161212;1225853;1289978;1352102;1414477;1478371;1546036;1620691;1703785;1795039;1894806;2001669;2113776;2229906;2350808;2476780;2607627;2743377;2883626;3028143;3176612;3328257;3482333;3637926;3794831;3953061;4110366;4263976;4412193;4556131;4697023;4833076;4962058;5083408
Homens;;;;;;;;;;;;;;;;;;;;;;;;;;;;;;;;;;;;;;;;;;;;;;;;;;;
Faixa/Ano;2010;2011;2012;2013;2014;2015;2016;2017;2018;2019;2020;2021;2022;2023;2024;2025;2026;2027;2028;2029;2030;2031;2032;2033;2034;2035;2036;2037;2038;2039;2040;2041;2042;2043;2044;2045;2046;2047;2048;2049;2050;2051;2052;2053;2054;2055;2056;2057;2058;2059;2060
Total;95513298;96322635;97132054;97931331;98744098;99581002;100379640;101163599;101971173;102760295;103527689;104271843;104990487;105681529;106345043;106981304;107589495;108168830;108718587;109238514;109728762;110189007;110618592;111017537;111386062;111724392;112032426;112309958;112557327;112774820;112962751;113121438;113251454;113353443;113427597;113474061;113493052;113485011;113450253;113388652;113300060;113184593;113042592;112874076;112678873;112456873;112208379;111934042;111634119;111308845;110958642
0-4;7594516;7513761;7477567;7449337;7451690;7507226;7527223;7530642;7565301;7571223;7536789;7523299;7509386;7455164;7395678;7331364;7263006;7192133;7120032;7047528;6975778;6905062;6835307;6767195;6701192;6637231;6575502;6516373;6459937;6405936;6354123;6304598;6257751;6213632;6171861;6132043;6093885;6056997;6020798;5984802;5948471;5911502;5873639;5834370;5793447;5750809;5706456;5660575;5613249;5564770;5515605
05/set;8094637;7962532;7856445;7764679;7678145;7574960;7495049;7459700;7432381;7435509;7491634;7512252;7516076;7550810;7556858;7522618;7509351;7495730;7441882;7382807;7318878;7250909;7180401;7108665;7036481;6965042;6894634;6825161;6757331;6691592;6627900;6566392;6507477;6451252;6397457;6345822;6296474;6249795;6205831;6164206;6124537;6086502;6049752;6013699;5977830;5941609;5904776;5867020;5827860;5787041;5744493
out/14;8842587;8760868;8596730;8405865;8224795;8080135;7948620;7843086;7751948;7666040;7563501;7484190;7449226;7422072;7425264;7481411;7502112;7506047;7540921;7547162;7513141;7500066;7486634;7433002;7374143;7310452;7242697;7172400;7100861;7028875;6957623;6887413;6818125;6750468;6684877;6621345;6559981;6501187;6445082;6391415;6339911;6290699;6244133;6200276;6158737;6119162;6081226;6044568;6008592;5972801;5936671
15-19;8673836;8693267;8745322;8804210;8829069;8795446;8715095;8552810;8364062;8185062;8042202;7912260;7807878;7717747;7632793;7531320;7453057;7418949;7392651;7396587;7453221;7474403;7478801;7514010;7520683;7487251;7474592;7461547;7408463;7350163;7287028;7219811;7150062;7079046;7007575;6936806;6867067;6798239;6731019;6665837;6602699;6541729;6483312;6427561;6374235;6323041;6274127;6227836;6184244;6142973;6103630
20-24;8746116;8711375;8663577;8614902;8583358;8578611;8600164;8654720;8716490;8744065;8712945;8634909;8475014;8288587;8111918;7971317;7843582;7741213;7653070;7570037;7470597;7394220;7361652;7336794;7341891;7399228;7421254;7426487;7462264;7469669;7437195;7425286;7412946;7360848;7303529;7241380;7175120;7106330;7036251;6965698;6895815;6826928;6758931;6692510;6628106;6565701;6505416;6447653;6392537;6339825;6289218
25-29;8574606;8629711;8657414;8662143;8651184;8630266;8598875;8555561;8512314;8485534;8484394;8508378;8563553;8624538;8651626;8621118;8544666;8387530;8204388;8031009;7893232;7767999;7667829;7581750;7500675;7403356;7328943;7297950;7274594;7280847;7338836;7361712;7367822;7404119;7412226;7380713;7369573;7357978;7306911;7250628;7189512;7124285;7056509;6987423;6917849;6848930;6780967;6713878;6648312;6584723;6523112
30-34;7821287;7982363;8131551;8263753;8373348;8457008;8514439;8545686;8555280;8549320;8532944;8505514;8464499;8421615;8394693;8393527;8417664;8473141;8534872;8563312;8534665;8460519;8306365;8126302;7955838;7820545;7697488;7599240;7514973;7435649;7340229;7267552;7237960;7215936;7223197;7281677;7305262;7312099;7348805;7357492;7326843;7316343;7305373;7255224;7199860;7139664;7075362;7008494;6940318;6871646;6803583
35-39;6857527;6990523;7155946;7341635;7527745;7700900;7862666;8013399;8148183;8260741;8347421;8407755;8440996;8451369;8446055;8430688;8404634;8365378;8324589;8299702;8300209;8325674;8382118;8444696;8474256;8447253;8375224;8223858;8046719;7879049;7746136;7625181;7528741;7446144;7368454;7274845;7203808;7175501;7154681;7162834;7221685;7245877;7253323;7290325;7299496;7269639;7259722;7249292;7200007;7145508;7086207
40-44;6405478;6465519;6511227;6557089;6624863;6727359;6861189;7027271;7213769;7400750;7574836;7737477;7888496;8022898;8135221;8222214;8283430;8318165;8330545;8327522;8314471;8290745;8253830;8215289;8192354;8194452;8221147;8278370;8341585;8372088;8346626;8276663;8128189;7954176;7789503;7659150;7540448;7445888;7365050;7289066;7197348;7128025;7100999;7081359;7090362;7149455;7174123;7182135;7219317;7228927;7199896
45-49;5768516;5880219;5985481;6082367;6167931;6241647;6303978;6352579;6401687;6472175;6576419;6711034;6876531;7061277;7246407;7419108;7580798;7731316;7865760;7978594;8066468;8128987;8165432;8179855;8179060;8168292;8146911;8112423;8076237;8055349;8059034;8086849;8144623;8208179;8239414;8215443;8147699;8002569;7832277;7671186;7543900;7427925;7335566;7256745;7182722;7093220;7025894;7000246;6981909;6991754;7050917
50-54;4900002;5040349;5178764;5313246;5441195;5561009;5673316;5779573;5877917;5965268;6041008;6105571;6156429;6207294;6278778;6383077;6516900;6680739;6863310;7046315;7217244;7377487;7526925;7660698;7773367;7861606;7925036;7962995;7979372;7980824;7972437;7953589;7921753;7888179;7869486;7874764;7903569;7961564;8025093;8056849;8034455;7969304;7828334;7662799;7506320;7382926;7270417;7180814;7104474;7032873;6946162
55-59;3954821;4089187;4227766;4368987;4510555;4650762;4789417;4926386;5059761;5186871;5306101;5418069;5523994;5622071;5709488;5785731;5851268;5903677;5956190;6028485;6132308;6264412;6425224;6603964;6783080;6950611;7107892;7254823;7386666;7498065;7585774;7649457;7688505;7706661;7710316;7704363;7688149;7659220;7628530;7612199;7619074;7648657;7706356;7769208;7801082;7780353;7718248;7582612;7423293;7272866;7154556
60-64;3081961;3198692;3313737;3429277;3548963;3674713;3805186;3939707;4076794;4214303;4350563;4485379;4618536;4748149;4871821;4988027;5097383;5201061;5297302;5383487;5458969;5524298;5577221;5630273;5702081;5803746;5932098;6087478;6259725;6432268;6593867;6745779;6887959;7015825;7124175;7209866;7272652;7311982;7331395;7336975;7333300;7319725;7293901;7266311;7252466;7260725;7290580;7347073;7408221;7439552;7420473
65-69;2253998;2339108;2439108;2549140;2661907;2773210;2883883;2993314;3103440;3217426;3337000;3460918;3588535;3718492;3848844;3978090;4106032;4232502;4355732;4473440;4584216;4688647;4787847;4880176;4963105;5036045;5099560;5151653;5203924;5273663;5371091;5493166;5640066;5802391;5964930;6117373;6260872;6395434;6516731;6619770;6701600;6762068;6800700;6820803;6827971;6826458;6815605;6793193;6769102;6757874;6767303
70-74;1689818;1732563;1770303;1809593;1859518;1924795;2003224;2094581;2194687;2297297;2398778;2499910;2600243;2701380;2806006;2915566;3028989;3145702;3264515;3383680;3501868;3618911;3734717;3847628;3955595;4057304;4153367;4244811;4330120;4406952;4474742;4534111;4583407;4633065;4698510;4788775;4900975;5035044;5182591;5330211;5468808;5599462;5722265;5833225;5927673;6002895;6058911;6095418;6115370;6123684;6124121
75-79;1105206;1144121;1190922;1240998;1288273;1330216;1368574;1403314;1439622;1484658;1542105;1610235;1688895;1774682;1862608;1949716;2036732;2123408;2210961;2301516;2396166;2494028;2594665;2697044;2799720;2901547;3002440;3102353;3199832;3293112;3381052;3464237;3543625;3617852;3684841;3744109;3796312;3840217;3884676;3942722;4021823;4119269;4234768;4361237;4487603;4606394;4718561;4824282;4920042;5001664;5066803
80-84;677628;692280;707304;724631;746369;773094;804695;841980;881564;919059;952619;983758;1012641;1042996;1079956;1126100;1180178;1242110;1309326;1378193;1446541;1514999;1583484;1652852;1724591;1799420;1876683;1956079;2036796;2117674;2197885;2277383;2356175;2433074;2506675;2576080;2641835;2704769;2763770;2817079;2864310;2906165;2941812;2978203;3025436;3089091;3166772;3257946;3357133;3456065;3549148
85-89;314944;340306;359247;374268;387076;398787;410381;422377;435871;452078;471252;493422;519178;546326;572074;595279;617114;637836;659812;686235;718616;756161;798785;844827;891952;938795;985869;1033177;1081264;1131002;1182750;1236101;1290875;1346482;1402163;1457337;1512013;1566262;1619219;1669886;1717634;1762927;1806456;1847353;1884307;1917047;1946213;1971377;1997388;2031094;2076107
90+;155814;155891;163643;175211;188114;200858;213666;226913;240102;252916;265178;277513;290381;304062;318955;335033;352599;372193;392729;412903;432174;451480;471355;492517;515998;542216;571089;602780;636664;672043;708423;746158;785393;826114;868408;912170;957358;1003936;1051543;1099797;1148335;1197201;1246463;1295445;1343371;1389754;1435003;1479630;1522751;1563205;1600637
Mulheres;;;;;;;;;;;;;;;;;;;;;;;;;;;;;;;;;;;;;;;;;;;;;;;;;;;
Faixa/Ano;2010;2011;2012;2013;2014;2015;2016;2017;2018;2019;2020;2021;2022;2023;2024;2025;2026;2027;2028;2029;2030;2031;2032;2033;2034;2035;2036;2037;2038;2039;2040;2041;2042;2043;2044;2045;2046;2047;2048;2049;2050;2051;2052;2053;2054;2055;2056;2057;2058;2059;2060
Total;99377384;100281097;101182880;102072857;102973443;103894681;104776947;105641142;106523727;107386830;108228003;109045796;109838053;110602740;111339419;112047789;112727035;113376404;113995082;114582791;115139700;115665408;116159210;116621044;117051060;117449293;117815406;118149104;118450544;118719830;118957171;119162795;119337126;119480622;119593399;119675564;119727205;119748659;119740229;119701812;119633216;119534576;119406275;119248372;119060759;118843450;118596844;118321643;118018167;117686696;117327705
0-4;7263764;7183672;7146734;7117833;7118380;7169933;7187889;7190134;7222256;7227109;7193522;7179982;7166137;7113891;7056677;6994870;6929250;6861293;6792194;6722744;6654037;6586337;6519598;6454447;6391297;6330138;6271102;6214564;6160612;6108982;6059465;6012111;5967335;5925166;5885245;5847195;5810739;5775493;5740911;5706506;5671785;5636480;5600319;5562831;5523765;5483054;5440735;5396945;5351779;5305522;5258613
05/set;7770558;7637972;7531062;7438466;7351496;7249311;7169869;7133599;7105448;7106623;7158677;7177142;7179697;7211861;7216770;7183323;7169960;7156303;7104326;7047419;6985900;6920581;6852877;6784045;6714850;6646363;6578895;6512362;6447397;6384445;6323461;6264603;6208226;6154420;6102930;6053551;6006316;5961661;5919602;5879787;5841839;5805471;5770319;5735832;5701526;5666895;5631683;5595595;5558186;5519183;5478538
out/14;8554717;8455975;8283444;8089460;7907189;7760725;7628594;7522151;7430076;7343636;7241977;7162974;7126965;7098900;7100083;7152115;7170599;7173253;7205511;7210562;7177282;7164048;7150542;7098698;7041966;6980597;6915428;6847872;6779177;6710109;6641753;6574416;6507997;6443143;6380305;6319417;6260645;6204358;6150638;6099240;6049944;6002767;5958172;5916169;5876419;5838532;5802229;5767135;5732686;5698445;5663861
15-19;8545250;8545134;8570279;8598599;8595020;8538650;8440520;8268820;8075784;7894402;7748661;7617127;7511038;7419176;7332931;7231549;7152834;7117070;7089291;7090699;7142889;7161564;7164386;7196775;7201976;7168912;7155813;7142450;7090800;7034246;6973050;6908061;6840690;6772161;6703265;6635057;6567880;6501607;6436888;6374173;6313409;6254781;6198609;6144996;6093699;6044510;5997404;5952900;5910984;5871292;5833479
20-24;8730663;8685493;8632453;8580317;8541427;8522158;8522717;8548800;8578290;8575788;8520321;8422885;8251703;8058974;7877885;7732483;7601342;7495658;7404243;7318466;7217578;7139311;7103911;7076466;7078134;7130480;7149348;7152369;7184898;7190262;7157419;7144496;7131292;7079875;7023532;6962566;6897786;6830618;6762308;6693616;6625610;6558621;6492525;6427989;6365439;6304827;6246359;6190324;6136849;6085691;6036629
25-29;8759504;8794137;8796721;8774734;8740162;8701585;8657447;8606118;8556279;8519370;8501472;8502840;8528874;8557655;8554527;8498854;8401581;8230970;8039027;7858757;7714059;7583553;7478411;7387513;7302222;7201834;7124040;7089005;7061927;7063862;7116357;7135441;7138679;7171317;7176856;7144248;7131490;7118444;7067259;7011155;6950430;6885878;6818953;6750864;6682397;6614606;6547836;6481935;6417581;6355208;6294775
30-34;8134662;8292656;8436024;8559102;8655506;8721648;8757209;8761261;8741379;8708998;8672472;8630132;8579691;8529636;8492259;8474016;8475221;8501254;8530339;8527750;8472728;8376209;8206534;8015554;7836195;7692298;7562495;7457948;7367599;7282839;7183027;7105766;7071153;7044471;7046705;7099349;7118636;7122075;7154825;7160535;7128176;7115614;7102753;7051834;6995993;6935527;6871248;6804590;6736770;6668550;6600995
35-39;7217581;7360304;7533612;7724944;7914003;8086921;8245277;8389416;8513782;8611601;8679124;8715968;8720848;8701247;8669057;8632896;8591073;8541313;8492081;8455572;8438085;8439927;8466470;8496006;8493933;8439591;8343905;8175308;7985451;7807181;7664189;7535215;7431349;7341643;7257512;7158362;7081715;7047557;7021303;7023870;7076626;7096104;7099748;7132620;7138481;7106437;7094056;7081379;7030761;6975247;6915100
40-44;6778692;6845790;6902814;6962420;7043480;7156924;7299989;7473560;7665266;7854763;8028138;8186940;8331214;8455331;8552992;8620632;8657882;8663516;8644914;8613835;8578785;8538059;8489410;8441231;8405668;8388994;8391500;8418532;8448480;8446908;8393336;8298619;8131367;7942935;7766032;7624247;7496313;7393283;7304357;7220983;7122693;7046803;7013207;6987448;6990375;7043194;7062864;7066709;7099631;7105657;7073965
45-49;6223923;6337962;6440833;6533234;6616280;6691951;6760080;6818469;6879600;6961901;7076085;7219386;7392473;7583125;7771526;7944063;8102291;8246251;8370379;8468309;8536458;8574475;8581121;8563724;8533946;8500200;8460770;8413422;8366506;8332082;8316353;8319588;8347101;8377429;8376405;8323746;8230289;8064839;7878391;7703408;7563258;7436796;7334913;7247051;7164700;7067565;6992692;6959806;6934682;6938034;6990866
50-54;5376771;5534017;5689298;5839169;5978738;6105077;6219391;6322798;6416015;6500061;6576796;6646021;6705438;6767236;6849760;6963705;7106337;7278291;7467575;7654669;7826144;7983521;8126854;8250652;8348545;8416994;8455692;8463413;8447385;8419115;8386869;8348985;8303205;8257827;8224756;8210111;8214142;8242078;8272708;8272262;8220740;8128940;7965977;7782295;7609981;7472079;7347622;7247303;7160879;7079920;6984373
55-59;4432743;4590633;4749890;4909737;5069150;5227119;5383125;5537330;5686330;5825240;5951176;6065299;6168619;6261809;6346002;6423020;6492695;6552788;6615246;6697988;6811458;6952954;7123064;7310048;7494871;7664408;7820119;7962106;8084941;8182318;8250753;8289954;8298764;8284278;8257737;8227267;8191196;8147302;8103751;8072269;8058871;8063723;8091991;8122772;8122927;8072809;7983158;7823559;7643653;7474984;7340157
60-64;3514780;3660366;3805267;3950635;4098973;4251517;4406707;4563335;4720676;4877607;5033165;5186796;5338620;5485311;5622167;5746464;5859310;5961715;6054307;6138173;6215013;6284717;6345103;6407794;6490177;6602344;6741631;6908565;7091767;7272814;7439034;7591869;7731387;7852281;7948365;8016235;8055661;8065487;8052664;8028119;7999680;7965774;7924151;7882847;7853280;7841324;7847086;7875513;7906215;7906918;7858543
65-69;2651990;2756408;2879605;3016173;3157397;3298030;3438872;3579276;3720291;3864254;4012244;4162815;4314753;4467342;4619567;4770537;4919734;5067255;5209895;5343114;5464296;5574519;5674802;5765692;5848178;5923895;5992761;6052710;6114911;6195985;6305561;6440967;6602686;6779782;6954755;7115536;7263504;7398788;7516234;7609815;7676222;7715300;7726054;7715112;7692923;7666987;7635743;7597019;7558569;7531415;7521177
70-74;2102224;2156789;2204652;2253926;2316429;2398670;2498217;2614903;2743842;2877091;3009885;3142991;3275848;3409374;3545763;3685934;3828611;3972652;4117387;4261854;4405172;4546874;4687048;4822679;4949468;5064985;5170268;5266293;5353559;5432924;5505888;5572460;5630751;5691223;5769421;5874274;6003151;6156325;6323635;6488820;6640747;6780731;6908947;7020499;7109604;7173107;7210968;7222358;7213525;7194194;7171363
75-79;1492784;1544677;1606315;1672386;1735303;1791602;1843027;1889061;1936628;1995878;2072284;2163783;2270175;2387224;2508065;2628645;2749655;2870706;2992562;3117106;3245094;3375377;3506991;3639270;3771408;3902531;4032250;4160652;4284966;4401296;4507406;4604325;4693006;4773850;4847542;4915432;4977539;5032292;5089135;5162077;5259045;5377458;5517370;5669626;5819805;5958073;6085643;6202786;6304934;6386709;6445168
80-84;1011816;1034783;1057594;1083186;1114797;1153777;1199670;1253255;1310296;1364756;1413939;1459433;1501065;1544334;1597295;1664180;1743331;1834577;1934437;2037456;2140390;2243880;2347676;2452397;2559507;2669564;2781618;2894907;3008818;3122667;3235703;3347602;3458462;3565860;3666442;3758266;3842366;3919622;3990318;4054925;4114525;4169257;4217871;4268491;4332980;4417881;4520736;4641272;4771766;4900246;5018661
85-89;515585;561054;595323;622495;645478;666361;686636;707112;729646;756364;788078;824584;866553;910910;953385;992126;1028467;1062520;1098244;1141243;1194404;1256505;1327396;1404534;1484026;1563596;1643821;1724600;1806345;1890062;1976064;2063667;2152289;2241448;2330625;2419249;2507052;2594154;2678588;2757716;2830025;2896448;2957798;3014175;3065860;3113604;3157654;3197122;3238392;3290628;3358671
90+;299377;303275;320960;346041;374235;402722;431711;461744;491843;521388;549987;578698;608342;639404;672708;708377;746862;789019;833124;877075;919928;962997;1007016;1053519;1104693;1161569;1223950;1292026;1365005;1441733;1521483;1604650;1691387;1781513;1874969;1971456;2070785;2172676;2276714;2382536;2489591;2597630;2706598;2814921;2920605;3022439;3121128;3217393;3310325;3398853;3482771
