Piauí;;;;;;;;;;;;;;;;;;;;;;;;;;;;;;;;;;;;;;;;;;;;;;;;;;;
Dados;;;;;;;;;;;;;;;;;;;;;;;;;;;;;;;;;;;;;;;;;;;;;;;;;;;
Ano;População total;Homens;Mulheres;Nascimentos;Óbitos;Taxa de Crescimento Geométrico;Taxa Bruta de Natalidade;Taxa Bruta de Mortalidade;Esperança de Vida ao Nascer;Esperança de Vida ao Nascer - Homens;Esperança de Vida ao Nascer - Mulheres;Taxa de Mortalidade Infantil;Taxa de Mortalidade Infantil - Homens;Taxa de Mortalidade Infantil - Mulheres;Taxa de Fecundidade Total;Razão de Dependência - Jovens 0 a 14 anos;Razão de Dependência - Idosos 65 ou mais anos;Razão de Dependência;Índice de Envelhecimento;;;;;;;;;;;;;;;;;;;;;;;;;;;;;;;;
2010;3192643;1565065;1627578;51267;26117;x;16.06;8.18;69.92;66.09;73.92;23.45;25.13;21.67;1.8;41.86;11.32;53.18;27.11;;;;;;;;;;;;;;;;;;;;;;;;;;;;;;;;
2011;3202880;1568145;1634735;51838;26082;0.32;16.18;8.14;70.12;66.23;74.17;22.6;24.08;21.04;1.82;40.75;11.38;52.13;27.99;;;;;;;;;;;;;;;;;;;;;;;;;;;;;;;;
2012;3212635;1570970;1641665;49829;26103;0.3;15.51;8.13;70.31;66.37;74.41;21.81;23.13;20.42;1.75;39.6;11.47;51.07;29.01;;;;;;;;;;;;;;;;;;;;;;;;;;;;;;;;
2013;3220646;1572901;1647745;47954;26145;0.25;14.89;8.12;70.5;66.51;74.64;21.07;22.25;19.83;1.69;38.39;11.58;49.97;30.08;;;;;;;;;;;;;;;;;;;;;;;;;;;;;;;;
2014;3228556;1574784;1653772;49307;26242;0.25;15.27;8.13;70.68;66.65;74.87;20.37;21.43;19.26;1.74;37.25;11.72;48.96;31.6;;;;;;;;;;;;;;;;;;;;;;;;;;;;;;;;
2015;3237691;1577300;1660391;50174;26376;0.28;15.5;8.15;70.87;66.79;75.1;19.72;20.68;18.71;1.77;36.24;11.87;48.12;32.65;;;;;;;;;;;;;;;;;;;;;;;;;;;;;;;;
2016;3246228;1579517;1666711;47904;26495;0.26;14.76;8.16;71.06;66.92;75.33;19.11;19.98;18.18;1.7;35.14;12.04;47.18;34.31;;;;;;;;;;;;;;;;;;;;;;;;;;;;;;;;
2017;3254626;1581671;1672955;49713;26652;0.26;15.27;8.19;71.23;67.06;75.54;18.53;19.33;17.68;1.77;34.23;12.24;46.47;35.9;;;;;;;;;;;;;;;;;;;;;;;;;;;;;;;;
2018;3263754;1584209;1679545;49251;26842;0.28;15.09;8.22;71.41;67.2;75.76;17.98;18.73;17.19;1.76;33.6;12.48;46.08;36.96;;;;;;;;;;;;;;;;;;;;;;;;;;;;;;;;
2019;3272447;1586538;1685909;48757;27027;0.27;14.9;8.26;71.59;67.34;75.97;17.46;18.16;16.73;1.75;33.04;12.74;45.78;38.33;;;;;;;;;;;;;;;;;;;;;;;;;;;;;;;;
2020;3280697;1588657;1692040;48296;27233;0.25;14.72;8.3;71.76;67.47;76.17;16.98;17.63;16.28;1.75;32.42;13;45.42;39.91;;;;;;;;;;;;;;;;;;;;;;;;;;;;;;;;
2021;3288504;1590568;1697936;47849;27462;0.24;14.55;8.35;71.93;67.61;76.37;16.51;17.13;15.86;1.74;31.84;13.29;45.13;42.01;;;;;;;;;;;;;;;;;;;;;;;;;;;;;;;;
2022;3295812;1592243;1703569;47315;27710;0.22;14.36;8.41;72.1;67.75;76.57;16.07;16.67;15.45;1.74;31.39;13.6;44.99;43.52;;;;;;;;;;;;;;;;;;;;;;;;;;;;;;;;
2023;3302519;1593632;1708887;46704;27980;0.2;14.14;8.47;72.27;67.88;76.76;15.66;16.23;15.06;1.73;31.02;13.94;44.97;44.86;;;;;;;;;;;;;;;;;;;;;;;;;;;;;;;;
2024;3308547;1594700;1713847;46044;28256;0.18;13.92;8.54;72.43;68.02;76.95;15.27;15.81;14.69;1.73;30.76;14.32;45.08;46.7;;;;;;;;;;;;;;;;;;;;;;;;;;;;;;;;
2025;3313867;1595435;1718432;45391;28543;0.16;13.7;8.61;72.6;68.15;77.13;14.89;15.42;14.34;1.73;30.55;14.72;45.27;48.1;;;;;;;;;;;;;;;;;;;;;;;;;;;;;;;;
2026;3318480;1595839;1722641;44769;28852;0.14;13.49;8.69;72.75;68.29;77.31;14.54;15.06;14;1.72;30.29;15.15;45.44;50;;;;;;;;;;;;;;;;;;;;;;;;;;;;;;;;
2027;3322378;1595910;1726468;44126;29169;0.12;13.28;8.78;72.92;68.42;77.49;14.21;14.71;13.67;1.72;30.06;15.6;45.66;51.94;;;;;;;;;;;;;;;;;;;;;;;;;;;;;;;;
2028;3325518;1595630;1729888;43437;29495;0.09;13.06;8.87;73.07;68.56;77.66;13.89;14.38;13.37;1.72;29.91;16.08;45.99;53.66;;;;;;;;;;;;;;;;;;;;;;;;;;;;;;;;
2029;3327868;1594986;1732882;42744;29828;0.07;12.84;8.96;73.22;68.69;77.82;13.58;14.07;13.07;1.72;29.75;16.58;46.32;55.67;;;;;;;;;;;;;;;;;;;;;;;;;;;;;;;;
2030;3329443;1593987;1735456;42099;30168;0.05;12.64;9.06;73.38;68.83;77.99;13.3;13.78;12.8;1.71;29.49;17.08;46.57;58.21;;;;;;;;;;;;;;;;;;;;;;;;;;;;;;;;
2031;3330135;1592575;1737560;41444;30522;0.02;12.45;9.17;73.53;68.96;78.15;13.03;13.5;12.53;1.71;29.25;17.59;46.84;60.3;;;;;;;;;;;;;;;;;;;;;;;;;;;;;;;;
2032;3329820;1590685;1739135;40808;30890;-0.01;12.26;9.28;73.67;69.09;78.3;12.77;13.24;12.28;1.71;29;18.12;47.12;62.44;;;;;;;;;;;;;;;;;;;;;;;;;;;;;;;;
2033;3328513;1588327;1740186;40205;31268;-0.04;12.08;9.39;73.82;69.23;78.45;12.53;12.99;12.04;1.71;28.68;18.65;47.34;65.13;;;;;;;;;;;;;;;;;;;;;;;;;;;;;;;;
2034;3326223;1585509;1740714;39607;31657;-0.07;11.91;9.52;73.96;69.36;78.6;12.3;12.75;11.81;1.71;28.37;19.19;47.56;67.71;;;;;;;;;;;;;;;;;;;;;;;;;;;;;;;;
2035;3322946;1582232;1740714;39021;32059;-0.1;11.74;9.65;74.1;69.49;78.75;12.08;12.53;11.59;1.7;28.05;19.72;47.77;70;;;;;;;;;;;;;;;;;;;;;;;;;;;;;;;;
2036;3318653;1578486;1740167;38394;32475;-0.13;11.57;9.79;74.24;69.62;78.89;11.87;12.32;11.39;1.7;27.74;20.24;47.98;73.26;;;;;;;;;;;;;;;;;;;;;;;;;;;;;;;;
2037;3313336;1574269;1739067;37812;32898;-0.16;11.41;9.93;74.37;69.76;79.02;11.67;12.12;11.19;1.7;27.42;20.76;48.18;75.68;;;;;;;;;;;;;;;;;;;;;;;;;;;;;;;;
2038;3307039;1569606;1737433;37294;33333;-0.19;11.28;10.08;74.5;69.89;79.16;11.48;11.93;11.01;1.7;27.11;21.3;48.41;78.69;;;;;;;;;;;;;;;;;;;;;;;;;;;;;;;;
2039;3299804;1564522;1735282;36793;33757;-0.22;11.15;10.23;74.65;70.02;79.29;11.3;11.75;10.83;1.7;26.82;21.88;48.7;81.67;;;;;;;;;;;;;;;;;;;;;;;;;;;;;;;;
2040;3291628;1559016;1732612;36277;34199;-0.25;11.02;10.39;74.77;70.15;79.41;11.14;11.59;10.66;1.7;26.56;22.54;49.09;84.83;;;;;;;;;;;;;;;;;;;;;;;;;;;;;;;;
2041;3282479;1553074;1729405;35721;34631;-0.28;10.88;10.55;74.9;70.28;79.54;10.98;11.43;10.51;1.7;26.32;23.26;49.57;88.07;;;;;;;;;;;;;;;;;;;;;;;;;;;;;;;;
2042;3272365;1546702;1725663;35219;35068;-0.31;10.76;10.72;75.03;70.41;79.66;10.83;11.27;10.36;1.7;26.1;24.04;50.14;91.95;;;;;;;;;;;;;;;;;;;;;;;;;;;;;;;;
2043;3261348;1539933;1721415;34784;35502;-0.34;10.67;10.89;75.15;70.54;79.77;10.69;11.13;10.21;1.7;25.91;24.88;50.8;95.93;;;;;;;;;;;;;;;;;;;;;;;;;;;;;;;;
2044;3249476;1532793;1716683;34375;35934;-0.36;10.58;11.06;75.28;70.67;79.89;10.55;10.99;10.08;1.7;25.75;25.77;51.51;100;;;;;;;;;;;;;;;;;;;;;;;;;;;;;;;;
2045;3236752;1525287;1711465;33943;36364;-0.39;10.49;11.23;75.4;70.79;80;10.42;10.87;9.95;1.7;25.6;26.67;52.28;104.17;;;;;;;;;;;;;;;;;;;;;;;;;;;;;;;;
2046;3223152;1517402;1705750;33484;36794;-0.42;10.39;11.42;75.52;70.92;80.11;10.3;10.74;9.83;1.69;25.47;27.6;53.07;108.43;;;;;;;;;;;;;;;;;;;;;;;;;;;;;;;;
2047;3208684;1509144;1699540;33058;37216;-0.45;10.3;11.6;75.64;71.05;80.21;10.18;10.63;9.72;1.69;25.36;28.53;53.88;112.12;;;;;;;;;;;;;;;;;;;;;;;;;;;;;;;;
2048;3193390;1500538;1692852;32675;37635;-0.48;10.23;11.79;75.76;71.18;80.31;10.07;10.52;9.61;1.69;25.26;29.46;54.72;116.56;;;;;;;;;;;;;;;;;;;;;;;;;;;;;;;;
2049;3177306;1491603;1685703;32308;38046;-0.5;10.17;11.97;75.87;71.3;80.41;9.97;10.42;9.51;1.69;25.18;30.43;55.6;120.99;;;;;;;;;;;;;;;;;;;;;;;;;;;;;;;;
2050;3160429;1482338;1678091;31916;38464;-0.53;10.1;12.17;75.98;71.43;80.51;9.88;10.32;9.41;1.69;25.11;31.42;56.53;125.63;;;;;;;;;;;;;;;;;;;;;;;;;;;;;;;;
2051;3142736;1472732;1670004;31504;38875;-0.56;10.02;12.37;76.09;71.55;80.6;9.78;10.23;9.32;1.69;25.07;32.44;57.51;129.56;;;;;;;;;;;;;;;;;;;;;;;;;;;;;;;;
2052;3124227;1462787;1661440;31098;39275;-0.59;9.95;12.57;76.2;71.68;80.7;9.69;10.14;9.23;1.69;25.05;33.47;58.52;133.54;;;;;;;;;;;;;;;;;;;;;;;;;;;;;;;;
2053;3104924;1452515;1652409;30698;39659;-0.62;9.89;12.77;76.32;71.8;80.78;9.61;10.06;9.15;1.69;25.03;34.51;59.54;137.58;;;;;;;;;;;;;;;;;;;;;;;;;;;;;;;;
2054;3084843;1441926;1642917;30301;40035;-0.65;9.82;12.98;76.42;71.92;80.87;9.54;9.98;9.07;1.69;25.02;35.51;60.53;141.67;;;;;;;;;;;;;;;;;;;;;;;;;;;;;;;;
2055;3063982;1431020;1632962;29880;40399;-0.68;9.75;13.19;76.53;72.05;80.95;9.46;9.9;8.99;1.69;25;36.45;61.45;145.81;;;;;;;;;;;;;;;;;;;;;;;;;;;;;;;;
2056;3042336;1419794;1622542;29452;40758;-0.71;9.68;13.4;76.63;72.17;81.04;9.39;9.83;8.93;1.69;24.98;37.34;62.33;149.35;;;;;;;;;;;;;;;;;;;;;;;;;;;;;;;;
2057;3019911;1408251;1611660;29020;41098;-0.74;9.61;13.61;76.73;72.29;81.12;9.33;9.77;8.86;1.69;24.97;38.21;63.18;152.94;;;;;;;;;;;;;;;;;;;;;;;;;;;;;;;;
2058;2996721;1396402;1600319;28579;41412;-0.77;9.54;13.82;76.83;72.41;81.19;9.26;9.71;8.8;1.69;24.96;39.05;64.02;156.58;;;;;;;;;;;;;;;;;;;;;;;;;;;;;;;;
2059;2972786;1384260;1588526;28141;41710;-0.8;9.47;14.03;76.93;72.54;81.27;9.2;9.65;8.74;1.69;24.96;39.92;64.88;160.26;;;;;;;;;;;;;;;;;;;;;;;;;;;;;;;;
2060;2948119;1371831;1576288;27697;41995;-0.83;9.39;14.24;77.03;72.66;81.34;9.15;9.59;8.68;1.69;24.96;40.84;65.81;162.91;;;;;;;;;;;;;;;;;;;;;;;;;;;;;;;;
Faixas etárias;;;;;;;;;;;;;;;;;;;;;;;;;;;;;;;;;;;;;;;;;;;;;;;;;;;
Total;;;;;;;;;;;;;;;;;;;;;;;;;;;;;;;;;;;;;;;;;;;;;;;;;;;
Faixa/Ano;2010;2011;2012;2013;2014;2015;2016;2017;2018;2019;2020;2021;2022;2023;2024;2025;2026;2027;2028;2029;2030;2031;2032;2033;2034;2035;2036;2037;2038;2039;2040;2041;2042;2043;2044;2045;2046;2047;2048;2049;2050;2051;2052;2053;2054;2055;2056;2057;2058;2059;2060
Total;3192643;3202880;3212635;3220646;3228556;3237691;3246228;3254626;3263754;3272447;3280697;3288504;3295812;3302519;3308547;3313867;3318480;3322378;3325518;3327868;3329443;3330135;3329820;3328513;3326223;3322946;3318653;3313336;3307039;3299804;3291628;3282479;3272365;3261348;3249476;3236752;3223152;3208684;3193390;3177306;3160429;3142736;3124227;3104924;3084843;3063982;3042336;3019911;2996721;2972786;2948119
0-4;263862;256807;251410;245917;242341;241157;238913;237147;237950;238506;237485;236713;235675;233397;230962;228345;225540;222590;219541;216431;213305;210151;206962;203805;200722;197708;194733;191794;188923;186134;183428;180788;178219;175728;173323;171000;168765;166618;164525;162480;160477;158514;156581;154649;152691;150701;148691;146659;144593;142485;140348
05/set;294406;286347;278975;273624;267440;259182;252216;246907;241507;238009;236899;234733;233041;233912;234543;233593;232896;231932;229724;227366;224819;222088;219200;216203;213132;210030;206887;203711;200562;197495;194490;191524;188594;185731;182953;180252;177626;175059;172581;170181;167867;165635;163495;161410;159370;157375;155416;153491;151563;149612;147626
out/14;314225;314704;311727;304934;297480;291921;283924;276611;271304;265172;256971;250057;244796;239447;235989;234916;232787;231131;232039;232700;231789;231121;230186;228000;225664;223128;220409;217531;214548;211486;208398;205267;202100;198964;195905;192912;189952;187035;184179;181411;178717;176102;173541;171070;168679;166370;164147;162012;159934;157898;155907
15-19;306069;305510;306339;307784;308585;307954;308521;305647;298973;291641;286198;278333;271142;265941;259918;251843;245050;239902;234663;231305;230324;228280;226684;227623;228303;227411;226751;225832;223660;221345;218825;216124;213268;210304;207259;204193;201078;197931;194811;191770;188793;185850;182949;180109;177355;174679;172074;169527;167067;164692;162396
20-24;305642;301937;297317;292559;288934;287179;286905;288006;289713;290786;290434;291277;288707;282363;275367;270250;262734;255880;250993;245290;237548;231052;226118;221035;217763;216822;214817;213253;214206;214896;214029;213391;212492;210354;208069;205580;202916;200092;197162;194154;191120;188037;184923;181834;178825;175877;172966;170094;167281;164553;161904
25-29;279200;280195;281424;282328;281994;279904;276626;272445;268125;264919;263560;263658;265113;267164;268589;268606;269812;267645;261749;255209;250534;243455;236966;232345;226851;219269;212888;208040;203046;199839;198939;196988;195473;196439;197148;196320;195709;194843;192751;190514;188075;185457;182684;179804;176848;173861;170827;167760;164722;161756;158853
30-34;250528;255062;257995;259731;261005;262238;263461;264911;266051;265970;264157;261171;257286;253260;250328;249214;249538;251198;253450;255088;255339;256758;254820;249169;242838;238286;231327;224956;220430;215039;207579;201302;196540;191633;188493;187626;185724;184250;185232;185957;185162;184585;183755;181708;179516;177124;174558;171833;169003;166096;163157
35-39;209452;214669;221349;228768;235760;241599;246178;249185;251014;252388;253728;255056;256611;257860;257901;256233;253405;249693;245836;243056;242071;242492;244225;246523;248200;248497;249933;248056;242506;236286;231828;224988;218723;214278;208975;201626;195449;190766;185941;182860;182026;180171;178729;179726;180464;179700;179149;178348;176339;174191;171840
40-44;192405;194229;195499;196828;199141;202974;208177;214815;222177;229124;234938;239520;242557;244440;245879;247284;248679;250295;251613;251741;250186;247488;243907;240177;237495;236568;237020;238764;241064;242751;243079;244535;242725;237295;231198;226842;220137;213999;209641;204438;197217;191151;186564;181827;178811;178016;176208;174813;175823;176571;175836
45-49;171751;175241;178521;181522;184151;186393;188236;189540;190907;193239;197055;202211;208769;216034;222895;228650;233203;236248;238163;239647;241099;242542;244197;245557;245745;244276;241685;238219;234613;232028;231161;231648;233403;235697;237392;237751;239226;237488;232196;226246;222008;215468;209475;205222;200132;193063;187138;182659;178029;175090;174338
50-54;145650;149482;153555;157712;161708;165398;168833;172067;175035;177639;179878;181725;183055;184446;186781;190556;195634;202071;209190;215921;221579;226070;229100;231028;232541;234025;235498;237179;238565;238815;237441;234974;231652;228199;225733;224940;225464;227221;229502;231195;231587;233081;231430;226305;220538;216448;210114;204306;200183;195237;188364
55-59;122962;125821;128669;131599;134759;138226;141936;145884;149909;153786;157366;160714;163872;166782;169343;171557;173392;174739;176154;178476;182182;187142;193397;200307;206839;212341;216725;219712;221644;223179;224696;226203;227908;229323;229642;228395;226087;222957;219701;217394;216696;217263;219019;221271;222957;223387;224897;223360;218455;212935;209046
60-64;100535;103277;105976;108650;111334;114055;116800;119531;122339;125369;128689;132233;136005;139852;143561;146996;150219;153266;156087;158583;160753;162563;163920;165347;167633;171233;176014;182011;188621;194876;200163;204390;207304;209228;210784;212322;213861;215582;217023;217419;216327;214222;211336;208330;206222;205632;206247;207981;210188;211851;212319
65-69;78285;80129;82463;85122;87843;90461;93039;95588;98119;100658;103233;105830;108413;111065;113923;117047;120382;123928;127541;131031;134271;137325;140222;142914;145306;147399;149159;150508;151930;154151;157589;162123;167775;173989;179872;184863;188876;191674;193561;195114;196656;198203;199915;201363;201831;200911;199040;196445;193734;191859;191391
70-74;63314;64143;64553;64858;65508;66747;68440;70557;72959;75417;77791;80135;82468;84795;87131;89495;91878;94247;96681;99293;102148;105188;108417;111702;114883;117841;120644;123315;125808;128038;129999;131666;132978;134363;136475;139683;143863;149034;154691;160048;164609;168297;170904;172706;174222;175738;177263;178931;180350;180878;180150
75-79;42377;43477;45045;46774;48255;49308;50047;50471;50826;51466;52578;54058;55873;57920;60015;62050;64069;66097;68126;70170;72228;74302;76363;78478;80745;83213;85837;88619;91446;94191;96753;99195;101535;103733;105716;107473;108985;110211;111511;113437;116290;119963;124453;129335;133957;137915;141135;143454;145105;146529;147970
80-84;28603;28337;28102;28027;28263;28854;29745;30963;32287;33422;34243;34853;35255;35621;36199;37122;38312;39743;41347;42989;44597;46201;47827;49466;51114;52768;54433;56087;57788;59599;61569;63659;65868;68114;70297;72343;74314;76211;78012;79646;81106;82381;83446;84586;86224;88584;91578;95186;99083;102768;105939
85-89;14960;15626;15905;15974;15942;15877;15828;15797;15867;16122;16581;17210;18032;18912;19670;20226;20663;20990;21310;21772;22446;23292;24284;25386;26514;27630;28752;29899;31063;32235;33407;34585;35756;36963;38248;39643;41114;42667;44245;45783;47235;48642;50010;51317;52516;53593;54554;55377;56269;57515;59264
90+;8417;7887;7811;7935;8113;8264;8403;8554;8692;8814;8913;9017;9142;9308;9553;9884;10287;10783;11311;11800;12225;12625;13025;13448;13935;14501;15141;15850;16616;17421;18255;19129;20052;21013;21994;22988;24006;25046;26125;27259;28461;29714;31018;32352;33685;35008;36334;37675;39000;40270;41471
Homens;;;;;;;;;;;;;;;;;;;;;;;;;;;;;;;;;;;;;;;;;;;;;;;;;;;
Faixa/Ano;2010;2011;2012;2013;2014;2015;2016;2017;2018;2019;2020;2021;2022;2023;2024;2025;2026;2027;2028;2029;2030;2031;2032;2033;2034;2035;2036;2037;2038;2039;2040;2041;2042;2043;2044;2045;2046;2047;2048;2049;2050;2051;2052;2053;2054;2055;2056;2057;2058;2059;2060
Total;1565065;1568145;1570970;1572901;1574784;1577300;1579517;1581671;1584209;1586538;1588657;1590568;1592243;1593632;1594700;1595435;1595839;1595910;1595630;1594986;1593987;1592575;1590685;1588327;1585509;1582232;1578486;1574269;1569606;1564522;1559016;1553074;1546702;1539933;1532793;1525287;1517402;1509144;1500538;1491603;1482338;1472732;1462787;1452515;1441926;1431020;1419794;1408251;1396402;1384260;1371831
0-4;134741;131203;128489;125709;123901;123316;122184;121295;121718;122012;121499;121109;120583;119423;118181;116845;115412;113905;112348;110758;109159;107547;105915;104300;102723;101182;99658;98155;96685;95258;93873;92523;91208;89933;88702;87514;86370;85271;84200;83153;82128;81123;80134;79146;78144;77126;76095;75056;73999;72920;71827
05/set;149597;145595;141954;139339;136287;132160;128670;126002;123272;121506;120959;119872;119022;119482;119816;119341;118993;118507;117383;116185;114887;113492;112020;110491;108922;107334;105731;104106;102495;100927;99391;97872;96374;94909;93489;92107;90765;89452;88184;86957;85774;84632;83537;82471;81427;80406;79406;78421;77434;76437;75421
out/14;160179;160360;158697;155059;151114;148202;144233;140625;138032;135007;130911;127448;124807;122102;120359;119832;118763;117933;118414;118762;118309;117979;117507;116397;115211;113920;112530;111065;109544;107980;106400;104804;103185;101582;100018;98489;96975;95485;94024;92610;91233;89898;88589;87324;86103;84924;83788;82695;81635;80594;79575
15-19;154060;154298;155209;156363;157078;156932;157155;155540;151965;148085;145234;141337;137797;135258;132288;128261;124865;122284;119637;117945;117464;116438;115642;116136;116492;116052;115728;115264;114166;112994;111715;110337;108887;107381;105831;104267;102682;101077;99487;97936;96419;94917;93440;91992;90588;89223;87896;86599;85343;84133;82965
20-24;151038;149142;147002;144966;143605;143236;143623;144677;145965;146824;146827;147201;145756;142376;138696;136034;132346;129005;126647;123864;120033;116814;114359;111809;110171;109715;108718;107946;108448;108813;108390;108084;107634;106561;105412;104159;102809;101386;99906;98385;96846;95287;93708;92142;90618;89125;87647;86194;84767;83385;82041
25-29;136860;137099;137391;137507;137065;135854;134204;132319;130536;129413;129267;129854;131098;132568;133615;133825;134401;133191;130084;126682;124289;120874;117761;115570;112924;109210;106079;103693;101213;99626;99202;98245;97512;98024;98403;98009;97726;97301;96266;95156;93942;92630;91248;89809;88328;86829;85312;83770;82246;80757;79302
30-34;121614;123624;124905;125628;126107;126520;126883;127297;127546;127251;126204;124732;123023;121413;120450;120441;121148;122500;124072;125235;125577;126272;125204;122258;119002;116698;113375;110352;108235;105668;102050;99000;96683;94271;92736;92337;91419;90718;91242;91633;91267;91011;90612;89615;88542;87367;86095;84753;83354;81915;80454
35-39;101290;103657;106673;110012;113145;115749;117777;119094;119868;120402;120875;121301;121777;122095;121875;120920;119550;117950;116446;115577;115642;116401;117790;119383;120562;120931;121638;120615;117745;114573;112339;109104;106158;104101;101599;98065;95090;92832;90482;88992;88618;87734;87060;87592;87994;87651;87417;87040;86074;85032;83891
40-44;92434;93292;93876;94470;95508;97237;99579;102555;105842;108933;111510;113527;114853;115651;116218;116725;117188;117697;118055;117885;117001;115711;114192;112764;111953;112046;112816;114203;115788;116966;117354;118071;117096;114313;111232;109071;105930;103073;101078;98647;95203;92309;90119;87835;86391;86044;85194;84555;85096;85508;85187
45-49;81894;83575;85138;86556;87792;88841;89696;90285;90889;91926;93629;95930;98845;102058;105085;107615;109605;110925;111735;112322;112852;113339;113869;114252;114119;113290;112068;110619;109265;108509;108629;109410;110792;112363;113538;113943;114671;113746;111060;108082;106004;102971;100212;98287;95934;92594;89795;87680;85470;84079;83762
50-54;68631;70455;72392;74366;76265;78022;79651;81170;82554;83759;84794;85637;86230;86839;87868;89537;91778;94612;97727;100666;103127;105072;106375;107188;107791;108339;108845;109394;109794;109702;108936;107794;106433;105168;104479;104634;105426;106797;108348;109514;109935;110676;109812;107241;104388;102412;99516;96879;95040;92783;89574
55-59;57199;58319;59541;60879;62352;63966;65694;67534;69404;71209;72879;74437;75892;77227;78389;79394;80222;80815;81429;82441;84061;86221;88934;91910;94716;97075;98948;100219;101034;101651;102221;102751;103320;103746;103704;103024;101987;100746;99602;99005;99208;100013;101367;102885;104035;104475;105228;104444;102028;99348;97512
60-64;47519;48421;49240;50032;50875;51820;52863;53996;55241;56612;58113;59717;61427;63166;64848;66410;67868;69239;70502;71609;72573;73374;73963;74576;75557;77102;79145;81691;84477;87110;89335;91110;92335;93144;93773;94360;94914;95502;95954;95970;95395;94488;93398;92399;91911;92161;92971;94290;95759;96881;97339
65-69;37112;37878;38806;39816;40797;41681;42496;43243;43968;44738;45604;46557;47592;48727;49975;51338;52799;54353;55935;57468;58895;60234;61500;62672;63705;64612;65372;65948;66552;67486;68928;70821;73160;75713;78127;80178;81827;82985;83772;84401;84996;85563;86154;86624;86695;86233;85471;84545;83707;83333;83626
70-74;29032;29391;29613;29808;30125;30643;31306;32106;32974;33818;34580;35285;35942;36583;37266;38031;38869;39777;40773;41864;43055;44331;45688;47066;48409;49660;50840;51965;53010;53940;54761;55459;56005;56580;57446;58754;60445;62515;64760;66885;68700;70172;71226;71966;72576;73162;73726;74308;74779;74903;74562
75-79;19205;19515;20018;20599;21106;21483;21768;21960;22140;22417;22844;23384;24021;24711;25382;25990;26559;27097;27627;28195;28824;29511;30252;31065;31953;32918;33953;35052;36168;37258;38281;39248;40181;41054;41840;42538;43143;43633;44154;44914;46028;47447;49157;50997;52740;54240;55469;56373;57034;57598;58153
80-84;12668;12379;12129;11962;11931;12040;12269;12619;13018;13362;13619;13824;13979;14131;14349;14665;15055;15508;15994;16466;16899;17308;17703;18098;18518;18983;19487;20029;20622;21266;21965;22717;23511;24318;25109;25855;26570;27265;27925;28524;29062;29538;29939;30370;30979;31839;32915;34187;35543;36829;37945
85-89;6573;6735;6735;6649;6522;6379;6250;6143;6082;6096;6177;6318;6523;6755;6954;7105;7231;7334;7442;7589;7786;8026;8297;8588;8871;9133;9384;9629;9880;10147;10439;10754;11091;11461;11861;12295;12759;13249;13749;14241;14709;15161;15607;16035;16428;16786;17112;17393;17701;18120;18695
90+;3419;3207;3162;3181;3209;3219;3216;3211;3195;3168;3132;3098;3076;3067;3086;3126;3187;3278;3380;3473;3554;3631;3714;3804;3910;4032;4171;4324;4485;4648;4807;4970;5137;5311;5494;5688;5894;6111;6345;6598;6871;7162;7468;7785;8105;8423;8741;9069;9393;9705;10000
Mulheres;;;;;;;;;;;;;;;;;;;;;;;;;;;;;;;;;;;;;;;;;;;;;;;;;;;
Faixa/Ano;2010;2011;2012;2013;2014;2015;2016;2017;2018;2019;2020;2021;2022;2023;2024;2025;2026;2027;2028;2029;2030;2031;2032;2033;2034;2035;2036;2037;2038;2039;2040;2041;2042;2043;2044;2045;2046;2047;2048;2049;2050;2051;2052;2053;2054;2055;2056;2057;2058;2059;2060
Total;1627578;1634735;1641665;1647745;1653772;1660391;1666711;1672955;1679545;1685909;1692040;1697936;1703569;1708887;1713847;1718432;1722641;1726468;1729888;1732882;1735456;1737560;1739135;1740186;1740714;1740714;1740167;1739067;1737433;1735282;1732612;1729405;1725663;1721415;1716683;1711465;1705750;1699540;1692852;1685703;1678091;1670004;1661440;1652409;1642917;1632962;1622542;1611660;1600319;1588526;1576288
0-4;129121;125604;122921;120208;118440;117841;116729;115852;116232;116494;115986;115604;115092;113974;112781;111500;110128;108685;107193;105673;104146;102604;101047;99505;97999;96526;95075;93639;92238;90876;89555;88265;87011;85795;84621;83486;82395;81347;80325;79327;78349;77391;76447;75503;74547;73575;72596;71603;70594;69565;68521
05/set;144809;140752;137021;134285;131153;127022;123546;120905;118235;116503;115940;114861;114019;114430;114727;114252;113903;113425;112341;111181;109932;108596;107180;105712;104210;102696;101156;99605;98067;96568;95099;93652;92220;90822;89464;88145;86861;85607;84397;83224;82093;81003;79958;78939;77943;76969;76010;75070;74129;73175;72205
out/14;154046;154344;153030;149875;146366;143719;139691;135986;133272;130165;126060;122609;119989;117345;115630;115084;114024;113198;113625;113938;113480;113142;112679;111603;110453;109208;107879;106466;105004;103506;101998;100463;98915;97382;95887;94423;92977;91550;90155;88801;87484;86204;84952;83746;82576;81446;80359;79317;78299;77304;76332
15-19;152009;151212;151130;151421;151507;151022;151366;150107;147008;143556;140964;136996;133345;130683;127630;123582;120185;117618;115026;113360;112860;111842;111042;111487;111811;111359;111023;110568;109494;108351;107110;105787;104381;102923;101428;99926;98396;96854;95324;93834;92374;90933;89509;88117;86767;85456;84178;82928;81724;80559;79431
20-24;154604;152795;150315;147593;145329;143943;143282;143329;143748;143962;143607;144076;142951;139987;136671;134216;130388;126875;124346;121426;117515;114238;111759;109226;107592;107107;106099;105307;105758;106083;105639;105307;104858;103793;102657;101421;100107;98706;97256;95769;94274;92750;91215;89692;88207;86752;85319;83900;82514;81168;79863
25-29;142340;143096;144033;144821;144929;144050;142422;140126;137589;135506;134293;133804;134015;134596;134974;134781;135411;134454;131665;128527;126245;122581;119205;116775;113927;110059;106809;104347;101833;100213;99737;98743;97961;98415;98745;98311;97983;97542;96485;95358;94133;92827;91436;89995;88520;87032;85515;83990;82476;80999;79551
30-34;128914;131438;133090;134103;134898;135718;136578;137614;138505;138719;137953;136439;134263;131847;129878;128773;128390;128698;129378;129853;129762;130486;129616;126911;123836;121588;117952;114604;112195;109371;105529;102302;99857;97362;95757;95289;94305;93532;93990;94324;93895;93574;93143;92093;90974;89757;88463;87080;85649;84181;82703
35-39;108162;111012;114676;118756;122615;125850;128401;130091;131146;131986;132853;133755;134834;135765;136026;135313;133855;131743;129390;127479;126429;126091;126435;127140;127638;127566;128295;127441;124761;121713;119489;115884;112565;110177;107376;103561;100359;97934;95459;93868;93408;92437;91669;92134;92470;92049;91732;91308;90265;89159;87949
40-44;99971;100937;101623;102358;103633;105737;108598;112260;116335;120191;123428;125993;127704;128789;129661;130559;131491;132598;133558;133856;133185;131777;129715;127413;125542;124522;124204;124561;125276;125785;125725;126464;125629;122982;119966;117771;114207;110926;108563;105791;102014;98842;96445;93992;92420;91972;91014;90258;90727;91063;90649
45-49;89857;91666;93383;94966;96359;97552;98540;99255;100018;101313;103426;106281;109924;113976;117810;121035;123598;125323;126428;127325;128247;129203;130328;131305;131626;130986;129617;127600;125348;123519;122532;122238;122611;123334;123854;123808;124555;123742;121136;118164;116004;112497;109263;106935;104198;100469;97343;94979;92559;91011;90576
50-54;77019;79027;81163;83346;85443;87376;89182;90897;92481;93880;95084;96088;96825;97607;98913;101019;103856;107459;111463;115255;118452;120998;122725;123840;124750;125686;126653;127785;128771;129113;128505;127180;125219;123031;121254;120306;120038;120424;121154;121681;121652;122405;121618;119064;116150;114036;110598;107427;105143;102454;98790
55-59;65763;67502;69128;70720;72407;74260;76242;78350;80505;82577;84487;86277;87980;89555;90954;92163;93170;93924;94725;96035;98121;100921;104463;108397;112123;115266;117777;119493;120610;121528;122475;123452;124588;125577;125938;125371;124100;122211;120099;118389;117488;117250;117652;118386;118922;118912;119669;118916;116427;113587;111534
60-64;53016;54856;56736;58618;60459;62235;63937;65535;67098;68757;70576;72516;74578;76686;78713;80586;82351;84027;85585;86974;88180;89189;89957;90771;92076;94131;96869;100320;104144;107766;110828;113280;114969;116084;117011;117962;118947;120080;121069;121449;120932;119734;117938;115931;114311;113471;113276;113691;114429;114970;114980
65-69;41173;42251;43657;45306;47046;48780;50543;52345;54151;55920;57629;59273;60821;62338;63948;65709;67583;69575;71606;73563;75376;77091;78722;80242;81601;82787;83787;84560;85378;86665;88661;91302;94615;98276;101745;104685;107049;108689;109789;110713;111660;112640;113761;114739;115136;114678;113569;111900;110027;108526;107765
70-74;34282;34752;34940;35050;35383;36104;37134;38451;39985;41599;43211;44850;46526;48212;49865;51464;53009;54470;55908;57429;59093;60857;62729;64636;66474;68181;69804;71350;72798;74098;75238;76207;76973;77783;79029;80929;83418;86519;89931;93163;95909;98125;99678;100740;101646;102576;103537;104623;105571;105975;105588
75-79;23172;23962;25027;26175;27149;27825;28279;28511;28686;29049;29734;30674;31852;33209;34633;36060;37510;39000;40499;41975;43404;44791;46111;47413;48792;50295;51884;53567;55278;56933;58472;59947;61354;62679;63876;64935;65842;66578;67357;68523;70262;72516;75296;78338;81217;83675;85666;87081;88071;88931;89817
80-84;15935;15958;15973;16065;16332;16814;17476;18344;19269;20060;20624;21029;21276;21490;21850;22457;23257;24235;25353;26523;27698;28893;30124;31368;32596;33785;34946;36058;37166;38333;39604;40942;42357;43796;45188;46488;47744;48946;50087;51122;52044;52843;53507;54216;55245;56745;58663;60999;63540;65939;67994
85-89;8387;8891;9170;9325;9420;9498;9578;9654;9785;10026;10404;10892;11509;12157;12716;13121;13432;13656;13868;14183;14660;15266;15987;16798;17643;18497;19368;20270;21183;22088;22968;23831;24665;25502;26387;27348;28355;29418;30496;31542;32526;33481;34403;35282;36088;36807;37442;37984;38568;39395;40569
90+;4998;4680;4649;4754;4904;5045;5187;5343;5497;5646;5781;5919;6066;6241;6467;6758;7100;7505;7931;8327;8671;8994;9311;9644;10025;10469;10970;11526;12131;12773;13448;14159;14915;15702;16500;17300;18112;18935;19780;20661;21590;22552;23550;24567;25580;26585;27593;28606;29607;30565;31471
Brasil;;;;;;;;;;;;;;;;;;;;;;;;;;;;;;;;;;;;;;;;;;;;;;;;;;;
Dados;;;;;;;;;;;;;;;;;;;;;;;;;;;;;;;;;;;;;;;;;;;;;;;;;;;
Ano;População total;Homens;Mulheres;Nascimentos;Óbitos;Taxa de Crescimento Geométrico;Taxa Bruta de Natalidade;Taxa Bruta de Mortalidade;Esperança de Vida ao Nascer;Esperança de Vida ao Nascer - Homens;Esperança de Vida ao Nascer - Mulheres;Taxa de Mortalidade Infantil;Taxa de Mortalidade Infantil - Homens;Taxa de Mortalidade Infantil - Mulheres;Taxa de Fecundidade Total;Razão de Dependência - Jovens 0 a 14 anos;Razão de Dependência - Idosos 65 ou mais anos;Razão de Dependência;Índice de Envelhecimento;;;;;;;;;;;;;;;;;;;;;;;;;;;;;;;;
2010;194890682;95513298;99377384;2939435;1240083;x;15.08;6.36;73.86;70.21;77.6;17.22;18.76;15.59;1.75;36.32;10.77;47.09;29.55;;;;;;;;;;;;;;;;;;;;;;;;;;;;;;;;
2011;196603732;96322635;100281097;2974525;1247751;0.88;15.13;6.35;74.2;70.57;77.91;16.43;17.86;14.92;1.76;35.37;10.99;46.36;30.99;;;;;;;;;;;;;;;;;;;;;;;;;;;;;;;;
2012;198314934;97132054;101182880;2953890;1258235;0.87;14.89;6.34;74.52;70.91;78.22;15.69;17.03;14.29;1.75;34.45;11.24;45.68;32.63;;;;;;;;;;;;;;;;;;;;;;;;;;;;;;;;
2013;200004188;97931331;102072857;2953178;1270306;0.85;14.77;6.35;74.84;71.25;78.51;15.02;16.27;13.7;1.74;33.56;11.51;45.07;34.2;;;;;;;;;;;;;;;;;;;;;;;;;;;;;;;;
2014;201717541;98744098;102973443;3028202;1284346;0.86;15.01;6.37;75.14;71.57;78.78;14.4;15.58;13.16;1.78;32.78;11.81;44.59;36.12;;;;;;;;;;;;;;;;;;;;;;;;;;;;;;;;
2015;203475683;99581002;103894681;3070979;1299541;0.87;15.09;6.39;75.44;71.88;79.05;13.82;14.93;12.65;1.8;32.15;12.13;44.29;37.67;;;;;;;;;;;;;;;;;;;;;;;;;;;;;;;;
2016;205156587;100379640;104776947;2901053;1314164;0.83;14.14;6.41;75.72;72.18;79.31;13.29;14.35;12.19;1.7;31.57;12.49;44.05;39.73;;;;;;;;;;;;;;;;;;;;;;;;;;;;;;;;
2017;206804741;101163599;105641142;3020743;1330811;0.8;14.61;6.44;75.99;72.46;79.56;12.81;13.8;11.75;1.78;31.11;12.87;43.98;41.2;;;;;;;;;;;;;;;;;;;;;;;;;;;;;;;;
2018;208494900;101971173;106523727;3003585;1349693;0.82;14.41;6.47;76.25;72.74;79.8;12.35;13.31;11.35;1.77;30.75;13.28;44.03;43.19;;;;;;;;;;;;;;;;;;;;;;;;;;;;;;;;
2019;210147125;102760295;107386830;2984414;1368954;0.79;14.2;6.51;76.5;73;80.03;11.94;12.85;10.98;1.77;30.42;13.72;44.14;45.02;;;;;;;;;;;;;;;;;;;;;;;;;;;;;;;;
2020;211755692;103527689;108228003;2963516;1389144;0.77;13.99;6.56;76.74;73.26;80.25;11.56;12.43;10.64;1.76;30.11;14.18;44.29;46.89;;;;;;;;;;;;;;;;;;;;;;;;;;;;;;;;
2021;213317639;104271843;109045796;2940629;1410602;0.74;13.79;6.61;76.97;73.5;80.46;11.2;12.04;10.32;1.76;29.83;14.67;44.5;49.51;;;;;;;;;;;;;;;;;;;;;;;;;;;;;;;;
2022;214828540;104990487;109838053;2913688;1433605;0.71;13.56;6.67;77.19;73.74;80.67;10.88;11.68;10.03;1.75;29.63;15.19;44.82;51.22;;;;;;;;;;;;;;;;;;;;;;;;;;;;;;;;
2023;216284269;105681529;110602740;2885501;1458023;0.68;13.34;6.74;77.4;73.96;80.86;10.58;11.36;9.75;1.75;29.43;15.74;45.17;53.2;;;;;;;;;;;;;;;;;;;;;;;;;;;;;;;;
2024;217684462;106345043;111339419;2856690;1483777;0.65;13.12;6.82;77.6;74.17;81.05;10.3;11.05;9.5;1.74;29.26;16.31;45.56;55.72;;;;;;;;;;;;;;;;;;;;;;;;;;;;;;;;
2025;219029093;106981304;112047789;2827039;1510693;0.62;12.91;6.9;77.8;74.38;81.22;10.04;10.77;9.27;1.74;29.11;16.9;46.01;58.29;;;;;;;;;;;;;;;;;;;;;;;;;;;;;;;;
2026;220316530;107589495;112727035;2797674;1539159;0.59;12.7;6.99;77.98;74.57;81.39;9.8;10.51;9.05;1.74;28.95;17.51;46.45;60.61;;;;;;;;;;;;;;;;;;;;;;;;;;;;;;;;
2027;221545234;108168830;113376404;2768000;1569117;0.56;12.49;7.08;78.16;74.76;81.56;9.58;10.27;8.85;1.73;28.77;18.14;46.9;62.76;;;;;;;;;;;;;;;;;;;;;;;;;;;;;;;;
2028;222713669;108718587;113995082;2738355;1600375;0.53;12.3;7.19;78.32;74.94;81.71;9.37;10.05;8.66;1.73;28.59;18.78;47.37;65.46;;;;;;;;;;;;;;;;;;;;;;;;;;;;;;;;
2029;223821305;109238514;114582791;2710134;1632845;0.5;12.11;7.3;78.49;75.11;81.86;9.18;9.84;8.49;1.72;28.36;19.42;47.79;68.23;;;;;;;;;;;;;;;;;;;;;;;;;;;;;;;;
2030;224868462;109728762;115139700;2683440;1666427;0.47;11.93;7.41;78.64;75.28;82;9.01;9.65;8.33;1.72;28.08;20.06;48.14;71.05;;;;;;;;;;;;;;;;;;;;;;;;;;;;;;;;
2031;225854415;110189007;115665408;2655850;1700970;0.44;11.76;7.53;78.78;75.43;82.14;8.85;9.48;8.18;1.72;27.84;20.71;48.55;74.33;;;;;;;;;;;;;;;;;;;;;;;;;;;;;;;;
2032;226777802;110618592;116159210;2628742;1736861;0.41;11.59;7.66;78.92;75.58;82.27;8.7;9.32;8.05;1.72;27.61;21.36;48.97;77.3;;;;;;;;;;;;;;;;;;;;;;;;;;;;;;;;
2033;227638581;111017537;116621044;2603540;1773877;0.38;11.44;7.79;79.05;75.72;82.39;8.57;9.18;7.92;1.71;27.32;22.01;49.33;80.33;;;;;;;;;;;;;;;;;;;;;;;;;;;;;;;;
2034;228437122;111386062;117051060;2579544;1812136;0.35;11.29;7.93;79.18;75.86;82.51;8.44;9.04;7.81;1.71;27.04;22.65;49.69;83.43;;;;;;;;;;;;;;;;;;;;;;;;;;;;;;;;
2035;229173685;111724392;117449293;2557147;1851454;0.32;11.16;8.08;79.3;75.99;82.62;8.32;8.92;7.7;1.71;26.76;23.28;50.04;87.08;;;;;;;;;;;;;;;;;;;;;;;;;;;;;;;;
2036;229847832;112032426;117815406;2534413;1891832;0.29;11.03;8.23;79.42;76.11;82.73;8.22;8.8;7.6;1.7;26.48;23.9;50.39;90.34;;;;;;;;;;;;;;;;;;;;;;;;;;;;;;;;
2037;230459062;112309958;118149104;2513030;1933167;0.27;10.9;8.39;79.53;76.23;82.83;8.12;8.69;7.51;1.7;26.22;24.52;50.74;93.68;;;;;;;;;;;;;;;;;;;;;;;;;;;;;;;;
2038;231007871;112557327;118450544;2493021;1975283;0.24;10.79;8.55;79.63;76.34;82.93;8.02;8.59;7.42;1.7;25.97;25.13;51.1;96.51;;;;;;;;;;;;;;;;;;;;;;;;;;;;;;;;
2039;231494650;112774820;118719830;2473758;2017958;0.21;10.69;8.72;79.73;76.45;83.02;7.93;8.49;7.34;1.7;25.74;25.77;51.52;100;;;;;;;;;;;;;;;;;;;;;;;;;;;;;;;;
2040;231919922;112962751;118957171;2455519;2060782;0.18;10.59;8.89;79.83;76.55;83.11;7.85;8.4;7.27;1.69;25.54;26.46;51.99;103.57;;;;;;;;;;;;;;;;;;;;;;;;;;;;;;;;
2041;232284233;113121438;119162795;2437785;2103915;0.16;10.49;9.06;79.92;76.65;83.2;7.77;8.32;7.2;1.69;25.35;27.18;52.53;107.23;;;;;;;;;;;;;;;;;;;;;;;;;;;;;;;;
2042;232588580;113251454;119337126;2422219;2147419;0.13;10.41;9.23;80;76.74;83.28;7.7;8.24;7.13;1.69;25.19;27.93;53.13;110.3;;;;;;;;;;;;;;;;;;;;;;;;;;;;;;;;
2043;232834065;113353443;119480622;2407325;2191168;0.11;10.34;9.41;80.09;76.83;83.36;7.63;8.16;7.06;1.69;25.06;28.73;53.78;114.72;;;;;;;;;;;;;;;;;;;;;;;;;;;;;;;;
2044;233020996;113427597;119593399;2392409;2234730;0.08;10.27;9.59;80.17;76.92;83.43;7.56;8.09;7;1.69;24.94;29.55;54.49;118.63;;;;;;;;;;;;;;;;;;;;;;;;;;;;;;;;
2045;233149625;113474061;119675564;2377677;2278119;0.06;10.2;9.77;80.24;77;83.5;7.5;8.02;6.95;1.68;24.85;30.4;55.25;122.5;;;;;;;;;;;;;;;;;;;;;;;;;;;;;;;;
2046;233220257;113493052;119727205;2363150;2321466;0.03;10.13;9.95;80.31;77.08;83.57;7.44;7.96;6.9;1.68;24.77;31.27;56.04;125.79;;;;;;;;;;;;;;;;;;;;;;;;;;;;;;;;
2047;233233670;113485011;119748659;2349527;2364398;0.01;10.07;10.14;80.38;77.16;83.63;7.39;7.9;6.84;1.68;24.72;32.17;56.89;129.75;;;;;;;;;;;;;;;;;;;;;;;;;;;;;;;;
2048;233190482;113450253;119740229;2335541;2407046;-0.02;10.02;10.32;80.45;77.23;83.7;7.33;7.84;6.8;1.68;24.68;33.08;57.76;134.62;;;;;;;;;;;;;;;;;;;;;;;;;;;;;;;;
2049;233090464;113388652;119701812;2320604;2449148;-0.04;9.96;10.51;80.51;77.3;83.75;7.29;7.79;6.75;1.68;24.66;33.99;58.64;138.06;;;;;;;;;;;;;;;;;;;;;;;;;;;;;;;;
2050;232933276;113300060;119633216;2304717;2490559;-0.07;9.89;10.69;80.57;77.37;83.81;7.24;7.74;6.71;1.68;24.64;34.88;59.52;142.21;;;;;;;;;;;;;;;;;;;;;;;;;;;;;;;;
2051;232719169;113184593;119534576;2288973;2531362;-0.09;9.84;10.88;80.63;77.43;83.86;7.2;7.69;6.67;1.67;24.63;35.76;60.38;144.81;;;;;;;;;;;;;;;;;;;;;;;;;;;;;;;;
2052;232448867;113042592;119406275;2273127;2571362;-0.12;9.78;11.06;80.68;77.49;83.91;7.16;7.65;6.64;1.67;24.62;36.62;61.24;148.37;;;;;;;;;;;;;;;;;;;;;;;;;;;;;;;;
2053;232122448;112874076;119248372;2255972;2610595;-0.14;9.72;11.25;80.74;77.55;83.96;7.12;7.61;6.6;1.67;24.62;37.45;62.07;151.97;;;;;;;;;;;;;;;;;;;;;;;;;;;;;;;;
2054;231739632;112678873;119060759;2237804;2648830;-0.16;9.66;11.43;80.78;77.61;84;7.08;7.57;6.57;1.67;24.62;38.26;62.89;155.63;;;;;;;;;;;;;;;;;;;;;;;;;;;;;;;;
2055;231300323;112456873;118843450;2218450;2686056;-0.19;9.59;11.61;80.83;77.66;84.04;7.05;7.54;6.54;1.67;24.63;39.05;63.68;159.33;;;;;;;;;;;;;;;;;;;;;;;;;;;;;;;;
2056;230805223;112208379;118596844;2199622;2722232;-0.21;9.53;11.79;80.88;77.71;84.08;7.02;7.5;6.51;1.67;24.63;39.81;64.43;161.33;;;;;;;;;;;;;;;;;;;;;;;;;;;;;;;;
2057;230255685;111934042;118321643;2180831;2757317;-0.24;9.47;11.98;80.92;77.76;84.12;6.99;7.47;6.48;1.66;24.62;40.52;65.15;164.43;;;;;;;;;;;;;;;;;;;;;;;;;;;;;;;;
2058;229652286;111634119;118018167;2161015;2791329;-0.26;9.41;12.15;80.96;77.81;84.16;6.96;7.44;6.46;1.66;24.62;41.22;65.84;168.24;;;;;;;;;;;;;;;;;;;;;;;;;;;;;;;;
2059;228995541;111308845;117686696;2141033;2824224;-0.29;9.35;12.33;81;77.86;84.19;6.94;7.41;6.44;1.66;24.61;41.91;66.53;170.27;;;;;;;;;;;;;;;;;;;;;;;;;;;;;;;;
2060;228286347;110958642;117327705;2120842;2856059;-0.31;9.29;12.51;81.04;77.9;84.23;6.91;7.39;6.42;1.66;24.61;42.62;67.23;173.47;;;;;;;;;;;;;;;;;;;;;;;;;;;;;;;;
Faixas etárias;;;;;;;;;;;;;;;;;;;;;;;;;;;;;;;;;;;;;;;;;;;;;;;;;;;
Total;;;;;;;;;;;;;;;;;;;;;;;;;;;;;;;;;;;;;;;;;;;;;;;;;;;
Faixa/Ano;2010;2011;2012;2013;2014;2015;2016;2017;2018;2019;2020;2021;2022;2023;2024;2025;2026;2027;2028;2029;2030;2031;2032;2033;2034;2035;2036;2037;2038;2039;2040;2041;2042;2043;2044;2045;2046;2047;2048;2049;2050;2051;2052;2053;2054;2055;2056;2057;2058;2059;2060
Total;194890682;196603732;198314934;200004188;201717541;203475683;205156587;206804741;208494900;210147125;211755692;213317639;214828540;216284269;217684462;219029093;220316530;221545234;222713669;223821305;224868462;225854415;226777802;227638581;228437122;229173685;229847832;230459062;231007871;231494650;231919922;232284233;232588580;232834065;233020996;233149625;233220257;233233670;233190482;233090464;232933276;232719169;232448867;232122448;231739632;231300323;230805223;230255685;229652286;228995541;228286347
0-4;14858280;14697433;14624301;14567170;14570070;14677159;14715112;14720776;14787557;14798332;14730311;14703281;14675523;14569055;14452355;14326234;14192256;14053426;13912226;13770272;13629815;13491399;13354905;13221642;13092489;12967369;12846604;12730937;12620549;12514918;12413588;12316709;12225086;12138798;12057106;11979238;11904624;11832490;11761709;11691308;11620256;11547982;11473958;11397201;11317212;11233863;11147191;11057520;10965028;10870292;10774218
05/set;15865195;15600504;15387507;15203145;15029641;14824271;14664918;14593299;14537829;14542132;14650311;14689394;14695773;14762671;14773628;14705941;14679311;14652033;14546208;14430226;14304778;14171490;14033278;13892710;13751331;13611405;13473529;13337523;13204728;13076037;12951361;12830995;12715703;12605672;12500387;12399373;12302790;12211456;12125433;12043993;11966376;11891973;11820071;11749531;11679356;11608504;11536459;11462615;11386046;11306224;11223031
out/14;17397304;17216843;16880174;16495325;16131984;15840860;15577214;15365237;15182024;15009676;14805478;14647164;14576191;14520972;14525347;14633526;14672711;14679300;14746432;14757724;14690423;14664114;14637176;14531700;14416109;14291049;14158125;14020272;13880038;13738984;13599376;13461829;13326122;13193611;13065182;12940762;12820626;12705545;12595720;12490655;12389855;12293466;12202305;12116445;12035156;11957694;11883455;11811703;11741278;11671246;11600532
15-19;17219086;17238401;17315601;17402809;17424089;17334096;17155615;16821630;16439846;16079464;15790863;15529387;15318916;15136923;14965724;14762869;14605891;14536019;14481942;14487286;14596110;14635967;14643187;14710785;14722659;14656163;14630405;14603997;14499263;14384409;14260078;14127872;13990752;13851207;13710840;13571863;13434947;13299846;13167907;13040010;12916108;12796510;12681921;12572557;12467934;12367551;12271531;12180736;12095228;12014265;11937109
20-24;17476779;17396868;17296030;17195219;17124785;17100769;17122881;17203520;17294780;17319853;17233266;17057794;16726717;16347561;15989803;15703800;15444924;15236871;15057313;14888503;14688175;14533531;14465563;14413260;14420025;14529708;14570602;14578856;14647162;14659931;14594614;14569782;14544238;14440723;14327061;14203946;14072906;13936948;13798559;13659314;13521425;13385549;13251456;13120499;12993545;12870528;12751775;12637977;12529386;12425516;12325847
25-29;17334110;17423848;17454135;17436877;17391346;17331851;17256322;17161679;17068593;17004904;16985866;17011218;17092427;17182193;17206153;17119972;16946247;16618500;16243415;15889766;15607291;15351552;15146240;14969263;14802897;14605190;14452983;14386955;14336521;14344709;14455193;14497153;14506501;14575436;14589082;14524961;14501063;14476422;14374170;14261783;14139942;14010163;13875462;13738287;13600246;13463536;13328803;13195813;13065893;12939931;12817887
30-34;15955949;16275019;16567575;16822855;17028854;17178656;17271648;17306947;17296659;17258318;17205416;17135646;17044190;16951251;16886952;16867543;16892885;16974395;17065211;17091062;17007393;16836728;16512899;16141856;15792033;15512843;15259983;15057188;14882572;14718488;14523256;14373318;14309113;14260407;14269902;14381026;14423898;14434174;14503630;14518027;14455019;14431957;14408126;14307058;14195853;14075191;13946610;13813084;13677088;13540196;13404578
35-39;14075108;14350827;14689558;15066579;15441748;15787821;16107943;16402815;16661965;16872342;17026545;17123723;17161844;17152616;17115112;17063584;16995707;16906691;16816670;16755274;16738294;16765601;16848588;16940702;16968189;16886844;16719129;16399166;16032170;15686230;15410325;15160396;14960090;14787787;14625966;14433207;14285523;14223058;14175984;14186704;14298311;14341981;14353071;14422945;14437977;14376076;14353778;14330671;14230768;14120755;14001307
40-44;13184170;13311309;13414041;13519509;13668343;13884283;14161178;14500831;14879035;15255513;15602974;15924417;16219710;16478229;16688213;16842846;16941312;16981681;16975459;16941357;16893256;16828804;16743240;16656520;16598022;16583446;16612647;16696902;16790065;16818996;16739962;16575282;16259556;15897111;15555535;15283397;15036761;14839171;14669407;14510049;14320041;14174828;14114206;14068807;14080737;14192649;14236987;14248844;14318948;14334584;14273861
45-49;11992439;12218181;12426314;12615601;12784211;12933598;13064058;13171048;13281287;13434076;13652504;13930420;14269004;14644402;15017933;15363171;15683089;15977567;16236139;16446903;16602926;16703462;16746553;16743579;16713006;16668492;16607681;16525845;16442743;16387431;16375387;16406437;16491724;16585608;16615819;16539189;16377988;16067408;15710668;15374594;15107158;14864721;14670479;14503796;14347422;14160785;14018586;13960052;13916591;13929788;14041783
50-54;10276773;10574366;10868062;11152415;11419933;11666086;11892707;12102371;12293932;12465329;12617804;12751592;12861867;12974530;13128538;13346782;13623237;13959030;14330885;14700984;15043388;15361008;15653779;15911350;16121912;16278600;16380728;16426408;16426757;16399939;16359306;16302574;16224958;16146006;16094242;16084875;16117711;16203642;16297801;16329111;16255195;16098244;15794311;15445094;15116301;14855005;14618039;14428117;14265353;14112793;13930535
55-59;8387564;8679820;8977656;9278724;9579705;9877881;10172542;10463716;10746091;11012111;11257277;11483368;11692613;11883880;12055490;12208751;12343963;12456465;12571436;12726473;12943766;13217366;13548288;13914012;14277951;14615019;14928011;15216929;15471607;15680383;15836527;15939411;15987269;15990939;15968053;15931630;15879345;15806522;15732281;15684468;15677945;15712380;15798347;15891980;15924009;15853162;15701406;15406171;15066946;14747850;14494713
60-64;6596741;6859058;7119004;7379912;7647936;7926230;8211893;8503042;8797470;9091910;9383728;9672175;9957156;10233460;10493988;10734491;10956693;11162776;11351609;11521660;11673982;11809015;11922324;12038067;12192258;12406090;12673729;12996043;13351492;13705082;14032901;14337648;14619346;14868106;15072540;15226101;15328313;15377469;15384059;15365094;15332980;15285499;15218052;15149158;15105746;15102049;15137666;15222586;15314436;15346470;15279016
65-69;4905988;5095516;5318713;5565313;5819304;6071240;6322755;6572590;6823731;7081680;7349244;7623733;7903288;8185834;8468411;8748627;9025766;9299757;9565627;9816554;10048512;10263166;10462649;10645868;10811283;10959940;11092321;11204363;11318835;11469648;11676652;11934133;12242752;12582173;12919685;13232909;13524376;13794222;14032965;14229585;14377822;14477368;14526754;14535915;14520894;14493445;14451348;14390212;14327671;14289289;14288480
70-74;3792042;3889352;3974955;4063519;4175947;4323465;4501441;4709484;4938529;5174388;5408663;5642901;5876091;6110754;6351769;6601500;6857600;7118354;7381902;7645534;7907040;8165785;8421765;8670307;8905063;9122289;9323635;9511104;9683679;9839876;9980630;10106571;10214158;10324288;10467931;10663049;10904126;11191369;11506226;11819031;12109555;12380193;12631212;12853724;13037277;13176002;13269879;13317776;13328895;13317878;13295484
75-79;2597990;2688798;2797237;2913384;3023576;3121818;3211601;3292375;3376250;3480536;3614389;3774018;3959070;4161906;4370673;4578361;4786387;4994114;5203523;5418622;5641260;5869405;6101656;6336314;6571128;6804078;7034690;7263005;7484798;7694408;7888458;8068562;8236631;8391702;8532383;8659541;8773851;8872509;8973811;9104799;9280868;9496727;9752138;10030863;10307408;10564467;10804204;11027068;11224976;11388373;11511971
80-84;1689444;1727063;1764898;1807817;1861166;1926871;2004365;2095235;2191860;2283815;2366558;2443191;2513706;2587330;2677251;2790280;2923509;3076687;3243763;3415649;3586931;3758879;3931160;4105249;4284098;4468984;4658301;4850986;5045614;5240341;5433588;5624985;5814637;5998934;6173117;6334346;6484201;6624391;6754088;6872004;6978835;7075422;7159683;7246694;7358416;7506972;7687508;7899218;8128899;8356311;8567809
85-89;830529;901360;954570;996763;1032554;1065148;1097017;1129489;1165517;1208442;1259330;1318006;1385731;1457236;1525459;1587405;1645581;1700356;1758056;1827478;1913020;2012666;2126181;2249361;2375978;2502391;2629690;2757777;2887609;3021064;3158814;3299768;3443164;3587930;3732788;3876586;4019065;4160416;4297807;4427602;4547659;4659375;4764254;4861528;4950167;5030651;5103867;5168499;5235780;5321722;5434778
90+;455191;459166;484603;521252;562349;603580;645377;688657;731945;774304;815165;856211;898723;943466;991663;1043410;1099461;1161212;1225853;1289978;1352102;1414477;1478371;1546036;1620691;1703785;1795039;1894806;2001669;2113776;2229906;2350808;2476780;2607627;2743377;2883626;3028143;3176612;3328257;3482333;3637926;3794831;3953061;4110366;4263976;4412193;4556131;4697023;4833076;4962058;5083408
Homens;;;;;;;;;;;;;;;;;;;;;;;;;;;;;;;;;;;;;;;;;;;;;;;;;;;
Faixa/Ano;2010;2011;2012;2013;2014;2015;2016;2017;2018;2019;2020;2021;2022;2023;2024;2025;2026;2027;2028;2029;2030;2031;2032;2033;2034;2035;2036;2037;2038;2039;2040;2041;2042;2043;2044;2045;2046;2047;2048;2049;2050;2051;2052;2053;2054;2055;2056;2057;2058;2059;2060
Total;95513298;96322635;97132054;97931331;98744098;99581002;100379640;101163599;101971173;102760295;103527689;104271843;104990487;105681529;106345043;106981304;107589495;108168830;108718587;109238514;109728762;110189007;110618592;111017537;111386062;111724392;112032426;112309958;112557327;112774820;112962751;113121438;113251454;113353443;113427597;113474061;113493052;113485011;113450253;113388652;113300060;113184593;113042592;112874076;112678873;112456873;112208379;111934042;111634119;111308845;110958642
0-4;7594516;7513761;7477567;7449337;7451690;7507226;7527223;7530642;7565301;7571223;7536789;7523299;7509386;7455164;7395678;7331364;7263006;7192133;7120032;7047528;6975778;6905062;6835307;6767195;6701192;6637231;6575502;6516373;6459937;6405936;6354123;6304598;6257751;6213632;6171861;6132043;6093885;6056997;6020798;5984802;5948471;5911502;5873639;5834370;5793447;5750809;5706456;5660575;5613249;5564770;5515605
05/set;8094637;7962532;7856445;7764679;7678145;7574960;7495049;7459700;7432381;7435509;7491634;7512252;7516076;7550810;7556858;7522618;7509351;7495730;7441882;7382807;7318878;7250909;7180401;7108665;7036481;6965042;6894634;6825161;6757331;6691592;6627900;6566392;6507477;6451252;6397457;6345822;6296474;6249795;6205831;6164206;6124537;6086502;6049752;6013699;5977830;5941609;5904776;5867020;5827860;5787041;5744493
out/14;8842587;8760868;8596730;8405865;8224795;8080135;7948620;7843086;7751948;7666040;7563501;7484190;7449226;7422072;7425264;7481411;7502112;7506047;7540921;7547162;7513141;7500066;7486634;7433002;7374143;7310452;7242697;7172400;7100861;7028875;6957623;6887413;6818125;6750468;6684877;6621345;6559981;6501187;6445082;6391415;6339911;6290699;6244133;6200276;6158737;6119162;6081226;6044568;6008592;5972801;5936671
15-19;8673836;8693267;8745322;8804210;8829069;8795446;8715095;8552810;8364062;8185062;8042202;7912260;7807878;7717747;7632793;7531320;7453057;7418949;7392651;7396587;7453221;7474403;7478801;7514010;7520683;7487251;7474592;7461547;7408463;7350163;7287028;7219811;7150062;7079046;7007575;6936806;6867067;6798239;6731019;6665837;6602699;6541729;6483312;6427561;6374235;6323041;6274127;6227836;6184244;6142973;6103630
20-24;8746116;8711375;8663577;8614902;8583358;8578611;8600164;8654720;8716490;8744065;8712945;8634909;8475014;8288587;8111918;7971317;7843582;7741213;7653070;7570037;7470597;7394220;7361652;7336794;7341891;7399228;7421254;7426487;7462264;7469669;7437195;7425286;7412946;7360848;7303529;7241380;7175120;7106330;7036251;6965698;6895815;6826928;6758931;6692510;6628106;6565701;6505416;6447653;6392537;6339825;6289218
25-29;8574606;8629711;8657414;8662143;8651184;8630266;8598875;8555561;8512314;8485534;8484394;8508378;8563553;8624538;8651626;8621118;8544666;8387530;8204388;8031009;7893232;7767999;7667829;7581750;7500675;7403356;7328943;7297950;7274594;7280847;7338836;7361712;7367822;7404119;7412226;7380713;7369573;7357978;7306911;7250628;7189512;7124285;7056509;6987423;6917849;6848930;6780967;6713878;6648312;6584723;6523112
30-34;7821287;7982363;8131551;8263753;8373348;8457008;8514439;8545686;8555280;8549320;8532944;8505514;8464499;8421615;8394693;8393527;8417664;8473141;8534872;8563312;8534665;8460519;8306365;8126302;7955838;7820545;7697488;7599240;7514973;7435649;7340229;7267552;7237960;7215936;7223197;7281677;7305262;7312099;7348805;7357492;7326843;7316343;7305373;7255224;7199860;7139664;7075362;7008494;6940318;6871646;6803583
35-39;6857527;6990523;7155946;7341635;7527745;7700900;7862666;8013399;8148183;8260741;8347421;8407755;8440996;8451369;8446055;8430688;8404634;8365378;8324589;8299702;8300209;8325674;8382118;8444696;8474256;8447253;8375224;8223858;8046719;7879049;7746136;7625181;7528741;7446144;7368454;7274845;7203808;7175501;7154681;7162834;7221685;7245877;7253323;7290325;7299496;7269639;7259722;7249292;7200007;7145508;7086207
40-44;6405478;6465519;6511227;6557089;6624863;6727359;6861189;7027271;7213769;7400750;7574836;7737477;7888496;8022898;8135221;8222214;8283430;8318165;8330545;8327522;8314471;8290745;8253830;8215289;8192354;8194452;8221147;8278370;8341585;8372088;8346626;8276663;8128189;7954176;7789503;7659150;7540448;7445888;7365050;7289066;7197348;7128025;7100999;7081359;7090362;7149455;7174123;7182135;7219317;7228927;7199896
45-49;5768516;5880219;5985481;6082367;6167931;6241647;6303978;6352579;6401687;6472175;6576419;6711034;6876531;7061277;7246407;7419108;7580798;7731316;7865760;7978594;8066468;8128987;8165432;8179855;8179060;8168292;8146911;8112423;8076237;8055349;8059034;8086849;8144623;8208179;8239414;8215443;8147699;8002569;7832277;7671186;7543900;7427925;7335566;7256745;7182722;7093220;7025894;7000246;6981909;6991754;7050917
50-54;4900002;5040349;5178764;5313246;5441195;5561009;5673316;5779573;5877917;5965268;6041008;6105571;6156429;6207294;6278778;6383077;6516900;6680739;6863310;7046315;7217244;7377487;7526925;7660698;7773367;7861606;7925036;7962995;7979372;7980824;7972437;7953589;7921753;7888179;7869486;7874764;7903569;7961564;8025093;8056849;8034455;7969304;7828334;7662799;7506320;7382926;7270417;7180814;7104474;7032873;6946162
55-59;3954821;4089187;4227766;4368987;4510555;4650762;4789417;4926386;5059761;5186871;5306101;5418069;5523994;5622071;5709488;5785731;5851268;5903677;5956190;6028485;6132308;6264412;6425224;6603964;6783080;6950611;7107892;7254823;7386666;7498065;7585774;7649457;7688505;7706661;7710316;7704363;7688149;7659220;7628530;7612199;7619074;7648657;7706356;7769208;7801082;7780353;7718248;7582612;7423293;7272866;7154556
60-64;3081961;3198692;3313737;3429277;3548963;3674713;3805186;3939707;4076794;4214303;4350563;4485379;4618536;4748149;4871821;4988027;5097383;5201061;5297302;5383487;5458969;5524298;5577221;5630273;5702081;5803746;5932098;6087478;6259725;6432268;6593867;6745779;6887959;7015825;7124175;7209866;7272652;7311982;7331395;7336975;7333300;7319725;7293901;7266311;7252466;7260725;7290580;7347073;7408221;7439552;7420473
65-69;2253998;2339108;2439108;2549140;2661907;2773210;2883883;2993314;3103440;3217426;3337000;3460918;3588535;3718492;3848844;3978090;4106032;4232502;4355732;4473440;4584216;4688647;4787847;4880176;4963105;5036045;5099560;5151653;5203924;5273663;5371091;5493166;5640066;5802391;5964930;6117373;6260872;6395434;6516731;6619770;6701600;6762068;6800700;6820803;6827971;6826458;6815605;6793193;6769102;6757874;6767303
70-74;1689818;1732563;1770303;1809593;1859518;1924795;2003224;2094581;2194687;2297297;2398778;2499910;2600243;2701380;2806006;2915566;3028989;3145702;3264515;3383680;3501868;3618911;3734717;3847628;3955595;4057304;4153367;4244811;4330120;4406952;4474742;4534111;4583407;4633065;4698510;4788775;4900975;5035044;5182591;5330211;5468808;5599462;5722265;5833225;5927673;6002895;6058911;6095418;6115370;6123684;6124121
75-79;1105206;1144121;1190922;1240998;1288273;1330216;1368574;1403314;1439622;1484658;1542105;1610235;1688895;1774682;1862608;1949716;2036732;2123408;2210961;2301516;2396166;2494028;2594665;2697044;2799720;2901547;3002440;3102353;3199832;3293112;3381052;3464237;3543625;3617852;3684841;3744109;3796312;3840217;3884676;3942722;4021823;4119269;4234768;4361237;4487603;4606394;4718561;4824282;4920042;5001664;5066803
80-84;677628;692280;707304;724631;746369;773094;804695;841980;881564;919059;952619;983758;1012641;1042996;1079956;1126100;1180178;1242110;1309326;1378193;1446541;1514999;1583484;1652852;1724591;1799420;1876683;1956079;2036796;2117674;2197885;2277383;2356175;2433074;2506675;2576080;2641835;2704769;2763770;2817079;2864310;2906165;2941812;2978203;3025436;3089091;3166772;3257946;3357133;3456065;3549148
85-89;314944;340306;359247;374268;387076;398787;410381;422377;435871;452078;471252;493422;519178;546326;572074;595279;617114;637836;659812;686235;718616;756161;798785;844827;891952;938795;985869;1033177;1081264;1131002;1182750;1236101;1290875;1346482;1402163;1457337;1512013;1566262;1619219;1669886;1717634;1762927;1806456;1847353;1884307;1917047;1946213;1971377;1997388;2031094;2076107
90+;155814;155891;163643;175211;188114;200858;213666;226913;240102;252916;265178;277513;290381;304062;318955;335033;352599;372193;392729;412903;432174;451480;471355;492517;515998;542216;571089;602780;636664;672043;708423;746158;785393;826114;868408;912170;957358;1003936;1051543;1099797;1148335;1197201;1246463;1295445;1343371;1389754;1435003;1479630;1522751;1563205;1600637
Mulheres;;;;;;;;;;;;;;;;;;;;;;;;;;;;;;;;;;;;;;;;;;;;;;;;;;;
Faixa/Ano;2010;2011;2012;2013;2014;2015;2016;2017;2018;2019;2020;2021;2022;2023;2024;2025;2026;2027;2028;2029;2030;2031;2032;2033;2034;2035;2036;2037;2038;2039;2040;2041;2042;2043;2044;2045;2046;2047;2048;2049;2050;2051;2052;2053;2054;2055;2056;2057;2058;2059;2060
Total;99377384;100281097;101182880;102072857;102973443;103894681;104776947;105641142;106523727;107386830;108228003;109045796;109838053;110602740;111339419;112047789;112727035;113376404;113995082;114582791;115139700;115665408;116159210;116621044;117051060;117449293;117815406;118149104;118450544;118719830;118957171;119162795;119337126;119480622;119593399;119675564;119727205;119748659;119740229;119701812;119633216;119534576;119406275;119248372;119060759;118843450;118596844;118321643;118018167;117686696;117327705
0-4;7263764;7183672;7146734;7117833;7118380;7169933;7187889;7190134;7222256;7227109;7193522;7179982;7166137;7113891;7056677;6994870;6929250;6861293;6792194;6722744;6654037;6586337;6519598;6454447;6391297;6330138;6271102;6214564;6160612;6108982;6059465;6012111;5967335;5925166;5885245;5847195;5810739;5775493;5740911;5706506;5671785;5636480;5600319;5562831;5523765;5483054;5440735;5396945;5351779;5305522;5258613
05/set;7770558;7637972;7531062;7438466;7351496;7249311;7169869;7133599;7105448;7106623;7158677;7177142;7179697;7211861;7216770;7183323;7169960;7156303;7104326;7047419;6985900;6920581;6852877;6784045;6714850;6646363;6578895;6512362;6447397;6384445;6323461;6264603;6208226;6154420;6102930;6053551;6006316;5961661;5919602;5879787;5841839;5805471;5770319;5735832;5701526;5666895;5631683;5595595;5558186;5519183;5478538
out/14;8554717;8455975;8283444;8089460;7907189;7760725;7628594;7522151;7430076;7343636;7241977;7162974;7126965;7098900;7100083;7152115;7170599;7173253;7205511;7210562;7177282;7164048;7150542;7098698;7041966;6980597;6915428;6847872;6779177;6710109;6641753;6574416;6507997;6443143;6380305;6319417;6260645;6204358;6150638;6099240;6049944;6002767;5958172;5916169;5876419;5838532;5802229;5767135;5732686;5698445;5663861
15-19;8545250;8545134;8570279;8598599;8595020;8538650;8440520;8268820;8075784;7894402;7748661;7617127;7511038;7419176;7332931;7231549;7152834;7117070;7089291;7090699;7142889;7161564;7164386;7196775;7201976;7168912;7155813;7142450;7090800;7034246;6973050;6908061;6840690;6772161;6703265;6635057;6567880;6501607;6436888;6374173;6313409;6254781;6198609;6144996;6093699;6044510;5997404;5952900;5910984;5871292;5833479
20-24;8730663;8685493;8632453;8580317;8541427;8522158;8522717;8548800;8578290;8575788;8520321;8422885;8251703;8058974;7877885;7732483;7601342;7495658;7404243;7318466;7217578;7139311;7103911;7076466;7078134;7130480;7149348;7152369;7184898;7190262;7157419;7144496;7131292;7079875;7023532;6962566;6897786;6830618;6762308;6693616;6625610;6558621;6492525;6427989;6365439;6304827;6246359;6190324;6136849;6085691;6036629
25-29;8759504;8794137;8796721;8774734;8740162;8701585;8657447;8606118;8556279;8519370;8501472;8502840;8528874;8557655;8554527;8498854;8401581;8230970;8039027;7858757;7714059;7583553;7478411;7387513;7302222;7201834;7124040;7089005;7061927;7063862;7116357;7135441;7138679;7171317;7176856;7144248;7131490;7118444;7067259;7011155;6950430;6885878;6818953;6750864;6682397;6614606;6547836;6481935;6417581;6355208;6294775
30-34;8134662;8292656;8436024;8559102;8655506;8721648;8757209;8761261;8741379;8708998;8672472;8630132;8579691;8529636;8492259;8474016;8475221;8501254;8530339;8527750;8472728;8376209;8206534;8015554;7836195;7692298;7562495;7457948;7367599;7282839;7183027;7105766;7071153;7044471;7046705;7099349;7118636;7122075;7154825;7160535;7128176;7115614;7102753;7051834;6995993;6935527;6871248;6804590;6736770;6668550;6600995
35-39;7217581;7360304;7533612;7724944;7914003;8086921;8245277;8389416;8513782;8611601;8679124;8715968;8720848;8701247;8669057;8632896;8591073;8541313;8492081;8455572;8438085;8439927;8466470;8496006;8493933;8439591;8343905;8175308;7985451;7807181;7664189;7535215;7431349;7341643;7257512;7158362;7081715;7047557;7021303;7023870;7076626;7096104;7099748;7132620;7138481;7106437;7094056;7081379;7030761;6975247;6915100
40-44;6778692;6845790;6902814;6962420;7043480;7156924;7299989;7473560;7665266;7854763;8028138;8186940;8331214;8455331;8552992;8620632;8657882;8663516;8644914;8613835;8578785;8538059;8489410;8441231;8405668;8388994;8391500;8418532;8448480;8446908;8393336;8298619;8131367;7942935;7766032;7624247;7496313;7393283;7304357;7220983;7122693;7046803;7013207;6987448;6990375;7043194;7062864;7066709;7099631;7105657;7073965
45-49;6223923;6337962;6440833;6533234;6616280;6691951;6760080;6818469;6879600;6961901;7076085;7219386;7392473;7583125;7771526;7944063;8102291;8246251;8370379;8468309;8536458;8574475;8581121;8563724;8533946;8500200;8460770;8413422;8366506;8332082;8316353;8319588;8347101;8377429;8376405;8323746;8230289;8064839;7878391;7703408;7563258;7436796;7334913;7247051;7164700;7067565;6992692;6959806;6934682;6938034;6990866
50-54;5376771;5534017;5689298;5839169;5978738;6105077;6219391;6322798;6416015;6500061;6576796;6646021;6705438;6767236;6849760;6963705;7106337;7278291;7467575;7654669;7826144;7983521;8126854;8250652;8348545;8416994;8455692;8463413;8447385;8419115;8386869;8348985;8303205;8257827;8224756;8210111;8214142;8242078;8272708;8272262;8220740;8128940;7965977;7782295;7609981;7472079;7347622;7247303;7160879;7079920;6984373
55-59;4432743;4590633;4749890;4909737;5069150;5227119;5383125;5537330;5686330;5825240;5951176;6065299;6168619;6261809;6346002;6423020;6492695;6552788;6615246;6697988;6811458;6952954;7123064;7310048;7494871;7664408;7820119;7962106;8084941;8182318;8250753;8289954;8298764;8284278;8257737;8227267;8191196;8147302;8103751;8072269;8058871;8063723;8091991;8122772;8122927;8072809;7983158;7823559;7643653;7474984;7340157
60-64;3514780;3660366;3805267;3950635;4098973;4251517;4406707;4563335;4720676;4877607;5033165;5186796;5338620;5485311;5622167;5746464;5859310;5961715;6054307;6138173;6215013;6284717;6345103;6407794;6490177;6602344;6741631;6908565;7091767;7272814;7439034;7591869;7731387;7852281;7948365;8016235;8055661;8065487;8052664;8028119;7999680;7965774;7924151;7882847;7853280;7841324;7847086;7875513;7906215;7906918;7858543
65-69;2651990;2756408;2879605;3016173;3157397;3298030;3438872;3579276;3720291;3864254;4012244;4162815;4314753;4467342;4619567;4770537;4919734;5067255;5209895;5343114;5464296;5574519;5674802;5765692;5848178;5923895;5992761;6052710;6114911;6195985;6305561;6440967;6602686;6779782;6954755;7115536;7263504;7398788;7516234;7609815;7676222;7715300;7726054;7715112;7692923;7666987;7635743;7597019;7558569;7531415;7521177
70-74;2102224;2156789;2204652;2253926;2316429;2398670;2498217;2614903;2743842;2877091;3009885;3142991;3275848;3409374;3545763;3685934;3828611;3972652;4117387;4261854;4405172;4546874;4687048;4822679;4949468;5064985;5170268;5266293;5353559;5432924;5505888;5572460;5630751;5691223;5769421;5874274;6003151;6156325;6323635;6488820;6640747;6780731;6908947;7020499;7109604;7173107;7210968;7222358;7213525;7194194;7171363
75-79;1492784;1544677;1606315;1672386;1735303;1791602;1843027;1889061;1936628;1995878;2072284;2163783;2270175;2387224;2508065;2628645;2749655;2870706;2992562;3117106;3245094;3375377;3506991;3639270;3771408;3902531;4032250;4160652;4284966;4401296;4507406;4604325;4693006;4773850;4847542;4915432;4977539;5032292;5089135;5162077;5259045;5377458;5517370;5669626;5819805;5958073;6085643;6202786;6304934;6386709;6445168
80-84;1011816;1034783;1057594;1083186;1114797;1153777;1199670;1253255;1310296;1364756;1413939;1459433;1501065;1544334;1597295;1664180;1743331;1834577;1934437;2037456;2140390;2243880;2347676;2452397;2559507;2669564;2781618;2894907;3008818;3122667;3235703;3347602;3458462;3565860;3666442;3758266;3842366;3919622;3990318;4054925;4114525;4169257;4217871;4268491;4332980;4417881;4520736;4641272;4771766;4900246;5018661
85-89;515585;561054;595323;622495;645478;666361;686636;707112;729646;756364;788078;824584;866553;910910;953385;992126;1028467;1062520;1098244;1141243;1194404;1256505;1327396;1404534;1484026;1563596;1643821;1724600;1806345;1890062;1976064;2063667;2152289;2241448;2330625;2419249;2507052;2594154;2678588;2757716;2830025;2896448;2957798;3014175;3065860;3113604;3157654;3197122;3238392;3290628;3358671
90+;299377;303275;320960;346041;374235;402722;431711;461744;491843;521388;549987;578698;608342;639404;672708;708377;746862;789019;833124;877075;919928;962997;1007016;1053519;1104693;1161569;1223950;1292026;1365005;1441733;1521483;1604650;1691387;1781513;1874969;1971456;2070785;2172676;2276714;2382536;2489591;2597630;2706598;2814921;2920605;3022439;3121128;3217393;3310325;3398853;3482771
