Rio de Janeiro;;;;;;;;;;;;;;;;;;;;;;;;;;;;;;;;;;;;;;;;;;;;;;;;;;;
Dados;;;;;;;;;;;;;;;;;;;;;;;;;;;;;;;;;;;;;;;;;;;;;;;;;;;
Ano;População total;Homens;Mulheres;Nascimentos;Óbitos;Taxa de Crescimento Geométrico;Taxa Bruta de Natalidade;Taxa Bruta de Mortalidade;Esperança de Vida ao Nascer;Esperança de Vida ao Nascer - Homens;Esperança de Vida ao Nascer - Mulheres;Taxa de Mortalidade Infantil;Taxa de Mortalidade Infantil - Homens;Taxa de Mortalidade Infantil - Mulheres;Taxa de Fecundidade Total;Razão de Dependência - Jovens 0 a 14 anos;Razão de Dependência - Idosos 65 ou mais anos;Razão de Dependência;Índice de Envelhecimento;;;;;;;;;;;;;;;;;;;;;;;;;;;;;;;;
2010;16303188;7785937;8517251;213558;118313;x;13.1;7.26;74.2;70.28;77.96;14.06;15.16;12.91;1.59;31.13;12.77;43.9;41.2;;;;;;;;;;;;;;;;;;;;;;;;;;;;;;;;
2011;16405508;7834418;8571090;218823;119041;0.63;13.34;7.26;74.56;70.71;78.23;13.6;14.64;12.5;1.63;30.36;13.05;43.41;42.92;;;;;;;;;;;;;;;;;;;;;;;;;;;;;;;;
2012;16510627;7884719;8625908;220988;120000;0.64;13.38;7.27;74.9;71.12;78.5;13.14;14.14;12.1;1.64;29.6;13.37;42.98;45.41;;;;;;;;;;;;;;;;;;;;;;;;;;;;;;;;
2013;16616344;7935688;8680656;222145;121022;0.64;13.37;7.28;75.24;71.53;78.76;12.71;13.65;11.71;1.65;28.89;13.73;42.62;47.29;;;;;;;;;;;;;;;;;;;;;;;;;;;;;;;;
2014;16726184;7989111;8737073;231533;122152;0.66;13.84;7.3;75.57;71.92;79.01;12.29;13.19;11.34;1.72;28.31;14.12;42.44;49.75;;;;;;;;;;;;;;;;;;;;;;;;;;;;;;;;
2015;16841138;8045483;8795655;234820;123326;0.69;13.94;7.32;75.88;72.29;79.26;11.89;12.75;10.98;1.75;27.92;14.55;42.48;52.04;;;;;;;;;;;;;;;;;;;;;;;;;;;;;;;;
2016;16947738;8097888;8849850;217232;124413;0.63;12.82;7.34;76.19;72.65;79.5;11.5;12.32;10.63;1.62;27.61;15.02;42.63;54.12;;;;;;;;;;;;;;;;;;;;;;;;;;;;;;;;
2017;17051465;8149121;8902344;231580;125689;0.61;13.58;7.37;76.48;73;79.73;11.12;11.91;10.3;1.74;27.44;15.53;42.97;56.77;;;;;;;;;;;;;;;;;;;;;;;;;;;;;;;;
2018;17159960;8203078;8956882;229633;127130;0.64;13.38;7.41;76.76;73.34;79.96;10.77;11.51;9.98;1.74;27.38;16.08;43.46;58.64;;;;;;;;;;;;;;;;;;;;;;;;;;;;;;;;
2019;17264943;8255502;9009441;227561;128550;0.61;13.18;7.45;77.03;73.66;80.17;10.42;11.14;9.67;1.73;27.32;16.67;43.99;61.05;;;;;;;;;;;;;;;;;;;;;;;;;;;;;;;;
2020;17366189;8306271;9059918;225240;130064;0.59;12.97;7.49;77.3;73.97;80.39;10.09;10.78;9.38;1.73;27.31;17.29;44.6;63.49;;;;;;;;;;;;;;;;;;;;;;;;;;;;;;;;
2021;17463349;8355190;9108159;222635;131651;0.56;12.75;7.54;77.55;74.27;80.59;9.78;10.43;9.09;1.72;27.34;17.95;45.29;65.96;;;;;;;;;;;;;;;;;;;;;;;;;;;;;;;;
2022;17556065;8402060;9154005;219808;133376;0.53;12.52;7.6;77.79;74.56;80.79;9.47;10.1;8.81;1.72;27.4;18.65;46.04;68.09;;;;;;;;;;;;;;;;;;;;;;;;;;;;;;;;
2023;17644073;8446747;9197326;216946;135233;0.5;12.3;7.66;78.02;74.83;80.99;9.18;9.78;8.55;1.71;27.45;19.37;46.82;70.59;;;;;;;;;;;;;;;;;;;;;;;;;;;;;;;;
2024;17727277;8489194;9238083;214148;137180;0.47;12.08;7.74;78.25;75.09;81.17;8.9;9.47;8.3;1.71;27.49;20.11;47.6;73.12;;;;;;;;;;;;;;;;;;;;;;;;;;;;;;;;
2025;17805632;8529367;9276265;211368;139205;0.44;11.87;7.82;78.47;75.35;81.36;8.63;9.18;8.05;1.71;27.51;20.86;48.37;76.22;;;;;;;;;;;;;;;;;;;;;;;;;;;;;;;;
2026;17879062;8567223;9311839;208645;141383;0.41;11.67;7.91;78.67;75.59;81.53;8.38;8.9;7.82;1.7;27.49;21.61;49.1;78.8;;;;;;;;;;;;;;;;;;;;;;;;;;;;;;;;
2027;17947533;8602738;9344795;206060;143671;0.38;11.48;8.01;78.87;75.81;81.7;8.13;8.63;7.59;1.7;27.42;22.36;49.78;81.42;;;;;;;;;;;;;;;;;;;;;;;;;;;;;;;;
2028;18011046;8635898;9375148;203566;146073;0.35;11.3;8.11;79.06;76.03;81.87;7.89;8.38;7.38;1.69;27.31;23.11;50.42;84.62;;;;;;;;;;;;;;;;;;;;;;;;;;;;;;;;
2029;18069615;8666702;9402913;201238;148593;0.33;11.14;8.22;79.24;76.24;82.03;7.66;8.13;7.17;1.69;27.13;23.84;50.96;87.78;;;;;;;;;;;;;;;;;;;;;;;;;;;;;;;;
2030;18123293;8695184;9428109;199066;151209;0.3;10.98;8.34;79.42;76.44;82.18;7.44;7.9;6.97;1.68;26.86;24.53;51.39;91.53;;;;;;;;;;;;;;;;;;;;;;;;;;;;;;;;
2031;18172068;8721327;9450741;196791;153880;0.27;10.83;8.47;79.59;76.63;82.33;7.24;7.67;6.78;1.68;26.65;25.23;51.88;94.86;;;;;;;;;;;;;;;;;;;;;;;;;;;;;;;;
2032;18215864;8745073;9470791;194580;156681;0.24;10.68;8.6;79.74;76.81;82.48;7.04;7.46;6.6;1.67;26.44;25.91;52.35;97.7;;;;;;;;;;;;;;;;;;;;;;;;;;;;;;;;
2033;18254703;8766434;9488269;192568;159571;0.21;10.55;8.74;79.9;76.98;82.61;6.85;7.25;6.42;1.67;26.15;26.56;52.71;101.75;;;;;;;;;;;;;;;;;;;;;;;;;;;;;;;;
2034;18288654;8785446;9503208;190652;162529;0.19;10.42;8.89;80.04;77.15;82.75;6.66;7.05;6.25;1.67;25.86;27.19;53.05;105.33;;;;;;;;;;;;;;;;;;;;;;;;;;;;;;;;
2035;18317762;8802132;9515630;188883;165572;0.16;10.31;9.04;80.18;77.3;82.88;6.49;6.87;6.09;1.66;25.58;27.82;53.4;108.38;;;;;;;;;;;;;;;;;;;;;;;;;;;;;;;;
2036;18342021;8816490;9525531;187092;168669;0.13;10.2;9.2;80.31;77.45;83.01;6.32;6.69;5.94;1.66;25.31;28.43;53.74;112.12;;;;;;;;;;;;;;;;;;;;;;;;;;;;;;;;
2037;18361396;8828504;9532892;185374;171829;0.11;10.1;9.36;80.44;77.59;83.13;6.16;6.52;5.79;1.65;25.06;29.03;54.08;115.34;;;;;;;;;;;;;;;;;;;;;;;;;;;;;;;;
2038;18375931;8838196;9537735;183769;175025;0.08;10;9.52;80.56;77.72;83.24;6.01;6.35;5.65;1.65;24.82;29.63;54.45;119.25;;;;;;;;;;;;;;;;;;;;;;;;;;;;;;;;
2039;18385689;8845593;9540096;182205;178215;0.05;9.91;9.69;80.68;77.85;83.36;5.86;6.2;5.51;1.64;24.61;30.26;54.87;122.64;;;;;;;;;;;;;;;;;;;;;;;;;;;;;;;;
2040;18390776;8850750;9540026;180794;181394;0.03;9.83;9.86;80.79;77.97;83.47;5.72;6.05;5.38;1.64;24.43;30.94;55.36;126.75;;;;;;;;;;;;;;;;;;;;;;;;;;;;;;;;
2041;18391358;8853747;9537611;179513;184531;0;9.76;10.03;80.9;78.08;83.57;5.59;5.9;5.26;1.63;24.27;31.66;55.93;130.13;;;;;;;;;;;;;;;;;;;;;;;;;;;;;;;;
2042;18387586;8854647;9532939;178359;187667;-0.02;9.7;10.21;81;78.19;83.67;5.46;5.77;5.14;1.63;24.14;32.43;56.57;134.42;;;;;;;;;;;;;;;;;;;;;;;;;;;;;;;;
2043;18379573;8853506;9526067;177252;190752;-0.04;9.64;10.38;81.09;78.29;83.77;5.34;5.64;5.03;1.63;24.03;33.24;57.27;137.91;;;;;;;;;;;;;;;;;;;;;;;;;;;;;;;;
2044;18367369;8850351;9517018;176113;193804;-0.07;9.59;10.55;81.18;78.39;83.86;5.22;5.51;4.92;1.62;23.95;34.06;58.01;142.11;;;;;;;;;;;;;;;;;;;;;;;;;;;;;;;;
2045;18351047;8845210;9505837;175032;196768;-0.09;9.54;10.72;81.27;78.48;83.96;5.11;5.39;4.81;1.62;23.88;34.89;58.77;146.67;;;;;;;;;;;;;;;;;;;;;;;;;;;;;;;;
2046;18330739;8838138;9492601;174008;199670;-0.11;9.49;10.89;81.35;78.57;84.04;5;5.28;4.71;1.61;23.82;35.72;59.54;150.34;;;;;;;;;;;;;;;;;;;;;;;;;;;;;;;;
2047;18306527;8829174;9477353;172980;202523;-0.13;9.45;11.06;81.43;78.65;84.13;4.9;5.17;4.62;1.61;23.79;36.57;60.35;154.05;;;;;;;;;;;;;;;;;;;;;;;;;;;;;;;;
2048;18278453;8818332;9460121;171904;205291;-0.15;9.4;11.23;81.51;78.73;84.21;4.8;5.07;4.53;1.6;23.76;37.4;61.17;157.82;;;;;;;;;;;;;;;;;;;;;;;;;;;;;;;;
2049;18246526;8805598;9440928;170701;207950;-0.17;9.36;11.4;81.58;78.8;84.29;4.71;4.97;4.44;1.6;23.75;38.22;61.96;160.54;;;;;;;;;;;;;;;;;;;;;;;;;;;;;;;;
2050;18210736;8790956;9419780;169384;210499;-0.2;9.3;11.56;81.65;78.87;84.36;4.62;4.87;4.35;1.59;23.73;38.99;62.72;164.38;;;;;;;;;;;;;;;;;;;;;;;;;;;;;;;;
2051;18171147;8774431;9396716;168117;212964;-0.22;9.25;11.72;81.71;78.94;84.43;4.53;4.78;4.27;1.59;23.72;39.73;63.45;167.59;;;;;;;;;;;;;;;;;;;;;;;;;;;;;;;;
2052;18127853;8756060;9371793;166777;215301;-0.24;9.2;11.88;81.78;79;84.5;4.45;4.7;4.2;1.59;23.71;40.43;64.14;170.83;;;;;;;;;;;;;;;;;;;;;;;;;;;;;;;;
2053;18080837;8735820;9345017;165271;217562;-0.26;9.14;12.03;81.84;79.06;84.57;4.37;4.61;4.12;1.58;23.71;41.09;64.8;172.92;;;;;;;;;;;;;;;;;;;;;;;;;;;;;;;;
2054;18030039;8713673;9316366;163649;219737;-0.28;9.08;12.19;81.9;79.12;84.64;4.3;4.54;4.06;1.58;23.7;41.74;65.44;176.22;;;;;;;;;;;;;;;;;;;;;;;;;;;;;;;;
2055;17975428;8689586;9285842;161900;221816;-0.3;9.01;12.34;81.95;79.17;84.7;4.23;4.46;3.99;1.57;23.69;42.38;66.07;178.32;;;;;;;;;;;;;;;;;;;;;;;;;;;;;;;;
2056;17917092;8663602;9253490;160237;223774;-0.32;8.94;12.49;82;79.22;84.76;4.16;4.39;3.92;1.57;23.68;42.99;66.67;181.69;;;;;;;;;;;;;;;;;;;;;;;;;;;;;;;;
2057;17855161;8635781;9219380;158558;225665;-0.35;8.88;12.64;82.05;79.27;84.82;4.1;4.32;3.86;1.56;23.67;43.57;67.23;183.8;;;;;;;;;;;;;;;;;;;;;;;;;;;;;;;;
2058;17789635;8606114;9183521;156753;227480;-0.37;8.81;12.79;82.1;79.31;84.87;4.04;4.26;3.81;1.56;23.64;44.13;67.78;186.52;;;;;;;;;;;;;;;;;;;;;;;;;;;;;;;;
2059;17720514;8574602;9145912;154929;229224;-0.39;8.74;12.94;82.15;79.35;84.93;3.98;4.19;3.75;1.55;23.62;44.72;68.35;190;;;;;;;;;;;;;;;;;;;;;;;;;;;;;;;;
2060;17647842;8541262;9106580;153085;230916;-0.41;8.67;13.08;82.19;79.39;84.98;3.92;4.14;3.7;1.55;23.6;45.36;68.97;191.43;;;;;;;;;;;;;;;;;;;;;;;;;;;;;;;;
Faixas etárias;;;;;;;;;;;;;;;;;;;;;;;;;;;;;;;;;;;;;;;;;;;;;;;;;;;
Total;;;;;;;;;;;;;;;;;;;;;;;;;;;;;;;;;;;;;;;;;;;;;;;;;;;
Faixa/Ano;2010;2011;2012;2013;2014;2015;2016;2017;2018;2019;2020;2021;2022;2023;2024;2025;2026;2027;2028;2029;2030;2031;2032;2033;2034;2035;2036;2037;2038;2039;2040;2041;2042;2043;2044;2045;2046;2047;2048;2049;2050;2051;2052;2053;2054;2055;2056;2057;2058;2059;2060
Total;16303188;16405508;16510627;16616344;16726184;16841138;16947738;17051465;17159960;17264943;17366189;17463349;17556065;17644073;17727277;17805632;17879062;17947533;18011046;18069615;18123293;18172068;18215864;18254703;18288654;18317762;18342021;18361396;18375931;18385689;18390776;18391358;18387586;18379573;18367369;18351047;18330739;18306527;18278453;18246526;18210736;18171147;18127853;18080837;18030039;17975428;17917092;17855161;17789635;17720514;17647842
0-4;1061221;1059237;1063842;1071331;1084132;1103424;1113546;1118412;1127818;1129956;1123644;1122005;1119233;1107459;1094889;1081714;1068232;1054796;1041644;1028883;1016639;1004904;993567;982641;972148;962044;952370;943168;934402;926003;917946;910313;903201;896608;890469;884697;879210;873906;868675;863419;858012;852357;846422;840116;833381;826217;818633;810686;802413;793889;785211
05/set;1142673;1114390;1096176;1081567;1067956;1058561;1056661;1061337;1068887;1081738;1101069;1111252;1116185;1125646;1127852;1121611;1120037;1117322;1105615;1093114;1080007;1066586;1053197;1040089;1027366;1015160;1003466;992168;981276;970817;960745;951096;941924;933188;924809;916774;909163;902070;895496;889374;883617;878149;872863;867647;862405;857011;851369;845441;839148;832420;825273
out/14;1322857;1299088;1258293;1212720;1172632;1138744;1110588;1092476;1077966;1064445;1055135;1053317;1058063;1065675;1078586;1097963;1108198;1113194;1122711;1124982;1118805;1117289;1114632;1102969;1090516;1077443;1064044;1050679;1037600;1024899;1012715;1001045;989764;978889;968447;958390;948757;939600;930875;922508;914485;906883;899803;893241;887131;881377;875919;870642;865427;860193;854804
15-19;1287626;1295153;1309442;1324317;1330175;1321309;1297688;1257096;1211741;1171860;1138147;1110129;1092109;1077682;1064235;1054989;1053207;1057967;1065587;1078487;1097842;1108072;1113086;1122631;1124940;1118831;1117357;1114740;1103135;1090737;1077720;1064379;1051071;1038040;1025389;1013250;1001620;990379;979541;969132;959111;949510;940378;931682;923342;915346;907768;900708;894163;888069;882332
20-24;1320582;1312079;1303856;1297461;1295005;1297370;1304841;1319028;1333779;1339549;1330666;1307080;1266598;1221358;1181556;1147881;1119861;1101775;1087253;1073706;1064329;1062424;1067108;1074689;1087580;1106940;1117205;1122273;1131862;1134236;1128215;1126807;1124249;1112735;1100426;1087498;1074242;1061015;1048057;1035483;1023411;1011845;1000664;989887;979533;969566;960013;950926;942277;933981;926021
25-29;1382983;1377026;1366578;1353635;1341189;1331286;1322842;1314648;1308265;1305781;1308060;1315413;1329432;1344007;1349637;1340687;1317094;1276677;1231507;1191730;1158039;1129977;1111838;1097303;1083796;1074506;1072701;1077450;1085078;1097995;1117359;1127663;1132781;1142402;1144829;1138880;1137529;1135035;1123613;1111389;1098546;1085371;1072221;1059338;1046838;1034835;1023334;1012217;1001498;991201;981288
30-34;1340836;1357056;1368993;1376381;1379284;1377926;1372268;1362126;1349485;1337321;1327667;1319445;1311456;1305254;1302918;1305311;1312745;1326793;1341388;1347077;1338243;1314826;1274650;1229749;1190229;1156778;1128944;1110983;1096598;1083229;1074055;1072328;1077133;1084798;1097732;1117086;1127408;1132557;1142196;1144662;1138788;1137491;1135043;1123700;1111555;1098785;1085690;1072614;1059805;1047369;1035432
35-39;1206686;1226028;1251241;1279273;1305334;1326285;1342770;1355012;1362722;1365965;1364964;1359675;1349921;1337673;1325882;1316568;1308663;1300975;1295059;1292976;1295581;1303180;1317341;1332024;1337825;1329171;1306000;1266150;1221596;1182387;1149204;1121600;1103813;1089576;1076346;1067285;1065634;1070481;1078170;1091110;1110438;1120764;1125939;1135583;1138083;1132281;1131025;1128624;1117359;1105297;1092610
40-44;1158480;1160680;1162717;1166473;1174681;1188789;1208399;1233795;1261965;1288175;1309321;1326041;1338558;1346575;1350154;1349511;1344600;1335257;1323420;1312024;1303077;1295509;1288130;1282480;1280618;1283396;1291112;1305332;1320055;1325947;1317469;1294565;1255091;1210954;1172124;1139274;1111948;1094359;1080288;1067222;1058295;1056718;1061604;1069310;1082234;1101507;1111819;1117006;1126637;1129167;1123445
45-49;1116997;1123286;1127414;1130094;1132298;1134841;1137618;1140211;1144477;1153110;1167534;1187361;1212863;1241089;1267361;1288631;1305531;1318284;1326589;1330502;1330225;1325708;1316789;1305392;1294408;1285817;1278567;1271483;1266103;1264464;1267414;1275234;1289479;1304205;1310168;1301888;1279318;1240349;1196775;1158462;1126060;1099116;1081782;1067929;1055074;1046317;1044834;1049750;1057455;1070330;1089497
50-54;1013047;1032398;1049043;1063015;1074479;1083645;1090589;1095403;1098783;1101674;1104866;1108256;1111449;1116260;1125324;1140042;1160029;1185535;1213690;1239907;1261212;1278228;1291178;1299748;1303976;1304056;1299950;1291506;1280611;1270115;1261955;1255093;1248374;1243316;1241936;1245071;1252988;1267204;1281873;1287881;1279846;1257727;1219462;1176691;1139119;1107350;1080946;1063972;1050421;1037864;1029336
55-59;840178;867222;894760;921812;946914;969183;988803;1005831;1020271;1032271;1042020;1049595;1055086;1059166;1062748;1066593;1070606;1074407;1079755;1089215;1104141;1124154;1149486;1177358;1203323;1224500;1241496;1254529;1263293;1267812;1268255;1264600;1256703;1246407;1236483;1228828;1222414;1216119;1211433;1210335;1213644;1221615;1235717;1250218;1256230;1248489;1226962;1189679;1148030;1111491;1080613
60-64;662139;688522;713758;738406;763521;789600;816243;843353;870011;894818;916943;936553;953710;968391;980728;990884;998933;1004971;1009636;1013805;1018205;1022747;1027059;1032827;1042526;1057448;1077227;1102079;1129337;1154731;1175506;1192258;1205206;1214039;1218761;1219513;1216309;1209003;1199374;1190100;1183004;1177084;1171255;1166970;1166149;1169592;1177530;1191357;1205522;1211429;1204012
65-69;483380;502327;525796;552205;579175;605272;630657;655038;678920;703252;728494;754258;780461;806249;830310;851870;871100;888045;902682;915101;925438;933768;940194;945314;949942;954762;959697;964393;970459;980223;994907;1014139;1038112;1064301;1088701;1108725;1124943;1137578;1146316;1151137;1152165;1149417;1142789;1133965;1125468;1119031;1113688;1108401;1104568;1104034;1107565
70-74;381422;387954;393380;399511;408874;422792;440705;462611;487116;512146;536424;560121;582972;605423;628314;652032;676224;700818;725037;747695;768086;786376;802623;816772;828874;839044;847357;853928;859295;864204;869270;874430;879356;885542;895117;909204;927427;949931;974400;997175;1015905;1031147;1043124;1051524;1056295;1057520;1055252;1049421;1041580;1034053;1028413
75-79;273077;279632;287659;296332;304489;311663;318139;323750;330000;338980;351778;367920;387412;409086;431214;452734;473805;494228;514363;534911;556174;577854;599873;621563;641905;660284;676865;691714;704755;715999;725523;733410;739783;745106;750026;755073;760198;765109;771133;780145;793110;809657;829869;851714;872009;888729;902395;913235;920956;925445;926758
80-84;181088;185033;188652;192386;196703;201795;207752;214831;222387;229521;235872;241711;246943;252726;260667;271588;285121;301255;319083;337273;355012;372440;389426;406233;423403;441153;459241;477604;495697;512703;528130;542135;554780;565982;575710;584003;590956;596690;601580;606150;610818;615549;620104;625586;633536;644730;658802;675774;693971;710828;724730
85-89;85842;94758;101427;106601;110807;114435;117752;120912;124173;127830;131986;136715;142222;148040;153546;158492;163108;167379;172101;178369;186723;196890;208851;221970;235338;248410;261300;273944;286520;299390;312687;326228;339975;353516;366265;377876;388480;398152;406799;414358;420837;426338;430971;435004;438820;442705;446638;450446;454956;461321;470084
90+;42074;43639;47600;52824;58536;64218;69877;75595;81194;86551;91599;96502;101392;106314;111356;116531;121968;127855;133926;139858;145515;151136;156836;162951;169941;178019;187122;197273;208259;219798;231701;244035;256791;269969;283631;297732;312195;326990;341859;356484;370644;384409;397843;410732;422837;434040;444475;454262;463449;472133;480418
Homens;;;;;;;;;;;;;;;;;;;;;;;;;;;;;;;;;;;;;;;;;;;;;;;;;;;
Faixa/Ano;2010;2011;2012;2013;2014;2015;2016;2017;2018;2019;2020;2021;2022;2023;2024;2025;2026;2027;2028;2029;2030;2031;2032;2033;2034;2035;2036;2037;2038;2039;2040;2041;2042;2043;2044;2045;2046;2047;2048;2049;2050;2051;2052;2053;2054;2055;2056;2057;2058;2059;2060
Total;7785937;7834418;7884719;7935688;7989111;8045483;8097888;8149121;8203078;8255502;8306271;8355190;8402060;8446747;8489194;8529367;8567223;8602738;8635898;8666702;8695184;8721327;8745073;8766434;8785446;8802132;8816490;8828504;8838196;8845593;8850750;8853747;8854647;8853506;8850351;8845210;8838138;8829174;8818332;8805598;8790956;8774431;8756060;8735820;8713673;8689586;8663602;8635781;8606114;8574602;8541262
0-4;542767;541827;544248;548136;554735;564647;569852;572369;577209;578328;575123;574308;572908;566900;560485;553759;546874;540010;533290;526771;520515;514516;508722;503138;497776;492612;487669;482965;478483;474189;470069;466167;462530;459159;456020;453068;450263;447551;444877;442189;439424;436531;433494;430267;426820;423153;419271;415204;410969;406605;402162
05/set;584033;569591;560310;552885;545986;541259;540372;542837;546765;553396;563335;568579;571138;576014;577173;574007;573230;571867;565899;559522;552834;545987;539148;532451;525954;519720;513743;507972;502410;497067;491920;486989;482302;477836;473554;469448;465554;461927;458565;455437;452497;449702;447000;444333;441651;438891;436006;432972;429751;426309;422650
out/14;671554;660679;640896;618467;598627;581743;567374;558153;550786;543943;539267;538430;540936;544899;551566;561535;566812;569407;574317;575513;572385;571641;570311;564370;558017;551349;544512;537686;531004;524519;518297;512334;506570;501017;495682;490544;485624;480944;476482;472203;468102;464217;460599;457243;454121;451180;448388;445689;443025;440347;437592
15-19;647140;651825;660018;668564;672562;669110;658368;638758;616520;596860;580133;565899;556772;549492;542729;538123;537335;539878;543868;550551;560525;565813;568430;573363;574593;571513;570801;569502;563605;557295;550668;543873;537090;530445;523996;517806;511872;506137;500612;495303;490189;485290;480628;476190;471931;467850;463979;460374;457030;453923;450994
20-24;655399;652527;649524;647247;646909;649033;653777;661992;670539;674568;671202;660584;641163;619120;599628;583033;568896;559814;552555;545806;541191;540386;542922;546919;553615;563599;568917;571580;576550;577834;574828;574168;572920;567096;560859;554303;547578;540858;534270;527880;521744;515861;510177;504698;499433;494360;489502;484876;480473;476246;472194
25-29;674224;672782;669447;665049;660818;657608;654892;652020;649856;649601;651764;656518;664701;673208;677229;673912;663392;644126;622240;602865;586353;572276;563232;556020;549339;544808;544084;546670;550705;557423;567411;572761;575464;580458;581783;578836;578223;577025;571272;565102;558610;551947;545287;538759;532425;526344;520510;514876;509440;504219;499188
30-34;645888;654450;660935;665297;667708;668349;667171;664103;659969;655988;653001;650488;647807;645816;645708;647991;652839;661080;669637;673736;670540;660182;641124;619462;600290;583961;570052;561139;554036;547457;543011;542346;544973;549037;555768;565747;571108;573835;578845;580197;577301;576726;575560;569863;563752;557315;550706;544099;537623;531335;525299
35-39;574545;584006;596696;611023;624469;635399;644170;650887;655494;658159;659063;658156;655367;651513;647795;645050;642765;640300;638517;638590;641026;645996;654321;662940;667123;664051;653859;635022;613595;594629;578481;564725;555927;548923;542438;538070;537455;540111;544187;550919;560879;566243;568987;573999;575372;572521;571976;570838;565191;559132;552750
40-44;550265;551215;551645;552703;556088;562739;572405;585242;599681;613247;624327;633273;640188;645011;647908;649053;648396;645876;642284;638818;636308;634239;631970;630359;630573;633119;638160;646519;655161;659399;656436;646411;627807;606638;587905;571959;558378;549704;542806;536424;532137;531566;534243;538328;545046;554968;560319;563070;568073;569462;566659
45-49;522853;526617;529630;532025;533941;535577;536928;537749;539172;542862;549745;559571;572496;586987;600609;611784;620853;627926;632937;636042;637410;636987;634716;631376;628144;625834;623944;621847;620394;620737;623379;628475;636839;645469;649739;646886;637051;618741;597905;579476;563794;550441;541921;535149;528895;524707;524188;526879;530958;537640;547491
50-54;467988;477192;485074;491756;497496;502485;506689;510151;513001;515363;517428;519194;520428;522232;526231;533327;543280;556228;570691;584291;595493;604639;611831;616997;620284;621852;621655;619641;616573;613603;611526;609846;607947;606667;607146;609881;615014;623341;631916;636193;633464;623877;605970;585605;567609;552300;539268;530960;524364;518281;514223
55-59;379885;392288;405245;418186;430258;440958;450398;458587;465622;471747;477135;481756;485649;488939;491737;494225;496406;498061;500246;504531;511786;521774;534624;548912;562349;573466;582586;589817;595086;598527;600281;600319;598590;595833;593159;591340;589887;588209;587125;587748;590563;595700;603925;612359;616599;614013;604751;587416;567717;550336;535557
60-64;294051;305421;316255;326895;337933;349648;361879;374630;387374;399303;409952;419421;427724;434937;441285;446920;451817;456013;459625;462753;465567;468069;470050;472516;476965;484221;494061;506593;520477;533531;544368;553301;560438;565703;569214;571094;571336;569884;567447;565080;563522;562302;560849;559958;560701;563543;568604;576600;584767;588886;586446
65-69;209151;217187;227205;238500;250043;261235;272132;282576;292871;303541;314834;326599;338843;351085;362582;372905;382155;390340;397526;403908;409611;414621;418971;422766;426095;429107;431811;434017;436664;441152;448249;457731;469688;482872;495266;505587;514133;521013;526146;529634;531579;531979;530805;528713;526681;525398;524416;523192;522488;523324;526135
70-74;158290;161163;163519;166150;170130;176003;183548;192788;203120;213679;223951;233995;243671;253244;263166;273642;284536;295860;307182;317845;327470;336144;343894;350759;356897;362412;367297;371589;375377;378734;381786;384550;386855;389555;393912;400618;409447;420468;432554;443898;453359;461231;467616;472431;475754;477662;478173;477274;475552;473888;472890
75-79;105640;108526;112081;115917;119519;122690;125547;128018;130733;134535;139849;146499;154514;163406;172486;181345;190040;198469;206840;215520;224664;234166;244023;253878;263179;271606;279246;286134;292284;297821;302818;307275;311234;314765;317919;320795;323420;325648;328220;332215;338215;345996;355592;366046;375832;384001;390822;396399;400659;403628;405370
80-84;63722;65386;66976;68640;70541;72723;75256;78273;81486;84520;87226;89715;91948;94382;97627;101986;107333;113683;120681;127820;134807;141683;148391;155078;162018;169317;176895;184746;192594;200007;206744;212889;218472;223497;228046;232163;235856;239172;242157;244842;247297;249549;251490;253709;257058;261989;268289;275961;284247;291974;298419
85-89;27246;30181;32456;34294;35847;37228;38528;39804;41135;42617;44267;46136;48321;50627;52810;54770;56599;58290;60137;62529;65647;69410;73820;78644;83554;88371;93122;97786;102457;107314;112420;117709;123188;128656;133818;138517;142823;146771;150352;153604;156550;159207;161618;163804;165783;167592;169257;170711;172372;174839;178411
90+;11296;11555;12559;13954;15501;17049;18602;20184;21745;23245;24669;26069;27486;28935;30440;32000;33665;35510;37426;39291;41052;42798;44573;46486;48681;51214;54076;57279;60741;64355;68058;71878;75813;79880;84127;88548;93116;97835;102594;107254;111730;116066;120299;124366;128210;131799;135177;138391;141415;144228;146832
Mulheres;;;;;;;;;;;;;;;;;;;;;;;;;;;;;;;;;;;;;;;;;;;;;;;;;;;
Faixa/Ano;2010;2011;2012;2013;2014;2015;2016;2017;2018;2019;2020;2021;2022;2023;2024;2025;2026;2027;2028;2029;2030;2031;2032;2033;2034;2035;2036;2037;2038;2039;2040;2041;2042;2043;2044;2045;2046;2047;2048;2049;2050;2051;2052;2053;2054;2055;2056;2057;2058;2059;2060
Total;8517251;8571090;8625908;8680656;8737073;8795655;8849850;8902344;8956882;9009441;9059918;9108159;9154005;9197326;9238083;9276265;9311839;9344795;9375148;9402913;9428109;9450741;9470791;9488269;9503208;9515630;9525531;9532892;9537735;9540096;9540026;9537611;9532939;9526067;9517018;9505837;9492601;9477353;9460121;9440928;9419780;9396716;9371793;9345017;9316366;9285842;9253490;9219380;9183521;9145912;9106580
0-4;518454;517410;519594;523195;529397;538777;543694;546043;550609;551628;548521;547697;546325;540559;534404;527955;521358;514786;508354;502112;496124;490388;484845;479503;474372;469432;464701;460203;455919;451814;447877;444146;440671;437449;434449;431629;428947;426355;423798;421230;418588;415826;412928;409849;406561;403064;399362;395482;391444;387284;383049
05/set;558640;544799;535866;528682;521970;517302;516289;518500;522122;528342;537734;542673;545047;549632;550679;547604;546807;545455;539716;533592;527173;520599;514049;507638;501412;495440;489723;484196;478866;473750;468825;464107;459622;455352;451255;447326;443609;440143;436931;433937;431120;428447;425863;423314;420754;418120;415363;412469;409397;406111;402623
out/14;651303;638409;617397;594253;574005;557001;543214;534323;527180;520502;515868;514887;517127;520776;527020;536428;541386;543787;548394;549469;546420;545648;544321;538599;532499;526094;519532;512993;506596;500380;494418;488711;483194;477872;472765;467846;463133;458656;454393;450305;446383;442666;439204;435998;433010;430197;427531;424953;422402;419846;417212
15-19;640486;643328;649424;655753;657613;652199;639320;618338;595221;575000;558014;544230;535337;528190;521506;516866;515872;518089;521719;527936;537317;542259;544656;549268;550347;547318;546556;545238;539530;533442;527052;520506;513981;507595;501393;495444;489748;484242;478929;473829;468922;464220;459750;455492;451411;447496;443789;440334;437133;434146;431338
20-24;665183;659552;654332;650214;648096;648337;651064;657036;663240;664981;659464;646496;625435;602238;581928;564848;550965;541961;534698;527900;523138;522038;524186;527770;533965;543341;548288;550693;555312;556402;553387;552639;551329;545639;539567;533195;526664;520157;513787;507603;501667;495984;490487;485189;480100;475206;470511;466050;461804;457735;453827
25-29;708759;704244;697131;688586;680371;673678;667950;662628;658409;656180;656296;658895;664731;670799;672408;666775;653702;632551;609267;588865;571686;557701;548606;541283;534457;529698;528617;530780;534373;540572;549948;554902;557317;561944;563046;560044;559306;558010;552341;546287;539936;533424;526934;520579;514413;508491;502824;497341;492058;486982;482100
30-34;694948;702606;708058;711084;711576;709577;705097;698023;689516;681333;674666;668957;663649;659438;657210;657320;659906;665713;671751;673341;667703;654644;633526;610287;589939;572817;558892;549844;542562;535772;531044;529982;532160;535761;541964;551339;556300;558722;563351;564465;561487;560765;559483;553837;547803;541470;534984;528515;522182;516034;510133
35-39;632141;642022;654545;668250;680865;690886;698600;704125;707228;707806;705901;701519;694554;686160;678087;671518;665898;660675;656542;654386;654555;657184;663020;669084;670702;665120;652141;631128;608001;587758;570723;556875;547886;540653;533908;529215;528179;530370;533983;540191;549559;554521;556952;561584;562711;559760;559049;557786;552168;546165;539860
40-44;608215;609465;611072;613770;618593;626050;635994;648553;662284;674928;684994;692768;698370;701564;702246;700458;696204;689381;681136;673206;666769;661270;656160;652121;650045;650277;652952;658813;664894;666548;661033;648154;627284;604316;584219;567315;553570;544655;537482;530798;526158;525152;527361;530982;537188;546539;551500;553936;558564;559705;556786
45-49;594144;596669;597784;598069;598357;599264;600690;602462;605305;610248;617789;627790;640367;654102;666752;676847;684678;690358;693652;694460;692815;688721;682073;674016;666264;659983;654623;649636;645709;643727;644035;646759;652640;658736;660429;655002;642267;621608;598870;578986;562266;548675;539861;532780;526179;521610;520646;522871;526497;532690;542006
50-54;545059;555206;563969;571259;576983;581160;583900;585252;585782;586311;587438;589062;591021;594028;599093;606715;616749;629307;642999;655616;665719;673589;679347;682751;683692;682204;678295;671865;664038;656512;650429;645247;640427;636649;634790;635190;637974;643863;649957;651688;646382;633850;613492;591086;571510;555050;541678;533012;526057;519583;515113
55-59;460293;474934;489515;503626;516656;528225;538405;547244;554649;560524;564885;567839;569437;570227;571011;572368;574200;576346;579509;584684;592355;602380;614862;628446;640974;651034;658910;664712;668207;669285;667974;664281;658113;650574;643324;637488;632527;627910;624308;622587;623081;625915;631792;637859;639631;634476;622211;602263;580313;561155;545056
60-64;368088;383101;397503;411511;425588;439952;454364;468723;482637;495515;506991;517132;525986;533454;539443;543964;547116;548958;550011;551052;552638;554678;557009;560311;565561;573227;583166;595486;608860;621200;631138;638957;644768;648336;649547;648419;644973;639119;631927;625020;619482;614782;610406;607012;605448;606049;608926;614757;620755;622543;617566
65-69;274229;285140;298591;313705;329132;344037;358525;372462;386049;399711;413660;427659;441618;455164;467728;478965;488945;497705;505156;511193;515827;519147;521223;522548;523847;525655;527886;530376;533795;539071;546658;556408;568424;581429;593435;603138;610810;616565;620170;621503;620586;617438;611984;605252;598787;593633;589272;585209;582080;580710;581430
70-74;223132;226791;229861;233361;238744;246789;257157;269823;283996;298467;312473;326126;339301;352179;365148;378390;391688;404958;417855;429850;440616;450232;458729;466013;471977;476632;480060;482339;483918;485470;487484;489880;492501;495987;501205;508586;517980;529463;541846;553277;562546;569916;575508;579093;580541;579858;577079;572147;566028;560165;555523
75-79;167437;171106;175578;180415;184970;188973;192592;195732;199267;204445;211929;221421;232898;245680;258728;271389;283765;295759;307523;319391;331510;343688;355850;367685;378726;388678;397619;405580;412471;418178;422705;426135;428549;430341;432107;434278;436778;439461;442913;447930;454895;463661;474277;485668;496177;504728;511573;516836;520297;521817;521388
80-84;117366;119647;121676;123746;126162;129072;132496;136558;140901;145001;148646;151996;154995;158344;163040;169602;177788;187572;198402;209453;220205;230757;241035;251155;261385;271836;282346;292858;303103;312696;321386;329246;336308;342485;347664;351840;355100;357518;359423;361308;363521;366000;368614;371877;376478;382741;390513;399813;409724;418854;426311
85-89;58596;64577;68971;72307;74960;77207;79224;81108;83038;85213;87719;90579;93901;97413;100736;103722;106509;109089;111964;115840;121076;127480;135031;143326;151784;160039;168178;176158;184063;192076;200267;208519;216787;224860;232447;239359;245657;251381;256447;260754;264287;267131;269353;271200;273037;275113;277381;279735;282584;286482;291673
90+;30778;32084;35041;38870;43035;47169;51275;55411;59449;63306;66930;70433;73906;77379;80916;84531;88303;92345;96500;100567;104463;108338;112263;116465;121260;126805;133046;139994;147518;155443;163643;172157;180978;190089;199504;209184;219079;229155;239265;249230;258914;268343;277544;286366;294627;302241;309298;315871;322034;327905;333586
Brasil;;;;;;;;;;;;;;;;;;;;;;;;;;;;;;;;;;;;;;;;;;;;;;;;;;;
Dados;;;;;;;;;;;;;;;;;;;;;;;;;;;;;;;;;;;;;;;;;;;;;;;;;;;
Ano;População total;Homens;Mulheres;Nascimentos;Óbitos;Taxa de Crescimento Geométrico;Taxa Bruta de Natalidade;Taxa Bruta de Mortalidade;Esperança de Vida ao Nascer;Esperança de Vida ao Nascer - Homens;Esperança de Vida ao Nascer - Mulheres;Taxa de Mortalidade Infantil;Taxa de Mortalidade Infantil - Homens;Taxa de Mortalidade Infantil - Mulheres;Taxa de Fecundidade Total;Razão de Dependência - Jovens 0 a 14 anos;Razão de Dependência - Idosos 65 ou mais anos;Razão de Dependência;Índice de Envelhecimento;;;;;;;;;;;;;;;;;;;;;;;;;;;;;;;;
2010;194890682;95513298;99377384;2939435;1240083;x;15.08;6.36;73.86;70.21;77.6;17.22;18.76;15.59;1.75;36.32;10.77;47.09;29.55;;;;;;;;;;;;;;;;;;;;;;;;;;;;;;;;
2011;196603732;96322635;100281097;2974525;1247751;0.88;15.13;6.35;74.2;70.57;77.91;16.43;17.86;14.92;1.76;35.37;10.99;46.36;30.99;;;;;;;;;;;;;;;;;;;;;;;;;;;;;;;;
2012;198314934;97132054;101182880;2953890;1258235;0.87;14.89;6.34;74.52;70.91;78.22;15.69;17.03;14.29;1.75;34.45;11.24;45.68;32.63;;;;;;;;;;;;;;;;;;;;;;;;;;;;;;;;
2013;200004188;97931331;102072857;2953178;1270306;0.85;14.77;6.35;74.84;71.25;78.51;15.02;16.27;13.7;1.74;33.56;11.51;45.07;34.2;;;;;;;;;;;;;;;;;;;;;;;;;;;;;;;;
2014;201717541;98744098;102973443;3028202;1284346;0.86;15.01;6.37;75.14;71.57;78.78;14.4;15.58;13.16;1.78;32.78;11.81;44.59;36.12;;;;;;;;;;;;;;;;;;;;;;;;;;;;;;;;
2015;203475683;99581002;103894681;3070979;1299541;0.87;15.09;6.39;75.44;71.88;79.05;13.82;14.93;12.65;1.8;32.15;12.13;44.29;37.67;;;;;;;;;;;;;;;;;;;;;;;;;;;;;;;;
2016;205156587;100379640;104776947;2901053;1314164;0.83;14.14;6.41;75.72;72.18;79.31;13.29;14.35;12.19;1.7;31.57;12.49;44.05;39.73;;;;;;;;;;;;;;;;;;;;;;;;;;;;;;;;
2017;206804741;101163599;105641142;3020743;1330811;0.8;14.61;6.44;75.99;72.46;79.56;12.81;13.8;11.75;1.78;31.11;12.87;43.98;41.2;;;;;;;;;;;;;;;;;;;;;;;;;;;;;;;;
2018;208494900;101971173;106523727;3003585;1349693;0.82;14.41;6.47;76.25;72.74;79.8;12.35;13.31;11.35;1.77;30.75;13.28;44.03;43.19;;;;;;;;;;;;;;;;;;;;;;;;;;;;;;;;
2019;210147125;102760295;107386830;2984414;1368954;0.79;14.2;6.51;76.5;73;80.03;11.94;12.85;10.98;1.77;30.42;13.72;44.14;45.02;;;;;;;;;;;;;;;;;;;;;;;;;;;;;;;;
2020;211755692;103527689;108228003;2963516;1389144;0.77;13.99;6.56;76.74;73.26;80.25;11.56;12.43;10.64;1.76;30.11;14.18;44.29;46.89;;;;;;;;;;;;;;;;;;;;;;;;;;;;;;;;
2021;213317639;104271843;109045796;2940629;1410602;0.74;13.79;6.61;76.97;73.5;80.46;11.2;12.04;10.32;1.76;29.83;14.67;44.5;49.51;;;;;;;;;;;;;;;;;;;;;;;;;;;;;;;;
2022;214828540;104990487;109838053;2913688;1433605;0.71;13.56;6.67;77.19;73.74;80.67;10.88;11.68;10.03;1.75;29.63;15.19;44.82;51.22;;;;;;;;;;;;;;;;;;;;;;;;;;;;;;;;
2023;216284269;105681529;110602740;2885501;1458023;0.68;13.34;6.74;77.4;73.96;80.86;10.58;11.36;9.75;1.75;29.43;15.74;45.17;53.2;;;;;;;;;;;;;;;;;;;;;;;;;;;;;;;;
2024;217684462;106345043;111339419;2856690;1483777;0.65;13.12;6.82;77.6;74.17;81.05;10.3;11.05;9.5;1.74;29.26;16.31;45.56;55.72;;;;;;;;;;;;;;;;;;;;;;;;;;;;;;;;
2025;219029093;106981304;112047789;2827039;1510693;0.62;12.91;6.9;77.8;74.38;81.22;10.04;10.77;9.27;1.74;29.11;16.9;46.01;58.29;;;;;;;;;;;;;;;;;;;;;;;;;;;;;;;;
2026;220316530;107589495;112727035;2797674;1539159;0.59;12.7;6.99;77.98;74.57;81.39;9.8;10.51;9.05;1.74;28.95;17.51;46.45;60.61;;;;;;;;;;;;;;;;;;;;;;;;;;;;;;;;
2027;221545234;108168830;113376404;2768000;1569117;0.56;12.49;7.08;78.16;74.76;81.56;9.58;10.27;8.85;1.73;28.77;18.14;46.9;62.76;;;;;;;;;;;;;;;;;;;;;;;;;;;;;;;;
2028;222713669;108718587;113995082;2738355;1600375;0.53;12.3;7.19;78.32;74.94;81.71;9.37;10.05;8.66;1.73;28.59;18.78;47.37;65.46;;;;;;;;;;;;;;;;;;;;;;;;;;;;;;;;
2029;223821305;109238514;114582791;2710134;1632845;0.5;12.11;7.3;78.49;75.11;81.86;9.18;9.84;8.49;1.72;28.36;19.42;47.79;68.23;;;;;;;;;;;;;;;;;;;;;;;;;;;;;;;;
2030;224868462;109728762;115139700;2683440;1666427;0.47;11.93;7.41;78.64;75.28;82;9.01;9.65;8.33;1.72;28.08;20.06;48.14;71.05;;;;;;;;;;;;;;;;;;;;;;;;;;;;;;;;
2031;225854415;110189007;115665408;2655850;1700970;0.44;11.76;7.53;78.78;75.43;82.14;8.85;9.48;8.18;1.72;27.84;20.71;48.55;74.33;;;;;;;;;;;;;;;;;;;;;;;;;;;;;;;;
2032;226777802;110618592;116159210;2628742;1736861;0.41;11.59;7.66;78.92;75.58;82.27;8.7;9.32;8.05;1.72;27.61;21.36;48.97;77.3;;;;;;;;;;;;;;;;;;;;;;;;;;;;;;;;
2033;227638581;111017537;116621044;2603540;1773877;0.38;11.44;7.79;79.05;75.72;82.39;8.57;9.18;7.92;1.71;27.32;22.01;49.33;80.33;;;;;;;;;;;;;;;;;;;;;;;;;;;;;;;;
2034;228437122;111386062;117051060;2579544;1812136;0.35;11.29;7.93;79.18;75.86;82.51;8.44;9.04;7.81;1.71;27.04;22.65;49.69;83.43;;;;;;;;;;;;;;;;;;;;;;;;;;;;;;;;
2035;229173685;111724392;117449293;2557147;1851454;0.32;11.16;8.08;79.3;75.99;82.62;8.32;8.92;7.7;1.71;26.76;23.28;50.04;87.08;;;;;;;;;;;;;;;;;;;;;;;;;;;;;;;;
2036;229847832;112032426;117815406;2534413;1891832;0.29;11.03;8.23;79.42;76.11;82.73;8.22;8.8;7.6;1.7;26.48;23.9;50.39;90.34;;;;;;;;;;;;;;;;;;;;;;;;;;;;;;;;
2037;230459062;112309958;118149104;2513030;1933167;0.27;10.9;8.39;79.53;76.23;82.83;8.12;8.69;7.51;1.7;26.22;24.52;50.74;93.68;;;;;;;;;;;;;;;;;;;;;;;;;;;;;;;;
2038;231007871;112557327;118450544;2493021;1975283;0.24;10.79;8.55;79.63;76.34;82.93;8.02;8.59;7.42;1.7;25.97;25.13;51.1;96.51;;;;;;;;;;;;;;;;;;;;;;;;;;;;;;;;
2039;231494650;112774820;118719830;2473758;2017958;0.21;10.69;8.72;79.73;76.45;83.02;7.93;8.49;7.34;1.7;25.74;25.77;51.52;100;;;;;;;;;;;;;;;;;;;;;;;;;;;;;;;;
2040;231919922;112962751;118957171;2455519;2060782;0.18;10.59;8.89;79.83;76.55;83.11;7.85;8.4;7.27;1.69;25.54;26.46;51.99;103.57;;;;;;;;;;;;;;;;;;;;;;;;;;;;;;;;
2041;232284233;113121438;119162795;2437785;2103915;0.16;10.49;9.06;79.92;76.65;83.2;7.77;8.32;7.2;1.69;25.35;27.18;52.53;107.23;;;;;;;;;;;;;;;;;;;;;;;;;;;;;;;;
2042;232588580;113251454;119337126;2422219;2147419;0.13;10.41;9.23;80;76.74;83.28;7.7;8.24;7.13;1.69;25.19;27.93;53.13;110.3;;;;;;;;;;;;;;;;;;;;;;;;;;;;;;;;
2043;232834065;113353443;119480622;2407325;2191168;0.11;10.34;9.41;80.09;76.83;83.36;7.63;8.16;7.06;1.69;25.06;28.73;53.78;114.72;;;;;;;;;;;;;;;;;;;;;;;;;;;;;;;;
2044;233020996;113427597;119593399;2392409;2234730;0.08;10.27;9.59;80.17;76.92;83.43;7.56;8.09;7;1.69;24.94;29.55;54.49;118.63;;;;;;;;;;;;;;;;;;;;;;;;;;;;;;;;
2045;233149625;113474061;119675564;2377677;2278119;0.06;10.2;9.77;80.24;77;83.5;7.5;8.02;6.95;1.68;24.85;30.4;55.25;122.5;;;;;;;;;;;;;;;;;;;;;;;;;;;;;;;;
2046;233220257;113493052;119727205;2363150;2321466;0.03;10.13;9.95;80.31;77.08;83.57;7.44;7.96;6.9;1.68;24.77;31.27;56.04;125.79;;;;;;;;;;;;;;;;;;;;;;;;;;;;;;;;
2047;233233670;113485011;119748659;2349527;2364398;0.01;10.07;10.14;80.38;77.16;83.63;7.39;7.9;6.84;1.68;24.72;32.17;56.89;129.75;;;;;;;;;;;;;;;;;;;;;;;;;;;;;;;;
2048;233190482;113450253;119740229;2335541;2407046;-0.02;10.02;10.32;80.45;77.23;83.7;7.33;7.84;6.8;1.68;24.68;33.08;57.76;134.62;;;;;;;;;;;;;;;;;;;;;;;;;;;;;;;;
2049;233090464;113388652;119701812;2320604;2449148;-0.04;9.96;10.51;80.51;77.3;83.75;7.29;7.79;6.75;1.68;24.66;33.99;58.64;138.06;;;;;;;;;;;;;;;;;;;;;;;;;;;;;;;;
2050;232933276;113300060;119633216;2304717;2490559;-0.07;9.89;10.69;80.57;77.37;83.81;7.24;7.74;6.71;1.68;24.64;34.88;59.52;142.21;;;;;;;;;;;;;;;;;;;;;;;;;;;;;;;;
2051;232719169;113184593;119534576;2288973;2531362;-0.09;9.84;10.88;80.63;77.43;83.86;7.2;7.69;6.67;1.67;24.63;35.76;60.38;144.81;;;;;;;;;;;;;;;;;;;;;;;;;;;;;;;;
2052;232448867;113042592;119406275;2273127;2571362;-0.12;9.78;11.06;80.68;77.49;83.91;7.16;7.65;6.64;1.67;24.62;36.62;61.24;148.37;;;;;;;;;;;;;;;;;;;;;;;;;;;;;;;;
2053;232122448;112874076;119248372;2255972;2610595;-0.14;9.72;11.25;80.74;77.55;83.96;7.12;7.61;6.6;1.67;24.62;37.45;62.07;151.97;;;;;;;;;;;;;;;;;;;;;;;;;;;;;;;;
2054;231739632;112678873;119060759;2237804;2648830;-0.16;9.66;11.43;80.78;77.61;84;7.08;7.57;6.57;1.67;24.62;38.26;62.89;155.63;;;;;;;;;;;;;;;;;;;;;;;;;;;;;;;;
2055;231300323;112456873;118843450;2218450;2686056;-0.19;9.59;11.61;80.83;77.66;84.04;7.05;7.54;6.54;1.67;24.63;39.05;63.68;159.33;;;;;;;;;;;;;;;;;;;;;;;;;;;;;;;;
2056;230805223;112208379;118596844;2199622;2722232;-0.21;9.53;11.79;80.88;77.71;84.08;7.02;7.5;6.51;1.67;24.63;39.81;64.43;161.33;;;;;;;;;;;;;;;;;;;;;;;;;;;;;;;;
2057;230255685;111934042;118321643;2180831;2757317;-0.24;9.47;11.98;80.92;77.76;84.12;6.99;7.47;6.48;1.66;24.62;40.52;65.15;164.43;;;;;;;;;;;;;;;;;;;;;;;;;;;;;;;;
2058;229652286;111634119;118018167;2161015;2791329;-0.26;9.41;12.15;80.96;77.81;84.16;6.96;7.44;6.46;1.66;24.62;41.22;65.84;168.24;;;;;;;;;;;;;;;;;;;;;;;;;;;;;;;;
2059;228995541;111308845;117686696;2141033;2824224;-0.29;9.35;12.33;81;77.86;84.19;6.94;7.41;6.44;1.66;24.61;41.91;66.53;170.27;;;;;;;;;;;;;;;;;;;;;;;;;;;;;;;;
2060;228286347;110958642;117327705;2120842;2856059;-0.31;9.29;12.51;81.04;77.9;84.23;6.91;7.39;6.42;1.66;24.61;42.62;67.23;173.47;;;;;;;;;;;;;;;;;;;;;;;;;;;;;;;;
Faixas etárias;;;;;;;;;;;;;;;;;;;;;;;;;;;;;;;;;;;;;;;;;;;;;;;;;;;
Total;;;;;;;;;;;;;;;;;;;;;;;;;;;;;;;;;;;;;;;;;;;;;;;;;;;
Faixa/Ano;2010;2011;2012;2013;2014;2015;2016;2017;2018;2019;2020;2021;2022;2023;2024;2025;2026;2027;2028;2029;2030;2031;2032;2033;2034;2035;2036;2037;2038;2039;2040;2041;2042;2043;2044;2045;2046;2047;2048;2049;2050;2051;2052;2053;2054;2055;2056;2057;2058;2059;2060
Total;194890682;196603732;198314934;200004188;201717541;203475683;205156587;206804741;208494900;210147125;211755692;213317639;214828540;216284269;217684462;219029093;220316530;221545234;222713669;223821305;224868462;225854415;226777802;227638581;228437122;229173685;229847832;230459062;231007871;231494650;231919922;232284233;232588580;232834065;233020996;233149625;233220257;233233670;233190482;233090464;232933276;232719169;232448867;232122448;231739632;231300323;230805223;230255685;229652286;228995541;228286347
0-4;14858280;14697433;14624301;14567170;14570070;14677159;14715112;14720776;14787557;14798332;14730311;14703281;14675523;14569055;14452355;14326234;14192256;14053426;13912226;13770272;13629815;13491399;13354905;13221642;13092489;12967369;12846604;12730937;12620549;12514918;12413588;12316709;12225086;12138798;12057106;11979238;11904624;11832490;11761709;11691308;11620256;11547982;11473958;11397201;11317212;11233863;11147191;11057520;10965028;10870292;10774218
05/set;15865195;15600504;15387507;15203145;15029641;14824271;14664918;14593299;14537829;14542132;14650311;14689394;14695773;14762671;14773628;14705941;14679311;14652033;14546208;14430226;14304778;14171490;14033278;13892710;13751331;13611405;13473529;13337523;13204728;13076037;12951361;12830995;12715703;12605672;12500387;12399373;12302790;12211456;12125433;12043993;11966376;11891973;11820071;11749531;11679356;11608504;11536459;11462615;11386046;11306224;11223031
out/14;17397304;17216843;16880174;16495325;16131984;15840860;15577214;15365237;15182024;15009676;14805478;14647164;14576191;14520972;14525347;14633526;14672711;14679300;14746432;14757724;14690423;14664114;14637176;14531700;14416109;14291049;14158125;14020272;13880038;13738984;13599376;13461829;13326122;13193611;13065182;12940762;12820626;12705545;12595720;12490655;12389855;12293466;12202305;12116445;12035156;11957694;11883455;11811703;11741278;11671246;11600532
15-19;17219086;17238401;17315601;17402809;17424089;17334096;17155615;16821630;16439846;16079464;15790863;15529387;15318916;15136923;14965724;14762869;14605891;14536019;14481942;14487286;14596110;14635967;14643187;14710785;14722659;14656163;14630405;14603997;14499263;14384409;14260078;14127872;13990752;13851207;13710840;13571863;13434947;13299846;13167907;13040010;12916108;12796510;12681921;12572557;12467934;12367551;12271531;12180736;12095228;12014265;11937109
20-24;17476779;17396868;17296030;17195219;17124785;17100769;17122881;17203520;17294780;17319853;17233266;17057794;16726717;16347561;15989803;15703800;15444924;15236871;15057313;14888503;14688175;14533531;14465563;14413260;14420025;14529708;14570602;14578856;14647162;14659931;14594614;14569782;14544238;14440723;14327061;14203946;14072906;13936948;13798559;13659314;13521425;13385549;13251456;13120499;12993545;12870528;12751775;12637977;12529386;12425516;12325847
25-29;17334110;17423848;17454135;17436877;17391346;17331851;17256322;17161679;17068593;17004904;16985866;17011218;17092427;17182193;17206153;17119972;16946247;16618500;16243415;15889766;15607291;15351552;15146240;14969263;14802897;14605190;14452983;14386955;14336521;14344709;14455193;14497153;14506501;14575436;14589082;14524961;14501063;14476422;14374170;14261783;14139942;14010163;13875462;13738287;13600246;13463536;13328803;13195813;13065893;12939931;12817887
30-34;15955949;16275019;16567575;16822855;17028854;17178656;17271648;17306947;17296659;17258318;17205416;17135646;17044190;16951251;16886952;16867543;16892885;16974395;17065211;17091062;17007393;16836728;16512899;16141856;15792033;15512843;15259983;15057188;14882572;14718488;14523256;14373318;14309113;14260407;14269902;14381026;14423898;14434174;14503630;14518027;14455019;14431957;14408126;14307058;14195853;14075191;13946610;13813084;13677088;13540196;13404578
35-39;14075108;14350827;14689558;15066579;15441748;15787821;16107943;16402815;16661965;16872342;17026545;17123723;17161844;17152616;17115112;17063584;16995707;16906691;16816670;16755274;16738294;16765601;16848588;16940702;16968189;16886844;16719129;16399166;16032170;15686230;15410325;15160396;14960090;14787787;14625966;14433207;14285523;14223058;14175984;14186704;14298311;14341981;14353071;14422945;14437977;14376076;14353778;14330671;14230768;14120755;14001307
40-44;13184170;13311309;13414041;13519509;13668343;13884283;14161178;14500831;14879035;15255513;15602974;15924417;16219710;16478229;16688213;16842846;16941312;16981681;16975459;16941357;16893256;16828804;16743240;16656520;16598022;16583446;16612647;16696902;16790065;16818996;16739962;16575282;16259556;15897111;15555535;15283397;15036761;14839171;14669407;14510049;14320041;14174828;14114206;14068807;14080737;14192649;14236987;14248844;14318948;14334584;14273861
45-49;11992439;12218181;12426314;12615601;12784211;12933598;13064058;13171048;13281287;13434076;13652504;13930420;14269004;14644402;15017933;15363171;15683089;15977567;16236139;16446903;16602926;16703462;16746553;16743579;16713006;16668492;16607681;16525845;16442743;16387431;16375387;16406437;16491724;16585608;16615819;16539189;16377988;16067408;15710668;15374594;15107158;14864721;14670479;14503796;14347422;14160785;14018586;13960052;13916591;13929788;14041783
50-54;10276773;10574366;10868062;11152415;11419933;11666086;11892707;12102371;12293932;12465329;12617804;12751592;12861867;12974530;13128538;13346782;13623237;13959030;14330885;14700984;15043388;15361008;15653779;15911350;16121912;16278600;16380728;16426408;16426757;16399939;16359306;16302574;16224958;16146006;16094242;16084875;16117711;16203642;16297801;16329111;16255195;16098244;15794311;15445094;15116301;14855005;14618039;14428117;14265353;14112793;13930535
55-59;8387564;8679820;8977656;9278724;9579705;9877881;10172542;10463716;10746091;11012111;11257277;11483368;11692613;11883880;12055490;12208751;12343963;12456465;12571436;12726473;12943766;13217366;13548288;13914012;14277951;14615019;14928011;15216929;15471607;15680383;15836527;15939411;15987269;15990939;15968053;15931630;15879345;15806522;15732281;15684468;15677945;15712380;15798347;15891980;15924009;15853162;15701406;15406171;15066946;14747850;14494713
60-64;6596741;6859058;7119004;7379912;7647936;7926230;8211893;8503042;8797470;9091910;9383728;9672175;9957156;10233460;10493988;10734491;10956693;11162776;11351609;11521660;11673982;11809015;11922324;12038067;12192258;12406090;12673729;12996043;13351492;13705082;14032901;14337648;14619346;14868106;15072540;15226101;15328313;15377469;15384059;15365094;15332980;15285499;15218052;15149158;15105746;15102049;15137666;15222586;15314436;15346470;15279016
65-69;4905988;5095516;5318713;5565313;5819304;6071240;6322755;6572590;6823731;7081680;7349244;7623733;7903288;8185834;8468411;8748627;9025766;9299757;9565627;9816554;10048512;10263166;10462649;10645868;10811283;10959940;11092321;11204363;11318835;11469648;11676652;11934133;12242752;12582173;12919685;13232909;13524376;13794222;14032965;14229585;14377822;14477368;14526754;14535915;14520894;14493445;14451348;14390212;14327671;14289289;14288480
70-74;3792042;3889352;3974955;4063519;4175947;4323465;4501441;4709484;4938529;5174388;5408663;5642901;5876091;6110754;6351769;6601500;6857600;7118354;7381902;7645534;7907040;8165785;8421765;8670307;8905063;9122289;9323635;9511104;9683679;9839876;9980630;10106571;10214158;10324288;10467931;10663049;10904126;11191369;11506226;11819031;12109555;12380193;12631212;12853724;13037277;13176002;13269879;13317776;13328895;13317878;13295484
75-79;2597990;2688798;2797237;2913384;3023576;3121818;3211601;3292375;3376250;3480536;3614389;3774018;3959070;4161906;4370673;4578361;4786387;4994114;5203523;5418622;5641260;5869405;6101656;6336314;6571128;6804078;7034690;7263005;7484798;7694408;7888458;8068562;8236631;8391702;8532383;8659541;8773851;8872509;8973811;9104799;9280868;9496727;9752138;10030863;10307408;10564467;10804204;11027068;11224976;11388373;11511971
80-84;1689444;1727063;1764898;1807817;1861166;1926871;2004365;2095235;2191860;2283815;2366558;2443191;2513706;2587330;2677251;2790280;2923509;3076687;3243763;3415649;3586931;3758879;3931160;4105249;4284098;4468984;4658301;4850986;5045614;5240341;5433588;5624985;5814637;5998934;6173117;6334346;6484201;6624391;6754088;6872004;6978835;7075422;7159683;7246694;7358416;7506972;7687508;7899218;8128899;8356311;8567809
85-89;830529;901360;954570;996763;1032554;1065148;1097017;1129489;1165517;1208442;1259330;1318006;1385731;1457236;1525459;1587405;1645581;1700356;1758056;1827478;1913020;2012666;2126181;2249361;2375978;2502391;2629690;2757777;2887609;3021064;3158814;3299768;3443164;3587930;3732788;3876586;4019065;4160416;4297807;4427602;4547659;4659375;4764254;4861528;4950167;5030651;5103867;5168499;5235780;5321722;5434778
90+;455191;459166;484603;521252;562349;603580;645377;688657;731945;774304;815165;856211;898723;943466;991663;1043410;1099461;1161212;1225853;1289978;1352102;1414477;1478371;1546036;1620691;1703785;1795039;1894806;2001669;2113776;2229906;2350808;2476780;2607627;2743377;2883626;3028143;3176612;3328257;3482333;3637926;3794831;3953061;4110366;4263976;4412193;4556131;4697023;4833076;4962058;5083408
Homens;;;;;;;;;;;;;;;;;;;;;;;;;;;;;;;;;;;;;;;;;;;;;;;;;;;
Faixa/Ano;2010;2011;2012;2013;2014;2015;2016;2017;2018;2019;2020;2021;2022;2023;2024;2025;2026;2027;2028;2029;2030;2031;2032;2033;2034;2035;2036;2037;2038;2039;2040;2041;2042;2043;2044;2045;2046;2047;2048;2049;2050;2051;2052;2053;2054;2055;2056;2057;2058;2059;2060
Total;95513298;96322635;97132054;97931331;98744098;99581002;100379640;101163599;101971173;102760295;103527689;104271843;104990487;105681529;106345043;106981304;107589495;108168830;108718587;109238514;109728762;110189007;110618592;111017537;111386062;111724392;112032426;112309958;112557327;112774820;112962751;113121438;113251454;113353443;113427597;113474061;113493052;113485011;113450253;113388652;113300060;113184593;113042592;112874076;112678873;112456873;112208379;111934042;111634119;111308845;110958642
0-4;7594516;7513761;7477567;7449337;7451690;7507226;7527223;7530642;7565301;7571223;7536789;7523299;7509386;7455164;7395678;7331364;7263006;7192133;7120032;7047528;6975778;6905062;6835307;6767195;6701192;6637231;6575502;6516373;6459937;6405936;6354123;6304598;6257751;6213632;6171861;6132043;6093885;6056997;6020798;5984802;5948471;5911502;5873639;5834370;5793447;5750809;5706456;5660575;5613249;5564770;5515605
05/set;8094637;7962532;7856445;7764679;7678145;7574960;7495049;7459700;7432381;7435509;7491634;7512252;7516076;7550810;7556858;7522618;7509351;7495730;7441882;7382807;7318878;7250909;7180401;7108665;7036481;6965042;6894634;6825161;6757331;6691592;6627900;6566392;6507477;6451252;6397457;6345822;6296474;6249795;6205831;6164206;6124537;6086502;6049752;6013699;5977830;5941609;5904776;5867020;5827860;5787041;5744493
out/14;8842587;8760868;8596730;8405865;8224795;8080135;7948620;7843086;7751948;7666040;7563501;7484190;7449226;7422072;7425264;7481411;7502112;7506047;7540921;7547162;7513141;7500066;7486634;7433002;7374143;7310452;7242697;7172400;7100861;7028875;6957623;6887413;6818125;6750468;6684877;6621345;6559981;6501187;6445082;6391415;6339911;6290699;6244133;6200276;6158737;6119162;6081226;6044568;6008592;5972801;5936671
15-19;8673836;8693267;8745322;8804210;8829069;8795446;8715095;8552810;8364062;8185062;8042202;7912260;7807878;7717747;7632793;7531320;7453057;7418949;7392651;7396587;7453221;7474403;7478801;7514010;7520683;7487251;7474592;7461547;7408463;7350163;7287028;7219811;7150062;7079046;7007575;6936806;6867067;6798239;6731019;6665837;6602699;6541729;6483312;6427561;6374235;6323041;6274127;6227836;6184244;6142973;6103630
20-24;8746116;8711375;8663577;8614902;8583358;8578611;8600164;8654720;8716490;8744065;8712945;8634909;8475014;8288587;8111918;7971317;7843582;7741213;7653070;7570037;7470597;7394220;7361652;7336794;7341891;7399228;7421254;7426487;7462264;7469669;7437195;7425286;7412946;7360848;7303529;7241380;7175120;7106330;7036251;6965698;6895815;6826928;6758931;6692510;6628106;6565701;6505416;6447653;6392537;6339825;6289218
25-29;8574606;8629711;8657414;8662143;8651184;8630266;8598875;8555561;8512314;8485534;8484394;8508378;8563553;8624538;8651626;8621118;8544666;8387530;8204388;8031009;7893232;7767999;7667829;7581750;7500675;7403356;7328943;7297950;7274594;7280847;7338836;7361712;7367822;7404119;7412226;7380713;7369573;7357978;7306911;7250628;7189512;7124285;7056509;6987423;6917849;6848930;6780967;6713878;6648312;6584723;6523112
30-34;7821287;7982363;8131551;8263753;8373348;8457008;8514439;8545686;8555280;8549320;8532944;8505514;8464499;8421615;8394693;8393527;8417664;8473141;8534872;8563312;8534665;8460519;8306365;8126302;7955838;7820545;7697488;7599240;7514973;7435649;7340229;7267552;7237960;7215936;7223197;7281677;7305262;7312099;7348805;7357492;7326843;7316343;7305373;7255224;7199860;7139664;7075362;7008494;6940318;6871646;6803583
35-39;6857527;6990523;7155946;7341635;7527745;7700900;7862666;8013399;8148183;8260741;8347421;8407755;8440996;8451369;8446055;8430688;8404634;8365378;8324589;8299702;8300209;8325674;8382118;8444696;8474256;8447253;8375224;8223858;8046719;7879049;7746136;7625181;7528741;7446144;7368454;7274845;7203808;7175501;7154681;7162834;7221685;7245877;7253323;7290325;7299496;7269639;7259722;7249292;7200007;7145508;7086207
40-44;6405478;6465519;6511227;6557089;6624863;6727359;6861189;7027271;7213769;7400750;7574836;7737477;7888496;8022898;8135221;8222214;8283430;8318165;8330545;8327522;8314471;8290745;8253830;8215289;8192354;8194452;8221147;8278370;8341585;8372088;8346626;8276663;8128189;7954176;7789503;7659150;7540448;7445888;7365050;7289066;7197348;7128025;7100999;7081359;7090362;7149455;7174123;7182135;7219317;7228927;7199896
45-49;5768516;5880219;5985481;6082367;6167931;6241647;6303978;6352579;6401687;6472175;6576419;6711034;6876531;7061277;7246407;7419108;7580798;7731316;7865760;7978594;8066468;8128987;8165432;8179855;8179060;8168292;8146911;8112423;8076237;8055349;8059034;8086849;8144623;8208179;8239414;8215443;8147699;8002569;7832277;7671186;7543900;7427925;7335566;7256745;7182722;7093220;7025894;7000246;6981909;6991754;7050917
50-54;4900002;5040349;5178764;5313246;5441195;5561009;5673316;5779573;5877917;5965268;6041008;6105571;6156429;6207294;6278778;6383077;6516900;6680739;6863310;7046315;7217244;7377487;7526925;7660698;7773367;7861606;7925036;7962995;7979372;7980824;7972437;7953589;7921753;7888179;7869486;7874764;7903569;7961564;8025093;8056849;8034455;7969304;7828334;7662799;7506320;7382926;7270417;7180814;7104474;7032873;6946162
55-59;3954821;4089187;4227766;4368987;4510555;4650762;4789417;4926386;5059761;5186871;5306101;5418069;5523994;5622071;5709488;5785731;5851268;5903677;5956190;6028485;6132308;6264412;6425224;6603964;6783080;6950611;7107892;7254823;7386666;7498065;7585774;7649457;7688505;7706661;7710316;7704363;7688149;7659220;7628530;7612199;7619074;7648657;7706356;7769208;7801082;7780353;7718248;7582612;7423293;7272866;7154556
60-64;3081961;3198692;3313737;3429277;3548963;3674713;3805186;3939707;4076794;4214303;4350563;4485379;4618536;4748149;4871821;4988027;5097383;5201061;5297302;5383487;5458969;5524298;5577221;5630273;5702081;5803746;5932098;6087478;6259725;6432268;6593867;6745779;6887959;7015825;7124175;7209866;7272652;7311982;7331395;7336975;7333300;7319725;7293901;7266311;7252466;7260725;7290580;7347073;7408221;7439552;7420473
65-69;2253998;2339108;2439108;2549140;2661907;2773210;2883883;2993314;3103440;3217426;3337000;3460918;3588535;3718492;3848844;3978090;4106032;4232502;4355732;4473440;4584216;4688647;4787847;4880176;4963105;5036045;5099560;5151653;5203924;5273663;5371091;5493166;5640066;5802391;5964930;6117373;6260872;6395434;6516731;6619770;6701600;6762068;6800700;6820803;6827971;6826458;6815605;6793193;6769102;6757874;6767303
70-74;1689818;1732563;1770303;1809593;1859518;1924795;2003224;2094581;2194687;2297297;2398778;2499910;2600243;2701380;2806006;2915566;3028989;3145702;3264515;3383680;3501868;3618911;3734717;3847628;3955595;4057304;4153367;4244811;4330120;4406952;4474742;4534111;4583407;4633065;4698510;4788775;4900975;5035044;5182591;5330211;5468808;5599462;5722265;5833225;5927673;6002895;6058911;6095418;6115370;6123684;6124121
75-79;1105206;1144121;1190922;1240998;1288273;1330216;1368574;1403314;1439622;1484658;1542105;1610235;1688895;1774682;1862608;1949716;2036732;2123408;2210961;2301516;2396166;2494028;2594665;2697044;2799720;2901547;3002440;3102353;3199832;3293112;3381052;3464237;3543625;3617852;3684841;3744109;3796312;3840217;3884676;3942722;4021823;4119269;4234768;4361237;4487603;4606394;4718561;4824282;4920042;5001664;5066803
80-84;677628;692280;707304;724631;746369;773094;804695;841980;881564;919059;952619;983758;1012641;1042996;1079956;1126100;1180178;1242110;1309326;1378193;1446541;1514999;1583484;1652852;1724591;1799420;1876683;1956079;2036796;2117674;2197885;2277383;2356175;2433074;2506675;2576080;2641835;2704769;2763770;2817079;2864310;2906165;2941812;2978203;3025436;3089091;3166772;3257946;3357133;3456065;3549148
85-89;314944;340306;359247;374268;387076;398787;410381;422377;435871;452078;471252;493422;519178;546326;572074;595279;617114;637836;659812;686235;718616;756161;798785;844827;891952;938795;985869;1033177;1081264;1131002;1182750;1236101;1290875;1346482;1402163;1457337;1512013;1566262;1619219;1669886;1717634;1762927;1806456;1847353;1884307;1917047;1946213;1971377;1997388;2031094;2076107
90+;155814;155891;163643;175211;188114;200858;213666;226913;240102;252916;265178;277513;290381;304062;318955;335033;352599;372193;392729;412903;432174;451480;471355;492517;515998;542216;571089;602780;636664;672043;708423;746158;785393;826114;868408;912170;957358;1003936;1051543;1099797;1148335;1197201;1246463;1295445;1343371;1389754;1435003;1479630;1522751;1563205;1600637
Mulheres;;;;;;;;;;;;;;;;;;;;;;;;;;;;;;;;;;;;;;;;;;;;;;;;;;;
Faixa/Ano;2010;2011;2012;2013;2014;2015;2016;2017;2018;2019;2020;2021;2022;2023;2024;2025;2026;2027;2028;2029;2030;2031;2032;2033;2034;2035;2036;2037;2038;2039;2040;2041;2042;2043;2044;2045;2046;2047;2048;2049;2050;2051;2052;2053;2054;2055;2056;2057;2058;2059;2060
Total;99377384;100281097;101182880;102072857;102973443;103894681;104776947;105641142;106523727;107386830;108228003;109045796;109838053;110602740;111339419;112047789;112727035;113376404;113995082;114582791;115139700;115665408;116159210;116621044;117051060;117449293;117815406;118149104;118450544;118719830;118957171;119162795;119337126;119480622;119593399;119675564;119727205;119748659;119740229;119701812;119633216;119534576;119406275;119248372;119060759;118843450;118596844;118321643;118018167;117686696;117327705
0-4;7263764;7183672;7146734;7117833;7118380;7169933;7187889;7190134;7222256;7227109;7193522;7179982;7166137;7113891;7056677;6994870;6929250;6861293;6792194;6722744;6654037;6586337;6519598;6454447;6391297;6330138;6271102;6214564;6160612;6108982;6059465;6012111;5967335;5925166;5885245;5847195;5810739;5775493;5740911;5706506;5671785;5636480;5600319;5562831;5523765;5483054;5440735;5396945;5351779;5305522;5258613
05/set;7770558;7637972;7531062;7438466;7351496;7249311;7169869;7133599;7105448;7106623;7158677;7177142;7179697;7211861;7216770;7183323;7169960;7156303;7104326;7047419;6985900;6920581;6852877;6784045;6714850;6646363;6578895;6512362;6447397;6384445;6323461;6264603;6208226;6154420;6102930;6053551;6006316;5961661;5919602;5879787;5841839;5805471;5770319;5735832;5701526;5666895;5631683;5595595;5558186;5519183;5478538
out/14;8554717;8455975;8283444;8089460;7907189;7760725;7628594;7522151;7430076;7343636;7241977;7162974;7126965;7098900;7100083;7152115;7170599;7173253;7205511;7210562;7177282;7164048;7150542;7098698;7041966;6980597;6915428;6847872;6779177;6710109;6641753;6574416;6507997;6443143;6380305;6319417;6260645;6204358;6150638;6099240;6049944;6002767;5958172;5916169;5876419;5838532;5802229;5767135;5732686;5698445;5663861
15-19;8545250;8545134;8570279;8598599;8595020;8538650;8440520;8268820;8075784;7894402;7748661;7617127;7511038;7419176;7332931;7231549;7152834;7117070;7089291;7090699;7142889;7161564;7164386;7196775;7201976;7168912;7155813;7142450;7090800;7034246;6973050;6908061;6840690;6772161;6703265;6635057;6567880;6501607;6436888;6374173;6313409;6254781;6198609;6144996;6093699;6044510;5997404;5952900;5910984;5871292;5833479
20-24;8730663;8685493;8632453;8580317;8541427;8522158;8522717;8548800;8578290;8575788;8520321;8422885;8251703;8058974;7877885;7732483;7601342;7495658;7404243;7318466;7217578;7139311;7103911;7076466;7078134;7130480;7149348;7152369;7184898;7190262;7157419;7144496;7131292;7079875;7023532;6962566;6897786;6830618;6762308;6693616;6625610;6558621;6492525;6427989;6365439;6304827;6246359;6190324;6136849;6085691;6036629
25-29;8759504;8794137;8796721;8774734;8740162;8701585;8657447;8606118;8556279;8519370;8501472;8502840;8528874;8557655;8554527;8498854;8401581;8230970;8039027;7858757;7714059;7583553;7478411;7387513;7302222;7201834;7124040;7089005;7061927;7063862;7116357;7135441;7138679;7171317;7176856;7144248;7131490;7118444;7067259;7011155;6950430;6885878;6818953;6750864;6682397;6614606;6547836;6481935;6417581;6355208;6294775
30-34;8134662;8292656;8436024;8559102;8655506;8721648;8757209;8761261;8741379;8708998;8672472;8630132;8579691;8529636;8492259;8474016;8475221;8501254;8530339;8527750;8472728;8376209;8206534;8015554;7836195;7692298;7562495;7457948;7367599;7282839;7183027;7105766;7071153;7044471;7046705;7099349;7118636;7122075;7154825;7160535;7128176;7115614;7102753;7051834;6995993;6935527;6871248;6804590;6736770;6668550;6600995
35-39;7217581;7360304;7533612;7724944;7914003;8086921;8245277;8389416;8513782;8611601;8679124;8715968;8720848;8701247;8669057;8632896;8591073;8541313;8492081;8455572;8438085;8439927;8466470;8496006;8493933;8439591;8343905;8175308;7985451;7807181;7664189;7535215;7431349;7341643;7257512;7158362;7081715;7047557;7021303;7023870;7076626;7096104;7099748;7132620;7138481;7106437;7094056;7081379;7030761;6975247;6915100
40-44;6778692;6845790;6902814;6962420;7043480;7156924;7299989;7473560;7665266;7854763;8028138;8186940;8331214;8455331;8552992;8620632;8657882;8663516;8644914;8613835;8578785;8538059;8489410;8441231;8405668;8388994;8391500;8418532;8448480;8446908;8393336;8298619;8131367;7942935;7766032;7624247;7496313;7393283;7304357;7220983;7122693;7046803;7013207;6987448;6990375;7043194;7062864;7066709;7099631;7105657;7073965
45-49;6223923;6337962;6440833;6533234;6616280;6691951;6760080;6818469;6879600;6961901;7076085;7219386;7392473;7583125;7771526;7944063;8102291;8246251;8370379;8468309;8536458;8574475;8581121;8563724;8533946;8500200;8460770;8413422;8366506;8332082;8316353;8319588;8347101;8377429;8376405;8323746;8230289;8064839;7878391;7703408;7563258;7436796;7334913;7247051;7164700;7067565;6992692;6959806;6934682;6938034;6990866
50-54;5376771;5534017;5689298;5839169;5978738;6105077;6219391;6322798;6416015;6500061;6576796;6646021;6705438;6767236;6849760;6963705;7106337;7278291;7467575;7654669;7826144;7983521;8126854;8250652;8348545;8416994;8455692;8463413;8447385;8419115;8386869;8348985;8303205;8257827;8224756;8210111;8214142;8242078;8272708;8272262;8220740;8128940;7965977;7782295;7609981;7472079;7347622;7247303;7160879;7079920;6984373
55-59;4432743;4590633;4749890;4909737;5069150;5227119;5383125;5537330;5686330;5825240;5951176;6065299;6168619;6261809;6346002;6423020;6492695;6552788;6615246;6697988;6811458;6952954;7123064;7310048;7494871;7664408;7820119;7962106;8084941;8182318;8250753;8289954;8298764;8284278;8257737;8227267;8191196;8147302;8103751;8072269;8058871;8063723;8091991;8122772;8122927;8072809;7983158;7823559;7643653;7474984;7340157
60-64;3514780;3660366;3805267;3950635;4098973;4251517;4406707;4563335;4720676;4877607;5033165;5186796;5338620;5485311;5622167;5746464;5859310;5961715;6054307;6138173;6215013;6284717;6345103;6407794;6490177;6602344;6741631;6908565;7091767;7272814;7439034;7591869;7731387;7852281;7948365;8016235;8055661;8065487;8052664;8028119;7999680;7965774;7924151;7882847;7853280;7841324;7847086;7875513;7906215;7906918;7858543
65-69;2651990;2756408;2879605;3016173;3157397;3298030;3438872;3579276;3720291;3864254;4012244;4162815;4314753;4467342;4619567;4770537;4919734;5067255;5209895;5343114;5464296;5574519;5674802;5765692;5848178;5923895;5992761;6052710;6114911;6195985;6305561;6440967;6602686;6779782;6954755;7115536;7263504;7398788;7516234;7609815;7676222;7715300;7726054;7715112;7692923;7666987;7635743;7597019;7558569;7531415;7521177
70-74;2102224;2156789;2204652;2253926;2316429;2398670;2498217;2614903;2743842;2877091;3009885;3142991;3275848;3409374;3545763;3685934;3828611;3972652;4117387;4261854;4405172;4546874;4687048;4822679;4949468;5064985;5170268;5266293;5353559;5432924;5505888;5572460;5630751;5691223;5769421;5874274;6003151;6156325;6323635;6488820;6640747;6780731;6908947;7020499;7109604;7173107;7210968;7222358;7213525;7194194;7171363
75-79;1492784;1544677;1606315;1672386;1735303;1791602;1843027;1889061;1936628;1995878;2072284;2163783;2270175;2387224;2508065;2628645;2749655;2870706;2992562;3117106;3245094;3375377;3506991;3639270;3771408;3902531;4032250;4160652;4284966;4401296;4507406;4604325;4693006;4773850;4847542;4915432;4977539;5032292;5089135;5162077;5259045;5377458;5517370;5669626;5819805;5958073;6085643;6202786;6304934;6386709;6445168
80-84;1011816;1034783;1057594;1083186;1114797;1153777;1199670;1253255;1310296;1364756;1413939;1459433;1501065;1544334;1597295;1664180;1743331;1834577;1934437;2037456;2140390;2243880;2347676;2452397;2559507;2669564;2781618;2894907;3008818;3122667;3235703;3347602;3458462;3565860;3666442;3758266;3842366;3919622;3990318;4054925;4114525;4169257;4217871;4268491;4332980;4417881;4520736;4641272;4771766;4900246;5018661
85-89;515585;561054;595323;622495;645478;666361;686636;707112;729646;756364;788078;824584;866553;910910;953385;992126;1028467;1062520;1098244;1141243;1194404;1256505;1327396;1404534;1484026;1563596;1643821;1724600;1806345;1890062;1976064;2063667;2152289;2241448;2330625;2419249;2507052;2594154;2678588;2757716;2830025;2896448;2957798;3014175;3065860;3113604;3157654;3197122;3238392;3290628;3358671
90+;299377;303275;320960;346041;374235;402722;431711;461744;491843;521388;549987;578698;608342;639404;672708;708377;746862;789019;833124;877075;919928;962997;1007016;1053519;1104693;1161569;1223950;1292026;1365005;1441733;1521483;1604650;1691387;1781513;1874969;1971456;2070785;2172676;2276714;2382536;2489591;2597630;2706598;2814921;2920605;3022439;3121128;3217393;3310325;3398853;3482771
