Rio Grande do Norte;;;;;;;;;;;;;;;;;;;;;;;;;;;;;;;;;;;;;;;;;;;;;;;;;;;
Dados;;;;;;;;;;;;;;;;;;;;;;;;;;;;;;;;;;;;;;;;;;;;;;;;;;;
Ano;População total;Homens;Mulheres;Nascimentos;Óbitos;Taxa de Crescimento Geométrico;Taxa Bruta de Natalidade;Taxa Bruta de Mortalidade;Esperança de Vida ao Nascer;Esperança de Vida ao Nascer - Homens;Esperança de Vida ao Nascer - Mulheres;Taxa de Mortalidade Infantil;Taxa de Mortalidade Infantil - Homens;Taxa de Mortalidade Infantil - Mulheres;Taxa de Fecundidade Total;Razão de Dependência - Jovens 0 a 14 anos;Razão de Dependência - Idosos 65 ou mais anos;Razão de Dependência;Índice de Envelhecimento;;;;;;;;;;;;;;;;;;;;;;;;;;;;;;;;
2010;3239939;1584137;1655802;49915;21068;x;15.41;6.5;74.1;70.16;78.14;20.6;23.86;17.17;1.73;38.05;11.16;49.21;29.41;;;;;;;;;;;;;;;;;;;;;;;;;;;;;;;;
2011;3271415;1598982;1672433;50858;21062;0.97;15.55;6.44;74.41;70.45;78.45;19.25;22.3;16.06;1.76;36.95;11.3;48.25;30.52;;;;;;;;;;;;;;;;;;;;;;;;;;;;;;;;
2012;3302720;1613743;1688977;49724;21155;0.96;15.06;6.41;74.69;70.72;78.75;18.08;20.92;15.09;1.71;35.89;11.49;47.38;31.97;;;;;;;;;;;;;;;;;;;;;;;;;;;;;;;;
2013;3332952;1627967;1704985;48992;21278;0.92;14.7;6.38;74.97;70.99;79.03;17.04;19.71;14.24;1.68;34.86;11.7;46.56;33.61;;;;;;;;;;;;;;;;;;;;;;;;;;;;;;;;
2014;3363084;1642156;1720928;49875;21441;0.9;14.83;6.38;75.23;71.24;79.29;16.14;18.64;13.5;1.7;33.92;11.92;45.84;35.19;;;;;;;;;;;;;;;;;;;;;;;;;;;;;;;;
2015;3393814;1656668;1737146;50605;21629;0.91;14.91;6.37;75.48;71.49;79.54;15.34;17.7;12.87;1.73;33.12;12.12;45.23;36.4;;;;;;;;;;;;;;;;;;;;;;;;;;;;;;;;
2016;3422843;1670328;1752515;46897;21798;0.86;13.7;6.37;75.72;71.73;79.77;14.65;16.87;12.32;1.6;32.36;12.31;44.67;37.95;;;;;;;;;;;;;;;;;;;;;;;;;;;;;;;;
2017;3450669;1683393;1767276;48628;21994;0.81;14.09;6.37;75.96;71.96;79.99;14.05;16.15;11.84;1.66;31.69;12.5;44.19;39.55;;;;;;;;;;;;;;;;;;;;;;;;;;;;;;;;
2018;3479010;1696742;1782268;48442;22249;0.82;13.92;6.4;76.17;72.18;80.19;13.53;15.52;11.44;1.65;31.1;12.69;43.79;40.74;;;;;;;;;;;;;;;;;;;;;;;;;;;;;;;;
2019;3506853;1709856;1796997;48223;22518;0.8;13.75;6.42;76.38;72.4;80.38;13.07;14.96;11.09;1.65;30.56;12.91;43.47;42.25;;;;;;;;;;;;;;;;;;;;;;;;;;;;;;;;
2020;3534165;1722717;1811448;48008;22815;0.78;13.58;6.46;76.57;72.6;80.56;12.68;14.48;10.79;1.65;29.99;13.16;43.15;44.02;;;;;;;;;;;;;;;;;;;;;;;;;;;;;;;;
2021;3560903;1735303;1825600;47760;23135;0.76;13.41;6.5;76.76;72.8;80.73;12.34;14.06;10.54;1.65;29.45;13.45;42.9;45.63;;;;;;;;;;;;;;;;;;;;;;;;;;;;;;;;
2022;3586972;1747566;1839406;47419;23500;0.73;13.22;6.55;76.93;72.99;80.88;12.05;13.69;10.32;1.64;29.04;13.77;42.82;47.29;;;;;;;;;;;;;;;;;;;;;;;;;;;;;;;;
2023;3612280;1759460;1852820;47055;23888;0.71;13.03;6.61;77.1;73.17;81.03;11.79;13.37;10.13;1.64;28.65;14.14;42.8;49.25;;;;;;;;;;;;;;;;;;;;;;;;;;;;;;;;
2024;3636783;1770963;1865820;46685;24312;0.68;12.84;6.69;77.26;73.35;81.16;11.57;13.09;9.97;1.64;28.27;14.56;42.83;51.52;;;;;;;;;;;;;;;;;;;;;;;;;;;;;;;;
2025;3660428;1782050;1878378;46285;24768;0.65;12.64;6.77;77.41;73.52;81.29;11.38;12.84;9.84;1.64;27.97;15.05;43.02;53.57;;;;;;;;;;;;;;;;;;;;;;;;;;;;;;;;
2026;3683162;1792699;1890463;45870;25255;0.62;12.45;6.86;77.55;73.68;81.41;11.21;12.63;9.72;1.64;27.7;15.59;43.29;56.48;;;;;;;;;;;;;;;;;;;;;;;;;;;;;;;;
2027;3704935;1802886;1902049;45430;25768;0.59;12.26;6.96;77.69;73.84;81.52;11.07;12.44;9.63;1.64;27.44;16.18;43.62;59.16;;;;;;;;;;;;;;;;;;;;;;;;;;;;;;;;
2028;3725694;1812586;1913108;44969;26316;0.56;12.07;7.06;77.81;73.98;81.63;10.95;12.28;9.54;1.64;27.22;16.83;44.05;61.9;;;;;;;;;;;;;;;;;;;;;;;;;;;;;;;;
2029;3745416;1821789;1923627;44524;26873;0.53;11.89;7.17;77.93;74.13;81.72;10.84;12.13;9.47;1.64;26.99;17.49;44.48;64.71;;;;;;;;;;;;;;;;;;;;;;;;;;;;;;;;
2030;3764104;1830494;1933610;44097;27445;0.5;11.72;7.29;78.04;74.26;81.81;10.74;12.01;9.41;1.64;26.71;18.16;44.87;67.93;;;;;;;;;;;;;;;;;;;;;;;;;;;;;;;;
2031;3781756;1838701;1943055;43642;28032;0.47;11.54;7.41;78.15;74.39;81.9;10.66;11.9;9.36;1.64;26.5;18.84;45.34;71.43;;;;;;;;;;;;;;;;;;;;;;;;;;;;;;;;
2032;3798352;1846398;1951954;43182;28642;0.44;11.37;7.54;78.25;74.52;81.98;10.59;11.8;9.32;1.64;26.32;19.55;45.87;74.44;;;;;;;;;;;;;;;;;;;;;;;;;;;;;;;;
2033;3813882;1853581;1960301;42747;29270;0.41;11.21;7.67;78.35;74.64;82.05;10.53;11.71;9.28;1.64;26.1;20.25;46.35;77.53;;;;;;;;;;;;;;;;;;;;;;;;;;;;;;;;
2034;3828342;1860250;1968092;42329;29927;0.38;11.06;7.82;78.45;74.75;82.12;10.48;11.64;9.25;1.64;25.86;20.94;46.8;81.25;;;;;;;;;;;;;;;;;;;;;;;;;;;;;;;;
2035;3841717;1866398;1975319;41929;30621;0.35;10.91;7.97;78.53;74.86;82.18;10.43;11.57;9.23;1.64;25.63;21.6;47.23;84.48;;;;;;;;;;;;;;;;;;;;;;;;;;;;;;;;
2036;3853989;1872019;1981970;41526;31332;0.32;10.77;8.13;78.61;74.97;82.24;10.39;11.52;9.2;1.64;25.39;22.25;47.64;87.79;;;;;;;;;;;;;;;;;;;;;;;;;;;;;;;;
2037;3865144;1877107;1988037;41145;32071;0.29;10.65;8.3;78.69;75.07;82.29;10.35;11.47;9.18;1.64;25.15;22.87;48.01;90.59;;;;;;;;;;;;;;;;;;;;;;;;;;;;;;;;
2038;3875180;1881662;1993518;40782;32825;0.26;10.52;8.47;78.76;75.16;82.34;10.32;11.42;9.17;1.64;24.91;23.48;48.39;94.05;;;;;;;;;;;;;;;;;;;;;;;;;;;;;;;;
2039;3884099;1885684;1998415;40430;33592;0.23;10.41;8.65;78.83;75.26;82.39;10.29;11.38;9.15;1.64;24.69;24.1;48.79;97.59;;;;;;;;;;;;;;;;;;;;;;;;;;;;;;;;
2040;3891897;1889169;2002728;40083;34366;0.2;10.3;8.83;78.89;75.34;82.43;10.27;11.35;9.14;1.64;24.48;24.76;49.24;101.22;;;;;;;;;;;;;;;;;;;;;;;;;;;;;;;;
2041;3898577;1892116;2006461;39745;35144;0.17;10.19;9.01;78.95;75.43;82.48;10.25;11.32;9.13;1.64;24.29;25.44;49.73;104.94;;;;;;;;;;;;;;;;;;;;;;;;;;;;;;;;
2042;3904155;1894533;2009622;39447;35934;0.14;10.1;9.2;79.01;75.51;82.51;10.23;11.29;9.12;1.64;24.11;26.16;50.28;108.75;;;;;;;;;;;;;;;;;;;;;;;;;;;;;;;;
2043;3908642;1896424;2012218;39156;36736;0.11;10.02;9.4;79.06;75.58;82.55;10.21;11.26;9.12;1.64;23.96;26.92;50.88;111.95;;;;;;;;;;;;;;;;;;;;;;;;;;;;;;;;
2044;3912024;1897783;2014241;38861;37559;0.09;9.93;9.6;79.11;75.65;82.58;10.2;11.24;9.11;1.64;23.83;27.72;51.54;116.56;;;;;;;;;;;;;;;;;;;;;;;;;;;;;;;;
2045;3914280;1898602;2015678;38564;38395;0.06;9.85;9.81;79.16;75.72;82.61;10.19;11.22;9.11;1.64;23.71;28.56;52.27;120.51;;;;;;;;;;;;;;;;;;;;;;;;;;;;;;;;
2046;3915401;1898879;2016522;38278;39246;0.03;9.78;10.02;79.21;75.79;82.64;10.18;11.21;9.1;1.64;23.62;29.44;53.05;124.68;;;;;;;;;;;;;;;;;;;;;;;;;;;;;;;;
2047;3915396;1898622;2016774;38020;40104;0;9.71;10.24;79.25;75.85;82.67;10.17;11.19;9.1;1.64;23.55;30.35;53.9;128.76;;;;;;;;;;;;;;;;;;;;;;;;;;;;;;;;
2048;3914271;1897835;2016436;37763;40970;-0.03;9.65;10.47;79.29;75.91;82.69;10.16;11.18;9.1;1.64;23.49;31.31;54.81;132.89;;;;;;;;;;;;;;;;;;;;;;;;;;;;;;;;
2049;3912020;1896519;2015501;37491;41829;-0.06;9.58;10.69;79.33;75.97;82.71;10.16;11.17;9.09;1.64;23.46;32.3;55.76;137.09;;;;;;;;;;;;;;;;;;;;;;;;;;;;;;;;
2050;3908632;1894670;2013962;37210;42688;-0.09;9.52;10.92;79.37;76.02;82.73;10.15;11.16;9.09;1.64;23.44;33.32;56.76;142;;;;;;;;;;;;;;;;;;;;;;;;;;;;;;;;
2051;3904116;1892296;2011820;36935;43532;-0.12;9.46;11.15;79.4;76.07;82.75;10.15;11.15;9.09;1.64;23.44;34.36;57.8;146.31;;;;;;;;;;;;;;;;;;;;;;;;;;;;;;;;
2052;3898491;1889409;2009082;36673;44369;-0.14;9.41;11.38;79.43;76.12;82.77;10.14;11.14;9.09;1.64;23.45;35.43;58.88;150.68;;;;;;;;;;;;;;;;;;;;;;;;;;;;;;;;
2053;3891770;1886016;2005754;36399;45187;-0.17;9.35;11.61;79.46;76.17;82.79;10.13;11.13;9.09;1.64;23.48;36.5;59.98;155.1;;;;;;;;;;;;;;;;;;;;;;;;;;;;;;;;
2054;3883966;1882121;2001845;36113;45976;-0.2;9.3;11.84;79.49;76.21;82.8;10.13;11.13;9.08;1.64;23.5;37.54;61.05;159.59;;;;;;;;;;;;;;;;;;;;;;;;;;;;;;;;
2055;3875091;1877728;1997363;35812;46741;-0.23;9.24;12.06;79.52;76.26;82.82;10.13;11.12;9.08;1.64;23.53;38.52;62.05;164.14;;;;;;;;;;;;;;;;;;;;;;;;;;;;;;;;
2056;3865173;1872848;1992325;35524;47472;-0.26;9.19;12.28;79.54;76.3;82.83;10.12;11.12;9.08;1.64;23.55;39.45;63;168.06;;;;;;;;;;;;;;;;;;;;;;;;;;;;;;;;
2057;3854254;1867501;1986753;35245;48176;-0.28;9.14;12.5;79.57;76.34;82.85;10.12;11.11;9.08;1.64;23.57;40.3;63.87;170.83;;;;;;;;;;;;;;;;;;;;;;;;;;;;;;;;
2058;3842355;1861695;1980660;34952;48860;-0.31;9.1;12.72;79.59;76.37;82.86;10.12;11.11;9.08;1.64;23.58;41.11;64.69;174.83;;;;;;;;;;;;;;;;;;;;;;;;;;;;;;;;
2059;3829494;1855435;1974059;34655;49512;-0.33;9.05;12.93;79.61;76.41;82.87;10.12;11.1;9.08;1.64;23.6;41.91;65.51;176.92;;;;;;;;;;;;;;;;;;;;;;;;;;;;;;;;
2060;3815691;1848729;1966962;34353;50144;-0.36;9;13.14;79.63;76.44;82.88;10.12;11.1;9.08;1.64;23.62;42.71;66.33;180.99;;;;;;;;;;;;;;;;;;;;;;;;;;;;;;;;
Faixas etárias;;;;;;;;;;;;;;;;;;;;;;;;;;;;;;;;;;;;;;;;;;;;;;;;;;;
Total;;;;;;;;;;;;;;;;;;;;;;;;;;;;;;;;;;;;;;;;;;;;;;;;;;;
Faixa/Ano;2010;2011;2012;2013;2014;2015;2016;2017;2018;2019;2020;2021;2022;2023;2024;2025;2026;2027;2028;2029;2030;2031;2032;2033;2034;2035;2036;2037;2038;2039;2040;2041;2042;2043;2044;2045;2046;2047;2048;2049;2050;2051;2052;2053;2054;2055;2056;2057;2058;2059;2060
Total;3239939;3271415;3302720;3332952;3363084;3393814;3422843;3450669;3479010;3506853;3534165;3560903;3586972;3612280;3636783;3660428;3683162;3704935;3725694;3745416;3764104;3781756;3798352;3813882;3828342;3841717;3853989;3865144;3875180;3884099;3891897;3898577;3904155;3908642;3912024;3914280;3915401;3915396;3914271;3912020;3908632;3904116;3898491;3891770;3883966;3875091;3865173;3854254;3842355;3829494;3815691
0-4;257447;253075;250871;248087;245281;244856;243487;241206;240597;239675;237720;236998;236942;235746;234385;232846;231124;229263;227296;225239;223128;220975;218793;216604;214439;212297;210194;208152;206183;204281;202439;200652;198936;197294;195720;194196;192724;191296;189905;188541;187194;185862;184535;183193;181839;180468;179077;177674;176252;174815;173372
05/set;271026;268575;265682;263088;261328;257170;252822;250635;247866;245076;244661;243302;241029;240427;239513;237563;236848;236794;235603;234245;232711;230998;229142;227186;225134;223034;220887;218711;216531;214370;212234;210134;208098;206137;204240;202402;200617;198906;197267;195696;194176;192708;191280;189896;188532;187189;185863;184539;183198;181845;180476
out/14;297645;293729;287831;281573;275585;271863;269405;266508;263910;262143;257979;253627;251434;248658;245854;245433;244059;241773;241158;240233;238269;237540;237477;236280;234927;233395;231687;229838;227889;225845;223748;221607;219435;217259;215101;212972;210877;208844;206886;204995;203161;201378;199671;198032;196465;194947;193482;192055;190675;189315;187974
15-19;301247;299945;299954;300456;300053;297914;294007;288126;281887;275916;272210;269763;266869;264269;262501;258341;253996;251802;249024;246219;245789;244413;242125;241510;240589;238635;237915;237862;236670;235326;233806;232110;230271;228329;226293;224206;222074;219912;217743;215593;213475;211386;209359;207409;205525;203694;201919;200217;198583;197022;195507
20-24;313696;312524;309425;305304;301610;299216;297961;298005;298542;298175;296079;292227;286408;280238;274330;270676;268267;265413;262848;261111;256995;252688;250516;247764;244985;244572;243217;240949;240350;239448;237511;236805;236762;235586;234257;232751;231067;229243;227318;225295;223221;221107;218959;216804;214668;212562;210482;208468;206527;204652;202835
25-29;291968;297518;302631;306842;309482;310193;309094;306084;302056;298449;296133;294941;295038;295625;295308;293272;289498;283763;277682;271856;268265;265908;263111;260591;258893;254824;250561;248417;245699;242949;242556;241221;238979;238394;237507;235589;234903;234867;233706;232394;230901;229232;227430;225518;223513;221457;219358;217224;215086;212963;210871
30-34;256474;263460;270465;277324;283866;289919;295461;300576;304789;307453;308197;307148;304199;300233;296692;294421;293265;293390;293999;293707;291708;287981;282309;276292;270529;266986;264664;261905;259419;257751;253723;249499;247381;244694;241974;241595;240278;238060;237489;236614;234719;234044;234013;232870;231570;230093;228439;226653;224756;222769;220724
35-39;226686;230487;235591;241725;248377;255189;262133;269095;275919;282425;288451;293966;299061;303262;305927;306692;305673;302773;298857;295364;293124;291999;292139;292762;292491;290529;286855;281252;275308;269612;266119;263838;261114;258664;257022;253036;248856;246765;244111;241425;241059;239762;237567;237009;236148;234276;233613;233589;232461;231173;229714
40-44;217993;219717;220534;221093;222351;224912;228699;233770;239860;246461;253221;260115;267025;273801;280259;286244;291726;296789;300975;303636;304421;303434;300593;296751;293330;291148;290069;290238;290882;290640;288724;285108;279583;273721;268103;264668;262429;259748;257332;255720;251786;247657;245597;242979;240332;239979;238704;236540;235990;235146;233303
45-49;193564;199918;205207;209460;212787;215328;217070;217917;218515;219799;222363;226131;231161;237187;243720;250405;257224;264062;270766;277156;283081;288516;293535;297695;300354;301166;300232;297468;293716;290379;288260;287230;287432;288088;287869;286000;282449;277014;271251;265728;262359;260169;257537;255161;253582;249711;245646;243617;241048;238444;238105
50-54;148307;156376;165173;174151;182530;189809;196051;201266;205473;208774;211310;213068;213948;214589;215897;218458;222194;227156;233090;239520;246098;252808;259541;266147;272452;278303;283674;288640;292760;295409;296242;295365;292690;289047;285816;283772;282800;283028;283694;283497;281680;278214;272895;267263;261865;258585;256457;253885;251562;250026;246236
55-59;116423;119802;124344;129961;136447;143617;151455;160007;168732;176889;183984;190081;195194;199335;202601;205124;206893;207810;208501;209828;212378;216059;220929;226740;233028;239469;246038;252630;259098;265269;271001;276265;281133;285183;287795;288640;287817;285251;281745;278640;276687;275772;276022;276690;276514;274759;271399;266240;260781;255548;252387
60-64;105038;106955;107613;107757;108547;110681;113982;118372;123787;130034;136938;144479;152705;161099;168953;175792;181682;186644;190674;193876;196353;198115;199064;199793;201141;203658;207253;211981;217607;223688;229920;236269;242642;248894;254857;260397;265495;270204;274127;276662;277499;276731;274290;270951;268002;266159;265310;265576;266232;266074;264390
65-69;77122;80604;85241;90291;94607;97582;99434;100137;100373;101207;103294;106465;110638;115764;121670;128199;135322;143087;151013;158427;164894;170471;175190;179046;182123;184514;186237;187195;187948;189288;191727;195179;199686;205032;210801;216716;222734;228778;234702;240355;245604;250439;254908;258633;261042;261847;261139;258854;255733;252983;251282
70-74;63081;64589;65290;65776;66928;69200;72424;76680;81298;85256;88004;89744;90470;90780;91635;93622;96586;100445;105159;110584;116583;123126;130250;137517;144313;150251;155383;159740;163321;166186;168420;170044;170975;171724;173016;175313;178530;182700;187631;192944;198391;203932;209490;214938;220136;224958;229403;233515;236941;239159;239895
75-79;40963;42734;45392;48408;51062;52992;54333;55017;55544;56651;58711;61580;65311;69337;72784;75188;76734;77439;77809;78663;80480;83130;86540;90675;95425;100678;106401;112627;118960;124882;130047;134524;138342;141495;144029;146005;147454;148309;149016;150203;152275;155136;158816;163141;167788;172560;177408;182259;187016;191550;195757
80-84;31675;30928;30190;29736;29884;30749;32235;34376;36769;38871;40416;41519;42144;42673;43668;45408;47772;50790;54014;56765;58694;59960;60592;60987;61784;63335;65533;68311;71651;75477;79715;84317;89316;94384;99114;103234;106810;109882;112434;114495;116096;117283;118002;118617;119635;121366;123720;126715;130201;133936;137772
85-89;18609;19891;20372;20380;20149;19831;19497;19166;19017;19262;19969;21075;22595;24262;25725;26808;27609;28107;28566;29361;30662;32385;34532;36805;38730;40081;40989;41485;41846;42498;43672;45289;47282;49655;52367;55372;58630;62156;65718;69025;71902;74398;76564;78379;79845;80979;81828;82355;82827;83597;84881
90+;10975;10588;10914;11540;12210;12793;13293;13726;14076;14337;14525;14674;14801;14995;15361;15936;16690;17635;18660;19626;20471;21250;21974;22737;23675;24842;26200;27743;29342;30801;32033;33121;34098;35062;36143;37416;38857;40433;42196;44198;46447;48906;51556;54287;56965;59502;61926;64279;66486;68477;70210
Homens;;;;;;;;;;;;;;;;;;;;;;;;;;;;;;;;;;;;;;;;;;;;;;;;;;;
Faixa/Ano;2010;2011;2012;2013;2014;2015;2016;2017;2018;2019;2020;2021;2022;2023;2024;2025;2026;2027;2028;2029;2030;2031;2032;2033;2034;2035;2036;2037;2038;2039;2040;2041;2042;2043;2044;2045;2046;2047;2048;2049;2050;2051;2052;2053;2054;2055;2056;2057;2058;2059;2060
Total;1584137;1598982;1613743;1627967;1642156;1656668;1670328;1683393;1696742;1709856;1722717;1735303;1747566;1759460;1770963;1782050;1792699;1802886;1812586;1821789;1830494;1838701;1846398;1853581;1860250;1866398;1872019;1877107;1881662;1885684;1889169;1892116;1894533;1896424;1897783;1898602;1898879;1898622;1897835;1896519;1894670;1892296;1889409;1886016;1882121;1877728;1872848;1867501;1861695;1855435;1848729
0-4;131289;129106;128019;126626;125222;125031;124354;123207;122914;122461;121475;121120;121104;120503;119818;119040;118167;117224;116224;115177;114103;113008;111896;110780;109676;108583;107510;106468;105463;104492;103552;102640;101764;100925;100121;99342;98591;97862;97151;96453;95765;95085;94405;93719;93026;92326;91615;90898;90171;89436;88697
05/set;137770;136611;135218;133974;133144;131080;128911;127834;126451;125055;124872;124201;123059;122772;122324;121342;120992;120977;120381;119700;118926;118057;117119;116125;115082;114015;112924;111817;110706;109605;108517;107445;106407;105407;104440;103503;102591;101719;100882;100081;99304;98554;97828;97121;96423;95737;95060;94382;93697;93005;92307
out/14;151688;149652;146543;143221;140062;138123;136961;135567;134322;133489;131422;129254;128176;126790;125389;125204;124528;123380;123087;122635;121647;121291;121272;120675;119996;119225;118359;117426;116435;115398;114332;113246;112141;111034;109934;108851;107784;106746;105749;104785;103851;102942;102071;101235;100437;99662;98913;98188;97482;96787;96103
15-19;151873;151506;151874;152501;152590;151660;149632;146538;143234;140091;138169;137018;135629;134388;133556;131496;129339;128263;126878;125481;125292;124620;123474;123183;122738;121758;121410;121397;120808;120135;119373;118517;117591;116608;115579;114519;113441;112344;111242;110149;109074;108011;106979;105988;105030;104098;103197;102330;101499;100706;99933
20-24;157120;156535;154982;152947;151205;150222;149890;150284;150934;151050;150154;148170;145128;141880;138789;136910;135790;134433;133221;132415;130391;128265;127209;125848;124471;124297;123643;122515;122238;121809;120844;120507;120504;119927;119266;118519;117673;116759;115792;114773;113726;112662;111576;110486;109406;108342;107287;106265;105284;104332;103412
25-29;144821;147787;150517;152765;154181;154576;154042;152553;150587;148908;147978;147690;148120;148803;148955;148103;146176;143199;140019;136991;135160;134079;132765;131588;130814;128829;126738;125705;124372;123019;122861;122225;121118;120853;120439;119490;119167;119173;118607;117962;117225;116392;115496;114541;113537;112505;111453;110380;109303;108235;107181
30-34;125795;129412;133050;136632;140069;143279;146233;148958;151203;152636;153054;152557;151114;149195;147563;146668;146405;146854;147551;147720;146898;145008;142079;138949;135971;134176;133124;131841;130690;129940;127989;125927;124917;123609;122278;122133;121513;120424;120171;119767;118835;118523;118534;117983;117347;116623;115804;114919;113977;112986;111965
35-39;109931;111874;114488;117630;121044;124550;128133;131739;135295;138702;141893;144829;147542;149781;151218;151655;151185;149784;147910;146319;145452;145214;145677;146387;146573;145782;143934;141059;137986;135062;133306;132287;131031;129906;129178;127259;125231;124244;122962;121656;121523;120918;119848;119604;119213;118299;117996;118017;117475;116850;116140
40-44;105020;105799;106143;106384;107003;108302;110236;112827;115936;119316;122788;126335;129906;133431;136808;139973;142890;145585;147818;149259;149718;149280;147929;146111;144575;143750;143547;144030;144756;144963;144207;142403;139590;136579;133714;132003;131014;129790;128691;127987;126106;124117;123153;121900;120623;120500;119913;118864;118630;118252;117359
45-49;92420;95554;98147;100212;101802;102986;103779;104143;104412;105048;106349;108270;110834;113902;117236;120659;124157;127683;131161;134496;137622;140509;143179;145400;146843;147325;146926;145631;143876;142400;141619;141450;141951;142686;142909;142184;140431;137682;134741;131944;130280;129325;128136;127065;126384;124548;122604;121662;120442;119195;119084
50-54;69628;73570;77865;82243;86335;89900;92954;95495;97526;99098;100278;101083;101469;101764;102419;103719;105619;108139;111148;114415;117770;121201;124657;128071;131350;134428;137274;139910;142108;143545;144043;143684;142452;140772;139365;138633;138498;139013;139752;139988;139297;137601;134932;132081;129369;127765;126849;125702;124665;124014;122229
55-59;53407;55012;57213;59955;63113;66587;70375;74506;78719;82663;86105;89064;91539;93527;95078;96251;97067;97480;97809;98480;99774;101640;104103;107035;110213;113479;116818;120184;123508;126702;129704;132482;135054;137206;138623;139131;138809;137649;136058;134731;134056;133953;134477;135210;135455;134802;133176;130612;127877;125273;123747
60-64;47903;48612;48731;48637;48897;49849;51396;53493;56096;59096;62395;65988;69906;73906;77653;80929;83755;86132;88051;89561;90710;91523;91960;92316;93002;94276;96087;98458;101271;104317;107448;110645;113872;117057;120115;122993;125661;128131;130201;131569;132073;131789;130708;129225;127994;127382;127315;127838;128552;128801;128190
65-69;34641;36140;38160;40347;42172;43363;44036;44187;44153;44439;45360;46821;48778;51194;53975;57035;60364;63993;67701;71174;74217;76849;79076;80888;82323;83425;84219;84668;85043;85724;86950;88672;90903;93540;96391;99320;102310;105328;108305;111165;113857;116356;118673;120616;121903;122389;122143;121160;119812;118700;118165
70-74;27776;28376;28607;28741;29176;30104;31449;33245;35182;36804;37870;38488;38662;38681;38983;39844;41178;42941;45105;47594;50334;53314;56558;59873;62979;65705;68073;70085;71737;73050;74064;74804;75243;75619;76271;77411;78988;81014;83398;85972;88616;91312;94034;96717;99298;101725;103979;106072;107828;108995;109438
75-79;17425;18118;19218;20477;21564;22329;22834;23053;23208;23617;24427;25576;27086;28702;30054;30946;31473;31653;31718;32026;32792;33946;35451;37280;39381;41696;44208;46942;49728;52340;54629;56626;58333;59743;60872;61745;62391;62791;63144;63734;64738;66106;67841;69871;72056;74303;76594;78900;81175;83361;85419
80-84;13370;12856;12371;12034;11984;12257;12803;13631;14563;15364;15933;16320;16514;16676;17029;17678;18572;19722;20940;21952;22625;23034;23199;23296;23583;24210;25123;26286;27688;29292;31063;32979;35061;37177;39156;40891;42408;43716;44808;45687;46366;46876;47207;47509;48000;48809;49889;51242;52807;54486;56214
85-89;7924;8297;8322;8155;7905;7636;7378;7138;6986;7009;7222;7596;8130;8718;9223;9581;9837;9983;10120;10386;10834;11434;12185;12970;13616;14044;14314;14443;14543;14770;15215;15840;16613;17534;18587;19748;21005;22364;23739;25019;26144;27127;27985;28710;29295;29746;30092;30326;30548;30902;31469
90+;4336;4165;4275;4486;4688;4834;4932;4995;5021;5010;4973;4923;4870;4847;4893;5017;5205;5461;5744;6008;6229;6429;6610;6806;7064;7395;7788;8242;8706;9121;9453;9737;9988;10242;10545;10927;11373;11873;12442;13097;13834;14647;15526;16435;17325;18167;18969;19744;20471;21119;21677
Mulheres;;;;;;;;;;;;;;;;;;;;;;;;;;;;;;;;;;;;;;;;;;;;;;;;;;;
Faixa/Ano;2010;2011;2012;2013;2014;2015;2016;2017;2018;2019;2020;2021;2022;2023;2024;2025;2026;2027;2028;2029;2030;2031;2032;2033;2034;2035;2036;2037;2038;2039;2040;2041;2042;2043;2044;2045;2046;2047;2048;2049;2050;2051;2052;2053;2054;2055;2056;2057;2058;2059;2060
Total;1655802;1672433;1688977;1704985;1720928;1737146;1752515;1767276;1782268;1796997;1811448;1825600;1839406;1852820;1865820;1878378;1890463;1902049;1913108;1923627;1933610;1943055;1951954;1960301;1968092;1975319;1981970;1988037;1993518;1998415;2002728;2006461;2009622;2012218;2014241;2015678;2016522;2016774;2016436;2015501;2013962;2011820;2009082;2005754;2001845;1997363;1992325;1986753;1980660;1974059;1966962
0-4;126158;123969;122852;121461;120059;119825;119133;117999;117683;117214;116245;115878;115838;115243;114567;113806;112957;112039;111072;110062;109025;107967;106897;105824;104763;103714;102684;101684;100720;99789;98887;98012;97172;96369;95599;94854;94133;93434;92754;92088;91429;90777;90130;89474;88813;88142;87462;86776;86081;85379;84675
05/set;133256;131964;130464;129114;128184;126090;123911;122801;121415;120021;119789;119101;117970;117655;117189;116221;115856;115817;115222;114545;113785;112941;112023;111061;110052;109019;107963;106894;105825;104765;103717;102689;101691;100730;99800;98899;98026;97187;96385;95615;94872;94154;93452;92775;92109;91452;90803;90157;89501;88840;88169
out/14;145957;144077;141288;138352;135523;133740;132444;130941;129588;128654;126557;124373;123258;121868;120465;120229;119531;118393;118071;117598;116622;116249;116205;115605;114931;114170;113328;112412;111454;110447;109416;108361;107294;106225;105167;104121;103093;102098;101137;100210;99310;98436;97600;96797;96028;95285;94569;93867;93193;92528;91871
15-19;149374;148439;148080;147955;147463;146254;144375;141588;138653;135825;134041;132745;131240;129881;128945;126845;124657;123539;122146;120738;120497;119793;118651;118327;117851;116877;116505;116465;115862;115191;114433;113593;112680;111721;110714;109687;108633;107568;106501;105444;104401;103375;102380;101421;100495;99596;98722;97887;97084;96316;95574
20-24;156576;155989;154443;152357;150405;148994;148071;147721;147608;147125;145925;144057;141280;138358;135541;133766;132477;130980;129627;128696;126604;124423;123307;121916;120514;120275;119574;118434;118112;117639;116667;116298;116258;115659;114991;114232;113394;112484;111526;110522;109495;108445;107383;106318;105262;104220;103195;102203;101243;100320;99423
25-29;147147;149731;152114;154077;155301;155617;155052;153531;151469;149541;148155;147251;146918;146822;146353;145169;143322;140564;137663;134865;133105;131829;130346;129003;128079;125995;123823;122712;121327;119930;119695;118996;117861;117541;117068;116099;115736;115694;115099;114432;113676;112840;111934;110977;109976;108952;107905;106844;105783;104728;103690
30-34;130679;134048;137415;140692;143797;146640;149228;151618;153586;154817;155143;154591;153085;151038;149129;147753;146860;146536;146448;145987;144810;142973;140230;137343;134558;132810;131540;130064;128729;127811;125734;123572;122464;121085;119696;119462;118765;117636;117318;116847;115884;115521;115479;114887;114223;113470;112635;111734;110779;109783;108759
35-39;116755;118613;121103;124095;127333;130639;134000;137356;140624;143723;146558;149137;151519;153481;154709;155037;154488;152989;150947;149045;147672;146785;146462;146375;145918;144747;142921;140193;137322;134550;132813;131551;130083;128758;127844;125777;123625;122521;121149;119769;119536;118844;117719;117405;116935;115977;115617;115572;114986;114323;113574
40-44;112973;113918;114391;114709;115348;116610;118463;120943;123924;127145;130433;133780;137119;140370;143451;146271;148836;151204;153157;154377;154703;154154;152664;150640;148755;147398;146522;146208;146126;145677;144517;142705;139993;137142;134389;132665;131415;129958;128641;127733;125680;123540;122444;121079;119709;119479;118791;117676;117360;116894;115944
45-49;101144;104364;107060;109248;110985;112342;113291;113774;114103;114751;116014;117861;120327;123285;126484;129746;133067;136379;139605;142660;145459;148007;150356;152295;153511;153841;153306;151837;149840;147979;146641;145780;145481;145402;144960;143816;142018;139332;136510;133784;132079;130844;129401;128096;127198;125163;123042;121955;120606;119249;119021
50-54;78679;82806;87308;91908;96195;99909;103097;105771;107947;109676;111032;111985;112479;112825;113478;114739;116575;119017;121942;125105;128328;131607;134884;138076;141102;143875;146400;148730;150652;151864;152199;151681;150238;148275;146451;145139;144302;144015;143942;143509;142383;140613;137963;135182;132496;130820;129608;128183;126897;126012;124007
55-59;63016;64790;67131;70006;73334;77030;81080;85501;90013;94226;97879;101017;103655;105808;107523;108873;109826;110330;110692;111348;112604;114419;116826;119705;122815;125990;129220;132446;135590;138567;141297;143783;146079;147977;149172;149509;149008;147602;145687;143909;142631;141819;141545;141480;141059;139957;138223;135628;132904;130275;128640
60-64;57135;58343;58882;59120;59650;60832;62586;64879;67691;70938;74543;78491;82799;87193;91300;94863;97927;100512;102623;104315;105643;106592;107104;107477;108139;109382;111166;113523;116336;119371;122472;125624;128770;131837;134742;137404;139834;142073;143926;145093;145426;144942;143582;141726;140008;138777;137995;137738;137680;137273;136200
65-69;42481;44464;47081;49944;52435;54219;55398;55950;56220;56768;57934;59644;61860;64570;67695;71164;74958;79094;83312;87253;90677;93622;96114;98158;99800;101089;102018;102527;102905;103564;104777;106507;108783;111492;114410;117396;120424;123450;126397;129190;131747;134083;136235;138017;139139;139458;138996;137694;135921;134283;133117
70-74;35305;36213;36683;37035;37752;39096;40975;43435;46116;48452;50134;51256;51808;52099;52652;53778;55408;57504;60054;62990;66249;69812;73692;77644;81334;84546;87310;89655;91584;93136;94356;95240;95732;96105;96745;97902;99542;101686;104233;106972;109775;112620;115456;118221;120838;123233;125424;127443;129113;130164;130457
75-79;23538;24616;26174;27931;29498;30663;31499;31964;32336;33034;34284;36004;38225;40635;42730;44242;45261;45786;46091;46637;47688;49184;51089;53395;56044;58982;62193;65685;69232;72542;75418;77898;80009;81752;83157;84260;85063;85518;85872;86469;87537;89030;90975;93270;95732;98257;100814;103359;105841;108189;110338
80-84;18305;18072;17819;17702;17900;18492;19432;20745;22206;23507;24483;25199;25630;25997;26639;27730;29200;31068;33074;34813;36069;36926;37393;37691;38201;39125;40410;42025;43963;46185;48652;51338;54255;57207;59958;62343;64402;66166;67626;68808;69730;70407;70795;71108;71635;72557;73831;75473;77394;79450;81558
85-89;10685;11594;12050;12225;12244;12195;12119;12028;12031;12253;12747;13479;14465;15544;16502;17227;17772;18124;18446;18975;19828;20951;22347;23835;25114;26037;26675;27042;27303;27728;28457;29449;30669;32121;33780;35624;37625;39792;41979;44006;45758;47271;48579;49669;50550;51233;51736;52029;52279;52695;53412
90+;6639;6423;6639;7054;7522;7959;8361;8731;9055;9327;9552;9751;9931;10148;10468;10919;11485;12174;12916;13618;14242;14821;15364;15931;16611;17447;18412;19501;20636;21680;22580;23384;24110;24820;25598;26489;27484;28560;29754;31101;32613;34259;36030;37852;39640;41335;42957;44535;46015;47358;48533
Brasil;;;;;;;;;;;;;;;;;;;;;;;;;;;;;;;;;;;;;;;;;;;;;;;;;;;
Dados;;;;;;;;;;;;;;;;;;;;;;;;;;;;;;;;;;;;;;;;;;;;;;;;;;;
Ano;População total;Homens;Mulheres;Nascimentos;Óbitos;Taxa de Crescimento Geométrico;Taxa Bruta de Natalidade;Taxa Bruta de Mortalidade;Esperança de Vida ao Nascer;Esperança de Vida ao Nascer - Homens;Esperança de Vida ao Nascer - Mulheres;Taxa de Mortalidade Infantil;Taxa de Mortalidade Infantil - Homens;Taxa de Mortalidade Infantil - Mulheres;Taxa de Fecundidade Total;Razão de Dependência - Jovens 0 a 14 anos;Razão de Dependência - Idosos 65 ou mais anos;Razão de Dependência;Índice de Envelhecimento;;;;;;;;;;;;;;;;;;;;;;;;;;;;;;;;
2010;194890682;95513298;99377384;2939435;1240083;x;15.08;6.36;73.86;70.21;77.6;17.22;18.76;15.59;1.75;36.32;10.77;47.09;29.55;;;;;;;;;;;;;;;;;;;;;;;;;;;;;;;;
2011;196603732;96322635;100281097;2974525;1247751;0.88;15.13;6.35;74.2;70.57;77.91;16.43;17.86;14.92;1.76;35.37;10.99;46.36;30.99;;;;;;;;;;;;;;;;;;;;;;;;;;;;;;;;
2012;198314934;97132054;101182880;2953890;1258235;0.87;14.89;6.34;74.52;70.91;78.22;15.69;17.03;14.29;1.75;34.45;11.24;45.68;32.63;;;;;;;;;;;;;;;;;;;;;;;;;;;;;;;;
2013;200004188;97931331;102072857;2953178;1270306;0.85;14.77;6.35;74.84;71.25;78.51;15.02;16.27;13.7;1.74;33.56;11.51;45.07;34.2;;;;;;;;;;;;;;;;;;;;;;;;;;;;;;;;
2014;201717541;98744098;102973443;3028202;1284346;0.86;15.01;6.37;75.14;71.57;78.78;14.4;15.58;13.16;1.78;32.78;11.81;44.59;36.12;;;;;;;;;;;;;;;;;;;;;;;;;;;;;;;;
2015;203475683;99581002;103894681;3070979;1299541;0.87;15.09;6.39;75.44;71.88;79.05;13.82;14.93;12.65;1.8;32.15;12.13;44.29;37.67;;;;;;;;;;;;;;;;;;;;;;;;;;;;;;;;
2016;205156587;100379640;104776947;2901053;1314164;0.83;14.14;6.41;75.72;72.18;79.31;13.29;14.35;12.19;1.7;31.57;12.49;44.05;39.73;;;;;;;;;;;;;;;;;;;;;;;;;;;;;;;;
2017;206804741;101163599;105641142;3020743;1330811;0.8;14.61;6.44;75.99;72.46;79.56;12.81;13.8;11.75;1.78;31.11;12.87;43.98;41.2;;;;;;;;;;;;;;;;;;;;;;;;;;;;;;;;
2018;208494900;101971173;106523727;3003585;1349693;0.82;14.41;6.47;76.25;72.74;79.8;12.35;13.31;11.35;1.77;30.75;13.28;44.03;43.19;;;;;;;;;;;;;;;;;;;;;;;;;;;;;;;;
2019;210147125;102760295;107386830;2984414;1368954;0.79;14.2;6.51;76.5;73;80.03;11.94;12.85;10.98;1.77;30.42;13.72;44.14;45.02;;;;;;;;;;;;;;;;;;;;;;;;;;;;;;;;
2020;211755692;103527689;108228003;2963516;1389144;0.77;13.99;6.56;76.74;73.26;80.25;11.56;12.43;10.64;1.76;30.11;14.18;44.29;46.89;;;;;;;;;;;;;;;;;;;;;;;;;;;;;;;;
2021;213317639;104271843;109045796;2940629;1410602;0.74;13.79;6.61;76.97;73.5;80.46;11.2;12.04;10.32;1.76;29.83;14.67;44.5;49.51;;;;;;;;;;;;;;;;;;;;;;;;;;;;;;;;
2022;214828540;104990487;109838053;2913688;1433605;0.71;13.56;6.67;77.19;73.74;80.67;10.88;11.68;10.03;1.75;29.63;15.19;44.82;51.22;;;;;;;;;;;;;;;;;;;;;;;;;;;;;;;;
2023;216284269;105681529;110602740;2885501;1458023;0.68;13.34;6.74;77.4;73.96;80.86;10.58;11.36;9.75;1.75;29.43;15.74;45.17;53.2;;;;;;;;;;;;;;;;;;;;;;;;;;;;;;;;
2024;217684462;106345043;111339419;2856690;1483777;0.65;13.12;6.82;77.6;74.17;81.05;10.3;11.05;9.5;1.74;29.26;16.31;45.56;55.72;;;;;;;;;;;;;;;;;;;;;;;;;;;;;;;;
2025;219029093;106981304;112047789;2827039;1510693;0.62;12.91;6.9;77.8;74.38;81.22;10.04;10.77;9.27;1.74;29.11;16.9;46.01;58.29;;;;;;;;;;;;;;;;;;;;;;;;;;;;;;;;
2026;220316530;107589495;112727035;2797674;1539159;0.59;12.7;6.99;77.98;74.57;81.39;9.8;10.51;9.05;1.74;28.95;17.51;46.45;60.61;;;;;;;;;;;;;;;;;;;;;;;;;;;;;;;;
2027;221545234;108168830;113376404;2768000;1569117;0.56;12.49;7.08;78.16;74.76;81.56;9.58;10.27;8.85;1.73;28.77;18.14;46.9;62.76;;;;;;;;;;;;;;;;;;;;;;;;;;;;;;;;
2028;222713669;108718587;113995082;2738355;1600375;0.53;12.3;7.19;78.32;74.94;81.71;9.37;10.05;8.66;1.73;28.59;18.78;47.37;65.46;;;;;;;;;;;;;;;;;;;;;;;;;;;;;;;;
2029;223821305;109238514;114582791;2710134;1632845;0.5;12.11;7.3;78.49;75.11;81.86;9.18;9.84;8.49;1.72;28.36;19.42;47.79;68.23;;;;;;;;;;;;;;;;;;;;;;;;;;;;;;;;
2030;224868462;109728762;115139700;2683440;1666427;0.47;11.93;7.41;78.64;75.28;82;9.01;9.65;8.33;1.72;28.08;20.06;48.14;71.05;;;;;;;;;;;;;;;;;;;;;;;;;;;;;;;;
2031;225854415;110189007;115665408;2655850;1700970;0.44;11.76;7.53;78.78;75.43;82.14;8.85;9.48;8.18;1.72;27.84;20.71;48.55;74.33;;;;;;;;;;;;;;;;;;;;;;;;;;;;;;;;
2032;226777802;110618592;116159210;2628742;1736861;0.41;11.59;7.66;78.92;75.58;82.27;8.7;9.32;8.05;1.72;27.61;21.36;48.97;77.3;;;;;;;;;;;;;;;;;;;;;;;;;;;;;;;;
2033;227638581;111017537;116621044;2603540;1773877;0.38;11.44;7.79;79.05;75.72;82.39;8.57;9.18;7.92;1.71;27.32;22.01;49.33;80.33;;;;;;;;;;;;;;;;;;;;;;;;;;;;;;;;
2034;228437122;111386062;117051060;2579544;1812136;0.35;11.29;7.93;79.18;75.86;82.51;8.44;9.04;7.81;1.71;27.04;22.65;49.69;83.43;;;;;;;;;;;;;;;;;;;;;;;;;;;;;;;;
2035;229173685;111724392;117449293;2557147;1851454;0.32;11.16;8.08;79.3;75.99;82.62;8.32;8.92;7.7;1.71;26.76;23.28;50.04;87.08;;;;;;;;;;;;;;;;;;;;;;;;;;;;;;;;
2036;229847832;112032426;117815406;2534413;1891832;0.29;11.03;8.23;79.42;76.11;82.73;8.22;8.8;7.6;1.7;26.48;23.9;50.39;90.34;;;;;;;;;;;;;;;;;;;;;;;;;;;;;;;;
2037;230459062;112309958;118149104;2513030;1933167;0.27;10.9;8.39;79.53;76.23;82.83;8.12;8.69;7.51;1.7;26.22;24.52;50.74;93.68;;;;;;;;;;;;;;;;;;;;;;;;;;;;;;;;
2038;231007871;112557327;118450544;2493021;1975283;0.24;10.79;8.55;79.63;76.34;82.93;8.02;8.59;7.42;1.7;25.97;25.13;51.1;96.51;;;;;;;;;;;;;;;;;;;;;;;;;;;;;;;;
2039;231494650;112774820;118719830;2473758;2017958;0.21;10.69;8.72;79.73;76.45;83.02;7.93;8.49;7.34;1.7;25.74;25.77;51.52;100;;;;;;;;;;;;;;;;;;;;;;;;;;;;;;;;
2040;231919922;112962751;118957171;2455519;2060782;0.18;10.59;8.89;79.83;76.55;83.11;7.85;8.4;7.27;1.69;25.54;26.46;51.99;103.57;;;;;;;;;;;;;;;;;;;;;;;;;;;;;;;;
2041;232284233;113121438;119162795;2437785;2103915;0.16;10.49;9.06;79.92;76.65;83.2;7.77;8.32;7.2;1.69;25.35;27.18;52.53;107.23;;;;;;;;;;;;;;;;;;;;;;;;;;;;;;;;
2042;232588580;113251454;119337126;2422219;2147419;0.13;10.41;9.23;80;76.74;83.28;7.7;8.24;7.13;1.69;25.19;27.93;53.13;110.3;;;;;;;;;;;;;;;;;;;;;;;;;;;;;;;;
2043;232834065;113353443;119480622;2407325;2191168;0.11;10.34;9.41;80.09;76.83;83.36;7.63;8.16;7.06;1.69;25.06;28.73;53.78;114.72;;;;;;;;;;;;;;;;;;;;;;;;;;;;;;;;
2044;233020996;113427597;119593399;2392409;2234730;0.08;10.27;9.59;80.17;76.92;83.43;7.56;8.09;7;1.69;24.94;29.55;54.49;118.63;;;;;;;;;;;;;;;;;;;;;;;;;;;;;;;;
2045;233149625;113474061;119675564;2377677;2278119;0.06;10.2;9.77;80.24;77;83.5;7.5;8.02;6.95;1.68;24.85;30.4;55.25;122.5;;;;;;;;;;;;;;;;;;;;;;;;;;;;;;;;
2046;233220257;113493052;119727205;2363150;2321466;0.03;10.13;9.95;80.31;77.08;83.57;7.44;7.96;6.9;1.68;24.77;31.27;56.04;125.79;;;;;;;;;;;;;;;;;;;;;;;;;;;;;;;;
2047;233233670;113485011;119748659;2349527;2364398;0.01;10.07;10.14;80.38;77.16;83.63;7.39;7.9;6.84;1.68;24.72;32.17;56.89;129.75;;;;;;;;;;;;;;;;;;;;;;;;;;;;;;;;
2048;233190482;113450253;119740229;2335541;2407046;-0.02;10.02;10.32;80.45;77.23;83.7;7.33;7.84;6.8;1.68;24.68;33.08;57.76;134.62;;;;;;;;;;;;;;;;;;;;;;;;;;;;;;;;
2049;233090464;113388652;119701812;2320604;2449148;-0.04;9.96;10.51;80.51;77.3;83.75;7.29;7.79;6.75;1.68;24.66;33.99;58.64;138.06;;;;;;;;;;;;;;;;;;;;;;;;;;;;;;;;
2050;232933276;113300060;119633216;2304717;2490559;-0.07;9.89;10.69;80.57;77.37;83.81;7.24;7.74;6.71;1.68;24.64;34.88;59.52;142.21;;;;;;;;;;;;;;;;;;;;;;;;;;;;;;;;
2051;232719169;113184593;119534576;2288973;2531362;-0.09;9.84;10.88;80.63;77.43;83.86;7.2;7.69;6.67;1.67;24.63;35.76;60.38;144.81;;;;;;;;;;;;;;;;;;;;;;;;;;;;;;;;
2052;232448867;113042592;119406275;2273127;2571362;-0.12;9.78;11.06;80.68;77.49;83.91;7.16;7.65;6.64;1.67;24.62;36.62;61.24;148.37;;;;;;;;;;;;;;;;;;;;;;;;;;;;;;;;
2053;232122448;112874076;119248372;2255972;2610595;-0.14;9.72;11.25;80.74;77.55;83.96;7.12;7.61;6.6;1.67;24.62;37.45;62.07;151.97;;;;;;;;;;;;;;;;;;;;;;;;;;;;;;;;
2054;231739632;112678873;119060759;2237804;2648830;-0.16;9.66;11.43;80.78;77.61;84;7.08;7.57;6.57;1.67;24.62;38.26;62.89;155.63;;;;;;;;;;;;;;;;;;;;;;;;;;;;;;;;
2055;231300323;112456873;118843450;2218450;2686056;-0.19;9.59;11.61;80.83;77.66;84.04;7.05;7.54;6.54;1.67;24.63;39.05;63.68;159.33;;;;;;;;;;;;;;;;;;;;;;;;;;;;;;;;
2056;230805223;112208379;118596844;2199622;2722232;-0.21;9.53;11.79;80.88;77.71;84.08;7.02;7.5;6.51;1.67;24.63;39.81;64.43;161.33;;;;;;;;;;;;;;;;;;;;;;;;;;;;;;;;
2057;230255685;111934042;118321643;2180831;2757317;-0.24;9.47;11.98;80.92;77.76;84.12;6.99;7.47;6.48;1.66;24.62;40.52;65.15;164.43;;;;;;;;;;;;;;;;;;;;;;;;;;;;;;;;
2058;229652286;111634119;118018167;2161015;2791329;-0.26;9.41;12.15;80.96;77.81;84.16;6.96;7.44;6.46;1.66;24.62;41.22;65.84;168.24;;;;;;;;;;;;;;;;;;;;;;;;;;;;;;;;
2059;228995541;111308845;117686696;2141033;2824224;-0.29;9.35;12.33;81;77.86;84.19;6.94;7.41;6.44;1.66;24.61;41.91;66.53;170.27;;;;;;;;;;;;;;;;;;;;;;;;;;;;;;;;
2060;228286347;110958642;117327705;2120842;2856059;-0.31;9.29;12.51;81.04;77.9;84.23;6.91;7.39;6.42;1.66;24.61;42.62;67.23;173.47;;;;;;;;;;;;;;;;;;;;;;;;;;;;;;;;
Faixas etárias;;;;;;;;;;;;;;;;;;;;;;;;;;;;;;;;;;;;;;;;;;;;;;;;;;;
Total;;;;;;;;;;;;;;;;;;;;;;;;;;;;;;;;;;;;;;;;;;;;;;;;;;;
Faixa/Ano;2010;2011;2012;2013;2014;2015;2016;2017;2018;2019;2020;2021;2022;2023;2024;2025;2026;2027;2028;2029;2030;2031;2032;2033;2034;2035;2036;2037;2038;2039;2040;2041;2042;2043;2044;2045;2046;2047;2048;2049;2050;2051;2052;2053;2054;2055;2056;2057;2058;2059;2060
Total;194890682;196603732;198314934;200004188;201717541;203475683;205156587;206804741;208494900;210147125;211755692;213317639;214828540;216284269;217684462;219029093;220316530;221545234;222713669;223821305;224868462;225854415;226777802;227638581;228437122;229173685;229847832;230459062;231007871;231494650;231919922;232284233;232588580;232834065;233020996;233149625;233220257;233233670;233190482;233090464;232933276;232719169;232448867;232122448;231739632;231300323;230805223;230255685;229652286;228995541;228286347
0-4;14858280;14697433;14624301;14567170;14570070;14677159;14715112;14720776;14787557;14798332;14730311;14703281;14675523;14569055;14452355;14326234;14192256;14053426;13912226;13770272;13629815;13491399;13354905;13221642;13092489;12967369;12846604;12730937;12620549;12514918;12413588;12316709;12225086;12138798;12057106;11979238;11904624;11832490;11761709;11691308;11620256;11547982;11473958;11397201;11317212;11233863;11147191;11057520;10965028;10870292;10774218
05/set;15865195;15600504;15387507;15203145;15029641;14824271;14664918;14593299;14537829;14542132;14650311;14689394;14695773;14762671;14773628;14705941;14679311;14652033;14546208;14430226;14304778;14171490;14033278;13892710;13751331;13611405;13473529;13337523;13204728;13076037;12951361;12830995;12715703;12605672;12500387;12399373;12302790;12211456;12125433;12043993;11966376;11891973;11820071;11749531;11679356;11608504;11536459;11462615;11386046;11306224;11223031
out/14;17397304;17216843;16880174;16495325;16131984;15840860;15577214;15365237;15182024;15009676;14805478;14647164;14576191;14520972;14525347;14633526;14672711;14679300;14746432;14757724;14690423;14664114;14637176;14531700;14416109;14291049;14158125;14020272;13880038;13738984;13599376;13461829;13326122;13193611;13065182;12940762;12820626;12705545;12595720;12490655;12389855;12293466;12202305;12116445;12035156;11957694;11883455;11811703;11741278;11671246;11600532
15-19;17219086;17238401;17315601;17402809;17424089;17334096;17155615;16821630;16439846;16079464;15790863;15529387;15318916;15136923;14965724;14762869;14605891;14536019;14481942;14487286;14596110;14635967;14643187;14710785;14722659;14656163;14630405;14603997;14499263;14384409;14260078;14127872;13990752;13851207;13710840;13571863;13434947;13299846;13167907;13040010;12916108;12796510;12681921;12572557;12467934;12367551;12271531;12180736;12095228;12014265;11937109
20-24;17476779;17396868;17296030;17195219;17124785;17100769;17122881;17203520;17294780;17319853;17233266;17057794;16726717;16347561;15989803;15703800;15444924;15236871;15057313;14888503;14688175;14533531;14465563;14413260;14420025;14529708;14570602;14578856;14647162;14659931;14594614;14569782;14544238;14440723;14327061;14203946;14072906;13936948;13798559;13659314;13521425;13385549;13251456;13120499;12993545;12870528;12751775;12637977;12529386;12425516;12325847
25-29;17334110;17423848;17454135;17436877;17391346;17331851;17256322;17161679;17068593;17004904;16985866;17011218;17092427;17182193;17206153;17119972;16946247;16618500;16243415;15889766;15607291;15351552;15146240;14969263;14802897;14605190;14452983;14386955;14336521;14344709;14455193;14497153;14506501;14575436;14589082;14524961;14501063;14476422;14374170;14261783;14139942;14010163;13875462;13738287;13600246;13463536;13328803;13195813;13065893;12939931;12817887
30-34;15955949;16275019;16567575;16822855;17028854;17178656;17271648;17306947;17296659;17258318;17205416;17135646;17044190;16951251;16886952;16867543;16892885;16974395;17065211;17091062;17007393;16836728;16512899;16141856;15792033;15512843;15259983;15057188;14882572;14718488;14523256;14373318;14309113;14260407;14269902;14381026;14423898;14434174;14503630;14518027;14455019;14431957;14408126;14307058;14195853;14075191;13946610;13813084;13677088;13540196;13404578
35-39;14075108;14350827;14689558;15066579;15441748;15787821;16107943;16402815;16661965;16872342;17026545;17123723;17161844;17152616;17115112;17063584;16995707;16906691;16816670;16755274;16738294;16765601;16848588;16940702;16968189;16886844;16719129;16399166;16032170;15686230;15410325;15160396;14960090;14787787;14625966;14433207;14285523;14223058;14175984;14186704;14298311;14341981;14353071;14422945;14437977;14376076;14353778;14330671;14230768;14120755;14001307
40-44;13184170;13311309;13414041;13519509;13668343;13884283;14161178;14500831;14879035;15255513;15602974;15924417;16219710;16478229;16688213;16842846;16941312;16981681;16975459;16941357;16893256;16828804;16743240;16656520;16598022;16583446;16612647;16696902;16790065;16818996;16739962;16575282;16259556;15897111;15555535;15283397;15036761;14839171;14669407;14510049;14320041;14174828;14114206;14068807;14080737;14192649;14236987;14248844;14318948;14334584;14273861
45-49;11992439;12218181;12426314;12615601;12784211;12933598;13064058;13171048;13281287;13434076;13652504;13930420;14269004;14644402;15017933;15363171;15683089;15977567;16236139;16446903;16602926;16703462;16746553;16743579;16713006;16668492;16607681;16525845;16442743;16387431;16375387;16406437;16491724;16585608;16615819;16539189;16377988;16067408;15710668;15374594;15107158;14864721;14670479;14503796;14347422;14160785;14018586;13960052;13916591;13929788;14041783
50-54;10276773;10574366;10868062;11152415;11419933;11666086;11892707;12102371;12293932;12465329;12617804;12751592;12861867;12974530;13128538;13346782;13623237;13959030;14330885;14700984;15043388;15361008;15653779;15911350;16121912;16278600;16380728;16426408;16426757;16399939;16359306;16302574;16224958;16146006;16094242;16084875;16117711;16203642;16297801;16329111;16255195;16098244;15794311;15445094;15116301;14855005;14618039;14428117;14265353;14112793;13930535
55-59;8387564;8679820;8977656;9278724;9579705;9877881;10172542;10463716;10746091;11012111;11257277;11483368;11692613;11883880;12055490;12208751;12343963;12456465;12571436;12726473;12943766;13217366;13548288;13914012;14277951;14615019;14928011;15216929;15471607;15680383;15836527;15939411;15987269;15990939;15968053;15931630;15879345;15806522;15732281;15684468;15677945;15712380;15798347;15891980;15924009;15853162;15701406;15406171;15066946;14747850;14494713
60-64;6596741;6859058;7119004;7379912;7647936;7926230;8211893;8503042;8797470;9091910;9383728;9672175;9957156;10233460;10493988;10734491;10956693;11162776;11351609;11521660;11673982;11809015;11922324;12038067;12192258;12406090;12673729;12996043;13351492;13705082;14032901;14337648;14619346;14868106;15072540;15226101;15328313;15377469;15384059;15365094;15332980;15285499;15218052;15149158;15105746;15102049;15137666;15222586;15314436;15346470;15279016
65-69;4905988;5095516;5318713;5565313;5819304;6071240;6322755;6572590;6823731;7081680;7349244;7623733;7903288;8185834;8468411;8748627;9025766;9299757;9565627;9816554;10048512;10263166;10462649;10645868;10811283;10959940;11092321;11204363;11318835;11469648;11676652;11934133;12242752;12582173;12919685;13232909;13524376;13794222;14032965;14229585;14377822;14477368;14526754;14535915;14520894;14493445;14451348;14390212;14327671;14289289;14288480
70-74;3792042;3889352;3974955;4063519;4175947;4323465;4501441;4709484;4938529;5174388;5408663;5642901;5876091;6110754;6351769;6601500;6857600;7118354;7381902;7645534;7907040;8165785;8421765;8670307;8905063;9122289;9323635;9511104;9683679;9839876;9980630;10106571;10214158;10324288;10467931;10663049;10904126;11191369;11506226;11819031;12109555;12380193;12631212;12853724;13037277;13176002;13269879;13317776;13328895;13317878;13295484
75-79;2597990;2688798;2797237;2913384;3023576;3121818;3211601;3292375;3376250;3480536;3614389;3774018;3959070;4161906;4370673;4578361;4786387;4994114;5203523;5418622;5641260;5869405;6101656;6336314;6571128;6804078;7034690;7263005;7484798;7694408;7888458;8068562;8236631;8391702;8532383;8659541;8773851;8872509;8973811;9104799;9280868;9496727;9752138;10030863;10307408;10564467;10804204;11027068;11224976;11388373;11511971
80-84;1689444;1727063;1764898;1807817;1861166;1926871;2004365;2095235;2191860;2283815;2366558;2443191;2513706;2587330;2677251;2790280;2923509;3076687;3243763;3415649;3586931;3758879;3931160;4105249;4284098;4468984;4658301;4850986;5045614;5240341;5433588;5624985;5814637;5998934;6173117;6334346;6484201;6624391;6754088;6872004;6978835;7075422;7159683;7246694;7358416;7506972;7687508;7899218;8128899;8356311;8567809
85-89;830529;901360;954570;996763;1032554;1065148;1097017;1129489;1165517;1208442;1259330;1318006;1385731;1457236;1525459;1587405;1645581;1700356;1758056;1827478;1913020;2012666;2126181;2249361;2375978;2502391;2629690;2757777;2887609;3021064;3158814;3299768;3443164;3587930;3732788;3876586;4019065;4160416;4297807;4427602;4547659;4659375;4764254;4861528;4950167;5030651;5103867;5168499;5235780;5321722;5434778
90+;455191;459166;484603;521252;562349;603580;645377;688657;731945;774304;815165;856211;898723;943466;991663;1043410;1099461;1161212;1225853;1289978;1352102;1414477;1478371;1546036;1620691;1703785;1795039;1894806;2001669;2113776;2229906;2350808;2476780;2607627;2743377;2883626;3028143;3176612;3328257;3482333;3637926;3794831;3953061;4110366;4263976;4412193;4556131;4697023;4833076;4962058;5083408
Homens;;;;;;;;;;;;;;;;;;;;;;;;;;;;;;;;;;;;;;;;;;;;;;;;;;;
Faixa/Ano;2010;2011;2012;2013;2014;2015;2016;2017;2018;2019;2020;2021;2022;2023;2024;2025;2026;2027;2028;2029;2030;2031;2032;2033;2034;2035;2036;2037;2038;2039;2040;2041;2042;2043;2044;2045;2046;2047;2048;2049;2050;2051;2052;2053;2054;2055;2056;2057;2058;2059;2060
Total;95513298;96322635;97132054;97931331;98744098;99581002;100379640;101163599;101971173;102760295;103527689;104271843;104990487;105681529;106345043;106981304;107589495;108168830;108718587;109238514;109728762;110189007;110618592;111017537;111386062;111724392;112032426;112309958;112557327;112774820;112962751;113121438;113251454;113353443;113427597;113474061;113493052;113485011;113450253;113388652;113300060;113184593;113042592;112874076;112678873;112456873;112208379;111934042;111634119;111308845;110958642
0-4;7594516;7513761;7477567;7449337;7451690;7507226;7527223;7530642;7565301;7571223;7536789;7523299;7509386;7455164;7395678;7331364;7263006;7192133;7120032;7047528;6975778;6905062;6835307;6767195;6701192;6637231;6575502;6516373;6459937;6405936;6354123;6304598;6257751;6213632;6171861;6132043;6093885;6056997;6020798;5984802;5948471;5911502;5873639;5834370;5793447;5750809;5706456;5660575;5613249;5564770;5515605
05/set;8094637;7962532;7856445;7764679;7678145;7574960;7495049;7459700;7432381;7435509;7491634;7512252;7516076;7550810;7556858;7522618;7509351;7495730;7441882;7382807;7318878;7250909;7180401;7108665;7036481;6965042;6894634;6825161;6757331;6691592;6627900;6566392;6507477;6451252;6397457;6345822;6296474;6249795;6205831;6164206;6124537;6086502;6049752;6013699;5977830;5941609;5904776;5867020;5827860;5787041;5744493
out/14;8842587;8760868;8596730;8405865;8224795;8080135;7948620;7843086;7751948;7666040;7563501;7484190;7449226;7422072;7425264;7481411;7502112;7506047;7540921;7547162;7513141;7500066;7486634;7433002;7374143;7310452;7242697;7172400;7100861;7028875;6957623;6887413;6818125;6750468;6684877;6621345;6559981;6501187;6445082;6391415;6339911;6290699;6244133;6200276;6158737;6119162;6081226;6044568;6008592;5972801;5936671
15-19;8673836;8693267;8745322;8804210;8829069;8795446;8715095;8552810;8364062;8185062;8042202;7912260;7807878;7717747;7632793;7531320;7453057;7418949;7392651;7396587;7453221;7474403;7478801;7514010;7520683;7487251;7474592;7461547;7408463;7350163;7287028;7219811;7150062;7079046;7007575;6936806;6867067;6798239;6731019;6665837;6602699;6541729;6483312;6427561;6374235;6323041;6274127;6227836;6184244;6142973;6103630
20-24;8746116;8711375;8663577;8614902;8583358;8578611;8600164;8654720;8716490;8744065;8712945;8634909;8475014;8288587;8111918;7971317;7843582;7741213;7653070;7570037;7470597;7394220;7361652;7336794;7341891;7399228;7421254;7426487;7462264;7469669;7437195;7425286;7412946;7360848;7303529;7241380;7175120;7106330;7036251;6965698;6895815;6826928;6758931;6692510;6628106;6565701;6505416;6447653;6392537;6339825;6289218
25-29;8574606;8629711;8657414;8662143;8651184;8630266;8598875;8555561;8512314;8485534;8484394;8508378;8563553;8624538;8651626;8621118;8544666;8387530;8204388;8031009;7893232;7767999;7667829;7581750;7500675;7403356;7328943;7297950;7274594;7280847;7338836;7361712;7367822;7404119;7412226;7380713;7369573;7357978;7306911;7250628;7189512;7124285;7056509;6987423;6917849;6848930;6780967;6713878;6648312;6584723;6523112
30-34;7821287;7982363;8131551;8263753;8373348;8457008;8514439;8545686;8555280;8549320;8532944;8505514;8464499;8421615;8394693;8393527;8417664;8473141;8534872;8563312;8534665;8460519;8306365;8126302;7955838;7820545;7697488;7599240;7514973;7435649;7340229;7267552;7237960;7215936;7223197;7281677;7305262;7312099;7348805;7357492;7326843;7316343;7305373;7255224;7199860;7139664;7075362;7008494;6940318;6871646;6803583
35-39;6857527;6990523;7155946;7341635;7527745;7700900;7862666;8013399;8148183;8260741;8347421;8407755;8440996;8451369;8446055;8430688;8404634;8365378;8324589;8299702;8300209;8325674;8382118;8444696;8474256;8447253;8375224;8223858;8046719;7879049;7746136;7625181;7528741;7446144;7368454;7274845;7203808;7175501;7154681;7162834;7221685;7245877;7253323;7290325;7299496;7269639;7259722;7249292;7200007;7145508;7086207
40-44;6405478;6465519;6511227;6557089;6624863;6727359;6861189;7027271;7213769;7400750;7574836;7737477;7888496;8022898;8135221;8222214;8283430;8318165;8330545;8327522;8314471;8290745;8253830;8215289;8192354;8194452;8221147;8278370;8341585;8372088;8346626;8276663;8128189;7954176;7789503;7659150;7540448;7445888;7365050;7289066;7197348;7128025;7100999;7081359;7090362;7149455;7174123;7182135;7219317;7228927;7199896
45-49;5768516;5880219;5985481;6082367;6167931;6241647;6303978;6352579;6401687;6472175;6576419;6711034;6876531;7061277;7246407;7419108;7580798;7731316;7865760;7978594;8066468;8128987;8165432;8179855;8179060;8168292;8146911;8112423;8076237;8055349;8059034;8086849;8144623;8208179;8239414;8215443;8147699;8002569;7832277;7671186;7543900;7427925;7335566;7256745;7182722;7093220;7025894;7000246;6981909;6991754;7050917
50-54;4900002;5040349;5178764;5313246;5441195;5561009;5673316;5779573;5877917;5965268;6041008;6105571;6156429;6207294;6278778;6383077;6516900;6680739;6863310;7046315;7217244;7377487;7526925;7660698;7773367;7861606;7925036;7962995;7979372;7980824;7972437;7953589;7921753;7888179;7869486;7874764;7903569;7961564;8025093;8056849;8034455;7969304;7828334;7662799;7506320;7382926;7270417;7180814;7104474;7032873;6946162
55-59;3954821;4089187;4227766;4368987;4510555;4650762;4789417;4926386;5059761;5186871;5306101;5418069;5523994;5622071;5709488;5785731;5851268;5903677;5956190;6028485;6132308;6264412;6425224;6603964;6783080;6950611;7107892;7254823;7386666;7498065;7585774;7649457;7688505;7706661;7710316;7704363;7688149;7659220;7628530;7612199;7619074;7648657;7706356;7769208;7801082;7780353;7718248;7582612;7423293;7272866;7154556
60-64;3081961;3198692;3313737;3429277;3548963;3674713;3805186;3939707;4076794;4214303;4350563;4485379;4618536;4748149;4871821;4988027;5097383;5201061;5297302;5383487;5458969;5524298;5577221;5630273;5702081;5803746;5932098;6087478;6259725;6432268;6593867;6745779;6887959;7015825;7124175;7209866;7272652;7311982;7331395;7336975;7333300;7319725;7293901;7266311;7252466;7260725;7290580;7347073;7408221;7439552;7420473
65-69;2253998;2339108;2439108;2549140;2661907;2773210;2883883;2993314;3103440;3217426;3337000;3460918;3588535;3718492;3848844;3978090;4106032;4232502;4355732;4473440;4584216;4688647;4787847;4880176;4963105;5036045;5099560;5151653;5203924;5273663;5371091;5493166;5640066;5802391;5964930;6117373;6260872;6395434;6516731;6619770;6701600;6762068;6800700;6820803;6827971;6826458;6815605;6793193;6769102;6757874;6767303
70-74;1689818;1732563;1770303;1809593;1859518;1924795;2003224;2094581;2194687;2297297;2398778;2499910;2600243;2701380;2806006;2915566;3028989;3145702;3264515;3383680;3501868;3618911;3734717;3847628;3955595;4057304;4153367;4244811;4330120;4406952;4474742;4534111;4583407;4633065;4698510;4788775;4900975;5035044;5182591;5330211;5468808;5599462;5722265;5833225;5927673;6002895;6058911;6095418;6115370;6123684;6124121
75-79;1105206;1144121;1190922;1240998;1288273;1330216;1368574;1403314;1439622;1484658;1542105;1610235;1688895;1774682;1862608;1949716;2036732;2123408;2210961;2301516;2396166;2494028;2594665;2697044;2799720;2901547;3002440;3102353;3199832;3293112;3381052;3464237;3543625;3617852;3684841;3744109;3796312;3840217;3884676;3942722;4021823;4119269;4234768;4361237;4487603;4606394;4718561;4824282;4920042;5001664;5066803
80-84;677628;692280;707304;724631;746369;773094;804695;841980;881564;919059;952619;983758;1012641;1042996;1079956;1126100;1180178;1242110;1309326;1378193;1446541;1514999;1583484;1652852;1724591;1799420;1876683;1956079;2036796;2117674;2197885;2277383;2356175;2433074;2506675;2576080;2641835;2704769;2763770;2817079;2864310;2906165;2941812;2978203;3025436;3089091;3166772;3257946;3357133;3456065;3549148
85-89;314944;340306;359247;374268;387076;398787;410381;422377;435871;452078;471252;493422;519178;546326;572074;595279;617114;637836;659812;686235;718616;756161;798785;844827;891952;938795;985869;1033177;1081264;1131002;1182750;1236101;1290875;1346482;1402163;1457337;1512013;1566262;1619219;1669886;1717634;1762927;1806456;1847353;1884307;1917047;1946213;1971377;1997388;2031094;2076107
90+;155814;155891;163643;175211;188114;200858;213666;226913;240102;252916;265178;277513;290381;304062;318955;335033;352599;372193;392729;412903;432174;451480;471355;492517;515998;542216;571089;602780;636664;672043;708423;746158;785393;826114;868408;912170;957358;1003936;1051543;1099797;1148335;1197201;1246463;1295445;1343371;1389754;1435003;1479630;1522751;1563205;1600637
Mulheres;;;;;;;;;;;;;;;;;;;;;;;;;;;;;;;;;;;;;;;;;;;;;;;;;;;
Faixa/Ano;2010;2011;2012;2013;2014;2015;2016;2017;2018;2019;2020;2021;2022;2023;2024;2025;2026;2027;2028;2029;2030;2031;2032;2033;2034;2035;2036;2037;2038;2039;2040;2041;2042;2043;2044;2045;2046;2047;2048;2049;2050;2051;2052;2053;2054;2055;2056;2057;2058;2059;2060
Total;99377384;100281097;101182880;102072857;102973443;103894681;104776947;105641142;106523727;107386830;108228003;109045796;109838053;110602740;111339419;112047789;112727035;113376404;113995082;114582791;115139700;115665408;116159210;116621044;117051060;117449293;117815406;118149104;118450544;118719830;118957171;119162795;119337126;119480622;119593399;119675564;119727205;119748659;119740229;119701812;119633216;119534576;119406275;119248372;119060759;118843450;118596844;118321643;118018167;117686696;117327705
0-4;7263764;7183672;7146734;7117833;7118380;7169933;7187889;7190134;7222256;7227109;7193522;7179982;7166137;7113891;7056677;6994870;6929250;6861293;6792194;6722744;6654037;6586337;6519598;6454447;6391297;6330138;6271102;6214564;6160612;6108982;6059465;6012111;5967335;5925166;5885245;5847195;5810739;5775493;5740911;5706506;5671785;5636480;5600319;5562831;5523765;5483054;5440735;5396945;5351779;5305522;5258613
05/set;7770558;7637972;7531062;7438466;7351496;7249311;7169869;7133599;7105448;7106623;7158677;7177142;7179697;7211861;7216770;7183323;7169960;7156303;7104326;7047419;6985900;6920581;6852877;6784045;6714850;6646363;6578895;6512362;6447397;6384445;6323461;6264603;6208226;6154420;6102930;6053551;6006316;5961661;5919602;5879787;5841839;5805471;5770319;5735832;5701526;5666895;5631683;5595595;5558186;5519183;5478538
out/14;8554717;8455975;8283444;8089460;7907189;7760725;7628594;7522151;7430076;7343636;7241977;7162974;7126965;7098900;7100083;7152115;7170599;7173253;7205511;7210562;7177282;7164048;7150542;7098698;7041966;6980597;6915428;6847872;6779177;6710109;6641753;6574416;6507997;6443143;6380305;6319417;6260645;6204358;6150638;6099240;6049944;6002767;5958172;5916169;5876419;5838532;5802229;5767135;5732686;5698445;5663861
15-19;8545250;8545134;8570279;8598599;8595020;8538650;8440520;8268820;8075784;7894402;7748661;7617127;7511038;7419176;7332931;7231549;7152834;7117070;7089291;7090699;7142889;7161564;7164386;7196775;7201976;7168912;7155813;7142450;7090800;7034246;6973050;6908061;6840690;6772161;6703265;6635057;6567880;6501607;6436888;6374173;6313409;6254781;6198609;6144996;6093699;6044510;5997404;5952900;5910984;5871292;5833479
20-24;8730663;8685493;8632453;8580317;8541427;8522158;8522717;8548800;8578290;8575788;8520321;8422885;8251703;8058974;7877885;7732483;7601342;7495658;7404243;7318466;7217578;7139311;7103911;7076466;7078134;7130480;7149348;7152369;7184898;7190262;7157419;7144496;7131292;7079875;7023532;6962566;6897786;6830618;6762308;6693616;6625610;6558621;6492525;6427989;6365439;6304827;6246359;6190324;6136849;6085691;6036629
25-29;8759504;8794137;8796721;8774734;8740162;8701585;8657447;8606118;8556279;8519370;8501472;8502840;8528874;8557655;8554527;8498854;8401581;8230970;8039027;7858757;7714059;7583553;7478411;7387513;7302222;7201834;7124040;7089005;7061927;7063862;7116357;7135441;7138679;7171317;7176856;7144248;7131490;7118444;7067259;7011155;6950430;6885878;6818953;6750864;6682397;6614606;6547836;6481935;6417581;6355208;6294775
30-34;8134662;8292656;8436024;8559102;8655506;8721648;8757209;8761261;8741379;8708998;8672472;8630132;8579691;8529636;8492259;8474016;8475221;8501254;8530339;8527750;8472728;8376209;8206534;8015554;7836195;7692298;7562495;7457948;7367599;7282839;7183027;7105766;7071153;7044471;7046705;7099349;7118636;7122075;7154825;7160535;7128176;7115614;7102753;7051834;6995993;6935527;6871248;6804590;6736770;6668550;6600995
35-39;7217581;7360304;7533612;7724944;7914003;8086921;8245277;8389416;8513782;8611601;8679124;8715968;8720848;8701247;8669057;8632896;8591073;8541313;8492081;8455572;8438085;8439927;8466470;8496006;8493933;8439591;8343905;8175308;7985451;7807181;7664189;7535215;7431349;7341643;7257512;7158362;7081715;7047557;7021303;7023870;7076626;7096104;7099748;7132620;7138481;7106437;7094056;7081379;7030761;6975247;6915100
40-44;6778692;6845790;6902814;6962420;7043480;7156924;7299989;7473560;7665266;7854763;8028138;8186940;8331214;8455331;8552992;8620632;8657882;8663516;8644914;8613835;8578785;8538059;8489410;8441231;8405668;8388994;8391500;8418532;8448480;8446908;8393336;8298619;8131367;7942935;7766032;7624247;7496313;7393283;7304357;7220983;7122693;7046803;7013207;6987448;6990375;7043194;7062864;7066709;7099631;7105657;7073965
45-49;6223923;6337962;6440833;6533234;6616280;6691951;6760080;6818469;6879600;6961901;7076085;7219386;7392473;7583125;7771526;7944063;8102291;8246251;8370379;8468309;8536458;8574475;8581121;8563724;8533946;8500200;8460770;8413422;8366506;8332082;8316353;8319588;8347101;8377429;8376405;8323746;8230289;8064839;7878391;7703408;7563258;7436796;7334913;7247051;7164700;7067565;6992692;6959806;6934682;6938034;6990866
50-54;5376771;5534017;5689298;5839169;5978738;6105077;6219391;6322798;6416015;6500061;6576796;6646021;6705438;6767236;6849760;6963705;7106337;7278291;7467575;7654669;7826144;7983521;8126854;8250652;8348545;8416994;8455692;8463413;8447385;8419115;8386869;8348985;8303205;8257827;8224756;8210111;8214142;8242078;8272708;8272262;8220740;8128940;7965977;7782295;7609981;7472079;7347622;7247303;7160879;7079920;6984373
55-59;4432743;4590633;4749890;4909737;5069150;5227119;5383125;5537330;5686330;5825240;5951176;6065299;6168619;6261809;6346002;6423020;6492695;6552788;6615246;6697988;6811458;6952954;7123064;7310048;7494871;7664408;7820119;7962106;8084941;8182318;8250753;8289954;8298764;8284278;8257737;8227267;8191196;8147302;8103751;8072269;8058871;8063723;8091991;8122772;8122927;8072809;7983158;7823559;7643653;7474984;7340157
60-64;3514780;3660366;3805267;3950635;4098973;4251517;4406707;4563335;4720676;4877607;5033165;5186796;5338620;5485311;5622167;5746464;5859310;5961715;6054307;6138173;6215013;6284717;6345103;6407794;6490177;6602344;6741631;6908565;7091767;7272814;7439034;7591869;7731387;7852281;7948365;8016235;8055661;8065487;8052664;8028119;7999680;7965774;7924151;7882847;7853280;7841324;7847086;7875513;7906215;7906918;7858543
65-69;2651990;2756408;2879605;3016173;3157397;3298030;3438872;3579276;3720291;3864254;4012244;4162815;4314753;4467342;4619567;4770537;4919734;5067255;5209895;5343114;5464296;5574519;5674802;5765692;5848178;5923895;5992761;6052710;6114911;6195985;6305561;6440967;6602686;6779782;6954755;7115536;7263504;7398788;7516234;7609815;7676222;7715300;7726054;7715112;7692923;7666987;7635743;7597019;7558569;7531415;7521177
70-74;2102224;2156789;2204652;2253926;2316429;2398670;2498217;2614903;2743842;2877091;3009885;3142991;3275848;3409374;3545763;3685934;3828611;3972652;4117387;4261854;4405172;4546874;4687048;4822679;4949468;5064985;5170268;5266293;5353559;5432924;5505888;5572460;5630751;5691223;5769421;5874274;6003151;6156325;6323635;6488820;6640747;6780731;6908947;7020499;7109604;7173107;7210968;7222358;7213525;7194194;7171363
75-79;1492784;1544677;1606315;1672386;1735303;1791602;1843027;1889061;1936628;1995878;2072284;2163783;2270175;2387224;2508065;2628645;2749655;2870706;2992562;3117106;3245094;3375377;3506991;3639270;3771408;3902531;4032250;4160652;4284966;4401296;4507406;4604325;4693006;4773850;4847542;4915432;4977539;5032292;5089135;5162077;5259045;5377458;5517370;5669626;5819805;5958073;6085643;6202786;6304934;6386709;6445168
80-84;1011816;1034783;1057594;1083186;1114797;1153777;1199670;1253255;1310296;1364756;1413939;1459433;1501065;1544334;1597295;1664180;1743331;1834577;1934437;2037456;2140390;2243880;2347676;2452397;2559507;2669564;2781618;2894907;3008818;3122667;3235703;3347602;3458462;3565860;3666442;3758266;3842366;3919622;3990318;4054925;4114525;4169257;4217871;4268491;4332980;4417881;4520736;4641272;4771766;4900246;5018661
85-89;515585;561054;595323;622495;645478;666361;686636;707112;729646;756364;788078;824584;866553;910910;953385;992126;1028467;1062520;1098244;1141243;1194404;1256505;1327396;1404534;1484026;1563596;1643821;1724600;1806345;1890062;1976064;2063667;2152289;2241448;2330625;2419249;2507052;2594154;2678588;2757716;2830025;2896448;2957798;3014175;3065860;3113604;3157654;3197122;3238392;3290628;3358671
90+;299377;303275;320960;346041;374235;402722;431711;461744;491843;521388;549987;578698;608342;639404;672708;708377;746862;789019;833124;877075;919928;962997;1007016;1053519;1104693;1161569;1223950;1292026;1365005;1441733;1521483;1604650;1691387;1781513;1874969;1971456;2070785;2172676;2276714;2382536;2489591;2597630;2706598;2814921;2920605;3022439;3121128;3217393;3310325;3398853;3482771
