Rondônia;;;;;;;;;;;;;;;;;;;;;;;;;;;;;;;;;;;;;;;;;;;;;;;;;;;
Dados;;;;;;;;;;;;;;;;;;;;;;;;;;;;;;;;;;;;;;;;;;;;;;;;;;;
Ano;População total;Homens;Mulheres;Nascimentos;Óbitos;Taxa de Crescimento Geométrico;Taxa Bruta de Natalidade;Taxa Bruta de Mortalidade;Esperança de Vida ao Nascer;Esperança de Vida ao Nascer - Homens;Esperança de Vida ao Nascer - Mulheres;Taxa de Mortalidade Infantil;Taxa de Mortalidade Infantil - Homens;Taxa de Mortalidade Infantil - Mulheres;Taxa de Fecundidade Total;Razão de Dependência - Jovens 0 a 14 anos;Razão de Dependência - Idosos 65 ou mais anos;Razão de Dependência;Índice de Envelhecimento;;;;;;;;;;;;;;;;;;;;;;;;;;;;;;;;
2010;1598634;814371;784263;26917;9635;x;16.84;6.03;70.11;67.04;73.79;22.75;24.4;21.01;1.84;41.32;6.91;48.22;16.85;;;;;;;;;;;;;;;;;;;;;;;;;;;;;;;;
2011;1618210;823690;794520;26618;9788;1.22;16.45;6.05;70.32;67.25;73.99;22.24;23.8;20.59;1.8;39.97;7;46.97;17.65;;;;;;;;;;;;;;;;;;;;;;;;;;;;;;;;
2012;1637884;833047;804837;27518;9965;1.22;16.8;6.08;70.53;67.46;74.19;21.75;23.23;20.18;1.85;38.73;7.11;45.84;18.42;;;;;;;;;;;;;;;;;;;;;;;;;;;;;;;;
2013;1657620;842425;815195;27176;10145;1.2;16.39;6.12;70.74;67.66;74.39;21.27;22.69;19.78;1.82;37.58;7.24;44.82;19.31;;;;;;;;;;;;;;;;;;;;;;;;;;;;;;;;
2014;1677766;852003;825763;28794;10344;1.22;17.16;6.17;70.94;67.86;74.58;20.82;22.18;19.39;1.91;36.57;7.4;43.96;20.08;;;;;;;;;;;;;;;;;;;;;;;;;;;;;;;;
2015;1698263;861751;836512;28352;10542;1.22;16.69;6.21;71.14;68.06;74.77;20.38;21.68;19.01;1.88;35.7;7.57;43.27;21.29;;;;;;;;;;;;;;;;;;;;;;;;;;;;;;;;
2016;1717911;871055;846856;27557;10727;1.16;16.04;6.24;71.34;68.25;74.96;19.96;21.21;18.64;1.81;34.69;7.77;42.46;22.63;;;;;;;;;;;;;;;;;;;;;;;;;;;;;;;;
2017;1737578;880360;857218;28859;10938;1.14;16.61;6.29;71.53;68.44;75.14;19.55;20.75;18.29;1.89;33.93;8;41.93;23.43;;;;;;;;;;;;;;;;;;;;;;;;;;;;;;;;
2018;1757589;889834;867755;28762;11166;1.15;16.36;6.35;71.72;68.63;75.32;19.17;20.32;17.94;1.88;33.4;8.27;41.67;24.58;;;;;;;;;;;;;;;;;;;;;;;;;;;;;;;;
2019;1777225;899108;878117;28634;11386;1.12;16.11;6.41;71.91;68.82;75.5;18.79;19.91;17.61;1.88;32.95;8.57;41.51;26.18;;;;;;;;;;;;;;;;;;;;;;;;;;;;;;;;
2020;1796460;908169;888291;28488;11617;1.08;15.86;6.47;72.09;69;75.67;18.43;19.51;17.28;1.87;32.52;8.89;41.41;27.39;;;;;;;;;;;;;;;;;;;;;;;;;;;;;;;;
2021;1815278;917011;898267;28345;11855;1.05;15.61;6.53;72.27;69.18;75.84;18.08;19.13;16.97;1.86;32.15;9.23;41.38;28.63;;;;;;;;;;;;;;;;;;;;;;;;;;;;;;;;
2022;1833642;925615;908027;28144;12106;1.01;15.35;6.6;72.45;69.35;76.01;17.74;18.77;16.66;1.86;31.86;9.61;41.47;30.22;;;;;;;;;;;;;;;;;;;;;;;;;;;;;;;;
2023;1851491;933950;917541;27903;12365;0.97;15.07;6.68;72.62;69.53;76.18;17.42;18.42;16.37;1.85;31.63;10.01;41.64;31.84;;;;;;;;;;;;;;;;;;;;;;;;;;;;;;;;
2024;1868787;941998;926789;27643;12632;0.93;14.79;6.76;72.79;69.7;76.34;17.11;18.08;16.08;1.84;31.42;10.44;41.86;33.33;;;;;;;;;;;;;;;;;;;;;;;;;;;;;;;;
2025;1885507;949747;935760;27372;12911;0.89;14.52;6.85;72.96;69.86;76.49;16.81;17.76;15.81;1.84;31.25;10.89;42.14;35;;;;;;;;;;;;;;;;;;;;;;;;;;;;;;;;
2026;1901627;957185;944442;27084;13197;0.85;14.24;6.94;73.13;70.03;76.65;16.52;17.45;15.54;1.83;31.09;11.38;42.47;36.7;;;;;;;;;;;;;;;;;;;;;;;;;;;;;;;;
2027;1917130;964305;952825;26801;13498;0.82;13.98;7.04;73.29;70.19;76.8;16.25;17.16;15.28;1.83;30.91;11.88;42.79;38.43;;;;;;;;;;;;;;;;;;;;;;;;;;;;;;;;
2028;1932010;971104;960906;26527;13809;0.78;13.73;7.15;73.44;70.35;76.95;15.98;16.88;15.03;1.82;30.69;12.41;43.1;40.65;;;;;;;;;;;;;;;;;;;;;;;;;;;;;;;;
2029;1946272;977584;968688;26274;14130;0.74;13.5;7.26;73.6;70.51;77.09;15.72;16.6;14.79;1.82;30.42;12.94;43.36;42.45;;;;;;;;;;;;;;;;;;;;;;;;;;;;;;;;
2030;1959925;983752;976173;26040;14464;0.7;13.29;7.38;73.75;70.66;77.23;15.47;16.34;14.56;1.82;30.08;13.48;43.56;44.76;;;;;;;;;;;;;;;;;;;;;;;;;;;;;;;;
2031;1972968;989612;983356;25769;14807;0.67;13.06;7.5;73.9;70.81;77.37;15.23;16.09;14.33;1.81;29.8;14.04;43.83;47.34;;;;;;;;;;;;;;;;;;;;;;;;;;;;;;;;
2032;1985411;995172;990239;25537;15160;0.63;12.86;7.64;74.05;70.96;77.51;15.01;15.85;14.12;1.81;29.49;14.6;44.09;49.27;;;;;;;;;;;;;;;;;;;;;;;;;;;;;;;;
2033;1997286;1000450;996836;25350;15524;0.6;12.69;7.77;74.19;71.1;77.64;14.79;15.62;13.91;1.8;29.12;15.17;44.29;51.98;;;;;;;;;;;;;;;;;;;;;;;;;;;;;;;;
2034;2008616;1005458;1003158;25182;15896;0.57;12.54;7.91;74.33;71.24;77.77;14.58;15.4;13.71;1.8;28.76;15.73;44.49;54.77;;;;;;;;;;;;;;;;;;;;;;;;;;;;;;;;
2035;2019409;1010201;1009208;25029;16278;0.54;12.39;8.06;74.47;71.38;77.9;14.38;15.19;13.51;1.8;28.41;16.3;44.71;57.65;;;;;;;;;;;;;;;;;;;;;;;;;;;;;;;;
2036;2029651;1014672;1014979;24851;16666;0.51;12.24;8.21;74.6;71.52;78.02;14.18;14.99;13.32;1.8;28.07;16.85;44.93;59.79;;;;;;;;;;;;;;;;;;;;;;;;;;;;;;;;
2037;2039343;1018872;1020471;24709;17059;0.48;12.12;8.36;74.74;71.65;78.15;13.99;14.79;13.14;1.79;27.75;17.41;45.16;62.83;;;;;;;;;;;;;;;;;;;;;;;;;;;;;;;;
2038;2048511;1022816;1025695;24600;17461;0.45;12.01;8.52;74.87;71.78;78.26;13.8;14.6;12.96;1.79;27.45;17.96;45.41;65.61;;;;;;;;;;;;;;;;;;;;;;;;;;;;;;;;
2039;2057168;1026512;1030656;24498;17869;0.42;11.91;8.69;74.99;71.91;78.38;13.63;14.42;12.8;1.79;27.17;18.54;45.71;68.28;;;;;;;;;;;;;;;;;;;;;;;;;;;;;;;;
2040;2065315;1029962;1035353;24397;18279;0.4;11.81;8.85;75.12;72.03;78.49;13.46;14.25;12.63;1.79;26.92;19.14;46.06;71.2;;;;;;;;;;;;;;;;;;;;;;;;;;;;;;;;
2041;2072942;1033163;1039779;24281;18693;0.37;11.71;9.02;75.24;72.16;78.61;13.3;14.08;12.48;1.78;26.7;19.76;46.47;74.18;;;;;;;;;;;;;;;;;;;;;;;;;;;;;;;;
2042;2080046;1036115;1043931;24185;19114;0.34;11.63;9.19;75.36;72.28;78.71;13.15;13.92;12.33;1.78;26.52;20.42;46.94;77.22;;;;;;;;;;;;;;;;;;;;;;;;;;;;;;;;
2043;2086640;1038825;1047815;24102;19534;0.32;11.55;9.36;75.48;72.39;78.82;13;13.77;12.18;1.78;26.36;21.1;47.46;79.89;;;;;;;;;;;;;;;;;;;;;;;;;;;;;;;;
2044;2092729;1041297;1051432;24014;19952;0.29;11.47;9.53;75.59;72.51;78.92;12.85;13.62;12.04;1.78;26.23;21.81;48.03;83.05;;;;;;;;;;;;;;;;;;;;;;;;;;;;;;;;
2045;2098307;1043530;1054777;23917;20372;0.27;11.4;9.71;75.7;72.62;79.03;12.71;13.48;11.9;1.78;26.12;22.53;48.65;86.36;;;;;;;;;;;;;;;;;;;;;;;;;;;;;;;;
2046;2103370;1045523;1057847;23823;20789;0.24;11.33;9.88;75.81;72.73;79.12;12.58;13.35;11.77;1.77;26.04;23.28;49.32;89.66;;;;;;;;;;;;;;;;;;;;;;;;;;;;;;;;
2047;2107922;1047279;1060643;23728;21205;0.22;11.26;10.06;75.91;72.84;79.22;12.45;13.22;11.65;1.77;25.98;24.05;50.03;92.49;;;;;;;;;;;;;;;;;;;;;;;;;;;;;;;;
2048;2111959;1048796;1063163;23624;21620;0.19;11.19;10.24;76.01;72.94;79.32;12.33;13.09;11.53;1.77;25.94;24.84;50.78;95.93;;;;;;;;;;;;;;;;;;;;;;;;;;;;;;;;
2049;2115477;1050073;1065404;23510;22027;0.17;11.11;10.41;76.11;73.05;79.41;12.21;12.97;11.41;1.77;25.92;25.63;51.54;98.83;;;;;;;;;;;;;;;;;;;;;;;;;;;;;;;;
2050;2118474;1051112;1067362;23389;22427;0.14;11.04;10.59;76.21;73.15;79.5;12.1;12.86;11.3;1.77;25.9;26.41;52.31;101.76;;;;;;;;;;;;;;;;;;;;;;;;;;;;;;;;
2051;2120952;1051915;1069037;23274;22827;0.12;10.97;10.76;76.31;73.24;79.59;11.99;12.75;11.19;1.77;25.89;27.19;53.08;105.33;;;;;;;;;;;;;;;;;;;;;;;;;;;;;;;;
2052;2122916;1052485;1070431;23151;23217;0.09;10.91;10.94;76.4;73.34;79.67;11.88;12.64;11.09;1.77;25.89;27.95;53.83;108.33;;;;;;;;;;;;;;;;;;;;;;;;;;;;;;;;
2053;2124363;1052821;1071542;23015;23604;0.07;10.83;11.11;76.49;73.43;79.75;11.78;12.54;10.99;1.77;25.88;28.69;54.57;111.38;;;;;;;;;;;;;;;;;;;;;;;;;;;;;;;;
2054;2125289;1052922;1072367;22871;23979;0.04;10.76;11.28;76.58;73.53;79.84;11.69;12.44;10.9;1.76;25.88;29.42;55.3;113.17;;;;;;;;;;;;;;;;;;;;;;;;;;;;;;;;
2055;2125695;1052789;1072906;22721;24349;0.02;10.69;11.45;76.67;73.62;79.92;11.59;12.34;10.8;1.76;25.88;30.14;56.03;116.27;;;;;;;;;;;;;;;;;;;;;;;;;;;;;;;;
2056;2125590;1052427;1073163;22581;24712;0;10.62;11.63;76.75;73.7;79.99;11.5;12.25;10.72;1.76;25.89;30.86;56.75;119.39;;;;;;;;;;;;;;;;;;;;;;;;;;;;;;;;
2057;2124982;1051839;1073143;22437;25069;-0.03;10.56;11.8;76.83;73.79;80.07;11.42;12.17;10.63;1.76;25.89;31.57;57.46;121.95;;;;;;;;;;;;;;;;;;;;;;;;;;;;;;;;
2058;2123877;1051029;1072848;22287;25414;-0.05;10.49;11.97;76.91;73.87;80.14;11.33;12.08;10.55;1.76;25.89;32.27;58.16;124.39;;;;;;;;;;;;;;;;;;;;;;;;;;;;;;;;
2059;2122283;1050001;1072282;22139;25749;-0.08;10.43;12.13;77;73.95;80.21;11.26;12;10.47;1.76;25.89;32.95;58.84;126.99;;;;;;;;;;;;;;;;;;;;;;;;;;;;;;;;
2060;2120212;1048760;1071452;21995;26076;-0.1;10.37;12.3;77.07;74.03;80.28;11.18;11.93;10.39;1.76;25.89;33.62;59.5;130.25;;;;;;;;;;;;;;;;;;;;;;;;;;;;;;;;
Faixas etárias;;;;;;;;;;;;;;;;;;;;;;;;;;;;;;;;;;;;;;;;;;;;;;;;;;;
Total;;;;;;;;;;;;;;;;;;;;;;;;;;;;;;;;;;;;;;;;;;;;;;;;;;;
Faixa/Ano;2010;2011;2012;2013;2014;2015;2016;2017;2018;2019;2020;2021;2022;2023;2024;2025;2026;2027;2028;2029;2030;2031;2032;2033;2034;2035;2036;2037;2038;2039;2040;2041;2042;2043;2044;2045;2046;2047;2048;2049;2050;2051;2052;2053;2054;2055;2056;2057;2058;2059;2060
Total;1598634;1618210;1637884;1657620;1677766;1698263;1717911;1737578;1757589;1777225;1796460;1815278;1833642;1851491;1868787;1885507;1901627;1917130;1932010;1946272;1959925;1972968;1985411;1997286;2008616;2019409;2029651;2039343;2048511;2057168;2065315;2072942;2080046;2086640;2092729;2098307;2103370;2107922;2111959;2115477;2118474;2120952;2122916;2124363;2125289;2125695;2125590;2124982;2123877;2122283;2120212
0-4;136436;134343;133371;133100;133760;135292;136504;137670;139155;139897;139925;140426;140500;139765;138896;137899;136765;135519;134215;132895;131598;130326;129088;127918;126833;125832;124912;124082;123334;122654;122028;121461;120944;120462;120000;119543;119101;118666;118222;117756;117260;116745;116206;115634;115031;114401;113741;113057;112357;111647;110935
05/set;150565;146626;143478;141279;139288;137133;135035;134054;133775;134420;135938;137135;138287;139753;140485;140502;140990;141054;140308;139433;138423;137282;136030;134728;133413;132119;130859;129629;128465;127388;126396;125481;124658;123916;123240;122620;122058;121548;121071;120611;120161;119723;119289;118850;118389;117894;117384;116848;116280;115680;115055
out/14;158612;159145;158079;155742;153121;150699;146770;143626;141429;139438;137286;135193;134211;133928;134567;136078;137272;138418;139876;140602;140615;141098;141161;140414;139536;138533;137395;136149;134853;133544;132256;130999;129774;128614;127542;126556;125643;124823;124083;123413;122794;122236;121728;121252;120796;120348;119913;119481;119045;118585;118093
15-19;158003;158364;158610;158660;158421;157821;158362;157311;154992;152394;149988;146090;142968;140790;138815;136681;134607;133636;133366;134013;135530;136725;137873;139332;140066;140084;140569;140636;139898;139026;138029;136902;135664;134377;133080;131798;130552;129332;128182;127115;126137;125228;124416;123682;123016;122404;121849;121348;120873;120421;119980
20-24;153337;153996;154735;155501;156182;156699;157074;157337;157399;157176;156601;157155;156129;153842;151279;148904;145052;141971;139823;137873;135767;133725;132772;132517;133173;134693;135891;137043;138503;139242;139275;139766;139842;139120;138259;137282;136168;134951;133679;132400;131132;129902;128696;127562;126507;125541;124645;123842;123120;122464;121860
25-29;148157;150135;151486;152375;153058;153695;154341;155068;155824;156490;156992;157352;157601;157652;157418;156839;157375;156343;154067;151516;149148;145321;142270;140149;138229;136157;134148;133218;132976;133643;135165;136367;137524;138984;139732;139777;140276;140361;139659;138812;137856;136761;135563;134311;133049;131799;130587;129401;128279;127240;126287
30-34;134699;138120;141426;144524;147308;149718;151644;152947;153798;154448;155050;155661;156358;157078;157713;158181;158508;158726;158741;158476;157871;158375;157336;155074;152550;150218;146448;143443;141363;139474;137436;135462;134555;134332;135007;136528;137735;138894;140354;141110;141167;141674;141771;141085;140258;139320;138241;137060;135829;134584;133352
35-39;118020;120850;124123;127693;131307;134789;138162;141423;144476;147220;149596;151496;152775;153612;154249;154838;155439;156126;156833;157457;157917;158231;158441;158460;158206;157623;158143;157135;154915;152441;150147;146431;143473;141428;139574;137570;135627;134746;134537;135219;136739;137947;139107;140568;141330;141397;141911;142019;141348;140541;139619
40-44;106965;109107;110967;112749;114749;117156;119952;123182;126707;130275;133711;137045;140268;143287;145999;148354;150234;151504;152337;152975;153563;154165;154860;155576;156213;156691;157025;157252;157289;157054;156501;157037;156061;153882;151453;149203;145546;142637;140629;138812;136843;134934;134079;133883;134571;136090;137298;138455;139916;140678;140756
45-49;91808;94834;97732;100465;103002;105336;107454;109299;111064;113045;115427;118182;121363;124829;128340;131721;135006;138178;141158;143831;146154;148018;149281;150117;150767;151372;151995;152711;153448;154105;154601;154957;155205;155264;155054;154534;155089;154152;152026;149652;147459;143888;141044;139084;137312;135393;133528;132704;132528;133223;134739
50-54;72803;76057;79398;82750;86012;89112;92069;94906;97588;100080;102378;104469;106297;108051;110013;112362;115071;118195;121591;125031;128350;131574;134692;137623;140261;142559;144408;145674;146522;147190;147815;148459;149193;149950;150627;151139;151520;151791;151880;151701;151217;151792;150897;148844;146546;144421;140962;138205;136307;134596;132740
55-59;55064;57880;60726;63622;66596;69660;72801;76030;79269;82429;85430;88302;91063;93677;96109;98361;100415;102216;103951;105888;108195;110844;113892;117201;120554;123788;126938;129982;132851;135437;137693;139517;140773;141627;142309;142954;143614;144363;145130;145825;146360;146758;147054;147167;147020;146582;147168;146327;144360;142153;140113
60-64;39684;41686;43893;46274;48777;51378;54052;56755;59508;62332;65251;68240;71315;74403;77420;80288;83041;85695;88210;90560;92732;94731;96492;98196;100086;102332;104893;107832;111014;114235;117346;120379;123316;126085;128586;130772;132546;133776;134630;135321;135975;136652;137409;138190;138892;139442;139860;140177;140316;140206;139818
65-69;28589;29654;30846;32178;33677;35351;37206;39248;41454;43766;46173;48643;51147;53696;56315;59023;61799;64657;67531;70343;73025;75602;78094;80462;82681;84738;86644;88333;89976;91791;93934;96361;99132;102126;105149;108074;110931;113706;116322;118690;120766;122455;123645;124482;125175;125837;126526;127285;128063;128772;129332
70-74;20551;21137;21724;22355;23077;23915;24863;25921;27098;28431;29910;31555;33360;35311;37356;39483;41668;43884;46144;48466;50873;53341;55886;58448;60960;63363;65677;67926;70071;72089;73968;75720;77291;78826;80516;82493;84719;87235;89949;92683;95334;97925;100452;102836;105003;106903;108457;109570;110375;111049;111707
75-79;13186;13646;14153;14681;15200;15701;16202;16709;17255;17871;18578;19369;20248;21231;22339;23568;24931;26429;28052;29748;31515;33327;35171;37050;38988;40997;43058;45192;47341;49455;51485;53446;55361;57197;58934;60562;62087;63476;64837;66330;68060;69990;72154;74478;76816;79089;81313;83490;85551;87429;89077
80-84;7387;7613;7856;8121;8413;8731;9077;9462;9858;10251;10632;11015;11412;11835;12310;12846;13445;14110;14846;15681;16604;17630;18750;19972;21240;22566;23925;25312;26728;28194;29716;31281;32905;34543;36160;37716;39228;40714;42149;43512;44797;46013;47132;48240;49452;50842;52379;54083;55903;57731;59512
85-89;3211;3391;3559;3719;3869;4016;4166;4326;4506;4700;4907;5130;5377;5633;5886;6137;6388;6655;6941;7256;7609;8000;8434;8911;9456;10053;10722;11453;12251;13077;13942;14830;15738;16667;17632;18638;19672;20750;21840;22917;23963;24983;25997;26980;27921;28814;29673;30475;31272;32146;33131
90+;1557;1626;1722;1832;1949;2061;2177;2304;2434;2562;2687;2820;2963;3118;3278;3442;3621;3814;4020;4228;4436;4653;4888;5138;5404;5691;6001;6341;6713;7129;7582;8086;8637;9240;9875;10548;11258;12001;12780;13598;14454;15346;16277;17235;18205;19178;20155;21155;22155;23138;24106
Homens;;;;;;;;;;;;;;;;;;;;;;;;;;;;;;;;;;;;;;;;;;;;;;;;;;;
Faixa/Ano;2010;2011;2012;2013;2014;2015;2016;2017;2018;2019;2020;2021;2022;2023;2024;2025;2026;2027;2028;2029;2030;2031;2032;2033;2034;2035;2036;2037;2038;2039;2040;2041;2042;2043;2044;2045;2046;2047;2048;2049;2050;2051;2052;2053;2054;2055;2056;2057;2058;2059;2060
Total;814371;823690;833047;842425;852003;861751;871055;880360;889834;899108;908169;917011;925615;933950;941998;949747;957185;964305;971104;977584;983752;989612;995172;1000450;1005458;1010201;1014672;1018872;1022816;1026512;1029962;1033163;1036115;1038825;1041297;1043530;1045523;1047279;1048796;1050073;1051112;1051915;1052485;1052821;1052922;1052789;1052427;1051839;1051029;1050001;1048760
0-4;69743;68683;68195;68064;68409;69199;69823;70424;71187;71570;71586;71846;71886;71511;71068;70560;69982;69345;68680;68006;67343;66693;66061;65462;64907;64397;63927;63502;63119;62772;62452;62162;61899;61653;61417;61183;60957;60734;60507;60268;60015;59751;59475;59183;58875;58552;58215;57865;57506;57143;56779
05/set;76893;74912;73329;72226;71224;70133;69070;68577;68440;68776;69560;70173;70768;71520;71897;71908;72159;72195;71813;71365;70851;70269;69628;68965;68293;67631;66986;66360;65765;65213;64710;64242;63819;63440;63094;62778;62491;62232;61988;61754;61523;61300;61077;60853;60615;60364;60102;59828;59539;59232;58911
out/14;80988;81334;80812;79607;78254;77021;75045;73461;72361;71358;70266;69207;68711;68573;68904;69682;70293;70883;71629;72003;72011;72258;72293;71909;71462;70949;70372;69732;69073;68404;67744;67102;66480;65886;65338;64837;64371;63949;63572;63230;62915;62630;62372;62128;61897;61668;61446;61224;61001;60764;60516
15-19;79791;79987;80244;80475;80553;80392;80744;80233;79040;77704;76484;74530;72962;71875;70884;69806;68760;68273;68144;68482;69262;69876;70467;71216;71592;71605;71852;71891;71513;71072;70562;69993;69359;68707;68046;67392;66756;66139;65553;65007;64511;64049;63633;63260;62922;62609;62328;62075;61833;61605;61379
20-24;77796;78094;78320;78501;78676;78858;79063;79332;79570;79656;79509;79870;79376;78207;76898;75701;73783;72245;71181;70206;69151;68127;67654;67537;67883;68666;69282;69876;70625;71007;71030;71283;71328;70962;70531;70036;69478;68860;68219;67573;66930;66307;65703;65128;64593;64107;63654;63246;62882;62552;62245
25-29;74311;75443;76313;76967;77460;77840;78131;78350;78527;78695;78871;79066;79329;79558;79637;79490;79840;79345;78188;76895;75707;73811;72299;71255;70303;69275;68277;67822;67718;68068;68855;69473;70071;70821;71209;71242;71503;71556;71204;70786;70307;69764;69162;68537;67904;67277;66668;66079;65514;64992;64518
30-34;67243;69032;70723;72289;73725;75021;76119;76958;77588;78062;78422;78695;78896;79056;79210;79366;79543;79789;79997;80058;79896;80228;79733;78591;77322;76162;74308;72831;71815;70890;69885;68913;68475;68384;68742;69527;70147;70746;71499;71891;71934;72200;72261;71923;71519;71054;70523;69934;69326;68705;68092
35-39;58651;59936;61593;63498;65442;67279;69035;70692;72228;73634;74905;75983;76805;77422;77885;78236;78503;78698;78851;78999;79151;79321;79560;79769;79837;79690;80031;79556;78445;77210;76079;74261;72818;71827;70924;69943;68995;68575;68493;68857;69641;70262;70860;71614;72010;72059;72332;72400;72072;71682;71229
40-44;55078;55761;56201;56576;57143;58073;59334;60963;62832;64743;66545;68273;69901;71414;72797;74052;75114;75926;76540;77001;77350;77618;77821;77982;78140;78307;78491;78742;78961;79040;78913;79265;78811;77730;76527;75427;73650;72241;71275;70398;69442;68519;68117;68045;68414;69197;69818;70413;71167;71565;71622
45-49;47816;49276;50655;51908;52983;53856;54531;54972;55348;55911;56831;58067;59665;61494;63363;65129;66824;68420;69905;71264;72499;73549;74354;74969;75437;75795;76078;76298;76476;76652;76832;77032;77298;77529;77622;77516;77879;77452;76408;75243;74182;72461;71097;70163;69316;68395;67501;67122;67062;67436;68216
50-54;37735;39457;41208;42940;44590;46113;47529;48869;50090;51142;51997;52664;53106;53488;54051;54956;56165;57725;59505;61323;63045;64698;66259;67712;69049;70266;71303;72107;72725;73201;73570;73867;74101;74297;74490;74683;74898;75176;75422;75531;75446;75820;75420;74422;73306;72288;70638;69328;68434;67624;66744
55-59;28412;29821;31279;32790;34352;35962;37605;39277;40934;42513;43973;45334;46625;47803;48821;49653;50305;50743;51128;51687;52571;53743;55252;56973;58730;60395;62001;63514;64928;66231;67419;68436;69228;69842;70322;70700;71008;71255;71463;71671;71880;72106;72395;72651;72774;72713;73090;72722;71778;70719;69753
60-64;20898;21793;22758;23803;24941;26182;27500;28867;30282;31746;33258;34800;36371;37929;39416;40793;42082;43309;44429;45403;46199;46832;47266;47655;48203;49063;50186;51627;53264;54933;56517;58046;59491;60842;62089;63231;64209;64977;65580;66058;66438;66755;67011;67234;67454;67673;67911;68208;68470;68606;68567
65-69;14925;15445;16056;16737;17467;18230;19046;19923;20876;21908;23038;24233;25478;26764;28099;29476;30883;32318;33744;35106;36372;37561;38695;39734;40643;41390;41992;42414;42800;43331;44148;45200;46538;48055;49596;51061;52480;53823;55082;56245;57314;58233;58964;59541;60009;60386;60709;60969;61201;61433;61661
70-74;10885;11099;11291;11503;11782;12155;12608;13136;13721;14353;15009;15714;16470;17293;18183;19157;20187;21260;22371;23524;24716;25935;27183;28421;29607;30713;31755;32756;33676;34485;35154;35701;36099;36469;36969;37714;38663;39853;41195;42556;43852;45108;46302;47425;48465;49424;50250;50918;51454;51893;52257
75-79;6864;7070;7319;7581;7820;8021;8201;8368;8552;8787;9093;9460;9883;10353;10860;11387;11951;12558;13219;13933;14716;15542;16402;17294;18224;19183;20167;21177;22179;23143;24045;24900;25724;26487;27162;27726;28191;28544;28876;29316;29954;30754;31746;32856;33982;35055;36096;37090;38029;38900;39707
80-84;3964;4036;4106;4185;4287;4412;4563;4746;4935;5109;5255;5390;5521;5664;5843;6067;6336;6642;6980;7345;7723;8132;8568;9048;9561;10127;10723;11344;11988;12662;13359;14074;14811;15541;16247;16909;17542;18153;18726;19234;19661;20019;20299;20571;20922;21421;22037;22787;23618;24460;25262
85-89;1630;1767;1861;1932;1986;2036;2084;2129;2183;2249;2327;2419;2528;2641;2744;2833;2915;3001;3094;3206;3345;3508;3693;3896;4118;4343;4590;4852;5145;5455;5797;6158;6533;6925;7335;7761;8197;8651;9098;9532;9942;10335;10721;11083;11408;11681;11915;12105;12294;12537;12870
90+;748;744;784;843;909;968;1024;1083;1140;1192;1240;1287;1334;1385;1438;1495;1560;1630;1706;1778;1844;1911;1984;2062;2147;2244;2351;2471;2601;2743;2891;3055;3232;3428;3637;3864;4108;4363;4636;4923;5225;5542;5870;6204;6537;6866;7194;7526;7849;8153;8432
Mulheres;;;;;;;;;;;;;;;;;;;;;;;;;;;;;;;;;;;;;;;;;;;;;;;;;;;
Faixa/Ano;2010;2011;2012;2013;2014;2015;2016;2017;2018;2019;2020;2021;2022;2023;2024;2025;2026;2027;2028;2029;2030;2031;2032;2033;2034;2035;2036;2037;2038;2039;2040;2041;2042;2043;2044;2045;2046;2047;2048;2049;2050;2051;2052;2053;2054;2055;2056;2057;2058;2059;2060
Total;784263;794520;804837;815195;825763;836512;846856;857218;867755;878117;888291;898267;908027;917541;926789;935760;944442;952825;960906;968688;976173;983356;990239;996836;1003158;1009208;1014979;1020471;1025695;1030656;1035353;1039779;1043931;1047815;1051432;1054777;1057847;1060643;1063163;1065404;1067362;1069037;1070431;1071542;1072367;1072906;1073163;1073143;1072848;1072282;1071452
0-4;66693;65660;65176;65036;65351;66093;66681;67246;67968;68327;68339;68580;68614;68254;67828;67339;66783;66174;65535;64889;64255;63633;63027;62456;61926;61435;60985;60580;60215;59882;59576;59299;59045;58809;58583;58360;58144;57932;57715;57488;57245;56994;56731;56451;56156;55849;55526;55192;54851;54504;54156
05/set;73672;71714;70149;69053;68064;67000;65965;65477;65335;65644;66378;66962;67519;68233;68588;68594;68831;68859;68495;68068;67572;67013;66402;65763;65120;64488;63873;63269;62700;62175;61686;61239;60839;60476;60146;59842;59567;59316;59083;58857;58638;58423;58212;57997;57774;57530;57282;57020;56741;56448;56144
out/14;77624;77811;77267;76135;74867;73678;71725;70165;69068;68080;67020;65986;65500;65355;65663;66396;66979;67535;68247;68599;68604;68840;68868;68505;68074;67584;67023;66417;65780;65140;64512;63897;63294;62728;62204;61719;61272;60874;60511;60183;59879;59606;59356;59124;58899;58680;58467;58257;58044;57821;57577
15-19;78212;78377;78366;78185;77868;77429;77618;77078;75952;74690;73504;71560;70006;68915;67931;66875;65847;65363;65222;65531;66268;66849;67406;68116;68474;68479;68717;68745;68385;67954;67467;66909;66305;65670;65034;64406;63796;63193;62629;62108;61626;61179;60783;60422;60094;59795;59521;59273;59040;58816;58601
20-24;75541;75902;76415;77000;77506;77841;78011;78005;77829;77520;77092;77285;76753;75635;74381;73203;71269;69726;68642;67667;66616;65598;65118;64980;65290;66027;66609;67167;67878;68235;68245;68483;68514;68158;67728;67246;66690;66091;65460;64827;64202;63595;62993;62434;61914;61434;60991;60596;60238;59912;59615
25-29;73846;74692;75173;75408;75598;75855;76210;76718;77297;77795;78121;78286;78272;78094;77781;77349;77535;76998;75879;74621;73441;71510;69971;68894;67926;66882;65871;65396;65258;65575;66310;66894;67453;68163;68523;68535;68773;68805;68455;68026;67549;66997;66401;65774;65145;64522;63919;63322;62765;62248;61769
30-34;67456;69088;70703;72235;73583;74697;75525;75989;76210;76386;76628;76966;77462;78022;78503;78815;78965;78937;78744;78418;77975;78147;77603;76483;75228;74056;72140;70612;69548;68584;67551;66549;66080;65948;66265;67001;67588;68148;68855;69219;69233;69474;69510;69162;68739;68266;67718;67126;66503;65879;65260
35-39;59369;60914;62530;64195;65865;67510;69127;70731;72248;73586;74691;75513;75970;76190;76364;76602;76936;77428;77982;78458;78766;78910;78881;78691;78369;77933;78112;77579;76470;75231;74068;72170;70655;69601;68650;67627;66632;66171;66044;66362;67098;67685;68247;68954;69320;69338;69579;69619;69276;68859;68390
40-44;51887;53346;54766;56173;57606;59083;60618;62219;63875;65532;67166;68772;70367;71873;73202;74302;75120;75578;75797;75974;76213;76547;77039;77594;78073;78384;78534;78510;78328;78014;77588;77772;77250;76152;74926;73776;71896;70396;69354;68414;67401;66415;65962;65838;66157;66893;67480;68042;68749;69113;69134
45-49;43992;45558;47077;48557;50019;51480;52923;54327;55716;57134;58596;60115;61698;63335;64977;66592;68182;69758;71253;72567;73655;74469;74927;75148;75330;75577;75917;76413;76972;77453;77769;77925;77907;77735;77432;77018;77210;76700;75618;74409;73277;71427;69947;68921;67996;66998;66027;65582;65466;65787;66523
50-54;35068;36600;38190;39810;41422;42999;44540;46037;47498;48938;50381;51805;53191;54563;55962;57406;58906;60470;62086;63708;65305;66876;68433;69911;71212;72293;73105;73567;73797;73989;74245;74592;75092;75653;76137;76456;76622;76615;76458;76170;75771;75972;75477;74422;73240;72133;70324;68877;67873;66972;65996
55-59;26652;28059;29447;30832;32244;33698;35196;36753;38335;39916;41457;42968;44438;45874;47288;48708;50110;51473;52823;54201;55624;57101;58640;60228;61824;63393;64937;66468;67923;69206;70274;71081;71545;71785;71987;72254;72606;73108;73667;74154;74480;74652;74659;74516;74246;73869;74078;73605;72582;71434;70360
60-64;18786;19893;21135;22471;23836;25196;26552;27888;29226;30586;31993;33440;34944;36474;38004;39495;40959;42386;43781;45157;46533;47899;49226;50541;51883;53269;54707;56205;57750;59302;60829;62333;63825;65243;66497;67541;68337;68799;69050;69263;69537;69897;70398;70956;71438;71769;71949;71969;71846;71600;71251
65-69;13664;14209;14790;15441;16210;17121;18160;19325;20578;21858;23135;24410;25669;26932;28216;29547;30916;32339;33787;35237;36653;38041;39399;40728;42038;43348;44652;45919;47176;48460;49786;51161;52594;54071;55553;57013;58451;59883;61240;62445;63452;64222;64681;64941;65166;65451;65817;66316;66862;67339;67671
70-74;9666;10038;10433;10852;11295;11760;12255;12785;13377;14078;14901;15841;16890;18018;19173;20326;21481;22624;23773;24942;26157;27406;28703;30027;31353;32650;33922;35170;36395;37604;38814;40019;41192;42357;43547;44779;46056;47382;48754;50127;51482;52817;54150;55411;56538;57479;58207;58652;58921;59156;59450
75-79;6322;6576;6834;7100;7380;7680;8001;8341;8703;9084;9485;9909;10365;10878;11479;12181;12980;13871;14833;15815;16799;17785;18769;19756;20764;21814;22891;24015;25162;26312;27440;28546;29637;30710;31772;32836;33896;34932;35961;37014;38106;39236;40408;41622;42834;44034;45217;46400;47522;48529;49370
80-84;3423;3577;3750;3936;4126;4319;4514;4716;4923;5142;5377;5625;5891;6171;6467;6779;7109;7468;7866;8336;8881;9498;10182;10924;11679;12439;13202;13968;14740;15532;16357;17207;18094;19002;19913;20807;21686;22561;23423;24278;25136;25994;26833;27669;28530;29421;30342;31296;32285;33271;34250
85-89;1581;1624;1698;1787;1883;1980;2082;2197;2323;2451;2580;2711;2849;2992;3142;3304;3473;3654;3847;4050;4264;4492;4741;5015;5338;5710;6132;6601;7106;7622;8145;8672;9205;9742;10297;10877;11475;12099;12742;13385;14021;14648;15276;15897;16513;17133;17758;18370;18978;19609;20261
90+;809;882;938;989;1040;1093;1153;1221;1294;1370;1447;1533;1629;1733;1840;1947;2061;2184;2314;2450;2592;2742;2904;3076;3257;3447;3650;3870;4112;4386;4691;5031;5405;5812;6238;6684;7150;7638;8144;8675;9229;9804;10407;11031;11668;12312;12961;13629;14306;14985;15674
Brasil;;;;;;;;;;;;;;;;;;;;;;;;;;;;;;;;;;;;;;;;;;;;;;;;;;;
Dados;;;;;;;;;;;;;;;;;;;;;;;;;;;;;;;;;;;;;;;;;;;;;;;;;;;
Ano;População total;Homens;Mulheres;Nascimentos;Óbitos;Taxa de Crescimento Geométrico;Taxa Bruta de Natalidade;Taxa Bruta de Mortalidade;Esperança de Vida ao Nascer;Esperança de Vida ao Nascer - Homens;Esperança de Vida ao Nascer - Mulheres;Taxa de Mortalidade Infantil;Taxa de Mortalidade Infantil - Homens;Taxa de Mortalidade Infantil - Mulheres;Taxa de Fecundidade Total;Razão de Dependência - Jovens 0 a 14 anos;Razão de Dependência - Idosos 65 ou mais anos;Razão de Dependência;Índice de Envelhecimento;;;;;;;;;;;;;;;;;;;;;;;;;;;;;;;;
2010;194890682;95513298;99377384;2939435;1240083;x;15.08;6.36;73.86;70.21;77.6;17.22;18.76;15.59;1.75;36.32;10.77;47.09;29.55;;;;;;;;;;;;;;;;;;;;;;;;;;;;;;;;
2011;196603732;96322635;100281097;2974525;1247751;0.88;15.13;6.35;74.2;70.57;77.91;16.43;17.86;14.92;1.76;35.37;10.99;46.36;30.99;;;;;;;;;;;;;;;;;;;;;;;;;;;;;;;;
2012;198314934;97132054;101182880;2953890;1258235;0.87;14.89;6.34;74.52;70.91;78.22;15.69;17.03;14.29;1.75;34.45;11.24;45.68;32.63;;;;;;;;;;;;;;;;;;;;;;;;;;;;;;;;
2013;200004188;97931331;102072857;2953178;1270306;0.85;14.77;6.35;74.84;71.25;78.51;15.02;16.27;13.7;1.74;33.56;11.51;45.07;34.2;;;;;;;;;;;;;;;;;;;;;;;;;;;;;;;;
2014;201717541;98744098;102973443;3028202;1284346;0.86;15.01;6.37;75.14;71.57;78.78;14.4;15.58;13.16;1.78;32.78;11.81;44.59;36.12;;;;;;;;;;;;;;;;;;;;;;;;;;;;;;;;
2015;203475683;99581002;103894681;3070979;1299541;0.87;15.09;6.39;75.44;71.88;79.05;13.82;14.93;12.65;1.8;32.15;12.13;44.29;37.67;;;;;;;;;;;;;;;;;;;;;;;;;;;;;;;;
2016;205156587;100379640;104776947;2901053;1314164;0.83;14.14;6.41;75.72;72.18;79.31;13.29;14.35;12.19;1.7;31.57;12.49;44.05;39.73;;;;;;;;;;;;;;;;;;;;;;;;;;;;;;;;
2017;206804741;101163599;105641142;3020743;1330811;0.8;14.61;6.44;75.99;72.46;79.56;12.81;13.8;11.75;1.78;31.11;12.87;43.98;41.2;;;;;;;;;;;;;;;;;;;;;;;;;;;;;;;;
2018;208494900;101971173;106523727;3003585;1349693;0.82;14.41;6.47;76.25;72.74;79.8;12.35;13.31;11.35;1.77;30.75;13.28;44.03;43.19;;;;;;;;;;;;;;;;;;;;;;;;;;;;;;;;
2019;210147125;102760295;107386830;2984414;1368954;0.79;14.2;6.51;76.5;73;80.03;11.94;12.85;10.98;1.77;30.42;13.72;44.14;45.02;;;;;;;;;;;;;;;;;;;;;;;;;;;;;;;;
2020;211755692;103527689;108228003;2963516;1389144;0.77;13.99;6.56;76.74;73.26;80.25;11.56;12.43;10.64;1.76;30.11;14.18;44.29;46.89;;;;;;;;;;;;;;;;;;;;;;;;;;;;;;;;
2021;213317639;104271843;109045796;2940629;1410602;0.74;13.79;6.61;76.97;73.5;80.46;11.2;12.04;10.32;1.76;29.83;14.67;44.5;49.51;;;;;;;;;;;;;;;;;;;;;;;;;;;;;;;;
2022;214828540;104990487;109838053;2913688;1433605;0.71;13.56;6.67;77.19;73.74;80.67;10.88;11.68;10.03;1.75;29.63;15.19;44.82;51.22;;;;;;;;;;;;;;;;;;;;;;;;;;;;;;;;
2023;216284269;105681529;110602740;2885501;1458023;0.68;13.34;6.74;77.4;73.96;80.86;10.58;11.36;9.75;1.75;29.43;15.74;45.17;53.2;;;;;;;;;;;;;;;;;;;;;;;;;;;;;;;;
2024;217684462;106345043;111339419;2856690;1483777;0.65;13.12;6.82;77.6;74.17;81.05;10.3;11.05;9.5;1.74;29.26;16.31;45.56;55.72;;;;;;;;;;;;;;;;;;;;;;;;;;;;;;;;
2025;219029093;106981304;112047789;2827039;1510693;0.62;12.91;6.9;77.8;74.38;81.22;10.04;10.77;9.27;1.74;29.11;16.9;46.01;58.29;;;;;;;;;;;;;;;;;;;;;;;;;;;;;;;;
2026;220316530;107589495;112727035;2797674;1539159;0.59;12.7;6.99;77.98;74.57;81.39;9.8;10.51;9.05;1.74;28.95;17.51;46.45;60.61;;;;;;;;;;;;;;;;;;;;;;;;;;;;;;;;
2027;221545234;108168830;113376404;2768000;1569117;0.56;12.49;7.08;78.16;74.76;81.56;9.58;10.27;8.85;1.73;28.77;18.14;46.9;62.76;;;;;;;;;;;;;;;;;;;;;;;;;;;;;;;;
2028;222713669;108718587;113995082;2738355;1600375;0.53;12.3;7.19;78.32;74.94;81.71;9.37;10.05;8.66;1.73;28.59;18.78;47.37;65.46;;;;;;;;;;;;;;;;;;;;;;;;;;;;;;;;
2029;223821305;109238514;114582791;2710134;1632845;0.5;12.11;7.3;78.49;75.11;81.86;9.18;9.84;8.49;1.72;28.36;19.42;47.79;68.23;;;;;;;;;;;;;;;;;;;;;;;;;;;;;;;;
2030;224868462;109728762;115139700;2683440;1666427;0.47;11.93;7.41;78.64;75.28;82;9.01;9.65;8.33;1.72;28.08;20.06;48.14;71.05;;;;;;;;;;;;;;;;;;;;;;;;;;;;;;;;
2031;225854415;110189007;115665408;2655850;1700970;0.44;11.76;7.53;78.78;75.43;82.14;8.85;9.48;8.18;1.72;27.84;20.71;48.55;74.33;;;;;;;;;;;;;;;;;;;;;;;;;;;;;;;;
2032;226777802;110618592;116159210;2628742;1736861;0.41;11.59;7.66;78.92;75.58;82.27;8.7;9.32;8.05;1.72;27.61;21.36;48.97;77.3;;;;;;;;;;;;;;;;;;;;;;;;;;;;;;;;
2033;227638581;111017537;116621044;2603540;1773877;0.38;11.44;7.79;79.05;75.72;82.39;8.57;9.18;7.92;1.71;27.32;22.01;49.33;80.33;;;;;;;;;;;;;;;;;;;;;;;;;;;;;;;;
2034;228437122;111386062;117051060;2579544;1812136;0.35;11.29;7.93;79.18;75.86;82.51;8.44;9.04;7.81;1.71;27.04;22.65;49.69;83.43;;;;;;;;;;;;;;;;;;;;;;;;;;;;;;;;
2035;229173685;111724392;117449293;2557147;1851454;0.32;11.16;8.08;79.3;75.99;82.62;8.32;8.92;7.7;1.71;26.76;23.28;50.04;87.08;;;;;;;;;;;;;;;;;;;;;;;;;;;;;;;;
2036;229847832;112032426;117815406;2534413;1891832;0.29;11.03;8.23;79.42;76.11;82.73;8.22;8.8;7.6;1.7;26.48;23.9;50.39;90.34;;;;;;;;;;;;;;;;;;;;;;;;;;;;;;;;
2037;230459062;112309958;118149104;2513030;1933167;0.27;10.9;8.39;79.53;76.23;82.83;8.12;8.69;7.51;1.7;26.22;24.52;50.74;93.68;;;;;;;;;;;;;;;;;;;;;;;;;;;;;;;;
2038;231007871;112557327;118450544;2493021;1975283;0.24;10.79;8.55;79.63;76.34;82.93;8.02;8.59;7.42;1.7;25.97;25.13;51.1;96.51;;;;;;;;;;;;;;;;;;;;;;;;;;;;;;;;
2039;231494650;112774820;118719830;2473758;2017958;0.21;10.69;8.72;79.73;76.45;83.02;7.93;8.49;7.34;1.7;25.74;25.77;51.52;100;;;;;;;;;;;;;;;;;;;;;;;;;;;;;;;;
2040;231919922;112962751;118957171;2455519;2060782;0.18;10.59;8.89;79.83;76.55;83.11;7.85;8.4;7.27;1.69;25.54;26.46;51.99;103.57;;;;;;;;;;;;;;;;;;;;;;;;;;;;;;;;
2041;232284233;113121438;119162795;2437785;2103915;0.16;10.49;9.06;79.92;76.65;83.2;7.77;8.32;7.2;1.69;25.35;27.18;52.53;107.23;;;;;;;;;;;;;;;;;;;;;;;;;;;;;;;;
2042;232588580;113251454;119337126;2422219;2147419;0.13;10.41;9.23;80;76.74;83.28;7.7;8.24;7.13;1.69;25.19;27.93;53.13;110.3;;;;;;;;;;;;;;;;;;;;;;;;;;;;;;;;
2043;232834065;113353443;119480622;2407325;2191168;0.11;10.34;9.41;80.09;76.83;83.36;7.63;8.16;7.06;1.69;25.06;28.73;53.78;114.72;;;;;;;;;;;;;;;;;;;;;;;;;;;;;;;;
2044;233020996;113427597;119593399;2392409;2234730;0.08;10.27;9.59;80.17;76.92;83.43;7.56;8.09;7;1.69;24.94;29.55;54.49;118.63;;;;;;;;;;;;;;;;;;;;;;;;;;;;;;;;
2045;233149625;113474061;119675564;2377677;2278119;0.06;10.2;9.77;80.24;77;83.5;7.5;8.02;6.95;1.68;24.85;30.4;55.25;122.5;;;;;;;;;;;;;;;;;;;;;;;;;;;;;;;;
2046;233220257;113493052;119727205;2363150;2321466;0.03;10.13;9.95;80.31;77.08;83.57;7.44;7.96;6.9;1.68;24.77;31.27;56.04;125.79;;;;;;;;;;;;;;;;;;;;;;;;;;;;;;;;
2047;233233670;113485011;119748659;2349527;2364398;0.01;10.07;10.14;80.38;77.16;83.63;7.39;7.9;6.84;1.68;24.72;32.17;56.89;129.75;;;;;;;;;;;;;;;;;;;;;;;;;;;;;;;;
2048;233190482;113450253;119740229;2335541;2407046;-0.02;10.02;10.32;80.45;77.23;83.7;7.33;7.84;6.8;1.68;24.68;33.08;57.76;134.62;;;;;;;;;;;;;;;;;;;;;;;;;;;;;;;;
2049;233090464;113388652;119701812;2320604;2449148;-0.04;9.96;10.51;80.51;77.3;83.75;7.29;7.79;6.75;1.68;24.66;33.99;58.64;138.06;;;;;;;;;;;;;;;;;;;;;;;;;;;;;;;;
2050;232933276;113300060;119633216;2304717;2490559;-0.07;9.89;10.69;80.57;77.37;83.81;7.24;7.74;6.71;1.68;24.64;34.88;59.52;142.21;;;;;;;;;;;;;;;;;;;;;;;;;;;;;;;;
2051;232719169;113184593;119534576;2288973;2531362;-0.09;9.84;10.88;80.63;77.43;83.86;7.2;7.69;6.67;1.67;24.63;35.76;60.38;144.81;;;;;;;;;;;;;;;;;;;;;;;;;;;;;;;;
2052;232448867;113042592;119406275;2273127;2571362;-0.12;9.78;11.06;80.68;77.49;83.91;7.16;7.65;6.64;1.67;24.62;36.62;61.24;148.37;;;;;;;;;;;;;;;;;;;;;;;;;;;;;;;;
2053;232122448;112874076;119248372;2255972;2610595;-0.14;9.72;11.25;80.74;77.55;83.96;7.12;7.61;6.6;1.67;24.62;37.45;62.07;151.97;;;;;;;;;;;;;;;;;;;;;;;;;;;;;;;;
2054;231739632;112678873;119060759;2237804;2648830;-0.16;9.66;11.43;80.78;77.61;84;7.08;7.57;6.57;1.67;24.62;38.26;62.89;155.63;;;;;;;;;;;;;;;;;;;;;;;;;;;;;;;;
2055;231300323;112456873;118843450;2218450;2686056;-0.19;9.59;11.61;80.83;77.66;84.04;7.05;7.54;6.54;1.67;24.63;39.05;63.68;159.33;;;;;;;;;;;;;;;;;;;;;;;;;;;;;;;;
2056;230805223;112208379;118596844;2199622;2722232;-0.21;9.53;11.79;80.88;77.71;84.08;7.02;7.5;6.51;1.67;24.63;39.81;64.43;161.33;;;;;;;;;;;;;;;;;;;;;;;;;;;;;;;;
2057;230255685;111934042;118321643;2180831;2757317;-0.24;9.47;11.98;80.92;77.76;84.12;6.99;7.47;6.48;1.66;24.62;40.52;65.15;164.43;;;;;;;;;;;;;;;;;;;;;;;;;;;;;;;;
2058;229652286;111634119;118018167;2161015;2791329;-0.26;9.41;12.15;80.96;77.81;84.16;6.96;7.44;6.46;1.66;24.62;41.22;65.84;168.24;;;;;;;;;;;;;;;;;;;;;;;;;;;;;;;;
2059;228995541;111308845;117686696;2141033;2824224;-0.29;9.35;12.33;81;77.86;84.19;6.94;7.41;6.44;1.66;24.61;41.91;66.53;170.27;;;;;;;;;;;;;;;;;;;;;;;;;;;;;;;;
2060;228286347;110958642;117327705;2120842;2856059;-0.31;9.29;12.51;81.04;77.9;84.23;6.91;7.39;6.42;1.66;24.61;42.62;67.23;173.47;;;;;;;;;;;;;;;;;;;;;;;;;;;;;;;;
Faixas etárias;;;;;;;;;;;;;;;;;;;;;;;;;;;;;;;;;;;;;;;;;;;;;;;;;;;
Total;;;;;;;;;;;;;;;;;;;;;;;;;;;;;;;;;;;;;;;;;;;;;;;;;;;
Faixa/Ano;2010;2011;2012;2013;2014;2015;2016;2017;2018;2019;2020;2021;2022;2023;2024;2025;2026;2027;2028;2029;2030;2031;2032;2033;2034;2035;2036;2037;2038;2039;2040;2041;2042;2043;2044;2045;2046;2047;2048;2049;2050;2051;2052;2053;2054;2055;2056;2057;2058;2059;2060
Total;194890682;196603732;198314934;200004188;201717541;203475683;205156587;206804741;208494900;210147125;211755692;213317639;214828540;216284269;217684462;219029093;220316530;221545234;222713669;223821305;224868462;225854415;226777802;227638581;228437122;229173685;229847832;230459062;231007871;231494650;231919922;232284233;232588580;232834065;233020996;233149625;233220257;233233670;233190482;233090464;232933276;232719169;232448867;232122448;231739632;231300323;230805223;230255685;229652286;228995541;228286347
0-4;14858280;14697433;14624301;14567170;14570070;14677159;14715112;14720776;14787557;14798332;14730311;14703281;14675523;14569055;14452355;14326234;14192256;14053426;13912226;13770272;13629815;13491399;13354905;13221642;13092489;12967369;12846604;12730937;12620549;12514918;12413588;12316709;12225086;12138798;12057106;11979238;11904624;11832490;11761709;11691308;11620256;11547982;11473958;11397201;11317212;11233863;11147191;11057520;10965028;10870292;10774218
05/set;15865195;15600504;15387507;15203145;15029641;14824271;14664918;14593299;14537829;14542132;14650311;14689394;14695773;14762671;14773628;14705941;14679311;14652033;14546208;14430226;14304778;14171490;14033278;13892710;13751331;13611405;13473529;13337523;13204728;13076037;12951361;12830995;12715703;12605672;12500387;12399373;12302790;12211456;12125433;12043993;11966376;11891973;11820071;11749531;11679356;11608504;11536459;11462615;11386046;11306224;11223031
out/14;17397304;17216843;16880174;16495325;16131984;15840860;15577214;15365237;15182024;15009676;14805478;14647164;14576191;14520972;14525347;14633526;14672711;14679300;14746432;14757724;14690423;14664114;14637176;14531700;14416109;14291049;14158125;14020272;13880038;13738984;13599376;13461829;13326122;13193611;13065182;12940762;12820626;12705545;12595720;12490655;12389855;12293466;12202305;12116445;12035156;11957694;11883455;11811703;11741278;11671246;11600532
15-19;17219086;17238401;17315601;17402809;17424089;17334096;17155615;16821630;16439846;16079464;15790863;15529387;15318916;15136923;14965724;14762869;14605891;14536019;14481942;14487286;14596110;14635967;14643187;14710785;14722659;14656163;14630405;14603997;14499263;14384409;14260078;14127872;13990752;13851207;13710840;13571863;13434947;13299846;13167907;13040010;12916108;12796510;12681921;12572557;12467934;12367551;12271531;12180736;12095228;12014265;11937109
20-24;17476779;17396868;17296030;17195219;17124785;17100769;17122881;17203520;17294780;17319853;17233266;17057794;16726717;16347561;15989803;15703800;15444924;15236871;15057313;14888503;14688175;14533531;14465563;14413260;14420025;14529708;14570602;14578856;14647162;14659931;14594614;14569782;14544238;14440723;14327061;14203946;14072906;13936948;13798559;13659314;13521425;13385549;13251456;13120499;12993545;12870528;12751775;12637977;12529386;12425516;12325847
25-29;17334110;17423848;17454135;17436877;17391346;17331851;17256322;17161679;17068593;17004904;16985866;17011218;17092427;17182193;17206153;17119972;16946247;16618500;16243415;15889766;15607291;15351552;15146240;14969263;14802897;14605190;14452983;14386955;14336521;14344709;14455193;14497153;14506501;14575436;14589082;14524961;14501063;14476422;14374170;14261783;14139942;14010163;13875462;13738287;13600246;13463536;13328803;13195813;13065893;12939931;12817887
30-34;15955949;16275019;16567575;16822855;17028854;17178656;17271648;17306947;17296659;17258318;17205416;17135646;17044190;16951251;16886952;16867543;16892885;16974395;17065211;17091062;17007393;16836728;16512899;16141856;15792033;15512843;15259983;15057188;14882572;14718488;14523256;14373318;14309113;14260407;14269902;14381026;14423898;14434174;14503630;14518027;14455019;14431957;14408126;14307058;14195853;14075191;13946610;13813084;13677088;13540196;13404578
35-39;14075108;14350827;14689558;15066579;15441748;15787821;16107943;16402815;16661965;16872342;17026545;17123723;17161844;17152616;17115112;17063584;16995707;16906691;16816670;16755274;16738294;16765601;16848588;16940702;16968189;16886844;16719129;16399166;16032170;15686230;15410325;15160396;14960090;14787787;14625966;14433207;14285523;14223058;14175984;14186704;14298311;14341981;14353071;14422945;14437977;14376076;14353778;14330671;14230768;14120755;14001307
40-44;13184170;13311309;13414041;13519509;13668343;13884283;14161178;14500831;14879035;15255513;15602974;15924417;16219710;16478229;16688213;16842846;16941312;16981681;16975459;16941357;16893256;16828804;16743240;16656520;16598022;16583446;16612647;16696902;16790065;16818996;16739962;16575282;16259556;15897111;15555535;15283397;15036761;14839171;14669407;14510049;14320041;14174828;14114206;14068807;14080737;14192649;14236987;14248844;14318948;14334584;14273861
45-49;11992439;12218181;12426314;12615601;12784211;12933598;13064058;13171048;13281287;13434076;13652504;13930420;14269004;14644402;15017933;15363171;15683089;15977567;16236139;16446903;16602926;16703462;16746553;16743579;16713006;16668492;16607681;16525845;16442743;16387431;16375387;16406437;16491724;16585608;16615819;16539189;16377988;16067408;15710668;15374594;15107158;14864721;14670479;14503796;14347422;14160785;14018586;13960052;13916591;13929788;14041783
50-54;10276773;10574366;10868062;11152415;11419933;11666086;11892707;12102371;12293932;12465329;12617804;12751592;12861867;12974530;13128538;13346782;13623237;13959030;14330885;14700984;15043388;15361008;15653779;15911350;16121912;16278600;16380728;16426408;16426757;16399939;16359306;16302574;16224958;16146006;16094242;16084875;16117711;16203642;16297801;16329111;16255195;16098244;15794311;15445094;15116301;14855005;14618039;14428117;14265353;14112793;13930535
55-59;8387564;8679820;8977656;9278724;9579705;9877881;10172542;10463716;10746091;11012111;11257277;11483368;11692613;11883880;12055490;12208751;12343963;12456465;12571436;12726473;12943766;13217366;13548288;13914012;14277951;14615019;14928011;15216929;15471607;15680383;15836527;15939411;15987269;15990939;15968053;15931630;15879345;15806522;15732281;15684468;15677945;15712380;15798347;15891980;15924009;15853162;15701406;15406171;15066946;14747850;14494713
60-64;6596741;6859058;7119004;7379912;7647936;7926230;8211893;8503042;8797470;9091910;9383728;9672175;9957156;10233460;10493988;10734491;10956693;11162776;11351609;11521660;11673982;11809015;11922324;12038067;12192258;12406090;12673729;12996043;13351492;13705082;14032901;14337648;14619346;14868106;15072540;15226101;15328313;15377469;15384059;15365094;15332980;15285499;15218052;15149158;15105746;15102049;15137666;15222586;15314436;15346470;15279016
65-69;4905988;5095516;5318713;5565313;5819304;6071240;6322755;6572590;6823731;7081680;7349244;7623733;7903288;8185834;8468411;8748627;9025766;9299757;9565627;9816554;10048512;10263166;10462649;10645868;10811283;10959940;11092321;11204363;11318835;11469648;11676652;11934133;12242752;12582173;12919685;13232909;13524376;13794222;14032965;14229585;14377822;14477368;14526754;14535915;14520894;14493445;14451348;14390212;14327671;14289289;14288480
70-74;3792042;3889352;3974955;4063519;4175947;4323465;4501441;4709484;4938529;5174388;5408663;5642901;5876091;6110754;6351769;6601500;6857600;7118354;7381902;7645534;7907040;8165785;8421765;8670307;8905063;9122289;9323635;9511104;9683679;9839876;9980630;10106571;10214158;10324288;10467931;10663049;10904126;11191369;11506226;11819031;12109555;12380193;12631212;12853724;13037277;13176002;13269879;13317776;13328895;13317878;13295484
75-79;2597990;2688798;2797237;2913384;3023576;3121818;3211601;3292375;3376250;3480536;3614389;3774018;3959070;4161906;4370673;4578361;4786387;4994114;5203523;5418622;5641260;5869405;6101656;6336314;6571128;6804078;7034690;7263005;7484798;7694408;7888458;8068562;8236631;8391702;8532383;8659541;8773851;8872509;8973811;9104799;9280868;9496727;9752138;10030863;10307408;10564467;10804204;11027068;11224976;11388373;11511971
80-84;1689444;1727063;1764898;1807817;1861166;1926871;2004365;2095235;2191860;2283815;2366558;2443191;2513706;2587330;2677251;2790280;2923509;3076687;3243763;3415649;3586931;3758879;3931160;4105249;4284098;4468984;4658301;4850986;5045614;5240341;5433588;5624985;5814637;5998934;6173117;6334346;6484201;6624391;6754088;6872004;6978835;7075422;7159683;7246694;7358416;7506972;7687508;7899218;8128899;8356311;8567809
85-89;830529;901360;954570;996763;1032554;1065148;1097017;1129489;1165517;1208442;1259330;1318006;1385731;1457236;1525459;1587405;1645581;1700356;1758056;1827478;1913020;2012666;2126181;2249361;2375978;2502391;2629690;2757777;2887609;3021064;3158814;3299768;3443164;3587930;3732788;3876586;4019065;4160416;4297807;4427602;4547659;4659375;4764254;4861528;4950167;5030651;5103867;5168499;5235780;5321722;5434778
90+;455191;459166;484603;521252;562349;603580;645377;688657;731945;774304;815165;856211;898723;943466;991663;1043410;1099461;1161212;1225853;1289978;1352102;1414477;1478371;1546036;1620691;1703785;1795039;1894806;2001669;2113776;2229906;2350808;2476780;2607627;2743377;2883626;3028143;3176612;3328257;3482333;3637926;3794831;3953061;4110366;4263976;4412193;4556131;4697023;4833076;4962058;5083408
Homens;;;;;;;;;;;;;;;;;;;;;;;;;;;;;;;;;;;;;;;;;;;;;;;;;;;
Faixa/Ano;2010;2011;2012;2013;2014;2015;2016;2017;2018;2019;2020;2021;2022;2023;2024;2025;2026;2027;2028;2029;2030;2031;2032;2033;2034;2035;2036;2037;2038;2039;2040;2041;2042;2043;2044;2045;2046;2047;2048;2049;2050;2051;2052;2053;2054;2055;2056;2057;2058;2059;2060
Total;95513298;96322635;97132054;97931331;98744098;99581002;100379640;101163599;101971173;102760295;103527689;104271843;104990487;105681529;106345043;106981304;107589495;108168830;108718587;109238514;109728762;110189007;110618592;111017537;111386062;111724392;112032426;112309958;112557327;112774820;112962751;113121438;113251454;113353443;113427597;113474061;113493052;113485011;113450253;113388652;113300060;113184593;113042592;112874076;112678873;112456873;112208379;111934042;111634119;111308845;110958642
0-4;7594516;7513761;7477567;7449337;7451690;7507226;7527223;7530642;7565301;7571223;7536789;7523299;7509386;7455164;7395678;7331364;7263006;7192133;7120032;7047528;6975778;6905062;6835307;6767195;6701192;6637231;6575502;6516373;6459937;6405936;6354123;6304598;6257751;6213632;6171861;6132043;6093885;6056997;6020798;5984802;5948471;5911502;5873639;5834370;5793447;5750809;5706456;5660575;5613249;5564770;5515605
05/set;8094637;7962532;7856445;7764679;7678145;7574960;7495049;7459700;7432381;7435509;7491634;7512252;7516076;7550810;7556858;7522618;7509351;7495730;7441882;7382807;7318878;7250909;7180401;7108665;7036481;6965042;6894634;6825161;6757331;6691592;6627900;6566392;6507477;6451252;6397457;6345822;6296474;6249795;6205831;6164206;6124537;6086502;6049752;6013699;5977830;5941609;5904776;5867020;5827860;5787041;5744493
out/14;8842587;8760868;8596730;8405865;8224795;8080135;7948620;7843086;7751948;7666040;7563501;7484190;7449226;7422072;7425264;7481411;7502112;7506047;7540921;7547162;7513141;7500066;7486634;7433002;7374143;7310452;7242697;7172400;7100861;7028875;6957623;6887413;6818125;6750468;6684877;6621345;6559981;6501187;6445082;6391415;6339911;6290699;6244133;6200276;6158737;6119162;6081226;6044568;6008592;5972801;5936671
15-19;8673836;8693267;8745322;8804210;8829069;8795446;8715095;8552810;8364062;8185062;8042202;7912260;7807878;7717747;7632793;7531320;7453057;7418949;7392651;7396587;7453221;7474403;7478801;7514010;7520683;7487251;7474592;7461547;7408463;7350163;7287028;7219811;7150062;7079046;7007575;6936806;6867067;6798239;6731019;6665837;6602699;6541729;6483312;6427561;6374235;6323041;6274127;6227836;6184244;6142973;6103630
20-24;8746116;8711375;8663577;8614902;8583358;8578611;8600164;8654720;8716490;8744065;8712945;8634909;8475014;8288587;8111918;7971317;7843582;7741213;7653070;7570037;7470597;7394220;7361652;7336794;7341891;7399228;7421254;7426487;7462264;7469669;7437195;7425286;7412946;7360848;7303529;7241380;7175120;7106330;7036251;6965698;6895815;6826928;6758931;6692510;6628106;6565701;6505416;6447653;6392537;6339825;6289218
25-29;8574606;8629711;8657414;8662143;8651184;8630266;8598875;8555561;8512314;8485534;8484394;8508378;8563553;8624538;8651626;8621118;8544666;8387530;8204388;8031009;7893232;7767999;7667829;7581750;7500675;7403356;7328943;7297950;7274594;7280847;7338836;7361712;7367822;7404119;7412226;7380713;7369573;7357978;7306911;7250628;7189512;7124285;7056509;6987423;6917849;6848930;6780967;6713878;6648312;6584723;6523112
30-34;7821287;7982363;8131551;8263753;8373348;8457008;8514439;8545686;8555280;8549320;8532944;8505514;8464499;8421615;8394693;8393527;8417664;8473141;8534872;8563312;8534665;8460519;8306365;8126302;7955838;7820545;7697488;7599240;7514973;7435649;7340229;7267552;7237960;7215936;7223197;7281677;7305262;7312099;7348805;7357492;7326843;7316343;7305373;7255224;7199860;7139664;7075362;7008494;6940318;6871646;6803583
35-39;6857527;6990523;7155946;7341635;7527745;7700900;7862666;8013399;8148183;8260741;8347421;8407755;8440996;8451369;8446055;8430688;8404634;8365378;8324589;8299702;8300209;8325674;8382118;8444696;8474256;8447253;8375224;8223858;8046719;7879049;7746136;7625181;7528741;7446144;7368454;7274845;7203808;7175501;7154681;7162834;7221685;7245877;7253323;7290325;7299496;7269639;7259722;7249292;7200007;7145508;7086207
40-44;6405478;6465519;6511227;6557089;6624863;6727359;6861189;7027271;7213769;7400750;7574836;7737477;7888496;8022898;8135221;8222214;8283430;8318165;8330545;8327522;8314471;8290745;8253830;8215289;8192354;8194452;8221147;8278370;8341585;8372088;8346626;8276663;8128189;7954176;7789503;7659150;7540448;7445888;7365050;7289066;7197348;7128025;7100999;7081359;7090362;7149455;7174123;7182135;7219317;7228927;7199896
45-49;5768516;5880219;5985481;6082367;6167931;6241647;6303978;6352579;6401687;6472175;6576419;6711034;6876531;7061277;7246407;7419108;7580798;7731316;7865760;7978594;8066468;8128987;8165432;8179855;8179060;8168292;8146911;8112423;8076237;8055349;8059034;8086849;8144623;8208179;8239414;8215443;8147699;8002569;7832277;7671186;7543900;7427925;7335566;7256745;7182722;7093220;7025894;7000246;6981909;6991754;7050917
50-54;4900002;5040349;5178764;5313246;5441195;5561009;5673316;5779573;5877917;5965268;6041008;6105571;6156429;6207294;6278778;6383077;6516900;6680739;6863310;7046315;7217244;7377487;7526925;7660698;7773367;7861606;7925036;7962995;7979372;7980824;7972437;7953589;7921753;7888179;7869486;7874764;7903569;7961564;8025093;8056849;8034455;7969304;7828334;7662799;7506320;7382926;7270417;7180814;7104474;7032873;6946162
55-59;3954821;4089187;4227766;4368987;4510555;4650762;4789417;4926386;5059761;5186871;5306101;5418069;5523994;5622071;5709488;5785731;5851268;5903677;5956190;6028485;6132308;6264412;6425224;6603964;6783080;6950611;7107892;7254823;7386666;7498065;7585774;7649457;7688505;7706661;7710316;7704363;7688149;7659220;7628530;7612199;7619074;7648657;7706356;7769208;7801082;7780353;7718248;7582612;7423293;7272866;7154556
60-64;3081961;3198692;3313737;3429277;3548963;3674713;3805186;3939707;4076794;4214303;4350563;4485379;4618536;4748149;4871821;4988027;5097383;5201061;5297302;5383487;5458969;5524298;5577221;5630273;5702081;5803746;5932098;6087478;6259725;6432268;6593867;6745779;6887959;7015825;7124175;7209866;7272652;7311982;7331395;7336975;7333300;7319725;7293901;7266311;7252466;7260725;7290580;7347073;7408221;7439552;7420473
65-69;2253998;2339108;2439108;2549140;2661907;2773210;2883883;2993314;3103440;3217426;3337000;3460918;3588535;3718492;3848844;3978090;4106032;4232502;4355732;4473440;4584216;4688647;4787847;4880176;4963105;5036045;5099560;5151653;5203924;5273663;5371091;5493166;5640066;5802391;5964930;6117373;6260872;6395434;6516731;6619770;6701600;6762068;6800700;6820803;6827971;6826458;6815605;6793193;6769102;6757874;6767303
70-74;1689818;1732563;1770303;1809593;1859518;1924795;2003224;2094581;2194687;2297297;2398778;2499910;2600243;2701380;2806006;2915566;3028989;3145702;3264515;3383680;3501868;3618911;3734717;3847628;3955595;4057304;4153367;4244811;4330120;4406952;4474742;4534111;4583407;4633065;4698510;4788775;4900975;5035044;5182591;5330211;5468808;5599462;5722265;5833225;5927673;6002895;6058911;6095418;6115370;6123684;6124121
75-79;1105206;1144121;1190922;1240998;1288273;1330216;1368574;1403314;1439622;1484658;1542105;1610235;1688895;1774682;1862608;1949716;2036732;2123408;2210961;2301516;2396166;2494028;2594665;2697044;2799720;2901547;3002440;3102353;3199832;3293112;3381052;3464237;3543625;3617852;3684841;3744109;3796312;3840217;3884676;3942722;4021823;4119269;4234768;4361237;4487603;4606394;4718561;4824282;4920042;5001664;5066803
80-84;677628;692280;707304;724631;746369;773094;804695;841980;881564;919059;952619;983758;1012641;1042996;1079956;1126100;1180178;1242110;1309326;1378193;1446541;1514999;1583484;1652852;1724591;1799420;1876683;1956079;2036796;2117674;2197885;2277383;2356175;2433074;2506675;2576080;2641835;2704769;2763770;2817079;2864310;2906165;2941812;2978203;3025436;3089091;3166772;3257946;3357133;3456065;3549148
85-89;314944;340306;359247;374268;387076;398787;410381;422377;435871;452078;471252;493422;519178;546326;572074;595279;617114;637836;659812;686235;718616;756161;798785;844827;891952;938795;985869;1033177;1081264;1131002;1182750;1236101;1290875;1346482;1402163;1457337;1512013;1566262;1619219;1669886;1717634;1762927;1806456;1847353;1884307;1917047;1946213;1971377;1997388;2031094;2076107
90+;155814;155891;163643;175211;188114;200858;213666;226913;240102;252916;265178;277513;290381;304062;318955;335033;352599;372193;392729;412903;432174;451480;471355;492517;515998;542216;571089;602780;636664;672043;708423;746158;785393;826114;868408;912170;957358;1003936;1051543;1099797;1148335;1197201;1246463;1295445;1343371;1389754;1435003;1479630;1522751;1563205;1600637
Mulheres;;;;;;;;;;;;;;;;;;;;;;;;;;;;;;;;;;;;;;;;;;;;;;;;;;;
Faixa/Ano;2010;2011;2012;2013;2014;2015;2016;2017;2018;2019;2020;2021;2022;2023;2024;2025;2026;2027;2028;2029;2030;2031;2032;2033;2034;2035;2036;2037;2038;2039;2040;2041;2042;2043;2044;2045;2046;2047;2048;2049;2050;2051;2052;2053;2054;2055;2056;2057;2058;2059;2060
Total;99377384;100281097;101182880;102072857;102973443;103894681;104776947;105641142;106523727;107386830;108228003;109045796;109838053;110602740;111339419;112047789;112727035;113376404;113995082;114582791;115139700;115665408;116159210;116621044;117051060;117449293;117815406;118149104;118450544;118719830;118957171;119162795;119337126;119480622;119593399;119675564;119727205;119748659;119740229;119701812;119633216;119534576;119406275;119248372;119060759;118843450;118596844;118321643;118018167;117686696;117327705
0-4;7263764;7183672;7146734;7117833;7118380;7169933;7187889;7190134;7222256;7227109;7193522;7179982;7166137;7113891;7056677;6994870;6929250;6861293;6792194;6722744;6654037;6586337;6519598;6454447;6391297;6330138;6271102;6214564;6160612;6108982;6059465;6012111;5967335;5925166;5885245;5847195;5810739;5775493;5740911;5706506;5671785;5636480;5600319;5562831;5523765;5483054;5440735;5396945;5351779;5305522;5258613
05/set;7770558;7637972;7531062;7438466;7351496;7249311;7169869;7133599;7105448;7106623;7158677;7177142;7179697;7211861;7216770;7183323;7169960;7156303;7104326;7047419;6985900;6920581;6852877;6784045;6714850;6646363;6578895;6512362;6447397;6384445;6323461;6264603;6208226;6154420;6102930;6053551;6006316;5961661;5919602;5879787;5841839;5805471;5770319;5735832;5701526;5666895;5631683;5595595;5558186;5519183;5478538
out/14;8554717;8455975;8283444;8089460;7907189;7760725;7628594;7522151;7430076;7343636;7241977;7162974;7126965;7098900;7100083;7152115;7170599;7173253;7205511;7210562;7177282;7164048;7150542;7098698;7041966;6980597;6915428;6847872;6779177;6710109;6641753;6574416;6507997;6443143;6380305;6319417;6260645;6204358;6150638;6099240;6049944;6002767;5958172;5916169;5876419;5838532;5802229;5767135;5732686;5698445;5663861
15-19;8545250;8545134;8570279;8598599;8595020;8538650;8440520;8268820;8075784;7894402;7748661;7617127;7511038;7419176;7332931;7231549;7152834;7117070;7089291;7090699;7142889;7161564;7164386;7196775;7201976;7168912;7155813;7142450;7090800;7034246;6973050;6908061;6840690;6772161;6703265;6635057;6567880;6501607;6436888;6374173;6313409;6254781;6198609;6144996;6093699;6044510;5997404;5952900;5910984;5871292;5833479
20-24;8730663;8685493;8632453;8580317;8541427;8522158;8522717;8548800;8578290;8575788;8520321;8422885;8251703;8058974;7877885;7732483;7601342;7495658;7404243;7318466;7217578;7139311;7103911;7076466;7078134;7130480;7149348;7152369;7184898;7190262;7157419;7144496;7131292;7079875;7023532;6962566;6897786;6830618;6762308;6693616;6625610;6558621;6492525;6427989;6365439;6304827;6246359;6190324;6136849;6085691;6036629
25-29;8759504;8794137;8796721;8774734;8740162;8701585;8657447;8606118;8556279;8519370;8501472;8502840;8528874;8557655;8554527;8498854;8401581;8230970;8039027;7858757;7714059;7583553;7478411;7387513;7302222;7201834;7124040;7089005;7061927;7063862;7116357;7135441;7138679;7171317;7176856;7144248;7131490;7118444;7067259;7011155;6950430;6885878;6818953;6750864;6682397;6614606;6547836;6481935;6417581;6355208;6294775
30-34;8134662;8292656;8436024;8559102;8655506;8721648;8757209;8761261;8741379;8708998;8672472;8630132;8579691;8529636;8492259;8474016;8475221;8501254;8530339;8527750;8472728;8376209;8206534;8015554;7836195;7692298;7562495;7457948;7367599;7282839;7183027;7105766;7071153;7044471;7046705;7099349;7118636;7122075;7154825;7160535;7128176;7115614;7102753;7051834;6995993;6935527;6871248;6804590;6736770;6668550;6600995
35-39;7217581;7360304;7533612;7724944;7914003;8086921;8245277;8389416;8513782;8611601;8679124;8715968;8720848;8701247;8669057;8632896;8591073;8541313;8492081;8455572;8438085;8439927;8466470;8496006;8493933;8439591;8343905;8175308;7985451;7807181;7664189;7535215;7431349;7341643;7257512;7158362;7081715;7047557;7021303;7023870;7076626;7096104;7099748;7132620;7138481;7106437;7094056;7081379;7030761;6975247;6915100
40-44;6778692;6845790;6902814;6962420;7043480;7156924;7299989;7473560;7665266;7854763;8028138;8186940;8331214;8455331;8552992;8620632;8657882;8663516;8644914;8613835;8578785;8538059;8489410;8441231;8405668;8388994;8391500;8418532;8448480;8446908;8393336;8298619;8131367;7942935;7766032;7624247;7496313;7393283;7304357;7220983;7122693;7046803;7013207;6987448;6990375;7043194;7062864;7066709;7099631;7105657;7073965
45-49;6223923;6337962;6440833;6533234;6616280;6691951;6760080;6818469;6879600;6961901;7076085;7219386;7392473;7583125;7771526;7944063;8102291;8246251;8370379;8468309;8536458;8574475;8581121;8563724;8533946;8500200;8460770;8413422;8366506;8332082;8316353;8319588;8347101;8377429;8376405;8323746;8230289;8064839;7878391;7703408;7563258;7436796;7334913;7247051;7164700;7067565;6992692;6959806;6934682;6938034;6990866
50-54;5376771;5534017;5689298;5839169;5978738;6105077;6219391;6322798;6416015;6500061;6576796;6646021;6705438;6767236;6849760;6963705;7106337;7278291;7467575;7654669;7826144;7983521;8126854;8250652;8348545;8416994;8455692;8463413;8447385;8419115;8386869;8348985;8303205;8257827;8224756;8210111;8214142;8242078;8272708;8272262;8220740;8128940;7965977;7782295;7609981;7472079;7347622;7247303;7160879;7079920;6984373
55-59;4432743;4590633;4749890;4909737;5069150;5227119;5383125;5537330;5686330;5825240;5951176;6065299;6168619;6261809;6346002;6423020;6492695;6552788;6615246;6697988;6811458;6952954;7123064;7310048;7494871;7664408;7820119;7962106;8084941;8182318;8250753;8289954;8298764;8284278;8257737;8227267;8191196;8147302;8103751;8072269;8058871;8063723;8091991;8122772;8122927;8072809;7983158;7823559;7643653;7474984;7340157
60-64;3514780;3660366;3805267;3950635;4098973;4251517;4406707;4563335;4720676;4877607;5033165;5186796;5338620;5485311;5622167;5746464;5859310;5961715;6054307;6138173;6215013;6284717;6345103;6407794;6490177;6602344;6741631;6908565;7091767;7272814;7439034;7591869;7731387;7852281;7948365;8016235;8055661;8065487;8052664;8028119;7999680;7965774;7924151;7882847;7853280;7841324;7847086;7875513;7906215;7906918;7858543
65-69;2651990;2756408;2879605;3016173;3157397;3298030;3438872;3579276;3720291;3864254;4012244;4162815;4314753;4467342;4619567;4770537;4919734;5067255;5209895;5343114;5464296;5574519;5674802;5765692;5848178;5923895;5992761;6052710;6114911;6195985;6305561;6440967;6602686;6779782;6954755;7115536;7263504;7398788;7516234;7609815;7676222;7715300;7726054;7715112;7692923;7666987;7635743;7597019;7558569;7531415;7521177
70-74;2102224;2156789;2204652;2253926;2316429;2398670;2498217;2614903;2743842;2877091;3009885;3142991;3275848;3409374;3545763;3685934;3828611;3972652;4117387;4261854;4405172;4546874;4687048;4822679;4949468;5064985;5170268;5266293;5353559;5432924;5505888;5572460;5630751;5691223;5769421;5874274;6003151;6156325;6323635;6488820;6640747;6780731;6908947;7020499;7109604;7173107;7210968;7222358;7213525;7194194;7171363
75-79;1492784;1544677;1606315;1672386;1735303;1791602;1843027;1889061;1936628;1995878;2072284;2163783;2270175;2387224;2508065;2628645;2749655;2870706;2992562;3117106;3245094;3375377;3506991;3639270;3771408;3902531;4032250;4160652;4284966;4401296;4507406;4604325;4693006;4773850;4847542;4915432;4977539;5032292;5089135;5162077;5259045;5377458;5517370;5669626;5819805;5958073;6085643;6202786;6304934;6386709;6445168
80-84;1011816;1034783;1057594;1083186;1114797;1153777;1199670;1253255;1310296;1364756;1413939;1459433;1501065;1544334;1597295;1664180;1743331;1834577;1934437;2037456;2140390;2243880;2347676;2452397;2559507;2669564;2781618;2894907;3008818;3122667;3235703;3347602;3458462;3565860;3666442;3758266;3842366;3919622;3990318;4054925;4114525;4169257;4217871;4268491;4332980;4417881;4520736;4641272;4771766;4900246;5018661
85-89;515585;561054;595323;622495;645478;666361;686636;707112;729646;756364;788078;824584;866553;910910;953385;992126;1028467;1062520;1098244;1141243;1194404;1256505;1327396;1404534;1484026;1563596;1643821;1724600;1806345;1890062;1976064;2063667;2152289;2241448;2330625;2419249;2507052;2594154;2678588;2757716;2830025;2896448;2957798;3014175;3065860;3113604;3157654;3197122;3238392;3290628;3358671
90+;299377;303275;320960;346041;374235;402722;431711;461744;491843;521388;549987;578698;608342;639404;672708;708377;746862;789019;833124;877075;919928;962997;1007016;1053519;1104693;1161569;1223950;1292026;1365005;1441733;1521483;1604650;1691387;1781513;1874969;1971456;2070785;2172676;2276714;2382536;2489591;2597630;2706598;2814921;2920605;3022439;3121128;3217393;3310325;3398853;3482771
