Roraima;;;;;;;;;;;;;;;;;;;;;;;;;;;;;;;;;;;;;;;;;;;;;;;;;;;
Dados;;;;;;;;;;;;;;;;;;;;;;;;;;;;;;;;;;;;;;;;;;;;;;;;;;;
Ano;População total;Homens;Mulheres;Nascimentos;Óbitos;Taxa de Crescimento Geométrico;Taxa Bruta de Natalidade;Taxa Bruta de Mortalidade;Esperança de Vida ao Nascer;Esperança de Vida ao Nascer - Homens;Esperança de Vida ao Nascer - Mulheres;Taxa de Mortalidade Infantil;Taxa de Mortalidade Infantil - Homens;Taxa de Mortalidade Infantil - Mulheres;Taxa de Fecundidade Total;Razão de Dependência - Jovens 0 a 14 anos;Razão de Dependência - Idosos 65 ou mais anos;Razão de Dependência;Índice de Envelhecimento;;;;;;;;;;;;;;;;;;;;;;;;;;;;;;;;
2010;458820;233153;225667;10370;2531;x;22.6;5.52;69.49;66.9;72.52;18.37;18.22;18.54;2.48;53.05;5.45;58.5;10.15;;;;;;;;;;;;;;;;;;;;;;;;;;;;;;;;
2011;469543;238427;231116;10569;2545;2.34;22.51;5.42;69.87;67.3;72.83;18.16;17.98;18.35;2.46;51.55;5.51;57.05;10.67;;;;;;;;;;;;;;;;;;;;;;;;;;;;;;;;
2012;480290;243716;236574;10539;2568;2.29;21.94;5.35;70.22;67.69;73.14;17.96;17.76;18.17;2.4;50.03;5.59;55.62;11.18;;;;;;;;;;;;;;;;;;;;;;;;;;;;;;;;
2013;491066;249023;242043;10765;2597;2.24;21.92;5.29;70.57;68.06;73.44;17.76;17.55;17.99;2.39;48.57;5.69;54.26;11.75;;;;;;;;;;;;;;;;;;;;;;;;;;;;;;;;
2014;501970;254398;247572;10941;2630;2.22;21.8;5.24;70.9;68.43;73.73;17.57;17.35;17.8;2.38;47.28;5.82;53.09;12.3;;;;;;;;;;;;;;;;;;;;;;;;;;;;;;;;
2015;513328;260066;253262;10822;2665;2.26;21.08;5.19;71.22;68.78;74.02;17.39;17.16;17.62;2.3;46.09;5.96;52.05;12.87;;;;;;;;;;;;;;;;;;;;;;;;;;;;;;;;
2016;525967;266538;259429;11173;2713;2.46;21.24;5.16;71.53;69.12;74.3;17.2;16.97;17.45;2.33;44.95;6.1;51.05;13.42;;;;;;;;;;;;;;;;;;;;;;;;;;;;;;;;
2017;546885;278190;268695;11602;2799;3.98;21.21;5.12;71.84;69.45;74.57;17.02;16.78;17.27;2.34;43.42;6.18;49.59;14.14;;;;;;;;;;;;;;;;;;;;;;;;;;;;;;;;
2018;576568;295323;281245;11994;2921;5.43;20.8;5.07;72.13;69.76;74.83;16.84;16.6;17.09;2.31;41.47;6.18;47.64;14.95;;;;;;;;;;;;;;;;;;;;;;;;;;;;;;;;
2019;605761;312110;293651;12349;3045;5.06;20.39;5.03;72.41;70.06;75.09;16.66;16.42;16.92;2.28;39.76;6.21;45.97;15.81;;;;;;;;;;;;;;;;;;;;;;;;;;;;;;;;
2020;631181;326495;304686;12564;3154;4.2;19.91;5;72.69;70.36;75.34;16.49;16.25;16.74;2.25;38.71;6.32;45.02;16.48;;;;;;;;;;;;;;;;;;;;;;;;;;;;;;;;
2021;652713;338422;314291;12666;3252;3.41;19.41;4.98;72.95;70.64;75.58;16.32;16.08;16.57;2.22;38.04;6.48;44.53;17.11;;;;;;;;;;;;;;;;;;;;;;;;;;;;;;;;
2022;670267;347847;322420;12678;3338;2.69;18.91;4.98;73.21;70.9;75.82;16.15;15.9;16.4;2.2;37.55;6.69;44.25;17.69;;;;;;;;;;;;;;;;;;;;;;;;;;;;;;;;
2023;683769;354735;329034;12608;3415;2.01;18.44;4.99;73.46;71.16;76.04;15.98;15.73;16.23;2.18;37.22;6.96;44.18;18.6;;;;;;;;;;;;;;;;;;;;;;;;;;;;;;;;
2024;695116;360288;334828;12505;3492;1.66;17.99;5.02;73.69;71.41;76.27;15.81;15.57;16.06;2.16;36.97;7.27;44.24;19.53;;;;;;;;;;;;;;;;;;;;;;;;;;;;;;;;
2025;706235;365723;340512;12392;3571;1.6;17.55;5.06;73.93;71.64;76.48;15.64;15.4;15.9;2.14;36.73;7.59;44.32;20.78;;;;;;;;;;;;;;;;;;;;;;;;;;;;;;;;
2026;717117;371035;346082;12280;3656;1.54;17.12;5.1;74.15;71.87;76.69;15.48;15.23;15.73;2.12;36.47;7.93;44.4;21.74;;;;;;;;;;;;;;;;;;;;;;;;;;;;;;;;
2027;727762;376223;351539;12179;3747;1.48;16.73;5.15;74.36;72.08;76.89;15.31;15.07;15.57;2.1;36.18;8.28;44.46;22.8;;;;;;;;;;;;;;;;;;;;;;;;;;;;;;;;
2028;738175;381290;356885;12090;3845;1.43;16.38;5.21;74.56;72.29;77.09;15.15;14.91;15.41;2.09;35.87;8.64;44.51;24.19;;;;;;;;;;;;;;;;;;;;;;;;;;;;;;;;
2029;748361;386237;362124;12011;3948;1.38;16.05;5.28;74.76;72.49;77.28;14.99;14.75;15.25;2.07;35.51;9;44.51;25.2;;;;;;;;;;;;;;;;;;;;;;;;;;;;;;;;
2030;758323;391066;367257;11937;4054;1.33;15.74;5.35;74.95;72.67;77.46;14.84;14.59;15.09;2.06;35.14;9.37;44.51;26.75;;;;;;;;;;;;;;;;;;;;;;;;;;;;;;;;
2031;768085;395789;372296;11871;4167;1.29;15.46;5.43;75.13;72.85;77.64;14.67;14.43;14.93;2.05;34.76;9.73;44.49;27.8;;;;;;;;;;;;;;;;;;;;;;;;;;;;;;;;
2032;777675;400420;377255;11823;4285;1.25;15.2;5.51;75.31;73.02;77.82;14.52;14.27;14.77;2.04;34.31;10.09;44.4;29.41;;;;;;;;;;;;;;;;;;;;;;;;;;;;;;;;
2033;787104;404965;382139;11793;4411;1.21;14.98;5.6;75.47;73.18;77.98;14.36;14.12;14.62;2.03;33.79;10.47;44.27;31.2;;;;;;;;;;;;;;;;;;;;;;;;;;;;;;;;
2034;796382;409429;386953;11778;4542;1.18;14.79;5.7;75.63;73.34;78.14;14.21;13.96;14.46;2.02;33.25;10.87;44.12;32.47;;;;;;;;;;;;;;;;;;;;;;;;;;;;;;;;
2035;805521;413818;391703;11784;4680;1.15;14.63;5.81;75.79;73.48;78.3;14.06;13.81;14.31;2.01;32.7;11.28;43.98;34.36;;;;;;;;;;;;;;;;;;;;;;;;;;;;;;;;
2036;814531;418136;396395;11801;4823;1.12;14.49;5.92;75.93;73.62;78.45;13.91;13.66;14.16;2.01;32.16;11.7;43.86;36.16;;;;;;;;;;;;;;;;;;;;;;;;;;;;;;;;
2037;823417;422386;401031;11827;4972;1.09;14.36;6.04;76.07;73.75;78.59;13.75;13.51;14.01;2;31.64;12.13;43.78;38.18;;;;;;;;;;;;;;;;;;;;;;;;;;;;;;;;
2038;832179;426567;405612;11858;5128;1.06;14.25;6.16;76.2;73.88;78.73;13.61;13.36;13.86;2;31.17;12.59;43.76;40.55;;;;;;;;;;;;;;;;;;;;;;;;;;;;;;;;
2039;840814;430677;410137;11891;5290;1.04;14.14;6.29;76.33;74;78.87;13.46;13.22;13.72;1.99;30.76;13.07;43.83;42.52;;;;;;;;;;;;;;;;;;;;;;;;;;;;;;;;
2040;849324;434718;414606;11939;5457;1.01;14.06;6.43;76.46;74.11;79;13.32;13.07;13.57;1.99;30.4;13.6;43.99;44.55;;;;;;;;;;;;;;;;;;;;;;;;;;;;;;;;
2041;857716;438692;419024;11992;5627;0.99;13.98;6.56;76.58;74.22;79.13;13.17;12.93;13.43;1.98;30.1;14.15;44.25;46.89;;;;;;;;;;;;;;;;;;;;;;;;;;;;;;;;
2042;865988;442598;423390;12043;5803;0.96;13.91;6.7;76.69;74.32;79.25;13.03;12.78;13.28;1.98;29.85;14.74;44.59;49.51;;;;;;;;;;;;;;;;;;;;;;;;;;;;;;;;
2043;874130;446431;427699;12089;5983;0.94;13.83;6.84;76.79;74.41;79.37;12.89;12.64;13.14;1.97;29.66;15.37;45.03;51.96;;;;;;;;;;;;;;;;;;;;;;;;;;;;;;;;
2044;882130;450185;431945;12125;6170;0.92;13.75;6.99;76.9;74.5;79.48;12.75;12.5;13;1.97;29.51;16.05;45.56;54.19;;;;;;;;;;;;;;;;;;;;;;;;;;;;;;;;
2045;889982;453857;436125;12169;6359;0.89;13.67;7.15;76.99;74.59;79.59;12.61;12.36;12.86;1.97;29.41;16.77;46.18;57.21;;;;;;;;;;;;;;;;;;;;;;;;;;;;;;;;
2046;897687;457448;440239;12211;6551;0.87;13.6;7.3;77.09;74.67;79.69;12.47;12.23;12.73;1.96;29.35;17.53;46.87;59.5;;;;;;;;;;;;;;;;;;;;;;;;;;;;;;;;
2047;905234;460952;444282;12242;6747;0.84;13.52;7.45;77.17;74.75;79.79;12.34;12.09;12.59;1.96;29.32;18.32;47.64;62.31;;;;;;;;;;;;;;;;;;;;;;;;;;;;;;;;
2048;912607;464360;448247;12262;6948;0.81;13.44;7.61;77.26;74.82;79.89;12.2;11.95;12.45;1.96;29.32;19.15;48.48;65.48;;;;;;;;;;;;;;;;;;;;;;;;;;;;;;;;
2049;919792;467665;452127;12273;7153;0.79;13.34;7.78;77.34;74.89;79.98;12.06;11.82;12.32;1.96;29.35;20;49.35;68.37;;;;;;;;;;;;;;;;;;;;;;;;;;;;;;;;
2050;926782;470863;455919;12284;7361;0.76;13.25;7.94;77.42;74.96;80.08;11.94;11.69;12.19;1.96;29.38;20.84;50.21;70.92;;;;;;;;;;;;;;;;;;;;;;;;;;;;;;;;
2051;933572;473951;459621;12289;7571;0.73;13.16;8.11;77.5;75.02;80.16;11.8;11.56;12.06;1.95;29.42;21.66;51.08;73.33;;;;;;;;;;;;;;;;;;;;;;;;;;;;;;;;
2052;940153;476925;463228;12288;7781;0.7;13.07;8.28;77.57;75.08;80.25;11.67;11.43;11.93;1.95;29.45;22.47;51.93;76.29;;;;;;;;;;;;;;;;;;;;;;;;;;;;;;;;
2053;946517;479781;466736;12280;7999;0.68;12.97;8.45;77.64;75.13;80.33;11.55;11.3;11.8;1.95;29.5;23.3;52.8;79.27;;;;;;;;;;;;;;;;;;;;;;;;;;;;;;;;
2054;952651;482512;470139;12268;8220;0.65;12.88;8.63;77.7;75.18;80.4;11.42;11.17;11.67;1.95;29.55;24.17;53.72;81.77;;;;;;;;;;;;;;;;;;;;;;;;;;;;;;;;
2055;958552;485117;473435;12256;8440;0.62;12.79;8.8;77.76;75.23;80.48;11.29;11.05;11.55;1.95;29.61;25.07;54.68;84.82;;;;;;;;;;;;;;;;;;;;;;;;;;;;;;;;
2056;964221;487597;476624;12244;8661;0.59;12.7;8.98;77.82;75.28;80.55;11.16;10.92;11.42;1.95;29.67;25.98;55.66;87.43;;;;;;;;;;;;;;;;;;;;;;;;;;;;;;;;
2057;969655;489951;479704;12230;8883;0.56;12.61;9.16;77.88;75.32;80.62;11.05;10.8;11.3;1.95;29.73;26.89;56.62;90.53;;;;;;;;;;;;;;;;;;;;;;;;;;;;;;;;
2058;974850;492176;482674;12215;9109;0.54;12.53;9.34;77.94;75.37;80.69;10.92;10.67;11.17;1.95;29.77;27.75;57.52;93.12;;;;;;;;;;;;;;;;;;;;;;;;;;;;;;;;
2059;979802;494271;485531;12200;9340;0.51;12.45;9.53;77.98;75.41;80.75;10.8;10.55;11.05;1.95;29.8;28.55;58.34;95.74;;;;;;;;;;;;;;;;;;;;;;;;;;;;;;;;
2060;984511;496237;488274;12188;9569;0.48;12.38;9.72;78.03;75.44;80.81;10.68;10.43;10.93;1.95;29.81;29.31;59.12;98.4;;;;;;;;;;;;;;;;;;;;;;;;;;;;;;;;
Faixas etárias;;;;;;;;;;;;;;;;;;;;;;;;;;;;;;;;;;;;;;;;;;;;;;;;;;;
Total;;;;;;;;;;;;;;;;;;;;;;;;;;;;;;;;;;;;;;;;;;;;;;;;;;;
Faixa/Ano;2010;2011;2012;2013;2014;2015;2016;2017;2018;2019;2020;2021;2022;2023;2024;2025;2026;2027;2028;2029;2030;2031;2032;2033;2034;2035;2036;2037;2038;2039;2040;2041;2042;2043;2044;2045;2046;2047;2048;2049;2050;2051;2052;2053;2054;2055;2056;2057;2058;2059;2060
Total;458820;469543;480290;491066;501970;513328;525967;546885;576568;605761;631181;652713;670267;683769;695116;706235;717117;727762;738175;748361;758323;768085;777675;787104;796382;805521;814531;823417;832179;840814;849324;857716;865988;874130;882130;889982;897687;905234;912607;919792;926782;933572;940153;946517;952651;958552;964221;969655;974850;979802;984511
0-4;50711;51445;51852;52087;52447;52931;53503;54616;56192;57800;59429;60910;61906;62428;62562;62407;62060;61603;61110;60611;60147;59726;59359;59043;58793;58613;58514;58491;58535;58632;58777;58955;59165;59393;59633;59867;60099;60313;60505;60673;60810;60914;60987;61024;61038;61028;61001;60959;60902;60847;60787
05/set;50303;49830;50119;50663;50893;51490;52265;52953;53732;54614;55499;56319;57306;58374;59423;60616;61779;62583;63026;63153;62988;62630;62163;61667;61167;60701;60281;59918;59604;59355;59175;59080;59059;59103;59199;59349;59527;59737;59965;60204;60438;60670;60883;61081;61248;61387;61489;61562;61603;61614;61606
out/14;52543;52840;52446;51865;51676;51195;50739;51160;52010;52601;53536;54588;55284;55714;56181;56716;57268;58073;59072;60106;61285;62434;63231;63669;63792;63632;63273;62808;62311;61814;61347;60929;60565;60255;60007;59828;59732;59713;59757;59854;60005;60184;60393;60621;60859;61093;61329;61541;61737;61906;62043
15-19;47558;48825;50264;51686;52818;53511;53840;53691;53545;53712;53438;53040;53275;53752;53984;54652;55519;56106;56491;56941;57457;57997;58788;59779;60805;61983;63134;63930;64371;64496;64339;63982;63520;63025;62532;62067;61652;61291;60984;60738;60560;60466;60447;60492;60592;60744;60919;61129;61360;61600;61833
20-24;44147;44926;45829;46845;47943;49159;50625;53361;56903;59600;60916;61022;59760;58012;56768;55559;54605;54569;54968;55176;55816;56658;57228;57603;58054;58569;59112;59903;60894;61918;63096;64243;65043;65486;65612;65460;65108;64652;64162;63675;63219;62805;62450;62145;61904;61729;61638;61622;61667;61765;61922
25-29;43713;44472;44892;45138;45469;46164;47303;50407;55310;59768;63061;65306;66645;66894;66310;65203;63674;61489;59450;58195;56968;55997;55945;56332;56530;57168;58013;58583;58964;59419;59935;60482;61271;62260;63283;64459;65605;66404;66847;66975;66826;66484;66033;65549;65067;64617;64210;63858;63560;63321;63148
30-34;37446;39163;40888;42517;43895;45032;46088;48203;51815;55632;59214;62404;65072;66702;67482;67828;67904;67901;67678;67087;65978;64454;62282;60265;59024;57815;56863;56822;57215;57419;58060;58904;59475;59861;60317;60836;61381;62171;63160;64181;65355;66493;67289;67734;67865;67722;67385;66939;66458;65985;65544
35-39;30110;31497;33049;34718;36430;38186;40091;42992;46987;50842;54063;56626;58464;59745;60915;62367;63980;65662;66941;67710;68049;68118;68117;67897;67322;66241;64742;62609;60621;59407;58212;57281;57246;57644;57853;58494;59336;59906;60293;60750;61265;61813;62603;63588;64604;65769;66905;67698;68144;68277;68134
40-44;25614;26410;27226;28112;29135;30381;31902;34266;37579;41007;44208;47152;49847;52197;54200;55923;57380;58532;59571;60727;62165;63764;65432;66700;67474;67814;67899;67908;67704;67139;66085;64609;62510;60549;59359;58181;57268;57238;57638;57849;58491;59329;59898;60283;60741;61255;61798;62585;63563;64576;65732
45-49;21781;22516;23226;23922;24637;25421;26328;27778;29910;32196;34456;36671;38822;40908;42972;45086;47224;49411;51570;53548;55250;56692;57832;58863;60011;61446;63028;64685;65945;66721;67066;67161;67183;66990;66442;65412;63966;61907;59983;58820;57665;56769;56748;57149;57362;58001;58830;59396;59781;60232;60747
50-54;17124;17943;18787;19635;20449;21226;22008;23034;24412;25920;27439;28952;30397;31767;33146;34647;36277;38037;39958;41980;44052;46151;48294;50417;52360;54031;55457;56581;57601;58737;60159;61721;63352;64599;65367;65718;65821;65856;65680;65156;64157;62752;60746;58876;57751;56628;55757;55744;56144;56360;56990
55-59;12801;13476;14176;14900;15656;16441;17277;18317;19582;20829;21951;22971;23910;24833;25830;26930;28126;29362;30637;31977;33438;35016;36727;38593;40559;42574;44618;46700;48766;50661;52284;53674;54775;55777;56891;58282;59811;61402;62621;63374;63727;63840;63890;63731;63232;62279;60929;58998;57200;56123;55046
60-64;9182;9741;10298;10867;11452;12078;12744;13531;14473;15470;16481;17482;18477;19427;20315;21144;21935;22717;23562;24523;25577;26728;27914;29137;30427;31832;33344;34988;36778;38663;40596;42558;44553;46536;48358;49916;51253;52316;53285;54364;55707;57185;58711;59889;60621;60964;61088;61149;61007;60544;59641
65-69;6082;6461;6903;7387;7895;8410;8939;9520;10191;10886;11602;12320;13041;13784;14557;15371;16214;17084;17953;18783;19566;20311;21049;21849;22754;23750;24833;25953;27101;28317;29642;31064;32612;34290;36062;37877;39723;41595;43459;45171;46637;47893;48898;49814;50840;52112;53509;54947;56058;56748;57073
70-74;4210;4372;4533;4714;4938;5226;5574;6006;6506;7040;7566;8094;8615;9142;9686;10259;10853;11474;12130;12832;13563;14323;15110;15894;16647;17360;18041;18709;19445;20270;21178;22162;23179;24224;25330;26537;27827;29231;30750;32358;34004;35675;37369;39062;40609;41938;43073;43981;44816;45757;46925
75-79;2606;2713;2852;3004;3157;3301;3447;3604;3796;4025;4305;4632;4995;5385;5792;6206;6629;7058;7505;7973;8464;8975;9509;10074;10676;11301;11951;12627;13300;13949;14561;15150;15730;16368;17082;17871;18719;19597;20500;21455;22497;23609;24820;26123;27510;28925;30361;31821;33274;34604;35741
80-84;1604;1616;1633;1666;1716;1786;1872;1988;2122;2259;2386;2508;2635;2776;2942;3151;3393;3668;3966;4278;4602;4928;5261;5611;5981;6367;6769;7193;7636;8111;8604;9112;9638;10167;10679;11157;11623;12082;12593;13160;13787;14461;15151;15869;16625;17453;18336;19288;20319;21409;22527
85-89;820;859;883;898;910;924;941;961;992;1032;1087;1152;1233;1319;1410;1491;1576;1657;1756;1871;2012;2179;2363;2565;2772;2993;3217;3443;3686;3940;4208;4487;4782;5088;5414;5756;6104;6466;6829;7187;7515;7837;8161;8518;8918;9357;9825;10308;10809;11340;11917
90+;465;438;434;442;454;466;481;497;511;528;544;564;583;610;641;679;721;776;831;890;946;1004;1071;1146;1234;1331;1442;1566;1702;1846;2000;2162;2330;2515;2710;2915;3132;3357;3596;3848;4117;4393;4676;4969;5265;5551;5839;6130;6448;6794;7155
Homens;;;;;;;;;;;;;;;;;;;;;;;;;;;;;;;;;;;;;;;;;;;;;;;;;;;
Faixa/Ano;2010;2011;2012;2013;2014;2015;2016;2017;2018;2019;2020;2021;2022;2023;2024;2025;2026;2027;2028;2029;2030;2031;2032;2033;2034;2035;2036;2037;2038;2039;2040;2041;2042;2043;2044;2045;2046;2047;2048;2049;2050;2051;2052;2053;2054;2055;2056;2057;2058;2059;2060
Total;233153;238427;243716;249023;254398;260066;266538;278190;295323;312110;326495;338422;347847;354735;360288;365723;371035;376223;381290;386237;391066;395789;400420;404965;409429;413818;418136;422386;426567;430677;434718;438692;442598;446431;450185;453857;457448;460952;464360;467665;470863;473951;476925;479781;482512;485117;487597;489951;492176;494271;496237
0-4;25967;26336;26539;26656;26838;27085;27379;27951;28762;29585;30420;31180;31690;31957;32026;31947;31770;31536;31283;31028;30791;30576;30388;30226;30098;30006;29956;29944;29967;30017;30090;30181;30290;30407;30530;30649;30768;30878;30975;31062;31133;31186;31224;31242;31250;31244;31231;31209;31181;31152;31122
05/set;25721;25465;25600;25866;25975;26273;26667;27025;27433;27898;28355;28774;29274;29817;30345;30954;31549;31962;32190;32256;32173;31991;31754;31500;31246;31008;30792;30608;30446;30319;30228;30180;30168;30191;30240;30317;30408;30517;30635;30756;30875;30994;31102;31203;31290;31362;31414;31452;31471;31478;31472
out/14;26642;26843;26689;26433;26364;26129;25881;26070;26479;26764;27243;27797;28178;28416;28671;28945;29225;29627;30135;30656;31258;31848;32258;32484;32546;32468;32285;32048;31795;31542;31303;31088;30904;30744;30619;30528;30480;30468;30490;30540;30617;30710;30818;30936;31055;31175;31296;31404;31504;31592;31663
15-19;24025;24680;25417;26145;26736;27117;27330;27289;27230;27321;27174;26944;27043;27284;27413;27776;28249;28583;28800;29047;29312;29584;29977;30482;31001;31600;32191;32601;32828;32891;32816;32635;32399;32148;31897;31659;31446;31264;31107;30984;30893;30845;30835;30857;30909;30987;31077;31185;31305;31425;31545
20-24;22094;22515;22999;23540;24118;24765;25562;27193;29362;30984;31733;31726;30895;29780;28967;28238;27679;27628;27832;27951;28298;28760;29086;29297;29545;29811;30086;30478;30983;31501;32099;32687;33100;33327;33392;33319;33143;32911;32663;32416;32184;31972;31794;31640;31520;31430;31383;31375;31398;31449;31530
25-29;21656;22055;22294;22453;22655;23051;23704;25572;28581;31334;33377;34768;35572;35625;35112;34272;33180;31735;30430;29614;28883;28317;28259;28459;28572;28918;29383;29708;29922;30172;30440;30716;31106;31610;32126;32725;33309;33721;33949;34015;33944;33774;33545;33300;33057;32829;32622;32448;32296;32178;32088
30-34;18548;19369;20201;20994;21674;22266;22870;24274;26693;29179;31403;33294;34789;35644;36013;36165;36180;36141;35906;35396;34561;33479;32052;30765;29964;29248;28694;28644;28849;28967;29314;29777;30103;30320;30570;30838;31114;31505;32008;32522;33119;33697;34107;34336;34403;34335;34169;33943;33701;33463;33240
35-39;15091;15723;16445;17232;18042;18885;19833;21437;23807;26154;28172;29827;31075;31924;32616;33390;34204;35026;35640;36005;36156;36171;36136;35909;35413;34600;33540;32146;30883;30101;29397;28859;28813;29021;29142;29489;29950;30275;30493;30744;31009;31287;31676;32176;32686;33277;33853;34260;34490;34558;34491
40-44;13197;13564;13916;14286;14722;15282;16002;17268;19143;21087;22877;24499;25954;27232;28356;29386;30313;31109;31799;32481;33245;34050;34862;35469;35839;35993;36019;35990;35775;35289;34496;33456;32086;30843;30080;29386;28861;28818;29027;29149;29497;29954;30278;30494;30745;31010;31284;31670;32164;32672;33258
45-49;11276;11634;11992;12347;12707;13089;13527;14264;15406;16641;17867;19065;20226;21326;22392;23480;24575;25694;26844;27952;28967;29880;30667;31348;32023;32784;33579;34384;34986;35357;35516;35549;35529;35323;34847;34075;33056;31716;30500;29754;29076;28563;28526;28735;28858;29201;29653;29974;30190;30436;30699
50-54;8939;9337;9745;10154;10544;10921;11309;11871;12657;13510;14335;15131;15848;16516;17196;17957;18797;19723;20723;21762;22822;23895;24985;26114;27199;28190;29090;29864;30533;31199;31949;32730;33521;34116;34484;34645;34684;34671;34477;34020;33271;32283;30982;29803;29084;28429;27931;27899;28106;28230;28567
55-59;6801;7105;7427;7766;8127;8507;8917;9448;10119;10782;11385;11932;12446;12944;13470;14028;14624;15207;15817;16474;17212;18020;18916;19881;20884;21909;22948;23999;25094;26145;27103;27976;28727;29378;30027;30757;31516;32285;32862;33220;33382;33427;33421;33242;32803;32087;31140;29895;28766;28079;27455
60-64;5002;5277;5536;5790;6049;6327;6627;6979;7409;7893;8405;8930;9463;9975;10447;10887;11303;11725;12174;12680;13212;13783;14340;14922;15551;16256;17026;17882;18799;19757;20732;21722;22723;23766;24770;25683;26517;27233;27855;28479;29178;29905;30638;31189;31535;31691;31740;31737;31571;31159;30480
65-69;3254;3466;3716;3988;4264;4530;4789;5053;5342;5635;5940;6250;6571;6926;7322;7754;8211;8685;9157;9594;10007;10396;10791;11212;11685;12186;12717;13240;13783;14370;15030;15748;16548;17400;18293;19200;20124;21057;22029;22963;23813;24589;25257;25837;26422;27078;27757;28440;28954;29274;29419
70-74;2226;2296;2367;2453;2568;2722;2912;3134;3381;3644;3899;4153;4399;4639;4880;5132;5393;5671;5980;6337;6719;7125;7547;7965;8356;8724;9074;9425;9805;10230;10679;11155;11618;12105;12629;13221;13860;14573;15331;16127;16935;17754;18582;19449;20279;21033;21723;22314;22831;23356;23945
75-79;1350;1401;1466;1535;1603;1668;1731;1801;1886;1988;2117;2275;2451;2650;2861;3069;3278;3484;3687;3890;4102;4321;4554;4816;5113;5432;5770;6121;6472;6798;7106;7398;7696;8016;8374;8752;9151;9537;9945;10383;10881;11416;12013;12643;13308;13983;14664;15357;16078;16772;17400
80-84;773;773;779;794;818;850;889;940;996;1055;1109;1161;1219;1282;1355;1449;1561;1687;1833;1986;2141;2294;2446;2596;2748;2907;3071;3247;3441;3663;3902;4153;4411;4672;4914;5142;5359;5582;5826;6096;6378;6677;6961;7267;7596;7969;8371;8813;9283;9776;10277
85-89;383;391;395;398;399;402;408;417;429;444;467;492;524;558;596;630;666;703;742;789;847;919;996;1087;1182;1277;1372;1467;1563;1660;1761;1865;1977;2100;2239;2392;2549;2712;2876;3031;3173;3311;3454;3611;3784;3964;4152;4332;4526;4736;4974
90+;208;197;193;193;195;197;201;204;208;212;217;224;230;240;250;264;278;297;318;339;360;380;406;433;464;501;543;590;643;699;757;817;879;944;1012;1080;1153;1229;1312;1404;1505;1607;1712;1821;1928;2033;2137;2244;2361;2486;2612
Mulheres;;;;;;;;;;;;;;;;;;;;;;;;;;;;;;;;;;;;;;;;;;;;;;;;;;;
Faixa/Ano;2010;2011;2012;2013;2014;2015;2016;2017;2018;2019;2020;2021;2022;2023;2024;2025;2026;2027;2028;2029;2030;2031;2032;2033;2034;2035;2036;2037;2038;2039;2040;2041;2042;2043;2044;2045;2046;2047;2048;2049;2050;2051;2052;2053;2054;2055;2056;2057;2058;2059;2060
Total;225667;231116;236574;242043;247572;253262;259429;268695;281245;293651;304686;314291;322420;329034;334828;340512;346082;351539;356885;362124;367257;372296;377255;382139;386953;391703;396395;401031;405612;410137;414606;419024;423390;427699;431945;436125;440239;444282;448247;452127;455919;459621;463228;466736;470139;473435;476624;479704;482674;485531;488274
0-4;24744;25109;25313;25431;25609;25846;26124;26665;27430;28215;29009;29730;30216;30471;30536;30460;30290;30067;29827;29583;29356;29150;28971;28817;28695;28607;28558;28547;28568;28615;28687;28774;28875;28986;29103;29218;29331;29435;29530;29611;29677;29728;29763;29782;29788;29784;29770;29750;29721;29695;29665
05/set;24582;24365;24519;24797;24918;25217;25598;25928;26299;26716;27144;27545;28032;28557;29078;29662;30230;30621;30836;30897;30815;30639;30409;30167;29921;29693;29489;29310;29158;29036;28947;28900;28891;28912;28959;29032;29119;29220;29330;29448;29563;29676;29781;29878;29958;30025;30075;30110;30132;30136;30134
out/14;25901;25997;25757;25432;25312;25066;24858;25090;25531;25837;26293;26791;27106;27298;27510;27771;28043;28446;28937;29450;30027;30586;30973;31185;31246;31164;30988;30760;30516;30272;30044;29841;29661;29511;29388;29300;29252;29245;29267;29314;29388;29474;29575;29685;29804;29918;30033;30137;30233;30314;30380
15-19;23533;24145;24847;25541;26082;26394;26510;26402;26315;26391;26264;26096;26232;26468;26571;26876;27270;27523;27691;27894;28145;28413;28811;29297;29804;30383;30943;31329;31543;31605;31523;31347;31121;30877;30635;30408;30206;30027;29877;29754;29667;29621;29612;29635;29683;29757;29842;29944;30055;30175;30288
20-24;22053;22411;22830;23305;23825;24394;25063;26168;27541;28616;29183;29296;28865;28232;27801;27321;26926;26941;27136;27225;27518;27898;28142;28306;28509;28758;29026;29425;29911;30417;30997;31556;31943;32159;32220;32141;31965;31741;31499;31259;31035;30833;30656;30505;30384;30299;30255;30247;30269;30316;30392
25-29;22057;22417;22598;22685;22814;23113;23599;24835;26729;28434;29684;30538;31073;31269;31198;30931;30494;29754;29020;28581;28085;27680;27686;27873;27958;28250;28630;28875;29042;29247;29495;29766;30165;30650;31157;31734;32296;32683;32898;32960;32882;32710;32488;32249;32010;31788;31588;31410;31264;31143;31060
30-34;18898;19794;20687;21523;22221;22766;23218;23929;25122;26453;27811;29110;30283;31058;31469;31663;31724;31760;31772;31691;31417;30975;30230;29500;29060;28567;28169;28178;28366;28452;28746;29127;29372;29541;29747;29998;30267;30666;31152;31659;32236;32796;33182;33398;33462;33387;33216;32996;32757;32522;32304
35-39;15019;15774;16604;17486;18388;19301;20258;21555;23180;24688;25891;26799;27389;27821;28299;28977;29776;30636;31301;31705;31893;31947;31981;31988;31909;31641;31202;30463;29738;29306;28815;28422;28433;28623;28711;29005;29386;29631;29800;30006;30256;30526;30927;31412;31918;32492;33052;33438;33654;33719;33643
40-44;12417;12846;13310;13826;14413;15099;15900;16998;18436;19920;21331;22653;23893;24965;25844;26537;27067;27423;27772;28246;28920;29714;30570;31231;31635;31821;31880;31918;31929;31850;31589;31153;30424;29706;29279;28795;28407;28420;28611;28700;28994;29375;29620;29789;29996;30245;30514;30915;31399;31904;32474
45-49;10505;10882;11234;11575;11930;12332;12801;13514;14504;15555;16589;17606;18596;19582;20580;21606;22649;23717;24726;25596;26283;26812;27165;27515;27988;28662;29449;30301;30959;31364;31550;31612;31654;31667;31595;31337;30910;30191;29483;29066;28589;28206;28222;28414;28504;28800;29177;29422;29591;29796;30048
50-54;8185;8606;9042;9481;9905;10305;10699;11163;11755;12410;13104;13821;14549;15251;15950;16690;17480;18314;19235;20218;21230;22256;23309;24303;25161;25841;26367;26717;27068;27538;28210;28991;29831;30483;30883;31073;31137;31185;31203;31136;30886;30469;29764;29073;28667;28199;27826;27845;28038;28130;28423
55-59;6000;6371;6749;7134;7529;7934;8360;8869;9463;10047;10566;11039;11464;11889;12360;12902;13502;14155;14820;15503;16226;16996;17811;18712;19675;20665;21670;22701;23672;24516;25181;25698;26048;26399;26864;27525;28295;29117;29759;30154;30345;30413;30469;30489;30429;30192;29789;29103;28434;28044;27591
60-64;4180;4464;4762;5077;5403;5751;6117;6552;7064;7577;8076;8552;9014;9452;9868;10257;10632;10992;11388;11843;12365;12945;13574;14215;14876;15576;16318;17106;17979;18906;19864;20836;21830;22770;23588;24233;24736;25083;25430;25885;26529;27280;28073;28700;29086;29273;29348;29412;29436;29385;29161
65-69;2828;2995;3187;3399;3631;3880;4150;4467;4849;5251;5662;6070;6470;6858;7235;7617;8003;8399;8796;9189;9559;9915;10258;10637;11069;11564;12116;12713;13318;13947;14612;15316;16064;16890;17769;18677;19599;20538;21430;22208;22824;23304;23641;23977;24418;25034;25752;26507;27104;27474;27654
70-74;1984;2076;2166;2261;2370;2504;2662;2872;3125;3396;3667;3941;4216;4503;4806;5127;5460;5803;6150;6495;6844;7198;7563;7929;8291;8636;8967;9284;9640;10040;10499;11007;11561;12119;12701;13316;13967;14658;15419;16231;17069;17921;18787;19613;20330;20905;21350;21667;21985;22401;22980
75-79;1256;1312;1386;1469;1554;1633;1716;1803;1910;2037;2188;2357;2544;2735;2931;3137;3351;3574;3818;4083;4362;4654;4955;5258;5563;5869;6181;6506;6828;7151;7455;7752;8034;8352;8708;9119;9568;10060;10555;11072;11616;12193;12807;13480;14202;14942;15697;16464;17196;17832;18341
80-84;831;843;854;872;898;936;983;1048;1126;1204;1277;1347;1416;1494;1587;1702;1832;1981;2133;2292;2461;2634;2815;3015;3233;3460;3698;3946;4195;4448;4702;4959;5227;5495;5765;6015;6264;6500;6767;7064;7409;7784;8190;8602;9029;9484;9965;10475;11036;11633;12250
85-89;437;468;488;500;511;522;533;544;563;588;620;660;709;761;814;861;910;954;1014;1082;1165;1260;1367;1478;1590;1716;1845;1976;2123;2280;2447;2622;2805;2988;3175;3364;3555;3754;3953;4156;4342;4526;4707;4907;5134;5393;5673;5976;6283;6604;6943
90+;257;241;241;249;259;269;280;293;303;316;327;340;353;370;391;415;443;479;513;551;586;624;665;713;770;830;899;976;1059;1147;1243;1345;1451;1571;1698;1835;1979;2128;2284;2444;2612;2786;2964;3148;3337;3518;3702;3886;4087;4308;4543
Brasil;;;;;;;;;;;;;;;;;;;;;;;;;;;;;;;;;;;;;;;;;;;;;;;;;;;
Dados;;;;;;;;;;;;;;;;;;;;;;;;;;;;;;;;;;;;;;;;;;;;;;;;;;;
Ano;População total;Homens;Mulheres;Nascimentos;Óbitos;Taxa de Crescimento Geométrico;Taxa Bruta de Natalidade;Taxa Bruta de Mortalidade;Esperança de Vida ao Nascer;Esperança de Vida ao Nascer - Homens;Esperança de Vida ao Nascer - Mulheres;Taxa de Mortalidade Infantil;Taxa de Mortalidade Infantil - Homens;Taxa de Mortalidade Infantil - Mulheres;Taxa de Fecundidade Total;Razão de Dependência - Jovens 0 a 14 anos;Razão de Dependência - Idosos 65 ou mais anos;Razão de Dependência;Índice de Envelhecimento;;;;;;;;;;;;;;;;;;;;;;;;;;;;;;;;
2010;194890682;95513298;99377384;2939435;1240083;x;15.08;6.36;73.86;70.21;77.6;17.22;18.76;15.59;1.75;36.32;10.77;47.09;29.55;;;;;;;;;;;;;;;;;;;;;;;;;;;;;;;;
2011;196603732;96322635;100281097;2974525;1247751;0.88;15.13;6.35;74.2;70.57;77.91;16.43;17.86;14.92;1.76;35.37;10.99;46.36;30.99;;;;;;;;;;;;;;;;;;;;;;;;;;;;;;;;
2012;198314934;97132054;101182880;2953890;1258235;0.87;14.89;6.34;74.52;70.91;78.22;15.69;17.03;14.29;1.75;34.45;11.24;45.68;32.63;;;;;;;;;;;;;;;;;;;;;;;;;;;;;;;;
2013;200004188;97931331;102072857;2953178;1270306;0.85;14.77;6.35;74.84;71.25;78.51;15.02;16.27;13.7;1.74;33.56;11.51;45.07;34.2;;;;;;;;;;;;;;;;;;;;;;;;;;;;;;;;
2014;201717541;98744098;102973443;3028202;1284346;0.86;15.01;6.37;75.14;71.57;78.78;14.4;15.58;13.16;1.78;32.78;11.81;44.59;36.12;;;;;;;;;;;;;;;;;;;;;;;;;;;;;;;;
2015;203475683;99581002;103894681;3070979;1299541;0.87;15.09;6.39;75.44;71.88;79.05;13.82;14.93;12.65;1.8;32.15;12.13;44.29;37.67;;;;;;;;;;;;;;;;;;;;;;;;;;;;;;;;
2016;205156587;100379640;104776947;2901053;1314164;0.83;14.14;6.41;75.72;72.18;79.31;13.29;14.35;12.19;1.7;31.57;12.49;44.05;39.73;;;;;;;;;;;;;;;;;;;;;;;;;;;;;;;;
2017;206804741;101163599;105641142;3020743;1330811;0.8;14.61;6.44;75.99;72.46;79.56;12.81;13.8;11.75;1.78;31.11;12.87;43.98;41.2;;;;;;;;;;;;;;;;;;;;;;;;;;;;;;;;
2018;208494900;101971173;106523727;3003585;1349693;0.82;14.41;6.47;76.25;72.74;79.8;12.35;13.31;11.35;1.77;30.75;13.28;44.03;43.19;;;;;;;;;;;;;;;;;;;;;;;;;;;;;;;;
2019;210147125;102760295;107386830;2984414;1368954;0.79;14.2;6.51;76.5;73;80.03;11.94;12.85;10.98;1.77;30.42;13.72;44.14;45.02;;;;;;;;;;;;;;;;;;;;;;;;;;;;;;;;
2020;211755692;103527689;108228003;2963516;1389144;0.77;13.99;6.56;76.74;73.26;80.25;11.56;12.43;10.64;1.76;30.11;14.18;44.29;46.89;;;;;;;;;;;;;;;;;;;;;;;;;;;;;;;;
2021;213317639;104271843;109045796;2940629;1410602;0.74;13.79;6.61;76.97;73.5;80.46;11.2;12.04;10.32;1.76;29.83;14.67;44.5;49.51;;;;;;;;;;;;;;;;;;;;;;;;;;;;;;;;
2022;214828540;104990487;109838053;2913688;1433605;0.71;13.56;6.67;77.19;73.74;80.67;10.88;11.68;10.03;1.75;29.63;15.19;44.82;51.22;;;;;;;;;;;;;;;;;;;;;;;;;;;;;;;;
2023;216284269;105681529;110602740;2885501;1458023;0.68;13.34;6.74;77.4;73.96;80.86;10.58;11.36;9.75;1.75;29.43;15.74;45.17;53.2;;;;;;;;;;;;;;;;;;;;;;;;;;;;;;;;
2024;217684462;106345043;111339419;2856690;1483777;0.65;13.12;6.82;77.6;74.17;81.05;10.3;11.05;9.5;1.74;29.26;16.31;45.56;55.72;;;;;;;;;;;;;;;;;;;;;;;;;;;;;;;;
2025;219029093;106981304;112047789;2827039;1510693;0.62;12.91;6.9;77.8;74.38;81.22;10.04;10.77;9.27;1.74;29.11;16.9;46.01;58.29;;;;;;;;;;;;;;;;;;;;;;;;;;;;;;;;
2026;220316530;107589495;112727035;2797674;1539159;0.59;12.7;6.99;77.98;74.57;81.39;9.8;10.51;9.05;1.74;28.95;17.51;46.45;60.61;;;;;;;;;;;;;;;;;;;;;;;;;;;;;;;;
2027;221545234;108168830;113376404;2768000;1569117;0.56;12.49;7.08;78.16;74.76;81.56;9.58;10.27;8.85;1.73;28.77;18.14;46.9;62.76;;;;;;;;;;;;;;;;;;;;;;;;;;;;;;;;
2028;222713669;108718587;113995082;2738355;1600375;0.53;12.3;7.19;78.32;74.94;81.71;9.37;10.05;8.66;1.73;28.59;18.78;47.37;65.46;;;;;;;;;;;;;;;;;;;;;;;;;;;;;;;;
2029;223821305;109238514;114582791;2710134;1632845;0.5;12.11;7.3;78.49;75.11;81.86;9.18;9.84;8.49;1.72;28.36;19.42;47.79;68.23;;;;;;;;;;;;;;;;;;;;;;;;;;;;;;;;
2030;224868462;109728762;115139700;2683440;1666427;0.47;11.93;7.41;78.64;75.28;82;9.01;9.65;8.33;1.72;28.08;20.06;48.14;71.05;;;;;;;;;;;;;;;;;;;;;;;;;;;;;;;;
2031;225854415;110189007;115665408;2655850;1700970;0.44;11.76;7.53;78.78;75.43;82.14;8.85;9.48;8.18;1.72;27.84;20.71;48.55;74.33;;;;;;;;;;;;;;;;;;;;;;;;;;;;;;;;
2032;226777802;110618592;116159210;2628742;1736861;0.41;11.59;7.66;78.92;75.58;82.27;8.7;9.32;8.05;1.72;27.61;21.36;48.97;77.3;;;;;;;;;;;;;;;;;;;;;;;;;;;;;;;;
2033;227638581;111017537;116621044;2603540;1773877;0.38;11.44;7.79;79.05;75.72;82.39;8.57;9.18;7.92;1.71;27.32;22.01;49.33;80.33;;;;;;;;;;;;;;;;;;;;;;;;;;;;;;;;
2034;228437122;111386062;117051060;2579544;1812136;0.35;11.29;7.93;79.18;75.86;82.51;8.44;9.04;7.81;1.71;27.04;22.65;49.69;83.43;;;;;;;;;;;;;;;;;;;;;;;;;;;;;;;;
2035;229173685;111724392;117449293;2557147;1851454;0.32;11.16;8.08;79.3;75.99;82.62;8.32;8.92;7.7;1.71;26.76;23.28;50.04;87.08;;;;;;;;;;;;;;;;;;;;;;;;;;;;;;;;
2036;229847832;112032426;117815406;2534413;1891832;0.29;11.03;8.23;79.42;76.11;82.73;8.22;8.8;7.6;1.7;26.48;23.9;50.39;90.34;;;;;;;;;;;;;;;;;;;;;;;;;;;;;;;;
2037;230459062;112309958;118149104;2513030;1933167;0.27;10.9;8.39;79.53;76.23;82.83;8.12;8.69;7.51;1.7;26.22;24.52;50.74;93.68;;;;;;;;;;;;;;;;;;;;;;;;;;;;;;;;
2038;231007871;112557327;118450544;2493021;1975283;0.24;10.79;8.55;79.63;76.34;82.93;8.02;8.59;7.42;1.7;25.97;25.13;51.1;96.51;;;;;;;;;;;;;;;;;;;;;;;;;;;;;;;;
2039;231494650;112774820;118719830;2473758;2017958;0.21;10.69;8.72;79.73;76.45;83.02;7.93;8.49;7.34;1.7;25.74;25.77;51.52;100;;;;;;;;;;;;;;;;;;;;;;;;;;;;;;;;
2040;231919922;112962751;118957171;2455519;2060782;0.18;10.59;8.89;79.83;76.55;83.11;7.85;8.4;7.27;1.69;25.54;26.46;51.99;103.57;;;;;;;;;;;;;;;;;;;;;;;;;;;;;;;;
2041;232284233;113121438;119162795;2437785;2103915;0.16;10.49;9.06;79.92;76.65;83.2;7.77;8.32;7.2;1.69;25.35;27.18;52.53;107.23;;;;;;;;;;;;;;;;;;;;;;;;;;;;;;;;
2042;232588580;113251454;119337126;2422219;2147419;0.13;10.41;9.23;80;76.74;83.28;7.7;8.24;7.13;1.69;25.19;27.93;53.13;110.3;;;;;;;;;;;;;;;;;;;;;;;;;;;;;;;;
2043;232834065;113353443;119480622;2407325;2191168;0.11;10.34;9.41;80.09;76.83;83.36;7.63;8.16;7.06;1.69;25.06;28.73;53.78;114.72;;;;;;;;;;;;;;;;;;;;;;;;;;;;;;;;
2044;233020996;113427597;119593399;2392409;2234730;0.08;10.27;9.59;80.17;76.92;83.43;7.56;8.09;7;1.69;24.94;29.55;54.49;118.63;;;;;;;;;;;;;;;;;;;;;;;;;;;;;;;;
2045;233149625;113474061;119675564;2377677;2278119;0.06;10.2;9.77;80.24;77;83.5;7.5;8.02;6.95;1.68;24.85;30.4;55.25;122.5;;;;;;;;;;;;;;;;;;;;;;;;;;;;;;;;
2046;233220257;113493052;119727205;2363150;2321466;0.03;10.13;9.95;80.31;77.08;83.57;7.44;7.96;6.9;1.68;24.77;31.27;56.04;125.79;;;;;;;;;;;;;;;;;;;;;;;;;;;;;;;;
2047;233233670;113485011;119748659;2349527;2364398;0.01;10.07;10.14;80.38;77.16;83.63;7.39;7.9;6.84;1.68;24.72;32.17;56.89;129.75;;;;;;;;;;;;;;;;;;;;;;;;;;;;;;;;
2048;233190482;113450253;119740229;2335541;2407046;-0.02;10.02;10.32;80.45;77.23;83.7;7.33;7.84;6.8;1.68;24.68;33.08;57.76;134.62;;;;;;;;;;;;;;;;;;;;;;;;;;;;;;;;
2049;233090464;113388652;119701812;2320604;2449148;-0.04;9.96;10.51;80.51;77.3;83.75;7.29;7.79;6.75;1.68;24.66;33.99;58.64;138.06;;;;;;;;;;;;;;;;;;;;;;;;;;;;;;;;
2050;232933276;113300060;119633216;2304717;2490559;-0.07;9.89;10.69;80.57;77.37;83.81;7.24;7.74;6.71;1.68;24.64;34.88;59.52;142.21;;;;;;;;;;;;;;;;;;;;;;;;;;;;;;;;
2051;232719169;113184593;119534576;2288973;2531362;-0.09;9.84;10.88;80.63;77.43;83.86;7.2;7.69;6.67;1.67;24.63;35.76;60.38;144.81;;;;;;;;;;;;;;;;;;;;;;;;;;;;;;;;
2052;232448867;113042592;119406275;2273127;2571362;-0.12;9.78;11.06;80.68;77.49;83.91;7.16;7.65;6.64;1.67;24.62;36.62;61.24;148.37;;;;;;;;;;;;;;;;;;;;;;;;;;;;;;;;
2053;232122448;112874076;119248372;2255972;2610595;-0.14;9.72;11.25;80.74;77.55;83.96;7.12;7.61;6.6;1.67;24.62;37.45;62.07;151.97;;;;;;;;;;;;;;;;;;;;;;;;;;;;;;;;
2054;231739632;112678873;119060759;2237804;2648830;-0.16;9.66;11.43;80.78;77.61;84;7.08;7.57;6.57;1.67;24.62;38.26;62.89;155.63;;;;;;;;;;;;;;;;;;;;;;;;;;;;;;;;
2055;231300323;112456873;118843450;2218450;2686056;-0.19;9.59;11.61;80.83;77.66;84.04;7.05;7.54;6.54;1.67;24.63;39.05;63.68;159.33;;;;;;;;;;;;;;;;;;;;;;;;;;;;;;;;
2056;230805223;112208379;118596844;2199622;2722232;-0.21;9.53;11.79;80.88;77.71;84.08;7.02;7.5;6.51;1.67;24.63;39.81;64.43;161.33;;;;;;;;;;;;;;;;;;;;;;;;;;;;;;;;
2057;230255685;111934042;118321643;2180831;2757317;-0.24;9.47;11.98;80.92;77.76;84.12;6.99;7.47;6.48;1.66;24.62;40.52;65.15;164.43;;;;;;;;;;;;;;;;;;;;;;;;;;;;;;;;
2058;229652286;111634119;118018167;2161015;2791329;-0.26;9.41;12.15;80.96;77.81;84.16;6.96;7.44;6.46;1.66;24.62;41.22;65.84;168.24;;;;;;;;;;;;;;;;;;;;;;;;;;;;;;;;
2059;228995541;111308845;117686696;2141033;2824224;-0.29;9.35;12.33;81;77.86;84.19;6.94;7.41;6.44;1.66;24.61;41.91;66.53;170.27;;;;;;;;;;;;;;;;;;;;;;;;;;;;;;;;
2060;228286347;110958642;117327705;2120842;2856059;-0.31;9.29;12.51;81.04;77.9;84.23;6.91;7.39;6.42;1.66;24.61;42.62;67.23;173.47;;;;;;;;;;;;;;;;;;;;;;;;;;;;;;;;
Faixas etárias;;;;;;;;;;;;;;;;;;;;;;;;;;;;;;;;;;;;;;;;;;;;;;;;;;;
Total;;;;;;;;;;;;;;;;;;;;;;;;;;;;;;;;;;;;;;;;;;;;;;;;;;;
Faixa/Ano;2010;2011;2012;2013;2014;2015;2016;2017;2018;2019;2020;2021;2022;2023;2024;2025;2026;2027;2028;2029;2030;2031;2032;2033;2034;2035;2036;2037;2038;2039;2040;2041;2042;2043;2044;2045;2046;2047;2048;2049;2050;2051;2052;2053;2054;2055;2056;2057;2058;2059;2060
Total;194890682;196603732;198314934;200004188;201717541;203475683;205156587;206804741;208494900;210147125;211755692;213317639;214828540;216284269;217684462;219029093;220316530;221545234;222713669;223821305;224868462;225854415;226777802;227638581;228437122;229173685;229847832;230459062;231007871;231494650;231919922;232284233;232588580;232834065;233020996;233149625;233220257;233233670;233190482;233090464;232933276;232719169;232448867;232122448;231739632;231300323;230805223;230255685;229652286;228995541;228286347
0-4;14858280;14697433;14624301;14567170;14570070;14677159;14715112;14720776;14787557;14798332;14730311;14703281;14675523;14569055;14452355;14326234;14192256;14053426;13912226;13770272;13629815;13491399;13354905;13221642;13092489;12967369;12846604;12730937;12620549;12514918;12413588;12316709;12225086;12138798;12057106;11979238;11904624;11832490;11761709;11691308;11620256;11547982;11473958;11397201;11317212;11233863;11147191;11057520;10965028;10870292;10774218
05/set;15865195;15600504;15387507;15203145;15029641;14824271;14664918;14593299;14537829;14542132;14650311;14689394;14695773;14762671;14773628;14705941;14679311;14652033;14546208;14430226;14304778;14171490;14033278;13892710;13751331;13611405;13473529;13337523;13204728;13076037;12951361;12830995;12715703;12605672;12500387;12399373;12302790;12211456;12125433;12043993;11966376;11891973;11820071;11749531;11679356;11608504;11536459;11462615;11386046;11306224;11223031
out/14;17397304;17216843;16880174;16495325;16131984;15840860;15577214;15365237;15182024;15009676;14805478;14647164;14576191;14520972;14525347;14633526;14672711;14679300;14746432;14757724;14690423;14664114;14637176;14531700;14416109;14291049;14158125;14020272;13880038;13738984;13599376;13461829;13326122;13193611;13065182;12940762;12820626;12705545;12595720;12490655;12389855;12293466;12202305;12116445;12035156;11957694;11883455;11811703;11741278;11671246;11600532
15-19;17219086;17238401;17315601;17402809;17424089;17334096;17155615;16821630;16439846;16079464;15790863;15529387;15318916;15136923;14965724;14762869;14605891;14536019;14481942;14487286;14596110;14635967;14643187;14710785;14722659;14656163;14630405;14603997;14499263;14384409;14260078;14127872;13990752;13851207;13710840;13571863;13434947;13299846;13167907;13040010;12916108;12796510;12681921;12572557;12467934;12367551;12271531;12180736;12095228;12014265;11937109
20-24;17476779;17396868;17296030;17195219;17124785;17100769;17122881;17203520;17294780;17319853;17233266;17057794;16726717;16347561;15989803;15703800;15444924;15236871;15057313;14888503;14688175;14533531;14465563;14413260;14420025;14529708;14570602;14578856;14647162;14659931;14594614;14569782;14544238;14440723;14327061;14203946;14072906;13936948;13798559;13659314;13521425;13385549;13251456;13120499;12993545;12870528;12751775;12637977;12529386;12425516;12325847
25-29;17334110;17423848;17454135;17436877;17391346;17331851;17256322;17161679;17068593;17004904;16985866;17011218;17092427;17182193;17206153;17119972;16946247;16618500;16243415;15889766;15607291;15351552;15146240;14969263;14802897;14605190;14452983;14386955;14336521;14344709;14455193;14497153;14506501;14575436;14589082;14524961;14501063;14476422;14374170;14261783;14139942;14010163;13875462;13738287;13600246;13463536;13328803;13195813;13065893;12939931;12817887
30-34;15955949;16275019;16567575;16822855;17028854;17178656;17271648;17306947;17296659;17258318;17205416;17135646;17044190;16951251;16886952;16867543;16892885;16974395;17065211;17091062;17007393;16836728;16512899;16141856;15792033;15512843;15259983;15057188;14882572;14718488;14523256;14373318;14309113;14260407;14269902;14381026;14423898;14434174;14503630;14518027;14455019;14431957;14408126;14307058;14195853;14075191;13946610;13813084;13677088;13540196;13404578
35-39;14075108;14350827;14689558;15066579;15441748;15787821;16107943;16402815;16661965;16872342;17026545;17123723;17161844;17152616;17115112;17063584;16995707;16906691;16816670;16755274;16738294;16765601;16848588;16940702;16968189;16886844;16719129;16399166;16032170;15686230;15410325;15160396;14960090;14787787;14625966;14433207;14285523;14223058;14175984;14186704;14298311;14341981;14353071;14422945;14437977;14376076;14353778;14330671;14230768;14120755;14001307
40-44;13184170;13311309;13414041;13519509;13668343;13884283;14161178;14500831;14879035;15255513;15602974;15924417;16219710;16478229;16688213;16842846;16941312;16981681;16975459;16941357;16893256;16828804;16743240;16656520;16598022;16583446;16612647;16696902;16790065;16818996;16739962;16575282;16259556;15897111;15555535;15283397;15036761;14839171;14669407;14510049;14320041;14174828;14114206;14068807;14080737;14192649;14236987;14248844;14318948;14334584;14273861
45-49;11992439;12218181;12426314;12615601;12784211;12933598;13064058;13171048;13281287;13434076;13652504;13930420;14269004;14644402;15017933;15363171;15683089;15977567;16236139;16446903;16602926;16703462;16746553;16743579;16713006;16668492;16607681;16525845;16442743;16387431;16375387;16406437;16491724;16585608;16615819;16539189;16377988;16067408;15710668;15374594;15107158;14864721;14670479;14503796;14347422;14160785;14018586;13960052;13916591;13929788;14041783
50-54;10276773;10574366;10868062;11152415;11419933;11666086;11892707;12102371;12293932;12465329;12617804;12751592;12861867;12974530;13128538;13346782;13623237;13959030;14330885;14700984;15043388;15361008;15653779;15911350;16121912;16278600;16380728;16426408;16426757;16399939;16359306;16302574;16224958;16146006;16094242;16084875;16117711;16203642;16297801;16329111;16255195;16098244;15794311;15445094;15116301;14855005;14618039;14428117;14265353;14112793;13930535
55-59;8387564;8679820;8977656;9278724;9579705;9877881;10172542;10463716;10746091;11012111;11257277;11483368;11692613;11883880;12055490;12208751;12343963;12456465;12571436;12726473;12943766;13217366;13548288;13914012;14277951;14615019;14928011;15216929;15471607;15680383;15836527;15939411;15987269;15990939;15968053;15931630;15879345;15806522;15732281;15684468;15677945;15712380;15798347;15891980;15924009;15853162;15701406;15406171;15066946;14747850;14494713
60-64;6596741;6859058;7119004;7379912;7647936;7926230;8211893;8503042;8797470;9091910;9383728;9672175;9957156;10233460;10493988;10734491;10956693;11162776;11351609;11521660;11673982;11809015;11922324;12038067;12192258;12406090;12673729;12996043;13351492;13705082;14032901;14337648;14619346;14868106;15072540;15226101;15328313;15377469;15384059;15365094;15332980;15285499;15218052;15149158;15105746;15102049;15137666;15222586;15314436;15346470;15279016
65-69;4905988;5095516;5318713;5565313;5819304;6071240;6322755;6572590;6823731;7081680;7349244;7623733;7903288;8185834;8468411;8748627;9025766;9299757;9565627;9816554;10048512;10263166;10462649;10645868;10811283;10959940;11092321;11204363;11318835;11469648;11676652;11934133;12242752;12582173;12919685;13232909;13524376;13794222;14032965;14229585;14377822;14477368;14526754;14535915;14520894;14493445;14451348;14390212;14327671;14289289;14288480
70-74;3792042;3889352;3974955;4063519;4175947;4323465;4501441;4709484;4938529;5174388;5408663;5642901;5876091;6110754;6351769;6601500;6857600;7118354;7381902;7645534;7907040;8165785;8421765;8670307;8905063;9122289;9323635;9511104;9683679;9839876;9980630;10106571;10214158;10324288;10467931;10663049;10904126;11191369;11506226;11819031;12109555;12380193;12631212;12853724;13037277;13176002;13269879;13317776;13328895;13317878;13295484
75-79;2597990;2688798;2797237;2913384;3023576;3121818;3211601;3292375;3376250;3480536;3614389;3774018;3959070;4161906;4370673;4578361;4786387;4994114;5203523;5418622;5641260;5869405;6101656;6336314;6571128;6804078;7034690;7263005;7484798;7694408;7888458;8068562;8236631;8391702;8532383;8659541;8773851;8872509;8973811;9104799;9280868;9496727;9752138;10030863;10307408;10564467;10804204;11027068;11224976;11388373;11511971
80-84;1689444;1727063;1764898;1807817;1861166;1926871;2004365;2095235;2191860;2283815;2366558;2443191;2513706;2587330;2677251;2790280;2923509;3076687;3243763;3415649;3586931;3758879;3931160;4105249;4284098;4468984;4658301;4850986;5045614;5240341;5433588;5624985;5814637;5998934;6173117;6334346;6484201;6624391;6754088;6872004;6978835;7075422;7159683;7246694;7358416;7506972;7687508;7899218;8128899;8356311;8567809
85-89;830529;901360;954570;996763;1032554;1065148;1097017;1129489;1165517;1208442;1259330;1318006;1385731;1457236;1525459;1587405;1645581;1700356;1758056;1827478;1913020;2012666;2126181;2249361;2375978;2502391;2629690;2757777;2887609;3021064;3158814;3299768;3443164;3587930;3732788;3876586;4019065;4160416;4297807;4427602;4547659;4659375;4764254;4861528;4950167;5030651;5103867;5168499;5235780;5321722;5434778
90+;455191;459166;484603;521252;562349;603580;645377;688657;731945;774304;815165;856211;898723;943466;991663;1043410;1099461;1161212;1225853;1289978;1352102;1414477;1478371;1546036;1620691;1703785;1795039;1894806;2001669;2113776;2229906;2350808;2476780;2607627;2743377;2883626;3028143;3176612;3328257;3482333;3637926;3794831;3953061;4110366;4263976;4412193;4556131;4697023;4833076;4962058;5083408
Homens;;;;;;;;;;;;;;;;;;;;;;;;;;;;;;;;;;;;;;;;;;;;;;;;;;;
Faixa/Ano;2010;2011;2012;2013;2014;2015;2016;2017;2018;2019;2020;2021;2022;2023;2024;2025;2026;2027;2028;2029;2030;2031;2032;2033;2034;2035;2036;2037;2038;2039;2040;2041;2042;2043;2044;2045;2046;2047;2048;2049;2050;2051;2052;2053;2054;2055;2056;2057;2058;2059;2060
Total;95513298;96322635;97132054;97931331;98744098;99581002;100379640;101163599;101971173;102760295;103527689;104271843;104990487;105681529;106345043;106981304;107589495;108168830;108718587;109238514;109728762;110189007;110618592;111017537;111386062;111724392;112032426;112309958;112557327;112774820;112962751;113121438;113251454;113353443;113427597;113474061;113493052;113485011;113450253;113388652;113300060;113184593;113042592;112874076;112678873;112456873;112208379;111934042;111634119;111308845;110958642
0-4;7594516;7513761;7477567;7449337;7451690;7507226;7527223;7530642;7565301;7571223;7536789;7523299;7509386;7455164;7395678;7331364;7263006;7192133;7120032;7047528;6975778;6905062;6835307;6767195;6701192;6637231;6575502;6516373;6459937;6405936;6354123;6304598;6257751;6213632;6171861;6132043;6093885;6056997;6020798;5984802;5948471;5911502;5873639;5834370;5793447;5750809;5706456;5660575;5613249;5564770;5515605
05/set;8094637;7962532;7856445;7764679;7678145;7574960;7495049;7459700;7432381;7435509;7491634;7512252;7516076;7550810;7556858;7522618;7509351;7495730;7441882;7382807;7318878;7250909;7180401;7108665;7036481;6965042;6894634;6825161;6757331;6691592;6627900;6566392;6507477;6451252;6397457;6345822;6296474;6249795;6205831;6164206;6124537;6086502;6049752;6013699;5977830;5941609;5904776;5867020;5827860;5787041;5744493
out/14;8842587;8760868;8596730;8405865;8224795;8080135;7948620;7843086;7751948;7666040;7563501;7484190;7449226;7422072;7425264;7481411;7502112;7506047;7540921;7547162;7513141;7500066;7486634;7433002;7374143;7310452;7242697;7172400;7100861;7028875;6957623;6887413;6818125;6750468;6684877;6621345;6559981;6501187;6445082;6391415;6339911;6290699;6244133;6200276;6158737;6119162;6081226;6044568;6008592;5972801;5936671
15-19;8673836;8693267;8745322;8804210;8829069;8795446;8715095;8552810;8364062;8185062;8042202;7912260;7807878;7717747;7632793;7531320;7453057;7418949;7392651;7396587;7453221;7474403;7478801;7514010;7520683;7487251;7474592;7461547;7408463;7350163;7287028;7219811;7150062;7079046;7007575;6936806;6867067;6798239;6731019;6665837;6602699;6541729;6483312;6427561;6374235;6323041;6274127;6227836;6184244;6142973;6103630
20-24;8746116;8711375;8663577;8614902;8583358;8578611;8600164;8654720;8716490;8744065;8712945;8634909;8475014;8288587;8111918;7971317;7843582;7741213;7653070;7570037;7470597;7394220;7361652;7336794;7341891;7399228;7421254;7426487;7462264;7469669;7437195;7425286;7412946;7360848;7303529;7241380;7175120;7106330;7036251;6965698;6895815;6826928;6758931;6692510;6628106;6565701;6505416;6447653;6392537;6339825;6289218
25-29;8574606;8629711;8657414;8662143;8651184;8630266;8598875;8555561;8512314;8485534;8484394;8508378;8563553;8624538;8651626;8621118;8544666;8387530;8204388;8031009;7893232;7767999;7667829;7581750;7500675;7403356;7328943;7297950;7274594;7280847;7338836;7361712;7367822;7404119;7412226;7380713;7369573;7357978;7306911;7250628;7189512;7124285;7056509;6987423;6917849;6848930;6780967;6713878;6648312;6584723;6523112
30-34;7821287;7982363;8131551;8263753;8373348;8457008;8514439;8545686;8555280;8549320;8532944;8505514;8464499;8421615;8394693;8393527;8417664;8473141;8534872;8563312;8534665;8460519;8306365;8126302;7955838;7820545;7697488;7599240;7514973;7435649;7340229;7267552;7237960;7215936;7223197;7281677;7305262;7312099;7348805;7357492;7326843;7316343;7305373;7255224;7199860;7139664;7075362;7008494;6940318;6871646;6803583
35-39;6857527;6990523;7155946;7341635;7527745;7700900;7862666;8013399;8148183;8260741;8347421;8407755;8440996;8451369;8446055;8430688;8404634;8365378;8324589;8299702;8300209;8325674;8382118;8444696;8474256;8447253;8375224;8223858;8046719;7879049;7746136;7625181;7528741;7446144;7368454;7274845;7203808;7175501;7154681;7162834;7221685;7245877;7253323;7290325;7299496;7269639;7259722;7249292;7200007;7145508;7086207
40-44;6405478;6465519;6511227;6557089;6624863;6727359;6861189;7027271;7213769;7400750;7574836;7737477;7888496;8022898;8135221;8222214;8283430;8318165;8330545;8327522;8314471;8290745;8253830;8215289;8192354;8194452;8221147;8278370;8341585;8372088;8346626;8276663;8128189;7954176;7789503;7659150;7540448;7445888;7365050;7289066;7197348;7128025;7100999;7081359;7090362;7149455;7174123;7182135;7219317;7228927;7199896
45-49;5768516;5880219;5985481;6082367;6167931;6241647;6303978;6352579;6401687;6472175;6576419;6711034;6876531;7061277;7246407;7419108;7580798;7731316;7865760;7978594;8066468;8128987;8165432;8179855;8179060;8168292;8146911;8112423;8076237;8055349;8059034;8086849;8144623;8208179;8239414;8215443;8147699;8002569;7832277;7671186;7543900;7427925;7335566;7256745;7182722;7093220;7025894;7000246;6981909;6991754;7050917
50-54;4900002;5040349;5178764;5313246;5441195;5561009;5673316;5779573;5877917;5965268;6041008;6105571;6156429;6207294;6278778;6383077;6516900;6680739;6863310;7046315;7217244;7377487;7526925;7660698;7773367;7861606;7925036;7962995;7979372;7980824;7972437;7953589;7921753;7888179;7869486;7874764;7903569;7961564;8025093;8056849;8034455;7969304;7828334;7662799;7506320;7382926;7270417;7180814;7104474;7032873;6946162
55-59;3954821;4089187;4227766;4368987;4510555;4650762;4789417;4926386;5059761;5186871;5306101;5418069;5523994;5622071;5709488;5785731;5851268;5903677;5956190;6028485;6132308;6264412;6425224;6603964;6783080;6950611;7107892;7254823;7386666;7498065;7585774;7649457;7688505;7706661;7710316;7704363;7688149;7659220;7628530;7612199;7619074;7648657;7706356;7769208;7801082;7780353;7718248;7582612;7423293;7272866;7154556
60-64;3081961;3198692;3313737;3429277;3548963;3674713;3805186;3939707;4076794;4214303;4350563;4485379;4618536;4748149;4871821;4988027;5097383;5201061;5297302;5383487;5458969;5524298;5577221;5630273;5702081;5803746;5932098;6087478;6259725;6432268;6593867;6745779;6887959;7015825;7124175;7209866;7272652;7311982;7331395;7336975;7333300;7319725;7293901;7266311;7252466;7260725;7290580;7347073;7408221;7439552;7420473
65-69;2253998;2339108;2439108;2549140;2661907;2773210;2883883;2993314;3103440;3217426;3337000;3460918;3588535;3718492;3848844;3978090;4106032;4232502;4355732;4473440;4584216;4688647;4787847;4880176;4963105;5036045;5099560;5151653;5203924;5273663;5371091;5493166;5640066;5802391;5964930;6117373;6260872;6395434;6516731;6619770;6701600;6762068;6800700;6820803;6827971;6826458;6815605;6793193;6769102;6757874;6767303
70-74;1689818;1732563;1770303;1809593;1859518;1924795;2003224;2094581;2194687;2297297;2398778;2499910;2600243;2701380;2806006;2915566;3028989;3145702;3264515;3383680;3501868;3618911;3734717;3847628;3955595;4057304;4153367;4244811;4330120;4406952;4474742;4534111;4583407;4633065;4698510;4788775;4900975;5035044;5182591;5330211;5468808;5599462;5722265;5833225;5927673;6002895;6058911;6095418;6115370;6123684;6124121
75-79;1105206;1144121;1190922;1240998;1288273;1330216;1368574;1403314;1439622;1484658;1542105;1610235;1688895;1774682;1862608;1949716;2036732;2123408;2210961;2301516;2396166;2494028;2594665;2697044;2799720;2901547;3002440;3102353;3199832;3293112;3381052;3464237;3543625;3617852;3684841;3744109;3796312;3840217;3884676;3942722;4021823;4119269;4234768;4361237;4487603;4606394;4718561;4824282;4920042;5001664;5066803
80-84;677628;692280;707304;724631;746369;773094;804695;841980;881564;919059;952619;983758;1012641;1042996;1079956;1126100;1180178;1242110;1309326;1378193;1446541;1514999;1583484;1652852;1724591;1799420;1876683;1956079;2036796;2117674;2197885;2277383;2356175;2433074;2506675;2576080;2641835;2704769;2763770;2817079;2864310;2906165;2941812;2978203;3025436;3089091;3166772;3257946;3357133;3456065;3549148
85-89;314944;340306;359247;374268;387076;398787;410381;422377;435871;452078;471252;493422;519178;546326;572074;595279;617114;637836;659812;686235;718616;756161;798785;844827;891952;938795;985869;1033177;1081264;1131002;1182750;1236101;1290875;1346482;1402163;1457337;1512013;1566262;1619219;1669886;1717634;1762927;1806456;1847353;1884307;1917047;1946213;1971377;1997388;2031094;2076107
90+;155814;155891;163643;175211;188114;200858;213666;226913;240102;252916;265178;277513;290381;304062;318955;335033;352599;372193;392729;412903;432174;451480;471355;492517;515998;542216;571089;602780;636664;672043;708423;746158;785393;826114;868408;912170;957358;1003936;1051543;1099797;1148335;1197201;1246463;1295445;1343371;1389754;1435003;1479630;1522751;1563205;1600637
Mulheres;;;;;;;;;;;;;;;;;;;;;;;;;;;;;;;;;;;;;;;;;;;;;;;;;;;
Faixa/Ano;2010;2011;2012;2013;2014;2015;2016;2017;2018;2019;2020;2021;2022;2023;2024;2025;2026;2027;2028;2029;2030;2031;2032;2033;2034;2035;2036;2037;2038;2039;2040;2041;2042;2043;2044;2045;2046;2047;2048;2049;2050;2051;2052;2053;2054;2055;2056;2057;2058;2059;2060
Total;99377384;100281097;101182880;102072857;102973443;103894681;104776947;105641142;106523727;107386830;108228003;109045796;109838053;110602740;111339419;112047789;112727035;113376404;113995082;114582791;115139700;115665408;116159210;116621044;117051060;117449293;117815406;118149104;118450544;118719830;118957171;119162795;119337126;119480622;119593399;119675564;119727205;119748659;119740229;119701812;119633216;119534576;119406275;119248372;119060759;118843450;118596844;118321643;118018167;117686696;117327705
0-4;7263764;7183672;7146734;7117833;7118380;7169933;7187889;7190134;7222256;7227109;7193522;7179982;7166137;7113891;7056677;6994870;6929250;6861293;6792194;6722744;6654037;6586337;6519598;6454447;6391297;6330138;6271102;6214564;6160612;6108982;6059465;6012111;5967335;5925166;5885245;5847195;5810739;5775493;5740911;5706506;5671785;5636480;5600319;5562831;5523765;5483054;5440735;5396945;5351779;5305522;5258613
05/set;7770558;7637972;7531062;7438466;7351496;7249311;7169869;7133599;7105448;7106623;7158677;7177142;7179697;7211861;7216770;7183323;7169960;7156303;7104326;7047419;6985900;6920581;6852877;6784045;6714850;6646363;6578895;6512362;6447397;6384445;6323461;6264603;6208226;6154420;6102930;6053551;6006316;5961661;5919602;5879787;5841839;5805471;5770319;5735832;5701526;5666895;5631683;5595595;5558186;5519183;5478538
out/14;8554717;8455975;8283444;8089460;7907189;7760725;7628594;7522151;7430076;7343636;7241977;7162974;7126965;7098900;7100083;7152115;7170599;7173253;7205511;7210562;7177282;7164048;7150542;7098698;7041966;6980597;6915428;6847872;6779177;6710109;6641753;6574416;6507997;6443143;6380305;6319417;6260645;6204358;6150638;6099240;6049944;6002767;5958172;5916169;5876419;5838532;5802229;5767135;5732686;5698445;5663861
15-19;8545250;8545134;8570279;8598599;8595020;8538650;8440520;8268820;8075784;7894402;7748661;7617127;7511038;7419176;7332931;7231549;7152834;7117070;7089291;7090699;7142889;7161564;7164386;7196775;7201976;7168912;7155813;7142450;7090800;7034246;6973050;6908061;6840690;6772161;6703265;6635057;6567880;6501607;6436888;6374173;6313409;6254781;6198609;6144996;6093699;6044510;5997404;5952900;5910984;5871292;5833479
20-24;8730663;8685493;8632453;8580317;8541427;8522158;8522717;8548800;8578290;8575788;8520321;8422885;8251703;8058974;7877885;7732483;7601342;7495658;7404243;7318466;7217578;7139311;7103911;7076466;7078134;7130480;7149348;7152369;7184898;7190262;7157419;7144496;7131292;7079875;7023532;6962566;6897786;6830618;6762308;6693616;6625610;6558621;6492525;6427989;6365439;6304827;6246359;6190324;6136849;6085691;6036629
25-29;8759504;8794137;8796721;8774734;8740162;8701585;8657447;8606118;8556279;8519370;8501472;8502840;8528874;8557655;8554527;8498854;8401581;8230970;8039027;7858757;7714059;7583553;7478411;7387513;7302222;7201834;7124040;7089005;7061927;7063862;7116357;7135441;7138679;7171317;7176856;7144248;7131490;7118444;7067259;7011155;6950430;6885878;6818953;6750864;6682397;6614606;6547836;6481935;6417581;6355208;6294775
30-34;8134662;8292656;8436024;8559102;8655506;8721648;8757209;8761261;8741379;8708998;8672472;8630132;8579691;8529636;8492259;8474016;8475221;8501254;8530339;8527750;8472728;8376209;8206534;8015554;7836195;7692298;7562495;7457948;7367599;7282839;7183027;7105766;7071153;7044471;7046705;7099349;7118636;7122075;7154825;7160535;7128176;7115614;7102753;7051834;6995993;6935527;6871248;6804590;6736770;6668550;6600995
35-39;7217581;7360304;7533612;7724944;7914003;8086921;8245277;8389416;8513782;8611601;8679124;8715968;8720848;8701247;8669057;8632896;8591073;8541313;8492081;8455572;8438085;8439927;8466470;8496006;8493933;8439591;8343905;8175308;7985451;7807181;7664189;7535215;7431349;7341643;7257512;7158362;7081715;7047557;7021303;7023870;7076626;7096104;7099748;7132620;7138481;7106437;7094056;7081379;7030761;6975247;6915100
40-44;6778692;6845790;6902814;6962420;7043480;7156924;7299989;7473560;7665266;7854763;8028138;8186940;8331214;8455331;8552992;8620632;8657882;8663516;8644914;8613835;8578785;8538059;8489410;8441231;8405668;8388994;8391500;8418532;8448480;8446908;8393336;8298619;8131367;7942935;7766032;7624247;7496313;7393283;7304357;7220983;7122693;7046803;7013207;6987448;6990375;7043194;7062864;7066709;7099631;7105657;7073965
45-49;6223923;6337962;6440833;6533234;6616280;6691951;6760080;6818469;6879600;6961901;7076085;7219386;7392473;7583125;7771526;7944063;8102291;8246251;8370379;8468309;8536458;8574475;8581121;8563724;8533946;8500200;8460770;8413422;8366506;8332082;8316353;8319588;8347101;8377429;8376405;8323746;8230289;8064839;7878391;7703408;7563258;7436796;7334913;7247051;7164700;7067565;6992692;6959806;6934682;6938034;6990866
50-54;5376771;5534017;5689298;5839169;5978738;6105077;6219391;6322798;6416015;6500061;6576796;6646021;6705438;6767236;6849760;6963705;7106337;7278291;7467575;7654669;7826144;7983521;8126854;8250652;8348545;8416994;8455692;8463413;8447385;8419115;8386869;8348985;8303205;8257827;8224756;8210111;8214142;8242078;8272708;8272262;8220740;8128940;7965977;7782295;7609981;7472079;7347622;7247303;7160879;7079920;6984373
55-59;4432743;4590633;4749890;4909737;5069150;5227119;5383125;5537330;5686330;5825240;5951176;6065299;6168619;6261809;6346002;6423020;6492695;6552788;6615246;6697988;6811458;6952954;7123064;7310048;7494871;7664408;7820119;7962106;8084941;8182318;8250753;8289954;8298764;8284278;8257737;8227267;8191196;8147302;8103751;8072269;8058871;8063723;8091991;8122772;8122927;8072809;7983158;7823559;7643653;7474984;7340157
60-64;3514780;3660366;3805267;3950635;4098973;4251517;4406707;4563335;4720676;4877607;5033165;5186796;5338620;5485311;5622167;5746464;5859310;5961715;6054307;6138173;6215013;6284717;6345103;6407794;6490177;6602344;6741631;6908565;7091767;7272814;7439034;7591869;7731387;7852281;7948365;8016235;8055661;8065487;8052664;8028119;7999680;7965774;7924151;7882847;7853280;7841324;7847086;7875513;7906215;7906918;7858543
65-69;2651990;2756408;2879605;3016173;3157397;3298030;3438872;3579276;3720291;3864254;4012244;4162815;4314753;4467342;4619567;4770537;4919734;5067255;5209895;5343114;5464296;5574519;5674802;5765692;5848178;5923895;5992761;6052710;6114911;6195985;6305561;6440967;6602686;6779782;6954755;7115536;7263504;7398788;7516234;7609815;7676222;7715300;7726054;7715112;7692923;7666987;7635743;7597019;7558569;7531415;7521177
70-74;2102224;2156789;2204652;2253926;2316429;2398670;2498217;2614903;2743842;2877091;3009885;3142991;3275848;3409374;3545763;3685934;3828611;3972652;4117387;4261854;4405172;4546874;4687048;4822679;4949468;5064985;5170268;5266293;5353559;5432924;5505888;5572460;5630751;5691223;5769421;5874274;6003151;6156325;6323635;6488820;6640747;6780731;6908947;7020499;7109604;7173107;7210968;7222358;7213525;7194194;7171363
75-79;1492784;1544677;1606315;1672386;1735303;1791602;1843027;1889061;1936628;1995878;2072284;2163783;2270175;2387224;2508065;2628645;2749655;2870706;2992562;3117106;3245094;3375377;3506991;3639270;3771408;3902531;4032250;4160652;4284966;4401296;4507406;4604325;4693006;4773850;4847542;4915432;4977539;5032292;5089135;5162077;5259045;5377458;5517370;5669626;5819805;5958073;6085643;6202786;6304934;6386709;6445168
80-84;1011816;1034783;1057594;1083186;1114797;1153777;1199670;1253255;1310296;1364756;1413939;1459433;1501065;1544334;1597295;1664180;1743331;1834577;1934437;2037456;2140390;2243880;2347676;2452397;2559507;2669564;2781618;2894907;3008818;3122667;3235703;3347602;3458462;3565860;3666442;3758266;3842366;3919622;3990318;4054925;4114525;4169257;4217871;4268491;4332980;4417881;4520736;4641272;4771766;4900246;5018661
85-89;515585;561054;595323;622495;645478;666361;686636;707112;729646;756364;788078;824584;866553;910910;953385;992126;1028467;1062520;1098244;1141243;1194404;1256505;1327396;1404534;1484026;1563596;1643821;1724600;1806345;1890062;1976064;2063667;2152289;2241448;2330625;2419249;2507052;2594154;2678588;2757716;2830025;2896448;2957798;3014175;3065860;3113604;3157654;3197122;3238392;3290628;3358671
90+;299377;303275;320960;346041;374235;402722;431711;461744;491843;521388;549987;578698;608342;639404;672708;708377;746862;789019;833124;877075;919928;962997;1007016;1053519;1104693;1161569;1223950;1292026;1365005;1441733;1521483;1604650;1691387;1781513;1874969;1971456;2070785;2172676;2276714;2382536;2489591;2597630;2706598;2814921;2920605;3022439;3121128;3217393;3310325;3398853;3482771
