Rio Grande do Sul;;;;;;;;;;;;;;;;;;;;;;;;;;;;;;;;;;;;;;;;;;;;;;;;;;;
Dados;;;;;;;;;;;;;;;;;;;;;;;;;;;;;;;;;;;;;;;;;;;;;;;;;;;
Ano;População total;Homens;Mulheres;Nascimentos;Óbitos;Taxa de Crescimento Geométrico;Taxa Bruta de Natalidade;Taxa Bruta de Mortalidade;Esperança de Vida ao Nascer;Esperança de Vida ao Nascer - Homens;Esperança de Vida ao Nascer - Mulheres;Taxa de Mortalidade Infantil;Taxa de Mortalidade Infantil - Homens;Taxa de Mortalidade Infantil - Mulheres;Taxa de Fecundidade Total;Razão de Dependência - Jovens 0 a 14 anos;Razão de Dependência - Idosos 65 ou mais anos;Razão de Dependência;Índice de Envelhecimento;;;;;;;;;;;;;;;;;;;;;;;;;;;;;;;;
2010;10914795;5317544;5597251;134064;72350;x;12.28;6.63;76.01;72.44;79.5;11.39;12.21;10.52;1.56;30.81;13.32;44.13;42.99;;;;;;;;;;;;;;;;;;;;;;;;;;;;;;;;
2011;10963317;5340181;5623136;139396;73195;0.44;12.71;6.68;76.32;72.78;79.78;11.07;11.86;10.23;1.62;29.99;13.72;43.71;45.45;;;;;;;;;;;;;;;;;;;;;;;;;;;;;;;;
2012;11014448;5364226;5650222;140619;74154;0.47;12.77;6.73;76.63;73.11;80.06;10.75;11.52;9.95;1.63;29.24;14.17;43.4;48.53;;;;;;;;;;;;;;;;;;;;;;;;;;;;;;;;
2013;11066527;5388825;5677702;142795;75163;0.47;12.9;6.79;76.92;73.43;80.33;10.45;11.19;9.68;1.66;28.56;14.65;43.21;51.26;;;;;;;;;;;;;;;;;;;;;;;;;;;;;;;;
2014;11119817;5414110;5705707;144622;76202;0.48;13.01;6.85;77.21;73.74;80.6;10.16;10.87;9.42;1.68;27.99;15.17;43.16;54.36;;;;;;;;;;;;;;;;;;;;;;;;;;;;;;;;
2015;11175777;5440822;5734955;149765;77259;0.5;13.4;6.91;77.5;74.05;80.85;9.88;10.56;9.16;1.74;27.55;15.73;43.28;57.29;;;;;;;;;;;;;;;;;;;;;;;;;;;;;;;;
2016;11229947;5466673;5763274;142699;78326;0.48;12.71;6.97;77.77;74.34;81.1;9.61;10.26;8.92;1.66;27.13;16.32;43.44;60.32;;;;;;;;;;;;;;;;;;;;;;;;;;;;;;;;
2017;11280193;5490567;5789626;143607;79417;0.45;12.73;7.04;78.04;74.63;81.35;9.34;9.98;8.68;1.68;26.86;16.96;43.82;63.1;;;;;;;;;;;;;;;;;;;;;;;;;;;;;;;;
2018;11329605;5514083;5815522;142839;80599;0.44;12.61;7.11;78.29;74.91;81.58;9.09;9.7;8.45;1.68;26.71;17.64;44.36;65.95;;;;;;;;;;;;;;;;;;;;;;;;;;;;;;;;
2019;11377239;5536738;5840501;141971;81803;0.42;12.48;7.19;78.55;75.18;81.81;8.85;9.44;8.23;1.68;26.58;18.36;44.94;69.4;;;;;;;;;;;;;;;;;;;;;;;;;;;;;;;;
2020;11422973;5558470;5864503;141012;83039;0.4;12.34;7.27;78.79;75.44;82.04;8.62;9.18;8.02;1.68;26.45;19.11;45.56;71.98;;;;;;;;;;;;;;;;;;;;;;;;;;;;;;;;
2021;11466630;5579188;5887442;139890;84342;0.38;12.2;7.36;79.03;75.7;82.25;8.39;8.94;7.81;1.68;26.42;19.9;46.32;75.14;;;;;;;;;;;;;;;;;;;;;;;;;;;;;;;;
2022;11507906;5598737;5909169;138434;85688;0.36;12.03;7.45;79.26;75.94;82.46;8.17;8.7;7.61;1.68;26.5;20.74;47.23;78.33;;;;;;;;;;;;;;;;;;;;;;;;;;;;;;;;
2023;11546505;5616964;5929541;136825;87097;0.34;11.85;7.54;79.48;76.18;82.67;7.96;8.47;7.42;1.68;26.61;21.61;48.22;81.11;;;;;;;;;;;;;;;;;;;;;;;;;;;;;;;;
2024;11582285;5633801;5948484;135215;88576;0.31;11.67;7.65;79.69;76.42;82.86;7.76;8.25;7.23;1.68;26.73;22.51;49.24;84.36;;;;;;;;;;;;;;;;;;;;;;;;;;;;;;;;
2025;11615181;5649221;5965960;133594;90100;0.28;11.5;7.76;79.9;76.64;83.05;7.56;8.04;7.05;1.68;26.85;23.45;50.3;87.15;;;;;;;;;;;;;;;;;;;;;;;;;;;;;;;;
2026;11645142;5663195;5981947;131976;91673;0.26;11.33;7.87;80.1;76.86;83.24;7.38;7.84;6.88;1.68;26.93;24.41;51.33;90.45;;;;;;;;;;;;;;;;;;;;;;;;;;;;;;;;
2027;11672095;5675682;5996413;130318;93306;0.23;11.16;7.99;80.3;77.07;83.42;7.19;7.64;6.71;1.68;26.93;25.38;52.31;94.35;;;;;;;;;;;;;;;;;;;;;;;;;;;;;;;;
2028;11695959;5686648;6009311;128659;94999;0.2;11;8.12;80.48;77.27;83.59;7.02;7.46;6.55;1.68;26.9;26.35;53.24;97.73;;;;;;;;;;;;;;;;;;;;;;;;;;;;;;;;
2029;11716702;5696085;6020617;127059;96756;0.18;10.84;8.26;80.66;77.46;83.76;6.85;7.27;6.4;1.68;26.8;27.29;54.09;101.72;;;;;;;;;;;;;;;;;;;;;;;;;;;;;;;;
2030;11734344;5704008;6030336;125525;98534;0.15;10.7;8.4;80.84;77.65;83.92;6.69;7.1;6.25;1.68;26.62;28.17;54.78;105.81;;;;;;;;;;;;;;;;;;;;;;;;;;;;;;;;
2031;11748756;5710353;6038403;123992;100382;0.12;10.55;8.54;81;77.83;84.08;6.53;6.93;6.1;1.68;26.42;29;55.43;110;;;;;;;;;;;;;;;;;;;;;;;;;;;;;;;;
2032;11759766;5715041;6044725;122431;102245;0.09;10.41;8.69;81.17;78.01;84.23;6.38;6.77;5.97;1.68;26.25;29.8;56.06;113.69;;;;;;;;;;;;;;;;;;;;;;;;;;;;;;;;
2033;11767342;5718060;6049282;120911;104168;0.06;10.28;8.85;81.33;78.18;84.38;6.23;6.62;5.83;1.68;26.05;30.56;56.61;117.47;;;;;;;;;;;;;;;;;;;;;;;;;;;;;;;;
2034;11771486;5719419;6052067;119452;106130;0.04;10.15;9.02;81.48;78.34;84.52;6.09;6.47;5.7;1.68;25.84;31.26;57.1;121.34;;;;;;;;;;;;;;;;;;;;;;;;;;;;;;;;
2035;11772246;5719149;6053097;118081;108108;0.01;10.03;9.18;81.62;78.5;84.66;5.96;6.32;5.58;1.68;25.62;31.92;57.54;124.54;;;;;;;;;;;;;;;;;;;;;;;;;;;;;;;;
2036;11769644;5717268;6052376;116708;110108;-0.02;9.92;9.36;81.76;78.65;84.79;5.83;6.19;5.46;1.68;25.39;32.54;57.93;127.95;;;;;;;;;;;;;;;;;;;;;;;;;;;;;;;;
2037;11763729;5713813;6049916;115459;112112;-0.05;9.81;9.53;81.9;78.79;84.92;5.71;6.05;5.34;1.68;25.15;33.12;58.27;131.45;;;;;;;;;;;;;;;;;;;;;;;;;;;;;;;;
2038;11754603;5708837;6045766;114317;114138;-0.08;9.73;9.71;82.03;78.93;85.04;5.59;5.93;5.23;1.68;24.92;33.68;58.6;135.03;;;;;;;;;;;;;;;;;;;;;;;;;;;;;;;;
2039;11742344;5702387;6039957;113219;116139;-0.1;9.64;9.89;82.15;79.07;85.16;5.48;5.8;5.13;1.68;24.71;34.24;58.95;138.71;;;;;;;;;;;;;;;;;;;;;;;;;;;;;;;;
2040;11727042;5694515;6032527;112191;118098;-0.13;9.57;10.07;82.27;79.2;85.28;5.37;5.69;5.02;1.68;24.52;34.82;59.34;142.21;;;;;;;;;;;;;;;;;;;;;;;;;;;;;;;;
2041;11708791;5685272;6023519;111223;120043;-0.16;9.5;10.25;82.39;79.32;85.39;5.26;5.57;4.93;1.68;24.34;35.43;59.77;146.05;;;;;;;;;;;;;;;;;;;;;;;;;;;;;;;;
2042;11687777;5674756;6013021;110501;121934;-0.18;9.45;10.43;82.5;79.44;85.5;5.15;5.46;4.83;1.68;24.19;36.07;60.25;149.01;;;;;;;;;;;;;;;;;;;;;;;;;;;;;;;;
2043;11664233;5663086;6001147;109903;123784;-0.2;9.42;10.61;82.61;79.56;85.6;5.06;5.36;4.74;1.68;24.06;36.74;60.8;152;;;;;;;;;;;;;;;;;;;;;;;;;;;;;;;;
2044;11638264;5650320;5987944;109292;125573;-0.22;9.39;10.79;82.71;79.67;85.7;4.96;5.26;4.65;1.68;23.96;37.46;61.42;156.76;;;;;;;;;;;;;;;;;;;;;;;;;;;;;;;;
2045;11609937;5636492;5973445;108690;127287;-0.24;9.36;10.96;82.82;79.78;85.8;4.87;5.16;4.57;1.68;23.89;38.25;62.13;160.54;;;;;;;;;;;;;;;;;;;;;;;;;;;;;;;;
2046;11579320;5621637;5957683;108111;128974;-0.26;9.34;11.14;82.91;79.88;85.89;4.79;5.07;4.48;1.68;23.84;39.09;62.94;164.38;;;;;;;;;;;;;;;;;;;;;;;;;;;;;;;;
2047;11546529;5605809;5940720;107627;130570;-0.28;9.32;11.31;83;79.98;85.98;4.7;4.98;4.41;1.68;23.83;40.01;63.84;168.28;;;;;;;;;;;;;;;;;;;;;;;;;;;;;;;;
2048;11511708;5589080;5922628;107156;132078;-0.3;9.31;11.47;83.09;80.07;86.07;4.62;4.9;4.33;1.68;23.84;40.97;64.81;171.72;;;;;;;;;;;;;;;;;;;;;;;;;;;;;;;;
2049;11474898;5571470;5903428;106602;133524;-0.32;9.29;11.64;83.17;80.16;86.15;4.55;4.82;4.26;1.68;23.87;41.91;65.78;175.69;;;;;;;;;;;;;;;;;;;;;;;;;;;;;;;;
2050;11436086;5552961;5883125;105966;134892;-0.34;9.27;11.8;83.25;80.25;86.23;4.47;4.74;4.19;1.68;23.91;42.8;66.71;179.72;;;;;;;;;;;;;;;;;;;;;;;;;;;;;;;;
2051;11395284;5533550;5861734;105286;136187;-0.36;9.24;11.95;83.33;80.33;86.31;4.4;4.66;4.12;1.68;23.96;43.65;67.61;181.82;;;;;;;;;;;;;;;;;;;;;;;;;;;;;;;;
2052;11352547;5513259;5839288;104598;137396;-0.38;9.21;12.1;83.41;80.41;86.39;4.33;4.59;4.06;1.68;24.01;44.45;68.46;184.62;;;;;;;;;;;;;;;;;;;;;;;;;;;;;;;;
2053;11307925;5492105;5815820;103847;138517;-0.39;9.18;12.25;83.48;80.49;86.46;4.26;4.52;3.99;1.68;24.06;45.22;69.28;188.03;;;;;;;;;;;;;;;;;;;;;;;;;;;;;;;;
2054;11261436;5470084;5791352;103016;139548;-0.41;9.15;12.39;83.55;80.56;86.53;4.2;4.45;3.93;1.68;24.13;45.99;70.12;190.14;;;;;;;;;;;;;;;;;;;;;;;;;;;;;;;;
2055;11213094;5447187;5765907;102091;140468;-0.43;9.1;12.53;83.62;80.63;86.6;4.14;4.39;3.88;1.68;24.2;46.78;70.98;192.96;;;;;;;;;;;;;;;;;;;;;;;;;;;;;;;;
2056;11162931;5423413;5739518;101133;141306;-0.45;9.06;12.66;83.68;80.7;86.66;4.08;4.33;3.82;1.68;24.29;47.58;71.86;196.45;;;;;;;;;;;;;;;;;;;;;;;;;;;;;;;;
2057;11111019;5398785;5712234;100180;142055;-0.47;9.02;12.79;83.74;80.77;86.72;4.02;4.27;3.77;1.68;24.37;48.39;72.76;198.58;;;;;;;;;;;;;;;;;;;;;;;;;;;;;;;;
2058;11057418;5373322;5684096;99191;142741;-0.48;8.97;12.91;83.8;80.83;86.78;3.97;4.21;3.72;1.68;24.46;49.21;73.67;200.71;;;;;;;;;;;;;;;;;;;;;;;;;;;;;;;;
2059;11002151;5347021;5655130;98180;143388;-0.5;8.92;13.03;83.86;80.89;86.84;3.92;4.15;3.67;1.68;24.54;50.05;74.59;203.55;;;;;;;;;;;;;;;;;;;;;;;;;;;;;;;;
2060;10945217;5319871;5625346;97139;144023;-0.52;8.88;13.16;83.91;80.94;86.9;3.87;4.1;3.62;1.68;24.62;50.89;75.51;207.14;;;;;;;;;;;;;;;;;;;;;;;;;;;;;;;;
Faixas etárias;;;;;;;;;;;;;;;;;;;;;;;;;;;;;;;;;;;;;;;;;;;;;;;;;;;
Total;;;;;;;;;;;;;;;;;;;;;;;;;;;;;;;;;;;;;;;;;;;;;;;;;;;
Faixa/Ano;2010;2011;2012;2013;2014;2015;2016;2017;2018;2019;2020;2021;2022;2023;2024;2025;2026;2027;2028;2029;2030;2031;2032;2033;2034;2035;2036;2037;2038;2039;2040;2041;2042;2043;2044;2045;2046;2047;2048;2049;2050;2051;2052;2053;2054;2055;2056;2057;2058;2059;2060
Total;10914795;10963317;11014448;11066527;11119817;11175777;11229947;11280193;11329605;11377239;11422973;11466630;11507906;11546505;11582285;11615181;11645142;11672095;11695959;11716702;11734344;11748756;11759766;11767342;11771486;11772246;11769644;11763729;11754603;11742344;11727042;11708791;11687777;11664233;11638264;11609937;11579320;11546529;11511708;11474898;11436086;11395284;11352547;11307925;11261436;11213094;11162931;11111019;11057418;11002151;10945217
0-4;682720;672700;673534;679213;687053;699906;709530;712846;714571;713500;708058;702546;698804;693455;687311;680463;673036;665256;657341;649398;641496;633667;625912;618263;610743;603369;596146;589154;582498;576204;570255;564674;559554;554962;550878;547245;544014;541087;538344;535689;533041;530327;527458;524343;520950;517275;513314;509078;504593;499900;495057
05/set;776999;752113;730920;712999;695892;677636;667723;668648;674410;682328;695260;704971;708380;710196;709221;703875;698454;694799;689538;683485;676731;669385;661670;653808;645903;638022;630216;622482;614852;607350;599992;592784;585804;579161;572884;566947;561377;556269;551684;547609;543985;540760;537840;535105;532459;529818;527110;524249;521141;517756;514083
out/14;873692;862811;841096;814660;790792;771310;746552;725476;707669;690675;672532;662720;663744;669593;677597;690613;700407;703905;705811;704925;699672;694335;690751;685540;679525;672798;665459;657758;649913;642016;634149;626358;618631;611010;603514;596170;588970;582000;575365;569094;563163;557600;552499;547920;543847;540225;537009;534096;531364;528720;526085
15-19;887837;886928;885779;883116;877115;866713;855998;834464;808219;784538;765231;740659;719738;702080;685238;667245;657569;658703;664657;672757;685854;695724;699291;701257;700417;695200;689897;686338;681155;675171;668472;661159;653486;645665;637795;629948;622179;614475;606876;599401;592071;584888;577936;571320;565062;559146;553593;548504;543939;539879;536265
20-24;882939;878217;876495;876867;877588;877443;876758;875828;873382;867605;857443;846967;825698;799735;776318;757255;732937;712251;694806;678174;660389;650886;652130;658155;666301;679410;689294;692891;694885;694085;688916;683661;680143;675003;669058;662403;655132;647500;639716;631882;624075;616341;608672;601102;593659;586360;579205;572279;565690;559455;553563
25-29;906352;905575;897866;886104;875046;867679;863295;861886;862556;863567;863706;863302;862655;860488;855000;845139;834964;814030;788412;765322;746565;722547;702098;684843;668357;650694;641273;642557;648610;656773;669886;679781;683406;685428;684668;679548;674337;670854;665762;659860;653246;646014;638422;630677;622882;615111;607417;599785;592247;584838;577569
30-34;819460;835222;852975;870104;882790;888755;888342;881035;869690;859032;852038;848007;846929;847909;849227;849668;849562;849208;847333;842150;832607;822728;802097;776750;753877;735279;711411;691093;673948;657573;640018;630674;632002;638078;646257;659368;669275;672924;674972;674246;669171;664007;660561;655510;649650;643074;635887;628333;620628;612869;605138
35-39;755415;758986;766380;777056;790046;804478;820451;838398;855723;868631;874866;874753;867786;856801;846491;839818;836082;835276;836513;838070;838752;838873;838722;837030;832016;822619;812868;792398;767228;744520;726067;702361;682176;665148;648886;631444;622181;623546;629641;637833;650935;660841;664510;666586;665891;660868;655747;652340;647328;641512;634975
40-44;770872;762030;753321;746028;741837;741792;745653;753285;764161;777333;791926;808047;826119;843572;856637;863077;863211;856541;845882;835891;829501;826016;825410;826808;828501;829303;829531;829485;827901;823004;813745;804133;783853;758894;736378;718101;694588;674565;657674;641546;624246;615082;616489;622594;630789;643867;653759;657440;659536;658873;653908
45-49;783312;783374;778986;771420;762673;754186;745871;737669;730846;727062;727364;731505;739358;750406;763717;778424;794643;812783;830306;843483;850102;850470;844087;833745;824045;817893;814595;814143;815664;817466;818381;818725;818788;817322;812567;803474;794035;774003;749325;727072;709021;685776;665968;649261;633311;616205;607174;608626;614735;622916;635939
50-54;702846;718211;733275;746689;756438;761400;761945;758131;751191;743078;735190;727445;719788;713469;710118;710769;715174;723222;734394;747788;762554;778795;796920;814409;827599;834309;834850;828740;818729;809355;803465;800381;800090;801731;803646;804679;805145;805327;803990;799398;790517;781291;761581;737279;715379;697635;674754;655242;638782;623079;606241
55-59;592586;610249;627358;643977;660258;676169;691621;706776;720334;730321;735652;736685;733475;727218;719803;712575;705461;698402;692629;689736;690736;695391;703573;714785;728148;742844;758974;776936;794267;807375;814134;814844;809052;799452;790470;784902;782067;781954;783723;785747;786902;787496;787805;786615;782212;773586;764630;745363;721585;700182;682867
60-64;471409;490131;508303;526055;543703;561387;578828;595758;612222;628375;644179;659549;674637;688192;698303;703930;705418;702825;697292;690625;684113;677676;671260;666056;663622;664928;669749;677957;689081;702277;716762;732631;750259;767260;780155;786881;787748;782320;773215;764720;759530;756978;757054;758932;761050;762315;763029;763456;762415;758237;749942
65-69;348326;362993;379910;398317;417056;435430;453482;471051;488261;505396;522572;539533;556033;572100;587889;603357;618426;633231;646581;656663;662492;664409;662469;657749;651926;646210;640533;634851;630295;628368;629989;634938;643080;653975;666832;680920;696317;713380;729819;742317;748904;749900;744915;736445;728575;723858;721648;721924;723895;726081;727447
70-74;265666;272745;279769;287489;296960;308725;322528;338365;355550;373055;390263;407210;423760;440024;456238;472508;488595;504274;519572;534631;549411;563831;578010;590839;600644;606515;608785;607525;603717;598867;594088;589312;584499;580707;579349;581271;586265;594177;604614;616864;630258;644856;660978;676491;688294;694569;695647;691199;683552;676496;672381
75-79;189673;195267;201336;207728;214214;220736;227352;233960;241187;249929;260635;273092;287295;302658;318320;333755;348996;363947;378689;393416;408204;422843;437147;451131;464923;478482;491734;504780;516626;525787;531459;533960;533380;530568;526822;523108;519359;515547;512621;511857;514019;518894;526320;535950;547188;559442;572763;587412;601471;612160;617874
80-84;120718;124903;129086;133358;137792;142433;147358;152674;158256;163915;169594;175369;181178;187509;195071;204193;214724;226648;239508;252626;265588;278437;291095;303629;316179;328788;341298;353551;365563;377439;389145;400607;411909;422209;430266;435412;437952;437987;436212;433655;431085;428455;425732;423741;423562;425840;430357;436952;445345;455069;465646
85-89;56755;61962;66391;70294;73852;77198;80482;83821;87251;90792;94466;98342;102521;106906;111337;115787;120323;124926;129936;135848;142886;150934;159988;169717;179642;189485;199279;208988;218647;228353;238113;247824;257362;266742;276044;285246;294279;303203;311358;317811;322059;324374;324870;324046;322633;321176;319645;318011;316926;317229;319418
90+;27218;28900;31668;35053;38712;42401;46178;50122;54126;58107;61998;65928;70008;74194;78449;82730;87160;91868;96759;101714;106691;111809;117136;122828;129118;136098;143752;152102;161024;170361;180006;189984;200303;210918;221795;232870;244100;255411;266797;278297;289858;301404;312937;324008;334043;342724;350243;356730;362246;366900;370819
Homens;;;;;;;;;;;;;;;;;;;;;;;;;;;;;;;;;;;;;;;;;;;;;;;;;;;
Faixa/Ano;2010;2011;2012;2013;2014;2015;2016;2017;2018;2019;2020;2021;2022;2023;2024;2025;2026;2027;2028;2029;2030;2031;2032;2033;2034;2035;2036;2037;2038;2039;2040;2041;2042;2043;2044;2045;2046;2047;2048;2049;2050;2051;2052;2053;2054;2055;2056;2057;2058;2059;2060
Total;5317544;5340181;5364226;5388825;5414110;5440822;5466673;5490567;5514083;5536738;5558470;5579188;5598737;5616964;5633801;5649221;5663195;5675682;5686648;5696085;5704008;5710353;5715041;5718060;5719419;5719149;5717268;5713813;5708837;5702387;5694515;5685272;5674756;5663086;5650320;5636492;5621637;5605809;5589080;5571470;5552961;5533550;5513259;5492105;5470084;5447187;5423413;5398785;5373322;5347021;5319871
0-4;349337;344237;344689;347615;351644;358235;363170;364876;365767;365227;362450;359638;357730;355000;351860;348362;344567;340588;336542;332480;328440;324436;320469;316556;312711;308938;305244;301669;298264;295045;292001;289146;286526;284177;282088;280230;278578;277081;275677;274320;272965;271576;270108;268515;266779;264898;262871;260703;258408;256005;253526
05/set;397419;384714;373895;364753;356028;346717;341674;342172;345141;349212;355842;360820;362575;363513;363024;360299;357535;355674;352989;349897;346449;342696;338752;334735;330691;326665;322673;318717;314816;310980;307218;303533;299965;296568;293358;290320;287472;284859;282514;280431;278579;276930;275437;274037;272683;271334;269948;268485;266896;265165;263285
out/14;444691;439852;429321;416233;404343;394597;381960;371203;362121;353453;344200;339208;339755;342767;346879;353549;358568;360368;361352;360908;358227;355506;353680;351020;347950;344518;340768;336833;332827;328788;324769;320786;316835;312939;309107;305353;301671;298107;294716;291510;288475;285634;283026;280682;278601;276749;275105;273617;272219;270867;269521
15-19;448518;448529;448553;447897;445550;440919;436177;425757;412786;401011;391373;378850;368187;359193;350614;341450;336538;337144;340211;344375;351084;356139;357975;358990;358572;355915;353220;351412;348774;345728;342315;338583;334669;330680;326660;322655;318690;314756;310875;307058;303317;299645;296094;292718;289519;286495;283663;281063;278729;276658;274812
20-24;443785;441635;440920;441242;441827;442125;442286;442454;441940;439741;435267;430685;420446;407667;396072;386599;374252;363745;354892;346449;337422;332622;333297;336408;340600;347316;352381;354240;355277;354892;352275;349618;347842;345237;342221;338844;335144;331263;327303;323314;319340;315403;311496;307638;303846;300130;296480;292951;289596;286415;283410
25-29;451658;451929;448699;443384;438324;434986;433050;432531;433037;433799;434270;434602;434940;434593;432571;428283;423884;413859;401302;389914;380633;368474;358124;349400;341062;332128;327391;328099;331230;335436;342154;347228;349110;350171;349816;347238;344615;342869;340303;337318;333973;330304;326454;322525;318568;314620;310716;306838;303008;299242;295548
30-34;404390;412429;421698;430837;437840;441516;442010;439028;433975;429164;426057;424334;424015;424705;425649;426299;426807;427316;427138;425296;421197;416977;407137;394754;383510;374338;362293;352040;343400;335142;326288;321607;322346;325493;329711;336426;341510;343409;344489;344161;341617;339028;337309;334773;331818;328503;324865;321044;317144;313216;309297
35-39;371100;372985;376527;381576;387856;395056;403225;412611;421867;429006;432849;433534;430770;425947;421359;418457;416922;416773;417624;418719;419520;420166;420804;420743;419011;415009;410875;401147;388886;377755;368683;356750;346588;338028;329848;321073;316448;317213;320374;324599;331308;336391;338304;339403;339098;336588;334030;332337;329829;326902;323615
40-44;374187;370191;366460;363515;362010;362355;364431;368133;373315;379716;387020;395285;404749;414085;421322;425297;426137;423566;418953;414571;411851;410479;410460;411417;412601;413483;414199;414907;414915;413260;409347;405303;395699;383577;372575;363618;351814;341760;333291;325200;316519;311961;312753;315923;320151;326845;331917;333840;334952;334668;332197
45-49;377955;377772;375464;371695;367495;363591;359938;356533;353891;352646;353216;355474;359325;364623;371121;378500;386829;396334;405712;413018;417101;418089;415700;411291;407099;404533;403284;403367;404408;405664;406623;407413;408188;408272;406705;402898;398964;389520;377578;366746;357935;346302;336389;328040;320066;311513;307043;307865;311038;315258;321917
50-54;337186;344358;351363;357571;362041;364260;364399;362472;359112;355324;351806;348516;345456;343132;342157;342949;345379;349356;354739;361292;368711;377051;386543;395894;403203;407341;408438;406223;402024;398039;395639;394530;394717;395837;397166;398201;399066;399912;400075;398609;394931;391130;381887;370183;359573;350956;339556;329834;321645;313831;305450
55-59;281179;289466;297527;305373;313052;320527;327768;334845;341160;345793;348258;348717;347179;344258;340917;337817;334920;332229;330236;329538;330544;333129;337193;342608;349146;356523;364792;374175;383416;390662;394820;396013;393992;390044;386301;384099;383146;383444;384644;386040;387148;388086;389004;389248;387891;384366;380724;371752;360374;350077;341733
60-64;220076;228804;237252;245496;253699;261940;270091;278041;285792;293395;300806;308000;315039;321356;326072;328725;329472;328320;325850;322970;320302;317812;315502;313841;313411;314592;317273;321351;326711;333143;340383;348475;357630;366640;373726;377837;379103;377290;373636;370183;368206;367422;367830;369089;370535;371697;372696;373668;373984;372748;369412
65-69;157991;164935;172857;181412;190081;198562;206880;214962;222877;230766;238699;246555;254239;261743;269119;276323;283329;290196;296389;301088;303863;304866;304105;302123;299741;297540;295487;293589;292284;292127;293469;296206;300231;305446;311664;318644;326420;335191;343814;350613;354600;355910;354334;351039;347939;346228;345632;346146;347448;348916;350119
70-74;114454;117979;121446;125200;129725;135254;141654;148915;156733;164665;172449;180109;187584;194937;202276;209666;216997;224186;231221;238150;244934;251543;258033;263911;268439;271228;272426;272049;270583;268746;267061;265492;264048;263128;263244;264712;267435;271300;276225;282064;288600;295855;304005;312007;318321;322053;323348;322035;319180;316520;315129
75-79;74947;77726;80799;84041;87278;90453;93627;96776;100175;104217;109082;114666;120961;127719;134586;141343;148016;154562;161028;167499;174019;180498;186870;193120;199289;205341;211249;217062;222350;226477;229114;230400;230363;229408;228134;226976;225902;224922;224384;224732;226244;228821;232357;236782;241993;247812;254252;261452;268500;274057;277355
80-84;43187;44967;46764;48627;50602;52711;54988;57496;60136;62776;65369;67974;70585;73398;76709;80639;85115;90133;95507;100972;106363;111708;116979;122211;127461;132753;138023;143220;148331;153389;158363;163230;168027;172408;175863;178135;179354;179555;179053;178304;177634;177020;176463;176256;176756;178182;180440;183429;187107;191409;196203
85-89;17975;19875;21521;22991;24343;25616;26874;28166;29512;30931;32438;34058;35841;37721;39595;41442;43308;45196;47235;49615;52410;55571;59095;62857;66682;70468;74234;77971;81699;85452;89236;93015;96751;100434;104090;107696;111232;114724;117920;120458;122160;123140;123442;123274;122941;122653;122398;122175;122195;122718;123903
90+;7509;7798;8471;9367;10372;11402;12471;13596;14746;15896;17019;18163;19361;20607;21899;23222;24620;26137;27728;29334;30938;32591;34323;36181;38240;40520;43018;45742;48642;51662;54757;57944;61229;64599;68043;71537;75073;78634;82209;85810;89410;92992;96567;99973;103006;105565;107729;109551;111070;112349;113439
Mulheres;;;;;;;;;;;;;;;;;;;;;;;;;;;;;;;;;;;;;;;;;;;;;;;;;;;
Faixa/Ano;2010;2011;2012;2013;2014;2015;2016;2017;2018;2019;2020;2021;2022;2023;2024;2025;2026;2027;2028;2029;2030;2031;2032;2033;2034;2035;2036;2037;2038;2039;2040;2041;2042;2043;2044;2045;2046;2047;2048;2049;2050;2051;2052;2053;2054;2055;2056;2057;2058;2059;2060
Total;5597251;5623136;5650222;5677702;5705707;5734955;5763274;5789626;5815522;5840501;5864503;5887442;5909169;5929541;5948484;5965960;5981947;5996413;6009311;6020617;6030336;6038403;6044725;6049282;6052067;6053097;6052376;6049916;6045766;6039957;6032527;6023519;6013021;6001147;5987944;5973445;5957683;5940720;5922628;5903428;5883125;5861734;5839288;5815820;5791352;5765907;5739518;5712234;5684096;5655130;5625346
0-4;333383;328463;328845;331598;335409;341671;346360;347970;348804;348273;345608;342908;341074;338455;335451;332101;328469;324668;320799;316918;313056;309231;305443;301707;298032;294431;290902;287485;284234;281159;278254;275528;273028;270785;268790;267015;265436;264006;262667;261369;260076;258751;257350;255828;254171;252377;250443;248375;246185;243895;241531
05/set;379580;367399;357025;348246;339864;330919;326049;326476;329269;333116;339418;344151;345805;346683;346197;343576;340919;339125;336549;333588;330282;326689;322918;319073;315212;311357;307543;303765;300036;296370;292774;289251;285839;282593;279526;276627;273905;271410;269170;267178;265406;263830;262403;261068;259776;258484;257162;255764;254245;252591;250798
out/14;429001;422959;411775;398427;386449;376713;364592;354273;345548;337222;328332;323512;323989;326826;330718;337064;341839;343537;344459;344017;341445;338829;337071;334520;331575;328280;324691;320925;317086;313228;309380;305572;301796;298071;294407;290817;287299;283893;280649;277584;274688;271966;269473;267238;265246;263476;261904;260479;259145;257853;256564
15-19;439319;438399;437226;435219;431565;425794;419821;408707;395433;383527;373858;361809;351551;342887;334624;325795;321031;321559;324446;328382;334770;339585;341316;342267;341845;339285;336677;334926;332381;329443;326157;322576;318817;314985;311135;307293;303489;299719;296001;292343;288754;285243;281842;278602;275543;272651;269930;267441;265210;263221;261453
20-24;439154;436582;435575;435625;435761;435318;434472;433374;431442;427864;422176;416282;405252;392068;380246;370656;358685;348506;339914;331725;322967;318264;318833;321747;325701;332094;336913;338651;339608;339193;336641;334043;332301;329766;326837;323559;319988;316237;312413;308568;304735;300938;297176;293464;289813;286230;282725;279328;276094;273040;270153
25-29;454694;453646;449167;442720;436722;432693;430245;429355;429519;429768;429436;428700;427715;425895;422429;416856;411080;400171;387110;375408;365932;354073;343974;335443;327295;318566;313882;314458;317380;321337;327732;332553;334296;335257;334852;332310;329722;327985;325459;322542;319273;315710;311968;308152;304314;300491;296701;292947;289239;285596;282021
30-34;415070;422793;431277;439267;444950;447239;446332;442007;435715;429868;425981;423673;422914;423204;423578;423369;422755;421892;420195;416854;411410;405751;394960;381996;370367;360941;349118;339053;330548;322431;313730;309067;309656;312585;316546;322942;327765;329515;330483;330085;327554;324979;323252;320737;317832;314571;311022;307289;303484;299653;295841
35-39;384315;386001;389853;395480;402190;409422;417226;425787;433856;439625;442017;441219;437016;430854;425132;421361;419160;418503;418889;419351;419232;418707;417918;416287;413005;407610;401993;391251;378342;366765;357384;345611;335588;327120;319038;310371;305733;306333;309267;313234;319627;324450;326206;327183;326793;324280;321717;320003;317499;314610;311360
40-44;396685;391839;386861;382513;379827;379437;381222;385152;390846;397617;404906;412762;421370;429487;435315;437780;437074;432975;426929;421320;417650;415537;414950;415391;415900;415820;415332;414578;412986;409744;404398;398830;388154;375317;363803;354483;342774;332805;324383;316346;307727;303121;303736;306671;310638;317022;321842;323600;324584;324205;321711
45-49;405357;405602;403522;399725;395178;390595;385933;381136;376955;374416;374148;376031;380033;385783;392596;399924;407814;416449;424594;430465;433001;432381;428387;422454;416946;413360;411311;410776;411256;411802;411758;411312;410600;409050;405862;400576;395071;384483;371747;360326;351086;339474;329579;321221;313245;304692;300131;300761;303697;307658;314022
50-54;365660;373853;381912;389118;394397;397140;397546;395659;392079;387754;383384;378929;374332;370337;367961;367820;369795;373866;379655;386496;393843;401744;410377;418515;424396;426968;426412;422517;416705;411316;407826;405851;405373;405894;406480;406478;406079;405415;403915;400789;395586;390161;379694;367096;355806;346679;335198;325408;317137;309248;300791
55-59;311407;320783;329831;338604;347206;355642;363853;371931;379174;384528;387394;387968;386296;382960;378886;374758;370541;366173;362393;360198;360192;362262;366380;372177;379002;386321;394182;402761;410851;416713;419314;418831;415060;409408;404169;400803;398921;398510;399079;399707;399754;399410;398801;397367;394321;389220;383906;373611;361211;350105;341134
60-64;251333;261327;271051;280559;290004;299447;308737;317717;326430;334980;343373;351549;359598;366836;372231;375205;375946;374505;371442;367655;363811;359864;355758;352215;350211;350336;352476;356606;362370;369134;376379;384156;392629;400620;406429;409044;408645;405030;399579;394537;391324;389556;389224;389843;390515;390618;390333;389788;388431;385489;380530
65-69;190335;198058;207053;216905;226975;236868;246602;256089;265384;274630;283873;292978;301794;310357;318770;327034;335097;343035;350192;355575;358629;359543;358364;355626;352185;348670;345046;341262;338011;336241;336520;338732;342849;348529;355168;362276;369897;378189;386005;391704;394304;393990;390581;385406;380636;377630;376016;375778;376447;377165;377328
70-74;151212;154766;158323;162289;167235;173471;180874;189450;198817;208390;217814;227101;236176;245087;253962;262842;271598;280088;288351;296481;304477;312288;319977;326928;332205;335287;336359;335476;333134;330121;327027;323820;320451;317579;316105;316559;318830;322877;328389;334800;341658;349001;356973;364484;369973;372516;372299;369164;364372;359976;357252
75-79;114726;117541;120537;123687;126936;130283;133725;137184;141012;145712;151553;158426;166334;174939;183734;192412;200980;209385;217661;225917;234185;242345;250277;258011;265634;273141;280485;287718;294276;299310;302345;303560;303017;301160;298688;296132;293457;290625;288237;287125;287775;290073;293963;299168;305195;311630;318511;325960;332971;338103;340519
80-84;77531;79936;82322;84731;87190;89722;92370;95178;98120;101139;104225;107395;110593;114111;118362;123554;129609;136515;144001;151654;159225;166729;174116;181418;188718;196035;203275;210331;217232;224050;230782;237377;243882;249801;254403;257277;258598;258432;257159;255351;253451;251435;249269;247485;246806;247658;249917;253523;258238;263660;269443
85-89;38780;42087;44870;47303;49509;51582;53608;55655;57739;59861;62028;64284;66680;69185;71742;74345;77015;79730;82701;86233;90476;95363;100893;106860;112960;119017;125045;131017;136948;142901;148877;154809;160611;166308;171954;177550;183047;188479;193438;197353;199899;201234;201428;200772;199692;198523;197247;195836;194731;194511;195515
90+;19709;21102;23197;25686;28340;30999;33707;36526;39380;42211;44979;47765;50647;53587;56550;59508;62540;65731;69031;72380;75753;79218;82813;86647;90878;95578;100734;106360;112382;118699;125249;132040;139074;146319;153752;161333;169027;176777;184588;192487;200448;208412;216370;224035;231037;237159;242514;247179;251176;254551;257380
Brasil;;;;;;;;;;;;;;;;;;;;;;;;;;;;;;;;;;;;;;;;;;;;;;;;;;;
Dados;;;;;;;;;;;;;;;;;;;;;;;;;;;;;;;;;;;;;;;;;;;;;;;;;;;
Ano;População total;Homens;Mulheres;Nascimentos;Óbitos;Taxa de Crescimento Geométrico;Taxa Bruta de Natalidade;Taxa Bruta de Mortalidade;Esperança de Vida ao Nascer;Esperança de Vida ao Nascer - Homens;Esperança de Vida ao Nascer - Mulheres;Taxa de Mortalidade Infantil;Taxa de Mortalidade Infantil - Homens;Taxa de Mortalidade Infantil - Mulheres;Taxa de Fecundidade Total;Razão de Dependência - Jovens 0 a 14 anos;Razão de Dependência - Idosos 65 ou mais anos;Razão de Dependência;Índice de Envelhecimento;;;;;;;;;;;;;;;;;;;;;;;;;;;;;;;;
2010;194890682;95513298;99377384;2939435;1240083;x;15.08;6.36;73.86;70.21;77.6;17.22;18.76;15.59;1.75;36.32;10.77;47.09;29.55;;;;;;;;;;;;;;;;;;;;;;;;;;;;;;;;
2011;196603732;96322635;100281097;2974525;1247751;0.88;15.13;6.35;74.2;70.57;77.91;16.43;17.86;14.92;1.76;35.37;10.99;46.36;30.99;;;;;;;;;;;;;;;;;;;;;;;;;;;;;;;;
2012;198314934;97132054;101182880;2953890;1258235;0.87;14.89;6.34;74.52;70.91;78.22;15.69;17.03;14.29;1.75;34.45;11.24;45.68;32.63;;;;;;;;;;;;;;;;;;;;;;;;;;;;;;;;
2013;200004188;97931331;102072857;2953178;1270306;0.85;14.77;6.35;74.84;71.25;78.51;15.02;16.27;13.7;1.74;33.56;11.51;45.07;34.2;;;;;;;;;;;;;;;;;;;;;;;;;;;;;;;;
2014;201717541;98744098;102973443;3028202;1284346;0.86;15.01;6.37;75.14;71.57;78.78;14.4;15.58;13.16;1.78;32.78;11.81;44.59;36.12;;;;;;;;;;;;;;;;;;;;;;;;;;;;;;;;
2015;203475683;99581002;103894681;3070979;1299541;0.87;15.09;6.39;75.44;71.88;79.05;13.82;14.93;12.65;1.8;32.15;12.13;44.29;37.67;;;;;;;;;;;;;;;;;;;;;;;;;;;;;;;;
2016;205156587;100379640;104776947;2901053;1314164;0.83;14.14;6.41;75.72;72.18;79.31;13.29;14.35;12.19;1.7;31.57;12.49;44.05;39.73;;;;;;;;;;;;;;;;;;;;;;;;;;;;;;;;
2017;206804741;101163599;105641142;3020743;1330811;0.8;14.61;6.44;75.99;72.46;79.56;12.81;13.8;11.75;1.78;31.11;12.87;43.98;41.2;;;;;;;;;;;;;;;;;;;;;;;;;;;;;;;;
2018;208494900;101971173;106523727;3003585;1349693;0.82;14.41;6.47;76.25;72.74;79.8;12.35;13.31;11.35;1.77;30.75;13.28;44.03;43.19;;;;;;;;;;;;;;;;;;;;;;;;;;;;;;;;
2019;210147125;102760295;107386830;2984414;1368954;0.79;14.2;6.51;76.5;73;80.03;11.94;12.85;10.98;1.77;30.42;13.72;44.14;45.02;;;;;;;;;;;;;;;;;;;;;;;;;;;;;;;;
2020;211755692;103527689;108228003;2963516;1389144;0.77;13.99;6.56;76.74;73.26;80.25;11.56;12.43;10.64;1.76;30.11;14.18;44.29;46.89;;;;;;;;;;;;;;;;;;;;;;;;;;;;;;;;
2021;213317639;104271843;109045796;2940629;1410602;0.74;13.79;6.61;76.97;73.5;80.46;11.2;12.04;10.32;1.76;29.83;14.67;44.5;49.51;;;;;;;;;;;;;;;;;;;;;;;;;;;;;;;;
2022;214828540;104990487;109838053;2913688;1433605;0.71;13.56;6.67;77.19;73.74;80.67;10.88;11.68;10.03;1.75;29.63;15.19;44.82;51.22;;;;;;;;;;;;;;;;;;;;;;;;;;;;;;;;
2023;216284269;105681529;110602740;2885501;1458023;0.68;13.34;6.74;77.4;73.96;80.86;10.58;11.36;9.75;1.75;29.43;15.74;45.17;53.2;;;;;;;;;;;;;;;;;;;;;;;;;;;;;;;;
2024;217684462;106345043;111339419;2856690;1483777;0.65;13.12;6.82;77.6;74.17;81.05;10.3;11.05;9.5;1.74;29.26;16.31;45.56;55.72;;;;;;;;;;;;;;;;;;;;;;;;;;;;;;;;
2025;219029093;106981304;112047789;2827039;1510693;0.62;12.91;6.9;77.8;74.38;81.22;10.04;10.77;9.27;1.74;29.11;16.9;46.01;58.29;;;;;;;;;;;;;;;;;;;;;;;;;;;;;;;;
2026;220316530;107589495;112727035;2797674;1539159;0.59;12.7;6.99;77.98;74.57;81.39;9.8;10.51;9.05;1.74;28.95;17.51;46.45;60.61;;;;;;;;;;;;;;;;;;;;;;;;;;;;;;;;
2027;221545234;108168830;113376404;2768000;1569117;0.56;12.49;7.08;78.16;74.76;81.56;9.58;10.27;8.85;1.73;28.77;18.14;46.9;62.76;;;;;;;;;;;;;;;;;;;;;;;;;;;;;;;;
2028;222713669;108718587;113995082;2738355;1600375;0.53;12.3;7.19;78.32;74.94;81.71;9.37;10.05;8.66;1.73;28.59;18.78;47.37;65.46;;;;;;;;;;;;;;;;;;;;;;;;;;;;;;;;
2029;223821305;109238514;114582791;2710134;1632845;0.5;12.11;7.3;78.49;75.11;81.86;9.18;9.84;8.49;1.72;28.36;19.42;47.79;68.23;;;;;;;;;;;;;;;;;;;;;;;;;;;;;;;;
2030;224868462;109728762;115139700;2683440;1666427;0.47;11.93;7.41;78.64;75.28;82;9.01;9.65;8.33;1.72;28.08;20.06;48.14;71.05;;;;;;;;;;;;;;;;;;;;;;;;;;;;;;;;
2031;225854415;110189007;115665408;2655850;1700970;0.44;11.76;7.53;78.78;75.43;82.14;8.85;9.48;8.18;1.72;27.84;20.71;48.55;74.33;;;;;;;;;;;;;;;;;;;;;;;;;;;;;;;;
2032;226777802;110618592;116159210;2628742;1736861;0.41;11.59;7.66;78.92;75.58;82.27;8.7;9.32;8.05;1.72;27.61;21.36;48.97;77.3;;;;;;;;;;;;;;;;;;;;;;;;;;;;;;;;
2033;227638581;111017537;116621044;2603540;1773877;0.38;11.44;7.79;79.05;75.72;82.39;8.57;9.18;7.92;1.71;27.32;22.01;49.33;80.33;;;;;;;;;;;;;;;;;;;;;;;;;;;;;;;;
2034;228437122;111386062;117051060;2579544;1812136;0.35;11.29;7.93;79.18;75.86;82.51;8.44;9.04;7.81;1.71;27.04;22.65;49.69;83.43;;;;;;;;;;;;;;;;;;;;;;;;;;;;;;;;
2035;229173685;111724392;117449293;2557147;1851454;0.32;11.16;8.08;79.3;75.99;82.62;8.32;8.92;7.7;1.71;26.76;23.28;50.04;87.08;;;;;;;;;;;;;;;;;;;;;;;;;;;;;;;;
2036;229847832;112032426;117815406;2534413;1891832;0.29;11.03;8.23;79.42;76.11;82.73;8.22;8.8;7.6;1.7;26.48;23.9;50.39;90.34;;;;;;;;;;;;;;;;;;;;;;;;;;;;;;;;
2037;230459062;112309958;118149104;2513030;1933167;0.27;10.9;8.39;79.53;76.23;82.83;8.12;8.69;7.51;1.7;26.22;24.52;50.74;93.68;;;;;;;;;;;;;;;;;;;;;;;;;;;;;;;;
2038;231007871;112557327;118450544;2493021;1975283;0.24;10.79;8.55;79.63;76.34;82.93;8.02;8.59;7.42;1.7;25.97;25.13;51.1;96.51;;;;;;;;;;;;;;;;;;;;;;;;;;;;;;;;
2039;231494650;112774820;118719830;2473758;2017958;0.21;10.69;8.72;79.73;76.45;83.02;7.93;8.49;7.34;1.7;25.74;25.77;51.52;100;;;;;;;;;;;;;;;;;;;;;;;;;;;;;;;;
2040;231919922;112962751;118957171;2455519;2060782;0.18;10.59;8.89;79.83;76.55;83.11;7.85;8.4;7.27;1.69;25.54;26.46;51.99;103.57;;;;;;;;;;;;;;;;;;;;;;;;;;;;;;;;
2041;232284233;113121438;119162795;2437785;2103915;0.16;10.49;9.06;79.92;76.65;83.2;7.77;8.32;7.2;1.69;25.35;27.18;52.53;107.23;;;;;;;;;;;;;;;;;;;;;;;;;;;;;;;;
2042;232588580;113251454;119337126;2422219;2147419;0.13;10.41;9.23;80;76.74;83.28;7.7;8.24;7.13;1.69;25.19;27.93;53.13;110.3;;;;;;;;;;;;;;;;;;;;;;;;;;;;;;;;
2043;232834065;113353443;119480622;2407325;2191168;0.11;10.34;9.41;80.09;76.83;83.36;7.63;8.16;7.06;1.69;25.06;28.73;53.78;114.72;;;;;;;;;;;;;;;;;;;;;;;;;;;;;;;;
2044;233020996;113427597;119593399;2392409;2234730;0.08;10.27;9.59;80.17;76.92;83.43;7.56;8.09;7;1.69;24.94;29.55;54.49;118.63;;;;;;;;;;;;;;;;;;;;;;;;;;;;;;;;
2045;233149625;113474061;119675564;2377677;2278119;0.06;10.2;9.77;80.24;77;83.5;7.5;8.02;6.95;1.68;24.85;30.4;55.25;122.5;;;;;;;;;;;;;;;;;;;;;;;;;;;;;;;;
2046;233220257;113493052;119727205;2363150;2321466;0.03;10.13;9.95;80.31;77.08;83.57;7.44;7.96;6.9;1.68;24.77;31.27;56.04;125.79;;;;;;;;;;;;;;;;;;;;;;;;;;;;;;;;
2047;233233670;113485011;119748659;2349527;2364398;0.01;10.07;10.14;80.38;77.16;83.63;7.39;7.9;6.84;1.68;24.72;32.17;56.89;129.75;;;;;;;;;;;;;;;;;;;;;;;;;;;;;;;;
2048;233190482;113450253;119740229;2335541;2407046;-0.02;10.02;10.32;80.45;77.23;83.7;7.33;7.84;6.8;1.68;24.68;33.08;57.76;134.62;;;;;;;;;;;;;;;;;;;;;;;;;;;;;;;;
2049;233090464;113388652;119701812;2320604;2449148;-0.04;9.96;10.51;80.51;77.3;83.75;7.29;7.79;6.75;1.68;24.66;33.99;58.64;138.06;;;;;;;;;;;;;;;;;;;;;;;;;;;;;;;;
2050;232933276;113300060;119633216;2304717;2490559;-0.07;9.89;10.69;80.57;77.37;83.81;7.24;7.74;6.71;1.68;24.64;34.88;59.52;142.21;;;;;;;;;;;;;;;;;;;;;;;;;;;;;;;;
2051;232719169;113184593;119534576;2288973;2531362;-0.09;9.84;10.88;80.63;77.43;83.86;7.2;7.69;6.67;1.67;24.63;35.76;60.38;144.81;;;;;;;;;;;;;;;;;;;;;;;;;;;;;;;;
2052;232448867;113042592;119406275;2273127;2571362;-0.12;9.78;11.06;80.68;77.49;83.91;7.16;7.65;6.64;1.67;24.62;36.62;61.24;148.37;;;;;;;;;;;;;;;;;;;;;;;;;;;;;;;;
2053;232122448;112874076;119248372;2255972;2610595;-0.14;9.72;11.25;80.74;77.55;83.96;7.12;7.61;6.6;1.67;24.62;37.45;62.07;151.97;;;;;;;;;;;;;;;;;;;;;;;;;;;;;;;;
2054;231739632;112678873;119060759;2237804;2648830;-0.16;9.66;11.43;80.78;77.61;84;7.08;7.57;6.57;1.67;24.62;38.26;62.89;155.63;;;;;;;;;;;;;;;;;;;;;;;;;;;;;;;;
2055;231300323;112456873;118843450;2218450;2686056;-0.19;9.59;11.61;80.83;77.66;84.04;7.05;7.54;6.54;1.67;24.63;39.05;63.68;159.33;;;;;;;;;;;;;;;;;;;;;;;;;;;;;;;;
2056;230805223;112208379;118596844;2199622;2722232;-0.21;9.53;11.79;80.88;77.71;84.08;7.02;7.5;6.51;1.67;24.63;39.81;64.43;161.33;;;;;;;;;;;;;;;;;;;;;;;;;;;;;;;;
2057;230255685;111934042;118321643;2180831;2757317;-0.24;9.47;11.98;80.92;77.76;84.12;6.99;7.47;6.48;1.66;24.62;40.52;65.15;164.43;;;;;;;;;;;;;;;;;;;;;;;;;;;;;;;;
2058;229652286;111634119;118018167;2161015;2791329;-0.26;9.41;12.15;80.96;77.81;84.16;6.96;7.44;6.46;1.66;24.62;41.22;65.84;168.24;;;;;;;;;;;;;;;;;;;;;;;;;;;;;;;;
2059;228995541;111308845;117686696;2141033;2824224;-0.29;9.35;12.33;81;77.86;84.19;6.94;7.41;6.44;1.66;24.61;41.91;66.53;170.27;;;;;;;;;;;;;;;;;;;;;;;;;;;;;;;;
2060;228286347;110958642;117327705;2120842;2856059;-0.31;9.29;12.51;81.04;77.9;84.23;6.91;7.39;6.42;1.66;24.61;42.62;67.23;173.47;;;;;;;;;;;;;;;;;;;;;;;;;;;;;;;;
Faixas etárias;;;;;;;;;;;;;;;;;;;;;;;;;;;;;;;;;;;;;;;;;;;;;;;;;;;
Total;;;;;;;;;;;;;;;;;;;;;;;;;;;;;;;;;;;;;;;;;;;;;;;;;;;
Faixa/Ano;2010;2011;2012;2013;2014;2015;2016;2017;2018;2019;2020;2021;2022;2023;2024;2025;2026;2027;2028;2029;2030;2031;2032;2033;2034;2035;2036;2037;2038;2039;2040;2041;2042;2043;2044;2045;2046;2047;2048;2049;2050;2051;2052;2053;2054;2055;2056;2057;2058;2059;2060
Total;194890682;196603732;198314934;200004188;201717541;203475683;205156587;206804741;208494900;210147125;211755692;213317639;214828540;216284269;217684462;219029093;220316530;221545234;222713669;223821305;224868462;225854415;226777802;227638581;228437122;229173685;229847832;230459062;231007871;231494650;231919922;232284233;232588580;232834065;233020996;233149625;233220257;233233670;233190482;233090464;232933276;232719169;232448867;232122448;231739632;231300323;230805223;230255685;229652286;228995541;228286347
0-4;14858280;14697433;14624301;14567170;14570070;14677159;14715112;14720776;14787557;14798332;14730311;14703281;14675523;14569055;14452355;14326234;14192256;14053426;13912226;13770272;13629815;13491399;13354905;13221642;13092489;12967369;12846604;12730937;12620549;12514918;12413588;12316709;12225086;12138798;12057106;11979238;11904624;11832490;11761709;11691308;11620256;11547982;11473958;11397201;11317212;11233863;11147191;11057520;10965028;10870292;10774218
05/set;15865195;15600504;15387507;15203145;15029641;14824271;14664918;14593299;14537829;14542132;14650311;14689394;14695773;14762671;14773628;14705941;14679311;14652033;14546208;14430226;14304778;14171490;14033278;13892710;13751331;13611405;13473529;13337523;13204728;13076037;12951361;12830995;12715703;12605672;12500387;12399373;12302790;12211456;12125433;12043993;11966376;11891973;11820071;11749531;11679356;11608504;11536459;11462615;11386046;11306224;11223031
out/14;17397304;17216843;16880174;16495325;16131984;15840860;15577214;15365237;15182024;15009676;14805478;14647164;14576191;14520972;14525347;14633526;14672711;14679300;14746432;14757724;14690423;14664114;14637176;14531700;14416109;14291049;14158125;14020272;13880038;13738984;13599376;13461829;13326122;13193611;13065182;12940762;12820626;12705545;12595720;12490655;12389855;12293466;12202305;12116445;12035156;11957694;11883455;11811703;11741278;11671246;11600532
15-19;17219086;17238401;17315601;17402809;17424089;17334096;17155615;16821630;16439846;16079464;15790863;15529387;15318916;15136923;14965724;14762869;14605891;14536019;14481942;14487286;14596110;14635967;14643187;14710785;14722659;14656163;14630405;14603997;14499263;14384409;14260078;14127872;13990752;13851207;13710840;13571863;13434947;13299846;13167907;13040010;12916108;12796510;12681921;12572557;12467934;12367551;12271531;12180736;12095228;12014265;11937109
20-24;17476779;17396868;17296030;17195219;17124785;17100769;17122881;17203520;17294780;17319853;17233266;17057794;16726717;16347561;15989803;15703800;15444924;15236871;15057313;14888503;14688175;14533531;14465563;14413260;14420025;14529708;14570602;14578856;14647162;14659931;14594614;14569782;14544238;14440723;14327061;14203946;14072906;13936948;13798559;13659314;13521425;13385549;13251456;13120499;12993545;12870528;12751775;12637977;12529386;12425516;12325847
25-29;17334110;17423848;17454135;17436877;17391346;17331851;17256322;17161679;17068593;17004904;16985866;17011218;17092427;17182193;17206153;17119972;16946247;16618500;16243415;15889766;15607291;15351552;15146240;14969263;14802897;14605190;14452983;14386955;14336521;14344709;14455193;14497153;14506501;14575436;14589082;14524961;14501063;14476422;14374170;14261783;14139942;14010163;13875462;13738287;13600246;13463536;13328803;13195813;13065893;12939931;12817887
30-34;15955949;16275019;16567575;16822855;17028854;17178656;17271648;17306947;17296659;17258318;17205416;17135646;17044190;16951251;16886952;16867543;16892885;16974395;17065211;17091062;17007393;16836728;16512899;16141856;15792033;15512843;15259983;15057188;14882572;14718488;14523256;14373318;14309113;14260407;14269902;14381026;14423898;14434174;14503630;14518027;14455019;14431957;14408126;14307058;14195853;14075191;13946610;13813084;13677088;13540196;13404578
35-39;14075108;14350827;14689558;15066579;15441748;15787821;16107943;16402815;16661965;16872342;17026545;17123723;17161844;17152616;17115112;17063584;16995707;16906691;16816670;16755274;16738294;16765601;16848588;16940702;16968189;16886844;16719129;16399166;16032170;15686230;15410325;15160396;14960090;14787787;14625966;14433207;14285523;14223058;14175984;14186704;14298311;14341981;14353071;14422945;14437977;14376076;14353778;14330671;14230768;14120755;14001307
40-44;13184170;13311309;13414041;13519509;13668343;13884283;14161178;14500831;14879035;15255513;15602974;15924417;16219710;16478229;16688213;16842846;16941312;16981681;16975459;16941357;16893256;16828804;16743240;16656520;16598022;16583446;16612647;16696902;16790065;16818996;16739962;16575282;16259556;15897111;15555535;15283397;15036761;14839171;14669407;14510049;14320041;14174828;14114206;14068807;14080737;14192649;14236987;14248844;14318948;14334584;14273861
45-49;11992439;12218181;12426314;12615601;12784211;12933598;13064058;13171048;13281287;13434076;13652504;13930420;14269004;14644402;15017933;15363171;15683089;15977567;16236139;16446903;16602926;16703462;16746553;16743579;16713006;16668492;16607681;16525845;16442743;16387431;16375387;16406437;16491724;16585608;16615819;16539189;16377988;16067408;15710668;15374594;15107158;14864721;14670479;14503796;14347422;14160785;14018586;13960052;13916591;13929788;14041783
50-54;10276773;10574366;10868062;11152415;11419933;11666086;11892707;12102371;12293932;12465329;12617804;12751592;12861867;12974530;13128538;13346782;13623237;13959030;14330885;14700984;15043388;15361008;15653779;15911350;16121912;16278600;16380728;16426408;16426757;16399939;16359306;16302574;16224958;16146006;16094242;16084875;16117711;16203642;16297801;16329111;16255195;16098244;15794311;15445094;15116301;14855005;14618039;14428117;14265353;14112793;13930535
55-59;8387564;8679820;8977656;9278724;9579705;9877881;10172542;10463716;10746091;11012111;11257277;11483368;11692613;11883880;12055490;12208751;12343963;12456465;12571436;12726473;12943766;13217366;13548288;13914012;14277951;14615019;14928011;15216929;15471607;15680383;15836527;15939411;15987269;15990939;15968053;15931630;15879345;15806522;15732281;15684468;15677945;15712380;15798347;15891980;15924009;15853162;15701406;15406171;15066946;14747850;14494713
60-64;6596741;6859058;7119004;7379912;7647936;7926230;8211893;8503042;8797470;9091910;9383728;9672175;9957156;10233460;10493988;10734491;10956693;11162776;11351609;11521660;11673982;11809015;11922324;12038067;12192258;12406090;12673729;12996043;13351492;13705082;14032901;14337648;14619346;14868106;15072540;15226101;15328313;15377469;15384059;15365094;15332980;15285499;15218052;15149158;15105746;15102049;15137666;15222586;15314436;15346470;15279016
65-69;4905988;5095516;5318713;5565313;5819304;6071240;6322755;6572590;6823731;7081680;7349244;7623733;7903288;8185834;8468411;8748627;9025766;9299757;9565627;9816554;10048512;10263166;10462649;10645868;10811283;10959940;11092321;11204363;11318835;11469648;11676652;11934133;12242752;12582173;12919685;13232909;13524376;13794222;14032965;14229585;14377822;14477368;14526754;14535915;14520894;14493445;14451348;14390212;14327671;14289289;14288480
70-74;3792042;3889352;3974955;4063519;4175947;4323465;4501441;4709484;4938529;5174388;5408663;5642901;5876091;6110754;6351769;6601500;6857600;7118354;7381902;7645534;7907040;8165785;8421765;8670307;8905063;9122289;9323635;9511104;9683679;9839876;9980630;10106571;10214158;10324288;10467931;10663049;10904126;11191369;11506226;11819031;12109555;12380193;12631212;12853724;13037277;13176002;13269879;13317776;13328895;13317878;13295484
75-79;2597990;2688798;2797237;2913384;3023576;3121818;3211601;3292375;3376250;3480536;3614389;3774018;3959070;4161906;4370673;4578361;4786387;4994114;5203523;5418622;5641260;5869405;6101656;6336314;6571128;6804078;7034690;7263005;7484798;7694408;7888458;8068562;8236631;8391702;8532383;8659541;8773851;8872509;8973811;9104799;9280868;9496727;9752138;10030863;10307408;10564467;10804204;11027068;11224976;11388373;11511971
80-84;1689444;1727063;1764898;1807817;1861166;1926871;2004365;2095235;2191860;2283815;2366558;2443191;2513706;2587330;2677251;2790280;2923509;3076687;3243763;3415649;3586931;3758879;3931160;4105249;4284098;4468984;4658301;4850986;5045614;5240341;5433588;5624985;5814637;5998934;6173117;6334346;6484201;6624391;6754088;6872004;6978835;7075422;7159683;7246694;7358416;7506972;7687508;7899218;8128899;8356311;8567809
85-89;830529;901360;954570;996763;1032554;1065148;1097017;1129489;1165517;1208442;1259330;1318006;1385731;1457236;1525459;1587405;1645581;1700356;1758056;1827478;1913020;2012666;2126181;2249361;2375978;2502391;2629690;2757777;2887609;3021064;3158814;3299768;3443164;3587930;3732788;3876586;4019065;4160416;4297807;4427602;4547659;4659375;4764254;4861528;4950167;5030651;5103867;5168499;5235780;5321722;5434778
90+;455191;459166;484603;521252;562349;603580;645377;688657;731945;774304;815165;856211;898723;943466;991663;1043410;1099461;1161212;1225853;1289978;1352102;1414477;1478371;1546036;1620691;1703785;1795039;1894806;2001669;2113776;2229906;2350808;2476780;2607627;2743377;2883626;3028143;3176612;3328257;3482333;3637926;3794831;3953061;4110366;4263976;4412193;4556131;4697023;4833076;4962058;5083408
Homens;;;;;;;;;;;;;;;;;;;;;;;;;;;;;;;;;;;;;;;;;;;;;;;;;;;
Faixa/Ano;2010;2011;2012;2013;2014;2015;2016;2017;2018;2019;2020;2021;2022;2023;2024;2025;2026;2027;2028;2029;2030;2031;2032;2033;2034;2035;2036;2037;2038;2039;2040;2041;2042;2043;2044;2045;2046;2047;2048;2049;2050;2051;2052;2053;2054;2055;2056;2057;2058;2059;2060
Total;95513298;96322635;97132054;97931331;98744098;99581002;100379640;101163599;101971173;102760295;103527689;104271843;104990487;105681529;106345043;106981304;107589495;108168830;108718587;109238514;109728762;110189007;110618592;111017537;111386062;111724392;112032426;112309958;112557327;112774820;112962751;113121438;113251454;113353443;113427597;113474061;113493052;113485011;113450253;113388652;113300060;113184593;113042592;112874076;112678873;112456873;112208379;111934042;111634119;111308845;110958642
0-4;7594516;7513761;7477567;7449337;7451690;7507226;7527223;7530642;7565301;7571223;7536789;7523299;7509386;7455164;7395678;7331364;7263006;7192133;7120032;7047528;6975778;6905062;6835307;6767195;6701192;6637231;6575502;6516373;6459937;6405936;6354123;6304598;6257751;6213632;6171861;6132043;6093885;6056997;6020798;5984802;5948471;5911502;5873639;5834370;5793447;5750809;5706456;5660575;5613249;5564770;5515605
05/set;8094637;7962532;7856445;7764679;7678145;7574960;7495049;7459700;7432381;7435509;7491634;7512252;7516076;7550810;7556858;7522618;7509351;7495730;7441882;7382807;7318878;7250909;7180401;7108665;7036481;6965042;6894634;6825161;6757331;6691592;6627900;6566392;6507477;6451252;6397457;6345822;6296474;6249795;6205831;6164206;6124537;6086502;6049752;6013699;5977830;5941609;5904776;5867020;5827860;5787041;5744493
out/14;8842587;8760868;8596730;8405865;8224795;8080135;7948620;7843086;7751948;7666040;7563501;7484190;7449226;7422072;7425264;7481411;7502112;7506047;7540921;7547162;7513141;7500066;7486634;7433002;7374143;7310452;7242697;7172400;7100861;7028875;6957623;6887413;6818125;6750468;6684877;6621345;6559981;6501187;6445082;6391415;6339911;6290699;6244133;6200276;6158737;6119162;6081226;6044568;6008592;5972801;5936671
15-19;8673836;8693267;8745322;8804210;8829069;8795446;8715095;8552810;8364062;8185062;8042202;7912260;7807878;7717747;7632793;7531320;7453057;7418949;7392651;7396587;7453221;7474403;7478801;7514010;7520683;7487251;7474592;7461547;7408463;7350163;7287028;7219811;7150062;7079046;7007575;6936806;6867067;6798239;6731019;6665837;6602699;6541729;6483312;6427561;6374235;6323041;6274127;6227836;6184244;6142973;6103630
20-24;8746116;8711375;8663577;8614902;8583358;8578611;8600164;8654720;8716490;8744065;8712945;8634909;8475014;8288587;8111918;7971317;7843582;7741213;7653070;7570037;7470597;7394220;7361652;7336794;7341891;7399228;7421254;7426487;7462264;7469669;7437195;7425286;7412946;7360848;7303529;7241380;7175120;7106330;7036251;6965698;6895815;6826928;6758931;6692510;6628106;6565701;6505416;6447653;6392537;6339825;6289218
25-29;8574606;8629711;8657414;8662143;8651184;8630266;8598875;8555561;8512314;8485534;8484394;8508378;8563553;8624538;8651626;8621118;8544666;8387530;8204388;8031009;7893232;7767999;7667829;7581750;7500675;7403356;7328943;7297950;7274594;7280847;7338836;7361712;7367822;7404119;7412226;7380713;7369573;7357978;7306911;7250628;7189512;7124285;7056509;6987423;6917849;6848930;6780967;6713878;6648312;6584723;6523112
30-34;7821287;7982363;8131551;8263753;8373348;8457008;8514439;8545686;8555280;8549320;8532944;8505514;8464499;8421615;8394693;8393527;8417664;8473141;8534872;8563312;8534665;8460519;8306365;8126302;7955838;7820545;7697488;7599240;7514973;7435649;7340229;7267552;7237960;7215936;7223197;7281677;7305262;7312099;7348805;7357492;7326843;7316343;7305373;7255224;7199860;7139664;7075362;7008494;6940318;6871646;6803583
35-39;6857527;6990523;7155946;7341635;7527745;7700900;7862666;8013399;8148183;8260741;8347421;8407755;8440996;8451369;8446055;8430688;8404634;8365378;8324589;8299702;8300209;8325674;8382118;8444696;8474256;8447253;8375224;8223858;8046719;7879049;7746136;7625181;7528741;7446144;7368454;7274845;7203808;7175501;7154681;7162834;7221685;7245877;7253323;7290325;7299496;7269639;7259722;7249292;7200007;7145508;7086207
40-44;6405478;6465519;6511227;6557089;6624863;6727359;6861189;7027271;7213769;7400750;7574836;7737477;7888496;8022898;8135221;8222214;8283430;8318165;8330545;8327522;8314471;8290745;8253830;8215289;8192354;8194452;8221147;8278370;8341585;8372088;8346626;8276663;8128189;7954176;7789503;7659150;7540448;7445888;7365050;7289066;7197348;7128025;7100999;7081359;7090362;7149455;7174123;7182135;7219317;7228927;7199896
45-49;5768516;5880219;5985481;6082367;6167931;6241647;6303978;6352579;6401687;6472175;6576419;6711034;6876531;7061277;7246407;7419108;7580798;7731316;7865760;7978594;8066468;8128987;8165432;8179855;8179060;8168292;8146911;8112423;8076237;8055349;8059034;8086849;8144623;8208179;8239414;8215443;8147699;8002569;7832277;7671186;7543900;7427925;7335566;7256745;7182722;7093220;7025894;7000246;6981909;6991754;7050917
50-54;4900002;5040349;5178764;5313246;5441195;5561009;5673316;5779573;5877917;5965268;6041008;6105571;6156429;6207294;6278778;6383077;6516900;6680739;6863310;7046315;7217244;7377487;7526925;7660698;7773367;7861606;7925036;7962995;7979372;7980824;7972437;7953589;7921753;7888179;7869486;7874764;7903569;7961564;8025093;8056849;8034455;7969304;7828334;7662799;7506320;7382926;7270417;7180814;7104474;7032873;6946162
55-59;3954821;4089187;4227766;4368987;4510555;4650762;4789417;4926386;5059761;5186871;5306101;5418069;5523994;5622071;5709488;5785731;5851268;5903677;5956190;6028485;6132308;6264412;6425224;6603964;6783080;6950611;7107892;7254823;7386666;7498065;7585774;7649457;7688505;7706661;7710316;7704363;7688149;7659220;7628530;7612199;7619074;7648657;7706356;7769208;7801082;7780353;7718248;7582612;7423293;7272866;7154556
60-64;3081961;3198692;3313737;3429277;3548963;3674713;3805186;3939707;4076794;4214303;4350563;4485379;4618536;4748149;4871821;4988027;5097383;5201061;5297302;5383487;5458969;5524298;5577221;5630273;5702081;5803746;5932098;6087478;6259725;6432268;6593867;6745779;6887959;7015825;7124175;7209866;7272652;7311982;7331395;7336975;7333300;7319725;7293901;7266311;7252466;7260725;7290580;7347073;7408221;7439552;7420473
65-69;2253998;2339108;2439108;2549140;2661907;2773210;2883883;2993314;3103440;3217426;3337000;3460918;3588535;3718492;3848844;3978090;4106032;4232502;4355732;4473440;4584216;4688647;4787847;4880176;4963105;5036045;5099560;5151653;5203924;5273663;5371091;5493166;5640066;5802391;5964930;6117373;6260872;6395434;6516731;6619770;6701600;6762068;6800700;6820803;6827971;6826458;6815605;6793193;6769102;6757874;6767303
70-74;1689818;1732563;1770303;1809593;1859518;1924795;2003224;2094581;2194687;2297297;2398778;2499910;2600243;2701380;2806006;2915566;3028989;3145702;3264515;3383680;3501868;3618911;3734717;3847628;3955595;4057304;4153367;4244811;4330120;4406952;4474742;4534111;4583407;4633065;4698510;4788775;4900975;5035044;5182591;5330211;5468808;5599462;5722265;5833225;5927673;6002895;6058911;6095418;6115370;6123684;6124121
75-79;1105206;1144121;1190922;1240998;1288273;1330216;1368574;1403314;1439622;1484658;1542105;1610235;1688895;1774682;1862608;1949716;2036732;2123408;2210961;2301516;2396166;2494028;2594665;2697044;2799720;2901547;3002440;3102353;3199832;3293112;3381052;3464237;3543625;3617852;3684841;3744109;3796312;3840217;3884676;3942722;4021823;4119269;4234768;4361237;4487603;4606394;4718561;4824282;4920042;5001664;5066803
80-84;677628;692280;707304;724631;746369;773094;804695;841980;881564;919059;952619;983758;1012641;1042996;1079956;1126100;1180178;1242110;1309326;1378193;1446541;1514999;1583484;1652852;1724591;1799420;1876683;1956079;2036796;2117674;2197885;2277383;2356175;2433074;2506675;2576080;2641835;2704769;2763770;2817079;2864310;2906165;2941812;2978203;3025436;3089091;3166772;3257946;3357133;3456065;3549148
85-89;314944;340306;359247;374268;387076;398787;410381;422377;435871;452078;471252;493422;519178;546326;572074;595279;617114;637836;659812;686235;718616;756161;798785;844827;891952;938795;985869;1033177;1081264;1131002;1182750;1236101;1290875;1346482;1402163;1457337;1512013;1566262;1619219;1669886;1717634;1762927;1806456;1847353;1884307;1917047;1946213;1971377;1997388;2031094;2076107
90+;155814;155891;163643;175211;188114;200858;213666;226913;240102;252916;265178;277513;290381;304062;318955;335033;352599;372193;392729;412903;432174;451480;471355;492517;515998;542216;571089;602780;636664;672043;708423;746158;785393;826114;868408;912170;957358;1003936;1051543;1099797;1148335;1197201;1246463;1295445;1343371;1389754;1435003;1479630;1522751;1563205;1600637
Mulheres;;;;;;;;;;;;;;;;;;;;;;;;;;;;;;;;;;;;;;;;;;;;;;;;;;;
Faixa/Ano;2010;2011;2012;2013;2014;2015;2016;2017;2018;2019;2020;2021;2022;2023;2024;2025;2026;2027;2028;2029;2030;2031;2032;2033;2034;2035;2036;2037;2038;2039;2040;2041;2042;2043;2044;2045;2046;2047;2048;2049;2050;2051;2052;2053;2054;2055;2056;2057;2058;2059;2060
Total;99377384;100281097;101182880;102072857;102973443;103894681;104776947;105641142;106523727;107386830;108228003;109045796;109838053;110602740;111339419;112047789;112727035;113376404;113995082;114582791;115139700;115665408;116159210;116621044;117051060;117449293;117815406;118149104;118450544;118719830;118957171;119162795;119337126;119480622;119593399;119675564;119727205;119748659;119740229;119701812;119633216;119534576;119406275;119248372;119060759;118843450;118596844;118321643;118018167;117686696;117327705
0-4;7263764;7183672;7146734;7117833;7118380;7169933;7187889;7190134;7222256;7227109;7193522;7179982;7166137;7113891;7056677;6994870;6929250;6861293;6792194;6722744;6654037;6586337;6519598;6454447;6391297;6330138;6271102;6214564;6160612;6108982;6059465;6012111;5967335;5925166;5885245;5847195;5810739;5775493;5740911;5706506;5671785;5636480;5600319;5562831;5523765;5483054;5440735;5396945;5351779;5305522;5258613
05/set;7770558;7637972;7531062;7438466;7351496;7249311;7169869;7133599;7105448;7106623;7158677;7177142;7179697;7211861;7216770;7183323;7169960;7156303;7104326;7047419;6985900;6920581;6852877;6784045;6714850;6646363;6578895;6512362;6447397;6384445;6323461;6264603;6208226;6154420;6102930;6053551;6006316;5961661;5919602;5879787;5841839;5805471;5770319;5735832;5701526;5666895;5631683;5595595;5558186;5519183;5478538
out/14;8554717;8455975;8283444;8089460;7907189;7760725;7628594;7522151;7430076;7343636;7241977;7162974;7126965;7098900;7100083;7152115;7170599;7173253;7205511;7210562;7177282;7164048;7150542;7098698;7041966;6980597;6915428;6847872;6779177;6710109;6641753;6574416;6507997;6443143;6380305;6319417;6260645;6204358;6150638;6099240;6049944;6002767;5958172;5916169;5876419;5838532;5802229;5767135;5732686;5698445;5663861
15-19;8545250;8545134;8570279;8598599;8595020;8538650;8440520;8268820;8075784;7894402;7748661;7617127;7511038;7419176;7332931;7231549;7152834;7117070;7089291;7090699;7142889;7161564;7164386;7196775;7201976;7168912;7155813;7142450;7090800;7034246;6973050;6908061;6840690;6772161;6703265;6635057;6567880;6501607;6436888;6374173;6313409;6254781;6198609;6144996;6093699;6044510;5997404;5952900;5910984;5871292;5833479
20-24;8730663;8685493;8632453;8580317;8541427;8522158;8522717;8548800;8578290;8575788;8520321;8422885;8251703;8058974;7877885;7732483;7601342;7495658;7404243;7318466;7217578;7139311;7103911;7076466;7078134;7130480;7149348;7152369;7184898;7190262;7157419;7144496;7131292;7079875;7023532;6962566;6897786;6830618;6762308;6693616;6625610;6558621;6492525;6427989;6365439;6304827;6246359;6190324;6136849;6085691;6036629
25-29;8759504;8794137;8796721;8774734;8740162;8701585;8657447;8606118;8556279;8519370;8501472;8502840;8528874;8557655;8554527;8498854;8401581;8230970;8039027;7858757;7714059;7583553;7478411;7387513;7302222;7201834;7124040;7089005;7061927;7063862;7116357;7135441;7138679;7171317;7176856;7144248;7131490;7118444;7067259;7011155;6950430;6885878;6818953;6750864;6682397;6614606;6547836;6481935;6417581;6355208;6294775
30-34;8134662;8292656;8436024;8559102;8655506;8721648;8757209;8761261;8741379;8708998;8672472;8630132;8579691;8529636;8492259;8474016;8475221;8501254;8530339;8527750;8472728;8376209;8206534;8015554;7836195;7692298;7562495;7457948;7367599;7282839;7183027;7105766;7071153;7044471;7046705;7099349;7118636;7122075;7154825;7160535;7128176;7115614;7102753;7051834;6995993;6935527;6871248;6804590;6736770;6668550;6600995
35-39;7217581;7360304;7533612;7724944;7914003;8086921;8245277;8389416;8513782;8611601;8679124;8715968;8720848;8701247;8669057;8632896;8591073;8541313;8492081;8455572;8438085;8439927;8466470;8496006;8493933;8439591;8343905;8175308;7985451;7807181;7664189;7535215;7431349;7341643;7257512;7158362;7081715;7047557;7021303;7023870;7076626;7096104;7099748;7132620;7138481;7106437;7094056;7081379;7030761;6975247;6915100
40-44;6778692;6845790;6902814;6962420;7043480;7156924;7299989;7473560;7665266;7854763;8028138;8186940;8331214;8455331;8552992;8620632;8657882;8663516;8644914;8613835;8578785;8538059;8489410;8441231;8405668;8388994;8391500;8418532;8448480;8446908;8393336;8298619;8131367;7942935;7766032;7624247;7496313;7393283;7304357;7220983;7122693;7046803;7013207;6987448;6990375;7043194;7062864;7066709;7099631;7105657;7073965
45-49;6223923;6337962;6440833;6533234;6616280;6691951;6760080;6818469;6879600;6961901;7076085;7219386;7392473;7583125;7771526;7944063;8102291;8246251;8370379;8468309;8536458;8574475;8581121;8563724;8533946;8500200;8460770;8413422;8366506;8332082;8316353;8319588;8347101;8377429;8376405;8323746;8230289;8064839;7878391;7703408;7563258;7436796;7334913;7247051;7164700;7067565;6992692;6959806;6934682;6938034;6990866
50-54;5376771;5534017;5689298;5839169;5978738;6105077;6219391;6322798;6416015;6500061;6576796;6646021;6705438;6767236;6849760;6963705;7106337;7278291;7467575;7654669;7826144;7983521;8126854;8250652;8348545;8416994;8455692;8463413;8447385;8419115;8386869;8348985;8303205;8257827;8224756;8210111;8214142;8242078;8272708;8272262;8220740;8128940;7965977;7782295;7609981;7472079;7347622;7247303;7160879;7079920;6984373
55-59;4432743;4590633;4749890;4909737;5069150;5227119;5383125;5537330;5686330;5825240;5951176;6065299;6168619;6261809;6346002;6423020;6492695;6552788;6615246;6697988;6811458;6952954;7123064;7310048;7494871;7664408;7820119;7962106;8084941;8182318;8250753;8289954;8298764;8284278;8257737;8227267;8191196;8147302;8103751;8072269;8058871;8063723;8091991;8122772;8122927;8072809;7983158;7823559;7643653;7474984;7340157
60-64;3514780;3660366;3805267;3950635;4098973;4251517;4406707;4563335;4720676;4877607;5033165;5186796;5338620;5485311;5622167;5746464;5859310;5961715;6054307;6138173;6215013;6284717;6345103;6407794;6490177;6602344;6741631;6908565;7091767;7272814;7439034;7591869;7731387;7852281;7948365;8016235;8055661;8065487;8052664;8028119;7999680;7965774;7924151;7882847;7853280;7841324;7847086;7875513;7906215;7906918;7858543
65-69;2651990;2756408;2879605;3016173;3157397;3298030;3438872;3579276;3720291;3864254;4012244;4162815;4314753;4467342;4619567;4770537;4919734;5067255;5209895;5343114;5464296;5574519;5674802;5765692;5848178;5923895;5992761;6052710;6114911;6195985;6305561;6440967;6602686;6779782;6954755;7115536;7263504;7398788;7516234;7609815;7676222;7715300;7726054;7715112;7692923;7666987;7635743;7597019;7558569;7531415;7521177
70-74;2102224;2156789;2204652;2253926;2316429;2398670;2498217;2614903;2743842;2877091;3009885;3142991;3275848;3409374;3545763;3685934;3828611;3972652;4117387;4261854;4405172;4546874;4687048;4822679;4949468;5064985;5170268;5266293;5353559;5432924;5505888;5572460;5630751;5691223;5769421;5874274;6003151;6156325;6323635;6488820;6640747;6780731;6908947;7020499;7109604;7173107;7210968;7222358;7213525;7194194;7171363
75-79;1492784;1544677;1606315;1672386;1735303;1791602;1843027;1889061;1936628;1995878;2072284;2163783;2270175;2387224;2508065;2628645;2749655;2870706;2992562;3117106;3245094;3375377;3506991;3639270;3771408;3902531;4032250;4160652;4284966;4401296;4507406;4604325;4693006;4773850;4847542;4915432;4977539;5032292;5089135;5162077;5259045;5377458;5517370;5669626;5819805;5958073;6085643;6202786;6304934;6386709;6445168
80-84;1011816;1034783;1057594;1083186;1114797;1153777;1199670;1253255;1310296;1364756;1413939;1459433;1501065;1544334;1597295;1664180;1743331;1834577;1934437;2037456;2140390;2243880;2347676;2452397;2559507;2669564;2781618;2894907;3008818;3122667;3235703;3347602;3458462;3565860;3666442;3758266;3842366;3919622;3990318;4054925;4114525;4169257;4217871;4268491;4332980;4417881;4520736;4641272;4771766;4900246;5018661
85-89;515585;561054;595323;622495;645478;666361;686636;707112;729646;756364;788078;824584;866553;910910;953385;992126;1028467;1062520;1098244;1141243;1194404;1256505;1327396;1404534;1484026;1563596;1643821;1724600;1806345;1890062;1976064;2063667;2152289;2241448;2330625;2419249;2507052;2594154;2678588;2757716;2830025;2896448;2957798;3014175;3065860;3113604;3157654;3197122;3238392;3290628;3358671
90+;299377;303275;320960;346041;374235;402722;431711;461744;491843;521388;549987;578698;608342;639404;672708;708377;746862;789019;833124;877075;919928;962997;1007016;1053519;1104693;1161569;1223950;1292026;1365005;1441733;1521483;1604650;1691387;1781513;1874969;1971456;2070785;2172676;2276714;2382536;2489591;2597630;2706598;2814921;2920605;3022439;3121128;3217393;3310325;3398853;3482771
