Santa Catarina;;;;;;;;;;;;;;;;;;;;;;;;;;;;;;;;;;;;;;;;;;;;;;;;;;;
Dados;;;;;;;;;;;;;;;;;;;;;;;;;;;;;;;;;;;;;;;;;;;;;;;;;;;
Ano;População total;Homens;Mulheres;Nascimentos;Óbitos;Taxa de Crescimento Geométrico;Taxa Bruta de Natalidade;Taxa Bruta de Mortalidade;Esperança de Vida ao Nascer;Esperança de Vida ao Nascer - Homens;Esperança de Vida ao Nascer - Mulheres;Taxa de Mortalidade Infantil;Taxa de Mortalidade Infantil - Homens;Taxa de Mortalidade Infantil - Mulheres;Taxa de Fecundidade Total;Razão de Dependência - Jovens 0 a 14 anos;Razão de Dependência - Idosos 65 ou mais anos;Razão de Dependência;Índice de Envelhecimento;;;;;;;;;;;;;;;;;;;;;;;;;;;;;;;;
2010;6353055;3153624;3199431;86236;32019;x;13.57;5.04;76.93;73.57;80.36;11.2;12.06;10.28;1.6;31.12;9.73;40.85;31.22;;;;;;;;;;;;;;;;;;;;;;;;;;;;;;;;
2011;6441468;3197284;3244184;89687;32493;1.39;13.92;5.04;77.32;73.97;80.73;10.82;11.65;9.96;1.64;30.21;10.04;40.25;33.49;;;;;;;;;;;;;;;;;;;;;;;;;;;;;;;;
2012;6530943;3241493;3289450;90356;33026;1.39;13.84;5.06;77.7;74.36;81.1;10.47;11.25;9.64;1.64;29.39;10.38;39.77;35.24;;;;;;;;;;;;;;;;;;;;;;;;;;;;;;;;
2013;6620186;3285585;3334601;91312;33596;1.37;13.79;5.07;78.06;74.73;81.45;10.12;10.87;9.34;1.64;28.66;10.76;39.43;37.38;;;;;;;;;;;;;;;;;;;;;;;;;;;;;;;;
2014;6710154;3330048;3380106;93965;34197;1.36;14;5.1;78.41;75.09;81.78;9.8;10.51;9.05;1.68;28.08;11.18;39.26;39.6;;;;;;;;;;;;;;;;;;;;;;;;;;;;;;;;
2015;6802306;3375630;3426676;97935;34862;1.37;14.4;5.13;78.74;75.44;82.1;9.49;10.16;8.77;1.74;27.7;11.64;39.33;42.21;;;;;;;;;;;;;;;;;;;;;;;;;;;;;;;;
2016;6894058;3421008;3473050;95489;35532;1.35;13.85;5.15;79.07;75.77;82.4;9.19;9.83;8.51;1.69;27.46;12.13;39.59;44.16;;;;;;;;;;;;;;;;;;;;;;;;;;;;;;;;
2017;6984749;3465841;3518908;98202;36261;1.32;14.06;5.19;79.37;76.09;82.69;8.9;9.51;8.25;1.74;27.36;12.68;40.04;46.67;;;;;;;;;;;;;;;;;;;;;;;;;;;;;;;;
2018;7075494;3510700;3564794;98093;37044;1.3;13.86;5.24;79.66;76.39;82.97;8.62;9.21;8.01;1.74;27.36;13.26;40.62;48.21;;;;;;;;;;;;;;;;;;;;;;;;;;;;;;;;
2019;7164788;3554814;3609974;97888;37857;1.26;13.66;5.28;79.94;76.68;83.24;8.36;8.92;7.77;1.74;27.35;13.86;41.21;50.52;;;;;;;;;;;;;;;;;;;;;;;;;;;;;;;;
2020;7252502;3598115;3654387;97598;38721;1.22;13.46;5.34;80.21;76.96;83.49;8.11;8.65;7.54;1.74;27.31;14.49;41.8;52.85;;;;;;;;;;;;;;;;;;;;;;;;;;;;;;;;
2021;7338473;3640518;3697955;97159;39625;1.19;13.24;5.4;80.47;77.22;83.73;7.87;8.38;7.33;1.73;27.31;15.14;42.45;55.21;;;;;;;;;;;;;;;;;;;;;;;;;;;;;;;;
2022;7422480;3681908;3740572;96531;40593;1.14;13.01;5.47;80.71;77.48;83.96;7.63;8.13;7.12;1.73;27.36;15.82;43.18;57.59;;;;;;;;;;;;;;;;;;;;;;;;;;;;;;;;
2023;7504322;3722182;3782140;95818;41628;1.1;12.77;5.55;80.94;77.72;84.18;7.42;7.89;6.92;1.73;27.42;16.53;43.95;60.53;;;;;;;;;;;;;;;;;;;;;;;;;;;;;;;;
2024;7583889;3761285;3822604;95086;42709;1.06;12.54;5.63;81.16;77.95;84.39;7.21;7.66;6.73;1.73;27.45;17.28;44.73;62.63;;;;;;;;;;;;;;;;;;;;;;;;;;;;;;;;
2025;7661113;3799183;3861930;94332;43839;1.02;12.31;5.72;81.37;78.17;84.59;7;7.44;6.54;1.73;27.5;18.07;45.57;65.61;;;;;;;;;;;;;;;;;;;;;;;;;;;;;;;;
2026;7735919;3835836;3900083;93569;45042;0.98;12.1;5.82;81.57;78.37;84.77;6.81;7.23;6.37;1.73;27.49;18.9;46.39;68.62;;;;;;;;;;;;;;;;;;;;;;;;;;;;;;;;
2027;7808220;3871198;3937022;92774;46299;0.93;11.88;5.93;81.76;78.57;84.95;6.62;7.03;6.2;1.73;27.44;19.75;47.2;72.04;;;;;;;;;;;;;;;;;;;;;;;;;;;;;;;;
2028;7877936;3905231;3972705;91969;47626;0.89;11.67;6.05;81.93;78.76;85.12;6.45;6.84;6.04;1.72;27.37;20.63;48.01;75.14;;;;;;;;;;;;;;;;;;;;;;;;;;;;;;;;
2029;7945021;3937913;4007108;91206;49002;0.85;11.48;6.17;82.1;78.94;85.28;6.28;6.66;5.88;1.72;27.26;21.5;48.76;79.23;;;;;;;;;;;;;;;;;;;;;;;;;;;;;;;;
2030;8009480;3969248;4040232;90506;50428;0.81;11.3;6.3;82.26;79.11;85.43;6.12;6.49;5.74;1.72;27.05;22.34;49.4;82.87;;;;;;;;;;;;;;;;;;;;;;;;;;;;;;;;
2031;8071564;3999368;4072196;89851;51903;0.78;11.13;6.43;82.41;79.27;85.58;5.97;6.32;5.59;1.72;26.83;23.16;49.99;86.03;;;;;;;;;;;;;;;;;;;;;;;;;;;;;;;;
2032;8131505;4028393;4103112;89229;53438;0.74;10.97;6.57;82.56;79.42;85.71;5.82;6.17;5.46;1.72;26.59;23.97;50.56;89.83;;;;;;;;;;;;;;;;;;;;;;;;;;;;;;;;
2033;8189289;4056318;4132971;88664;55028;0.71;10.83;6.72;82.69;79.57;85.84;5.68;6.02;5.33;1.72;26.32;24.74;51.07;94.25;;;;;;;;;;;;;;;;;;;;;;;;;;;;;;;;
2034;8244918;4083148;4161770;88164;56684;0.68;10.69;6.88;82.82;79.71;85.96;5.55;5.87;5.21;1.72;26.05;25.49;51.54;97.67;;;;;;;;;;;;;;;;;;;;;;;;;;;;;;;;
2035;8298422;4108904;4189518;87755;58368;0.65;10.57;7.03;82.94;79.84;86.08;5.42;5.74;5.09;1.71;25.78;26.21;51.99;101.18;;;;;;;;;;;;;;;;;;;;;;;;;;;;;;;;
2036;8349850;4133615;4216235;87433;60107;0.62;10.47;7.2;83.06;79.96;86.19;5.3;5.61;4.98;1.71;25.52;26.89;52.42;105.39;;;;;;;;;;;;;;;;;;;;;;;;;;;;;;;;
2037;8399227;4157296;4241931;87197;61912;0.59;10.38;7.37;83.16;80.08;86.29;5.18;5.48;4.87;1.71;25.27;27.56;52.82;109.09;;;;;;;;;;;;;;;;;;;;;;;;;;;;;;;;
2038;8446582;4179969;4266613;87023;63740;0.56;10.3;7.55;83.27;80.19;86.39;5.07;5.37;4.76;1.71;25.03;28.2;53.23;112.88;;;;;;;;;;;;;;;;;;;;;;;;;;;;;;;;
2039;8491935;4201648;4290287;86883;65602;0.54;10.23;7.73;83.36;80.29;86.48;4.97;5.25;4.67;1.71;24.82;28.84;53.66;116.05;;;;;;;;;;;;;;;;;;;;;;;;;;;;;;;;
2040;8535304;4222347;4312957;86790;67474;0.51;10.17;7.91;83.46;80.39;86.57;4.86;5.15;4.57;1.71;24.63;29.5;54.13;119.38;;;;;;;;;;;;;;;;;;;;;;;;;;;;;;;;
2041;8576731;4242092;4334639;86775;69380;0.49;10.12;8.09;83.54;80.48;86.66;4.77;5.04;4.48;1.71;24.47;30.17;54.64;123.42;;;;;;;;;;;;;;;;;;;;;;;;;;;;;;;;
2042;8616285;4260920;4355365;86865;71294;0.46;10.08;8.27;83.62;80.57;86.73;4.68;4.95;4.4;1.71;24.33;30.85;55.18;126.75;;;;;;;;;;;;;;;;;;;;;;;;;;;;;;;;
2043;8654030;4278869;4375161;86990;73213;0.44;10.05;8.46;83.69;80.66;86.81;4.59;4.85;4.31;1.7;24.22;31.56;55.79;130.97;;;;;;;;;;;;;;;;;;;;;;;;;;;;;;;;
2044;8689972;4295948;4394024;87090;75126;0.42;10.02;8.65;83.77;80.73;86.88;4.51;4.76;4.23;1.7;24.15;32.31;56.46;134.42;;;;;;;;;;;;;;;;;;;;;;;;;;;;;;;;
2045;8724096;4312155;4411941;87175;77033;0.39;9.99;8.83;83.84;80.81;86.94;4.43;4.68;4.16;1.7;24.11;33.1;57.21;137.91;;;;;;;;;;;;;;;;;;;;;;;;;;;;;;;;
2046;8756398;4327491;4428907;87254;78934;0.37;9.96;9.01;83.9;80.88;87;4.35;4.6;4.09;1.7;24.09;33.94;58.04;141.45;;;;;;;;;;;;;;;;;;;;;;;;;;;;;;;;
2047;8786906;4341969;4444937;87357;80802;0.35;9.94;9.2;83.96;80.95;87.06;4.28;4.52;4.02;1.7;24.11;34.83;58.94;144.08;;;;;;;;;;;;;;;;;;;;;;;;;;;;;;;;
2048;8815651;4355605;4460046;87447;82653;0.33;9.92;9.38;84.02;81.01;87.12;4.21;4.45;3.95;1.7;24.15;35.76;59.91;148.34;;;;;;;;;;;;;;;;;;;;;;;;;;;;;;;;
2049;8842605;4368385;4474220;87473;84501;0.31;9.89;9.56;84.07;81.07;87.17;4.14;4.38;3.89;1.7;24.22;36.69;60.91;152;;;;;;;;;;;;;;;;;;;;;;;;;;;;;;;;
2050;8867714;4380284;4487430;87423;86319;0.28;9.86;9.73;84.12;81.13;87.22;4.08;4.31;3.83;1.69;24.29;37.61;61.9;154.67;;;;;;;;;;;;;;;;;;;;;;;;;;;;;;;;
2051;8890942;4391288;4499654;87318;88107;0.26;9.82;9.91;84.18;81.18;87.27;4.02;4.25;3.78;1.69;24.37;38.51;62.88;157.33;;;;;;;;;;;;;;;;;;;;;;;;;;;;;;;;
2052;8912269;4401388;4510881;87182;89882;0.24;9.78;10.09;84.22;81.23;87.31;3.96;4.19;3.72;1.69;24.46;39.4;63.86;161.07;;;;;;;;;;;;;;;;;;;;;;;;;;;;;;;;
2053;8931679;4410576;4521103;86998;91620;0.22;9.74;10.26;84.26;81.28;87.35;3.91;4.13;3.67;1.69;24.55;40.27;64.83;163.76;;;;;;;;;;;;;;;;;;;;;;;;;;;;;;;;
2054;8949178;4418846;4530332;86764;93286;0.2;9.7;10.42;84.3;81.32;87.39;3.86;4.08;3.62;1.69;24.65;41.13;65.77;166.44;;;;;;;;;;;;;;;;;;;;;;;;;;;;;;;;
2055;8964776;4426194;4538582;86461;94885;0.17;9.64;10.58;84.34;81.36;87.43;3.81;4.03;3.57;1.69;24.74;41.96;66.7;170.27;;;;;;;;;;;;;;;;;;;;;;;;;;;;;;;;
2056;8978488;4432623;4545865;86125;96419;0.15;9.59;10.74;84.38;81.4;87.47;3.76;3.98;3.53;1.69;24.83;42.77;67.59;172.3;;;;;;;;;;;;;;;;;;;;;;;;;;;;;;;;
2057;8990348;4438143;4552205;85774;97902;0.13;9.54;10.89;84.41;81.44;87.5;3.72;3.93;3.49;1.68;24.9;43.53;68.43;174.32;;;;;;;;;;;;;;;;;;;;;;;;;;;;;;;;
2058;9000381;4442759;4557622;85395;99341;0.11;9.49;11.04;84.43;81.47;87.53;3.67;3.89;3.44;1.68;24.97;44.25;69.22;176.35;;;;;;;;;;;;;;;;;;;;;;;;;;;;;;;;
2059;9008618;4446482;4562136;85009;100730;0.09;9.44;11.18;84.46;81.51;87.56;3.63;3.84;3.41;1.68;25.02;44.94;69.96;179.59;;;;;;;;;;;;;;;;;;;;;;;;;;;;;;;;
2060;9015090;4449324;4565766;84608;102086;0.07;9.39;11.32;84.49;81.54;87.59;3.59;3.8;3.37;1.68;25.07;45.61;70.68;181.63;;;;;;;;;;;;;;;;;;;;;;;;;;;;;;;;
Faixas etárias;;;;;;;;;;;;;;;;;;;;;;;;;;;;;;;;;;;;;;;;;;;;;;;;;;;
Total;;;;;;;;;;;;;;;;;;;;;;;;;;;;;;;;;;;;;;;;;;;;;;;;;;;
Faixa/Ano;2010;2011;2012;2013;2014;2015;2016;2017;2018;2019;2020;2021;2022;2023;2024;2025;2026;2027;2028;2029;2030;2031;2032;2033;2034;2035;2036;2037;2038;2039;2040;2041;2042;2043;2044;2045;2046;2047;2048;2049;2050;2051;2052;2053;2054;2055;2056;2057;2058;2059;2060
Total;6353055;6441468;6530943;6620186;6710154;6802306;6894058;6984749;7075494;7164788;7252502;7338473;7422480;7504322;7583889;7661113;7735919;7808220;7877936;7945021;8009480;8071564;8131505;8189289;8244918;8298422;8349850;8399227;8446582;8491935;8535304;8576731;8616285;8654030;8689972;8724096;8756398;8786906;8815651;8842605;8867714;8890942;8912269;8931679;8949178;8964776;8978488;8990348;9000381;9008618;9015090
0-4;427766;428503;433568;439491;446299;456444;465196;472036;479371;484745;486588;487323;487394;485494;483034;480078;476726;473123;469383;465580;461782;458068;454514;451175;448091;445280;442774;440625;438860;437461;436399;435642;435198;435064;435193;435529;435999;436517;437027;437479;437827;438012;437988;437702;437154;436348;435296;434026;432546;430896;429118
05/set;449163;443834;440904;439742;438844;436411;437029;441971;447769;454448;464458;473076;479786;486991;492240;493957;494564;494509;492482;489892;486808;483346;479658;475864;472032;468238;464538;460991;457663;454592;451789;449293;447147;445387;443996;442940;442186;441749;441615;441751;442089;442567;443085;443601;444053;444407;444597;444572;444290;443744;442940
out/14;526534;515005;498738;481672;467932;459341;453870;450791;449479;448435;445854;446319;451104;456746;463264;473116;481573;488122;495173;500264;501820;502285;502120;500023;497390;494298;490841;487162;483371;479544;475756;472061;468523;465198;462129;459334;456841;454696;452940;451550;450499;449743;449315;449184;449321;449659;450139;450659;451177;451629;451984
15-19;552268;551240;550884;549889;546154;538528;526858;510459;493259;479379;470637;465008;461756;460266;459043;456284;456572;461165;466616;472939;482590;490874;497296;504257;509307;510856;511337;511183;509100;506483;503405;499959;496291;492512;488697;484916;481236;477706;474391;471328;468538;466055;463917;462166;460786;459739;458989;458567;458436;458577;458914
20-24;573005;574794;575267;574779;573771;572460;571173;570551;569290;565292;557407;545483;528844;511400;497261;488244;482326;478771;476965;475429;472361;472375;476767;482084;488337;497967;506256;512687;519657;524714;526280;526778;526640;524578;521982;518924;515493;511845;508086;504291;500524;496861;493344;490047;486996;484217;481748;479619;477879;476504;475464
25-29;573841;583047;589062;592639;595128;597412;598881;599032;598223;596886;595243;593622;592659;591049;586707;578488;566231;549278;531512;517036;507663;501414;497599;495610;493975;490899;490939;495348;500675;506937;516570;524863;531300;538270;543334;544914;545427;545306;543263;540683;537646;534236;530607;526863;523082;519335;515682;512182;508902;505860;503095
30-34;517788;532526;548739;565141;579856;591686;600640;606417;609764;612024;614073;615307;615220;614174;612599;610713;608847;607621;605753;601158;592690;580220;563122;545271;530768;521415;515219;511443;509488;507887;504842;504906;509330;514664;520930;530558;538853;545293;552261;557335;558927;559450;559344;557315;554753;551731;548342;544726;540997;537231;533499
35-39;477208;483732;492237;502607;514573;527842;542414;558449;574669;589215;600893;609703;615353;618584;620729;622656;623764;623556;622386;620685;618671;616688;615373;613452;608853;600448;588070;571075;553327;538911;529629;523489;519755;517835;516268;513260;513345;517779;523120;529388;539009;547298;553738;560708;565780;567382;567918;567823;565813;563271;560266
40-44;470247;472230;473623;475183;477938;482544;489027;497465;507749;519611;532760;547208;563103;579181;593593;605155;613871;619440;622604;624684;626539;627587;627357;626196;624534;622585;620689;619449;617596;613070;604752;592474;575600;557975;543668;534468;528394;524706;522824;521287;518319;518433;522873;528209;534473;544074;552345;558778;565734;570798;572406
45-49;447385;456081;462174;466221;469171;471723;473770;475229;476840;479625;484233;490682;499061;509262;521020;534052;548365;564115;580037;594304;605748;614378;619907;623076;625189;627104;628228;628082;627006;625434;623570;621755;620579;618795;614350;606132;593980;577262;559799;545640;536548;530553;526918;525073;523568;520649;520787;525224;530544;536787;546345
50-54;371747;386845;402923;418871;432994;444270;452967;459111;463242;466288;468928;471064;472614;474304;477137;481758;488189;496511;506624;518267;531158;545324;560922;576708;590870;602262;610883;616443;619671;621854;623832;625029;624964;623981;622500;620729;619001;617897;616188;611834;603745;591765;575270;558039;544082;535131;529241;525671;523870;522406;519545
55-59;300657;313465;325799;338102;351108;365156;380064;395926;411662;425622;436808;445477;451652;455858;459001;461737;463968;465616;467398;470289;474926;481328;489586;499604;511132;523900;537921;553344;568949;582948;594231;602783;608340;611600;613836;615866;617125;617144;616253;614874;613208;611578;610552;608923;604684;596773;585026;568842;551939;538268;529524
60-64;226374;238986;251820;264755;277634;290400;302938;315035;327108;339864;353631;368229;383752;399149;412826;423823;432380;438536;442784;445999;448810;451127;452885;454771;457742;462409;468788;476950;486806;498133;510660;524396;539488;554758;568450;579496;587884;593362;596613;598871;600926;602231;602320;601527;600255;598702;597187;596241;594704;590609;582930
65-69;159400;168191;178371;189598;201332;213221;225335;237675;250129;262538;274850;286959;298659;310355;322702;336014;350122;365104;379963;393177;403837;412177;418243;422505;425781;428669;431083;432956;434953;437976;442616;448883;456837;466394;477356;489468;502729;517284;532000;545185;555828;563922;569241;572432;574676;576726;578051;578209;577517;576374;574957
70-74;118497;122890;127091;131603;137160;144149;152424;161958;172451;183418;194547;205900;217481;229184;240860;252450;263866;274915;285976;297655;310229;323552;337680;351688;364159;374259;382210;388065;392253;395527;398423;400874;402820;404879;407892;412408;418432;426004;435057;445414;456842;469338;483031;496854;509230;519209;526806;531827;534880;537054;539052
75-79;79390;83133;87364;91849;96251;100447;104521;108455;112676;117807;124172;131654;140230;149641;159482;169482;179700;190139;200701;211251;221736;232071;242102;252161;262793;274227;286329;299148;311840;323145;332326;339595;345011;348960;352100;354887;357267;359202;361239;364134;368370;373942;380875;389115;398511;408870;420177;432547;445006;456141;465102
80-84;48805;50813;52925;55228;57821;60731;63981;67622;71466;75249;78871;82409;85865;89576;94032;99481;105835;113085;121009;129295;137729;146362;155203;164165;173126;182038;190839;199402;208011;217114;226903;237246;248181;258988;268603;276426;282658;287363;290867;293694;296216;298391;300198;302097;304729;308482;313348;319325;326376;334395;343222
85-89;22866;25053;26949;28666;30289;31885;33515;35240;37109;39184;41477;44013;46836;49813;52746;55572;58350;61091;64047;67560;71795;76699;82261;88321;94655;101116;107745;114548;121456;128377;135256;142066;148714;155411;162507;170134;178180;186669;195031;202458;208502;213347;217060;219880;222193;224266;226074;227605;229217;231402;234444
90+;10114;11100;12505;14150;15899;17656;19455;21327;23238;25158;27072;29037;31111;33295;35613;38053;40670;43523;46523;49557;52588;55689;58910;62358;66184;70452;75161;80326;85900;91828;98065;104639;111567;118781;126181;133707;141368;149122;157077;165409;174151;183220;192593;201944;210852;219076;226735;233905;240554;246672;252283
Homens;;;;;;;;;;;;;;;;;;;;;;;;;;;;;;;;;;;;;;;;;;;;;;;;;;;
Faixa/Ano;2010;2011;2012;2013;2014;2015;2016;2017;2018;2019;2020;2021;2022;2023;2024;2025;2026;2027;2028;2029;2030;2031;2032;2033;2034;2035;2036;2037;2038;2039;2040;2041;2042;2043;2044;2045;2046;2047;2048;2049;2050;2051;2052;2053;2054;2055;2056;2057;2058;2059;2060
Total;3153624;3197284;3241493;3285585;3330048;3375630;3421008;3465841;3510700;3554814;3598115;3640518;3681908;3722182;3761285;3799183;3835836;3871198;3905231;3937913;3969248;3999368;4028393;4056318;4083148;4108904;4133615;4157296;4179969;4201648;4222347;4242092;4260920;4278869;4295948;4312155;4327491;4341969;4355605;4368385;4380284;4391288;4401388;4410576;4418846;4426194;4432623;4438143;4442759;4446482;4449324
0-4;218849;219192;221760;224777;228256;233457;237946;241458;245222;247984;248937;249322;249366;248402;247153;245647;243939;242101;240193;238253;236314;234419;232605;230898;229322;227885;226605;225508;224607;223893;223351;222967;222741;222673;222740;222913;223155;223422;223685;223917;224097;224192;224182;224036;223756;223344;222805;222156;221399;220555;219645
05/set;229643;226907;225391;224774;224286;223007;223296;225805;228764;232181;237316;241741;245192;248895;251596;252490;252814;252799;251775;250464;248898;247137;245258;243328;241376;239441;237555;235744;234044;232476;231045;229768;228674;227778;227069;226531;226151;225927;225861;225931;226104;226350;226617;226882;227116;227299;227399;227388;227245;226966;226555
out/14;268382;262726;254559;245915;238941;234590;231786;230198;229510;228953;227603;227819;230251;233131;236469;241529;245876;249248;252877;255501;256317;256573;256505;255447;254116;252546;250788;248916;246986;245038;243107;241225;239418;237719;236152;234728;233452;232361;231467;230761;230224;229842;229621;229558;229627;229801;230047;230317;230584;230817;231002
15-19;279765;279308;279384;279251;277715;274105;268392;260175;251479;244449;240036;237163;235497;234726;234085;232651;232785;235125;237913;241156;246117;250378;253687;257273;259879;260695;260961;260901;259854;258532;256974;255222;253360;251440;249500;247572;245699;243900;242209;240645;239226;237956;236871;235980;235281;234747;234370;234151;234087;234162;234334
20-24;291047;292097;292246;291777;291068;290336;289755;289703;289440;287776;284044;278212;269887;261082;253932;249385;246366;244545;243609;242805;241210;241202;243438;246157;249367;254318;258582;261898;265491;268103;268929;269211;269164;268131;266825;265283;263545;261698;259793;257870;255952;254093;252304;250626;249074;247662;246402;245326;244443;243745;243219
25-29;289897;295067;298666;301019;302734;304204;305091;305077;304447;303572;302668;301915;301686;301242;299396;295495;289496;281016;272051;264728;259992;256796;254837;253805;252949;251358;251370;253618;256343;259561;264513;268779;272096;275690;278307;279143;279438;279404;278385;277091;275566;273844;272011;270119;268205;266304;264454;262677;261010;259467;258064
30-34;259654;267497;276106;284832;292729;299193;304231;307707;309944;311544;312898;313670;313537;312788;311800;310775;309899;309535;308959;306985;302961;296860;288317;279320;271996;267280;264122;262190;261183;260350;258783;258812;261071;263800;267019;271966;276231;279550;283144;285767;286613;286915;286891;285883;284603;283090;281381;279556;277677;275775;273886
35-39;237549;240980;245486;250999;257368;264436;272195;280709;289340;297150;303540;308508;311929;314117;315669;316973;317695;317513;316714;315676;314596;313671;313270;312677;310712;306736;300701;292231;283306;276045;271379;268260;266360;265378;264569;263029;263072;265338;268072;271294;276236;280498;283817;287413;290036;290886;291198;291184;290189;288922;287421
40-44;233006;234103;234828;235601;237010;239427;242858;247348;252827;259154;266167;273868;282313;290875;298621;304960;309890;313285;315454;316990;318276;318985;318811;318036;317036;316007;315143;314794;314249;312335;308420;302454;294068;285229;278042;273433;270361;268493;267538;266751;265239;265304;267575;270307;273527;278458;282709;286024;289611;292232;293088
45-49;219391;223802;227081;229434;231215;232702;233865;234654;235485;236937;239380;242810;247281;252726;259005;265959;273590;281959;290440;298111;304392;309284;312668;314852;316418;317746;318509;318395;317682;316747;315776;314969;314663;314164;312303;308454;302571;294289;285559;278469;273932;270912;269082;268153;267388;265909;265990;268260;270983;274189;279094
50-54;181713;188880;196491;204059;210841;216388;220815;224143;226564;228420;229980;231218;232086;232988;234490;236960;240394;244845;250248;256469;263347;270897;279180;287578;295185;301433;306315;309718;311938;313549;314919;315730;315672;315022;314153;313245;312496;312237;311784;309982;306216;300444;292304;283723;276764;272318;269367;267580;266680;265943;264501
55-59;145764;151923;157863;163779;170002;176683;183746;191237;198689;205385;210889;215309;218665;221140;223064;224695;226006;226948;227923;229473;231967;235392;239808;245154;251302;258096;265550;273714;281989;289483;295654;300487;303880;306113;307750;309149;310001;309998;309413;308614;307775;307089;306878;306473;304739;301083;295459;287516;279144;272370;268060
60-64;108298;114292;120387;126532;132661;138751;144744;150538;156312;162384;168893;175770;183058;190307;196834;202220;206569;209908;212403;214367;216040;217405;218418;219460;221058;223568;226968;231311;236544;242549;249173;256430;264366;272410;279693;285696;290407;293734;295946;297583;298989;299863;299905;299385;298659;297896;297283;297118;296761;295108;291597
65-69;74335;78538;83380;88695;94229;99818;105504;111294;117143;122983;128792;134521;140067;145609;151429;157661;164242;171203;178126;184372;189550;193757;197026;199511;201495;203199;204610;205688;206792;208416;210897;214212;218409;223436;229190;235531;242464;250040;257710;264651;270377;274881;278082;280234;281842;283227;284103;284188;283737;283099;282423
70-74;53012;55066;57040;59172;61797;65090;68966;73409;78274;83340;88467;93690;99023;104415;109808;115179;120485;125633;130789;136201;141989;148099;154550;160962;166758;171587;175538;178650;181054;183000;184684;186095;187201;188330;189935;192322;195467;199403;204092;209443;215329;221754;228762;235846;242252;247533;251693;254671;256699;258228;259552
75-79;33215;34898;36822;38866;40868;42765;44611;46405;48344;50696;53602;56994;60858;65079;69477;73934;78484;83143;87859;92585;97297;101957;106494;111049;115834;120944;126334;132014;137653;142756;147021;150537;153340;155545;157356;158930;160263;161336;162428;163937;166125;168963;172475;176631;181356;186547;192203;198361;204568;210171;214782
80-84;18792;19640;20531;21502;22596;23821;25199;26760;28412;30036;31584;33100;34595;36211;38149;40509;43242;46342;49716;53232;56802;60454;64204;68010;71829;75636;79411;83097;86809;90710;94876;99260;103872;108442;112574;116036;118910;121234;123096;124643;125991;127143;128092;129061;130372;132228;134599;137493;140896;144750;148978
85-89;8064;8864;9569;10215;10829;11436;12054;12711;13425;14221;15101;16085;17192;18365;19518;20622;21713;22798;23979;25385;27075;29022;31218;33602;36081;38608;41196;43860;46571;49295;52006;54703;57345;60011;62820;65819;68970;72278;75544;78492;80961;83025;84717;86093;87250;88260;89130;89861;90612;91617;93012
90+;3248;3504;3903;4386;4903;5421;5954;6510;7079;7649;8218;8803;9425;10084;10790;11539;12351;13252;14203;15160;16108;17080;18099;19199;20435;21821;23357;25049;26874;28810;30840;32971;35220;37558;39951;42375;44838;47327;49879;52544;55332;58220;61202;64173;66999;69602;72031;74316;76434;78366;80111
Mulheres;;;;;;;;;;;;;;;;;;;;;;;;;;;;;;;;;;;;;;;;;;;;;;;;;;;
Faixa/Ano;2010;2011;2012;2013;2014;2015;2016;2017;2018;2019;2020;2021;2022;2023;2024;2025;2026;2027;2028;2029;2030;2031;2032;2033;2034;2035;2036;2037;2038;2039;2040;2041;2042;2043;2044;2045;2046;2047;2048;2049;2050;2051;2052;2053;2054;2055;2056;2057;2058;2059;2060
Total;3199431;3244184;3289450;3334601;3380106;3426676;3473050;3518908;3564794;3609974;3654387;3697955;3740572;3782140;3822604;3861930;3900083;3937022;3972705;4007108;4040232;4072196;4103112;4132971;4161770;4189518;4216235;4241931;4266613;4290287;4312957;4334639;4355365;4375161;4394024;4411941;4428907;4444937;4460046;4474220;4487430;4499654;4510881;4521103;4530332;4538582;4545865;4552205;4557622;4562136;4565766
0-4;208917;209311;211808;214714;218043;222987;227250;230578;234149;236761;237651;238001;238028;237092;235881;234431;232787;231022;229190;227327;225468;223649;221909;220277;218769;217395;216169;215117;214253;213568;213048;212675;212457;212391;212453;212616;212844;213095;213342;213562;213730;213820;213806;213666;213398;213004;212491;211870;211147;210341;209473
05/set;219520;216927;215513;214968;214558;213404;213733;216166;219005;222267;227142;231335;234594;238096;240644;241467;241750;241710;240707;239428;237910;236209;234400;232536;230656;228797;226983;225247;223619;222116;220744;219525;218473;217609;216927;216409;216035;215822;215754;215820;215985;216217;216468;216719;216937;217108;217198;217184;217045;216778;216385
out/14;258152;252279;244179;235757;228991;224751;222084;220593;219969;219482;218251;218500;220853;223615;226795;231587;235697;238874;242296;244763;245503;245712;245615;244576;243274;241752;240053;238246;236385;234506;232649;230836;229105;227479;225977;224606;223389;222335;221473;220789;220275;219901;219694;219626;219694;219858;220092;220342;220593;220812;220982
15-19;272503;271932;271500;270638;268439;264423;258466;250284;241780;234930;230601;227845;226259;225540;224958;223633;223787;226040;228703;231783;236473;240496;243609;246984;249428;250161;250376;250282;249246;247951;246431;244737;242931;241072;239197;237344;235537;233806;232182;230683;229312;228099;227046;226186;225505;224992;224619;224416;224349;224415;224580
20-24;281958;282697;283021;283002;282703;282124;281418;280848;279850;277516;273363;267271;258957;250318;243329;238859;235960;234226;233356;232624;231151;231173;233329;235927;238970;243649;247674;250789;254166;256611;257351;257567;257476;256447;255157;253641;251948;250147;248293;246421;244572;242768;241040;239421;237922;236555;235346;234293;233436;232759;232245
25-29;283944;287980;290396;291620;292394;293208;293790;293955;293776;293314;292575;291707;290973;289807;287311;282993;276735;268262;259461;252308;247671;244618;242762;241805;241026;239541;239569;241730;244332;247376;252057;256084;259204;262580;265027;265771;265989;265902;264878;263592;262080;260392;258596;256744;254877;253031;251228;249505;247892;246393;245031
30-34;258134;265029;272633;280309;287127;292493;296409;298710;299820;300480;301175;301637;301683;301386;300799;299938;298948;298086;296794;294173;289729;283360;274805;265951;258772;254135;251097;249253;248305;247537;246059;246094;248259;250864;253911;258592;262622;265743;269117;271568;272314;272535;272453;271432;270150;268641;266961;265170;263320;261456;259613
35-39;239659;242752;246751;251608;257205;263406;270219;277740;285329;292065;297353;301195;303424;304467;305060;305683;306069;306043;305672;305009;304075;303017;302103;300775;298141;293712;287369;278844;270021;262866;258250;255229;253395;252457;251699;250231;250273;252441;255048;258094;262773;266800;269921;273295;275744;276496;276720;276639;275624;274349;272845
40-44;237241;238127;238795;239582;240928;243117;246169;250117;254922;260457;266593;273340;280790;288306;294972;300195;303981;306155;307150;307694;308263;308602;308546;308160;307498;306578;305546;304655;303347;300735;296332;290020;281532;272746;265626;261035;258033;256213;255286;254536;253080;253129;255298;257902;260946;265616;269636;272754;276123;278566;279318
45-49;227994;232279;235093;236787;237956;239021;239905;240575;241355;242688;244853;247872;251780;256536;262015;268093;274775;282156;289597;296193;301356;305094;307239;308224;308771;309358;309719;309687;309324;308687;307794;306786;305916;304631;302047;297678;291409;282973;274240;267171;262616;259641;257836;256920;256180;254740;254797;256964;259561;262598;267251
50-54;190034;197965;206432;214812;222153;227882;232152;234968;236678;237868;238948;239846;240528;241316;242647;244798;247795;251666;256376;261798;267811;274427;281742;289130;295685;300829;304568;306725;307733;308305;308913;309299;309292;308959;308347;307484;306505;305660;304404;301852;297529;291321;282966;274316;267318;262813;259874;258091;257190;256463;255044
55-59;154893;161542;167936;174323;181106;188473;196318;204689;212973;220237;225919;230168;232987;234718;235937;237042;237962;238668;239475;240816;242959;245936;249778;254450;259830;265804;272371;279630;286960;293465;298577;302296;304460;305487;306086;306717;307124;307146;306840;306260;305433;304489;303674;302450;299945;295690;289567;281326;272795;265898;261464
60-64;118076;124694;131433;138223;144973;151649;158194;164497;170796;177480;184738;192459;200694;208842;215992;221603;225811;228628;230381;231632;232770;233722;234467;235311;236684;238841;241820;245639;250262;255584;261487;267966;275122;282348;288757;293800;297477;299628;300667;301288;301937;302368;302415;302142;301596;300806;299904;299123;297943;295501;291333
65-69;85065;89653;94991;100903;107103;113403;119831;126381;132986;139555;146058;152438;158592;164746;171273;178353;185880;193901;201837;208805;214287;218420;221217;222994;224286;225470;226473;227268;228161;229560;231719;234671;238428;242958;248166;253937;260265;267244;274290;280534;285451;289041;291159;292198;292834;293499;293948;294021;293780;293275;292534
70-74;65485;67824;70051;72431;75363;79059;83458;88549;94177;100078;106080;112210;118458;124769;131052;137271;143381;149282;155187;161454;168240;175453;183130;190726;197401;202672;206672;209415;211199;212527;213739;214779;215619;216549;217957;220086;222965;226601;230965;235971;241513;247584;254269;261008;266978;271676;275113;277156;278181;278826;279500
75-79;46175;48235;50542;52983;55383;57682;59910;62050;64332;67111;70570;74660;79372;84562;90005;95548;101216;106996;112842;118666;124439;130114;135608;141112;146959;153283;159995;167134;174187;180389;185305;189058;191671;193415;194744;195957;197004;197866;198811;200197;202245;204979;208400;212484;217155;222323;227974;234186;240438;245970;250320
80-84;30013;31173;32394;33726;35225;36910;38782;40862;43054;45213;47287;49309;51270;53365;55883;58972;62593;66743;71293;76063;80927;85908;90999;96155;101297;106402;111428;116305;121202;126404;132027;137986;144309;150546;156029;160390;163748;166129;167771;169051;170225;171248;172106;173036;174357;176254;178749;181832;185480;189645;194244
85-89;14802;16189;17380;18451;19460;20449;21461;22529;23684;24963;26376;27928;29644;31448;33228;34950;36637;38293;40068;42175;44720;47677;51043;54719;58574;62508;66549;70688;74885;79082;83250;87363;91369;95400;99687;104315;109210;114391;119487;123966;127541;130322;132343;133787;134943;136006;136944;137744;138605;139785;141432
90+;6866;7596;8602;9764;10996;12235;13501;14817;16159;17509;18854;20234;21686;23211;24823;26514;28319;30271;32320;34397;36480;38609;40811;43159;45749;48631;51804;55277;59026;63018;67225;71668;76347;81223;86230;91332;96530;101795;107198;112865;118819;125000;131391;137771;143853;149474;154704;159589;164120;168306;172172
Brasil;;;;;;;;;;;;;;;;;;;;;;;;;;;;;;;;;;;;;;;;;;;;;;;;;;;
Dados;;;;;;;;;;;;;;;;;;;;;;;;;;;;;;;;;;;;;;;;;;;;;;;;;;;
Ano;População total;Homens;Mulheres;Nascimentos;Óbitos;Taxa de Crescimento Geométrico;Taxa Bruta de Natalidade;Taxa Bruta de Mortalidade;Esperança de Vida ao Nascer;Esperança de Vida ao Nascer - Homens;Esperança de Vida ao Nascer - Mulheres;Taxa de Mortalidade Infantil;Taxa de Mortalidade Infantil - Homens;Taxa de Mortalidade Infantil - Mulheres;Taxa de Fecundidade Total;Razão de Dependência - Jovens 0 a 14 anos;Razão de Dependência - Idosos 65 ou mais anos;Razão de Dependência;Índice de Envelhecimento;;;;;;;;;;;;;;;;;;;;;;;;;;;;;;;;
2010;194890682;95513298;99377384;2939435;1240083;x;15.08;6.36;73.86;70.21;77.6;17.22;18.76;15.59;1.75;36.32;10.77;47.09;29.55;;;;;;;;;;;;;;;;;;;;;;;;;;;;;;;;
2011;196603732;96322635;100281097;2974525;1247751;0.88;15.13;6.35;74.2;70.57;77.91;16.43;17.86;14.92;1.76;35.37;10.99;46.36;30.99;;;;;;;;;;;;;;;;;;;;;;;;;;;;;;;;
2012;198314934;97132054;101182880;2953890;1258235;0.87;14.89;6.34;74.52;70.91;78.22;15.69;17.03;14.29;1.75;34.45;11.24;45.68;32.63;;;;;;;;;;;;;;;;;;;;;;;;;;;;;;;;
2013;200004188;97931331;102072857;2953178;1270306;0.85;14.77;6.35;74.84;71.25;78.51;15.02;16.27;13.7;1.74;33.56;11.51;45.07;34.2;;;;;;;;;;;;;;;;;;;;;;;;;;;;;;;;
2014;201717541;98744098;102973443;3028202;1284346;0.86;15.01;6.37;75.14;71.57;78.78;14.4;15.58;13.16;1.78;32.78;11.81;44.59;36.12;;;;;;;;;;;;;;;;;;;;;;;;;;;;;;;;
2015;203475683;99581002;103894681;3070979;1299541;0.87;15.09;6.39;75.44;71.88;79.05;13.82;14.93;12.65;1.8;32.15;12.13;44.29;37.67;;;;;;;;;;;;;;;;;;;;;;;;;;;;;;;;
2016;205156587;100379640;104776947;2901053;1314164;0.83;14.14;6.41;75.72;72.18;79.31;13.29;14.35;12.19;1.7;31.57;12.49;44.05;39.73;;;;;;;;;;;;;;;;;;;;;;;;;;;;;;;;
2017;206804741;101163599;105641142;3020743;1330811;0.8;14.61;6.44;75.99;72.46;79.56;12.81;13.8;11.75;1.78;31.11;12.87;43.98;41.2;;;;;;;;;;;;;;;;;;;;;;;;;;;;;;;;
2018;208494900;101971173;106523727;3003585;1349693;0.82;14.41;6.47;76.25;72.74;79.8;12.35;13.31;11.35;1.77;30.75;13.28;44.03;43.19;;;;;;;;;;;;;;;;;;;;;;;;;;;;;;;;
2019;210147125;102760295;107386830;2984414;1368954;0.79;14.2;6.51;76.5;73;80.03;11.94;12.85;10.98;1.77;30.42;13.72;44.14;45.02;;;;;;;;;;;;;;;;;;;;;;;;;;;;;;;;
2020;211755692;103527689;108228003;2963516;1389144;0.77;13.99;6.56;76.74;73.26;80.25;11.56;12.43;10.64;1.76;30.11;14.18;44.29;46.89;;;;;;;;;;;;;;;;;;;;;;;;;;;;;;;;
2021;213317639;104271843;109045796;2940629;1410602;0.74;13.79;6.61;76.97;73.5;80.46;11.2;12.04;10.32;1.76;29.83;14.67;44.5;49.51;;;;;;;;;;;;;;;;;;;;;;;;;;;;;;;;
2022;214828540;104990487;109838053;2913688;1433605;0.71;13.56;6.67;77.19;73.74;80.67;10.88;11.68;10.03;1.75;29.63;15.19;44.82;51.22;;;;;;;;;;;;;;;;;;;;;;;;;;;;;;;;
2023;216284269;105681529;110602740;2885501;1458023;0.68;13.34;6.74;77.4;73.96;80.86;10.58;11.36;9.75;1.75;29.43;15.74;45.17;53.2;;;;;;;;;;;;;;;;;;;;;;;;;;;;;;;;
2024;217684462;106345043;111339419;2856690;1483777;0.65;13.12;6.82;77.6;74.17;81.05;10.3;11.05;9.5;1.74;29.26;16.31;45.56;55.72;;;;;;;;;;;;;;;;;;;;;;;;;;;;;;;;
2025;219029093;106981304;112047789;2827039;1510693;0.62;12.91;6.9;77.8;74.38;81.22;10.04;10.77;9.27;1.74;29.11;16.9;46.01;58.29;;;;;;;;;;;;;;;;;;;;;;;;;;;;;;;;
2026;220316530;107589495;112727035;2797674;1539159;0.59;12.7;6.99;77.98;74.57;81.39;9.8;10.51;9.05;1.74;28.95;17.51;46.45;60.61;;;;;;;;;;;;;;;;;;;;;;;;;;;;;;;;
2027;221545234;108168830;113376404;2768000;1569117;0.56;12.49;7.08;78.16;74.76;81.56;9.58;10.27;8.85;1.73;28.77;18.14;46.9;62.76;;;;;;;;;;;;;;;;;;;;;;;;;;;;;;;;
2028;222713669;108718587;113995082;2738355;1600375;0.53;12.3;7.19;78.32;74.94;81.71;9.37;10.05;8.66;1.73;28.59;18.78;47.37;65.46;;;;;;;;;;;;;;;;;;;;;;;;;;;;;;;;
2029;223821305;109238514;114582791;2710134;1632845;0.5;12.11;7.3;78.49;75.11;81.86;9.18;9.84;8.49;1.72;28.36;19.42;47.79;68.23;;;;;;;;;;;;;;;;;;;;;;;;;;;;;;;;
2030;224868462;109728762;115139700;2683440;1666427;0.47;11.93;7.41;78.64;75.28;82;9.01;9.65;8.33;1.72;28.08;20.06;48.14;71.05;;;;;;;;;;;;;;;;;;;;;;;;;;;;;;;;
2031;225854415;110189007;115665408;2655850;1700970;0.44;11.76;7.53;78.78;75.43;82.14;8.85;9.48;8.18;1.72;27.84;20.71;48.55;74.33;;;;;;;;;;;;;;;;;;;;;;;;;;;;;;;;
2032;226777802;110618592;116159210;2628742;1736861;0.41;11.59;7.66;78.92;75.58;82.27;8.7;9.32;8.05;1.72;27.61;21.36;48.97;77.3;;;;;;;;;;;;;;;;;;;;;;;;;;;;;;;;
2033;227638581;111017537;116621044;2603540;1773877;0.38;11.44;7.79;79.05;75.72;82.39;8.57;9.18;7.92;1.71;27.32;22.01;49.33;80.33;;;;;;;;;;;;;;;;;;;;;;;;;;;;;;;;
2034;228437122;111386062;117051060;2579544;1812136;0.35;11.29;7.93;79.18;75.86;82.51;8.44;9.04;7.81;1.71;27.04;22.65;49.69;83.43;;;;;;;;;;;;;;;;;;;;;;;;;;;;;;;;
2035;229173685;111724392;117449293;2557147;1851454;0.32;11.16;8.08;79.3;75.99;82.62;8.32;8.92;7.7;1.71;26.76;23.28;50.04;87.08;;;;;;;;;;;;;;;;;;;;;;;;;;;;;;;;
2036;229847832;112032426;117815406;2534413;1891832;0.29;11.03;8.23;79.42;76.11;82.73;8.22;8.8;7.6;1.7;26.48;23.9;50.39;90.34;;;;;;;;;;;;;;;;;;;;;;;;;;;;;;;;
2037;230459062;112309958;118149104;2513030;1933167;0.27;10.9;8.39;79.53;76.23;82.83;8.12;8.69;7.51;1.7;26.22;24.52;50.74;93.68;;;;;;;;;;;;;;;;;;;;;;;;;;;;;;;;
2038;231007871;112557327;118450544;2493021;1975283;0.24;10.79;8.55;79.63;76.34;82.93;8.02;8.59;7.42;1.7;25.97;25.13;51.1;96.51;;;;;;;;;;;;;;;;;;;;;;;;;;;;;;;;
2039;231494650;112774820;118719830;2473758;2017958;0.21;10.69;8.72;79.73;76.45;83.02;7.93;8.49;7.34;1.7;25.74;25.77;51.52;100;;;;;;;;;;;;;;;;;;;;;;;;;;;;;;;;
2040;231919922;112962751;118957171;2455519;2060782;0.18;10.59;8.89;79.83;76.55;83.11;7.85;8.4;7.27;1.69;25.54;26.46;51.99;103.57;;;;;;;;;;;;;;;;;;;;;;;;;;;;;;;;
2041;232284233;113121438;119162795;2437785;2103915;0.16;10.49;9.06;79.92;76.65;83.2;7.77;8.32;7.2;1.69;25.35;27.18;52.53;107.23;;;;;;;;;;;;;;;;;;;;;;;;;;;;;;;;
2042;232588580;113251454;119337126;2422219;2147419;0.13;10.41;9.23;80;76.74;83.28;7.7;8.24;7.13;1.69;25.19;27.93;53.13;110.3;;;;;;;;;;;;;;;;;;;;;;;;;;;;;;;;
2043;232834065;113353443;119480622;2407325;2191168;0.11;10.34;9.41;80.09;76.83;83.36;7.63;8.16;7.06;1.69;25.06;28.73;53.78;114.72;;;;;;;;;;;;;;;;;;;;;;;;;;;;;;;;
2044;233020996;113427597;119593399;2392409;2234730;0.08;10.27;9.59;80.17;76.92;83.43;7.56;8.09;7;1.69;24.94;29.55;54.49;118.63;;;;;;;;;;;;;;;;;;;;;;;;;;;;;;;;
2045;233149625;113474061;119675564;2377677;2278119;0.06;10.2;9.77;80.24;77;83.5;7.5;8.02;6.95;1.68;24.85;30.4;55.25;122.5;;;;;;;;;;;;;;;;;;;;;;;;;;;;;;;;
2046;233220257;113493052;119727205;2363150;2321466;0.03;10.13;9.95;80.31;77.08;83.57;7.44;7.96;6.9;1.68;24.77;31.27;56.04;125.79;;;;;;;;;;;;;;;;;;;;;;;;;;;;;;;;
2047;233233670;113485011;119748659;2349527;2364398;0.01;10.07;10.14;80.38;77.16;83.63;7.39;7.9;6.84;1.68;24.72;32.17;56.89;129.75;;;;;;;;;;;;;;;;;;;;;;;;;;;;;;;;
2048;233190482;113450253;119740229;2335541;2407046;-0.02;10.02;10.32;80.45;77.23;83.7;7.33;7.84;6.8;1.68;24.68;33.08;57.76;134.62;;;;;;;;;;;;;;;;;;;;;;;;;;;;;;;;
2049;233090464;113388652;119701812;2320604;2449148;-0.04;9.96;10.51;80.51;77.3;83.75;7.29;7.79;6.75;1.68;24.66;33.99;58.64;138.06;;;;;;;;;;;;;;;;;;;;;;;;;;;;;;;;
2050;232933276;113300060;119633216;2304717;2490559;-0.07;9.89;10.69;80.57;77.37;83.81;7.24;7.74;6.71;1.68;24.64;34.88;59.52;142.21;;;;;;;;;;;;;;;;;;;;;;;;;;;;;;;;
2051;232719169;113184593;119534576;2288973;2531362;-0.09;9.84;10.88;80.63;77.43;83.86;7.2;7.69;6.67;1.67;24.63;35.76;60.38;144.81;;;;;;;;;;;;;;;;;;;;;;;;;;;;;;;;
2052;232448867;113042592;119406275;2273127;2571362;-0.12;9.78;11.06;80.68;77.49;83.91;7.16;7.65;6.64;1.67;24.62;36.62;61.24;148.37;;;;;;;;;;;;;;;;;;;;;;;;;;;;;;;;
2053;232122448;112874076;119248372;2255972;2610595;-0.14;9.72;11.25;80.74;77.55;83.96;7.12;7.61;6.6;1.67;24.62;37.45;62.07;151.97;;;;;;;;;;;;;;;;;;;;;;;;;;;;;;;;
2054;231739632;112678873;119060759;2237804;2648830;-0.16;9.66;11.43;80.78;77.61;84;7.08;7.57;6.57;1.67;24.62;38.26;62.89;155.63;;;;;;;;;;;;;;;;;;;;;;;;;;;;;;;;
2055;231300323;112456873;118843450;2218450;2686056;-0.19;9.59;11.61;80.83;77.66;84.04;7.05;7.54;6.54;1.67;24.63;39.05;63.68;159.33;;;;;;;;;;;;;;;;;;;;;;;;;;;;;;;;
2056;230805223;112208379;118596844;2199622;2722232;-0.21;9.53;11.79;80.88;77.71;84.08;7.02;7.5;6.51;1.67;24.63;39.81;64.43;161.33;;;;;;;;;;;;;;;;;;;;;;;;;;;;;;;;
2057;230255685;111934042;118321643;2180831;2757317;-0.24;9.47;11.98;80.92;77.76;84.12;6.99;7.47;6.48;1.66;24.62;40.52;65.15;164.43;;;;;;;;;;;;;;;;;;;;;;;;;;;;;;;;
2058;229652286;111634119;118018167;2161015;2791329;-0.26;9.41;12.15;80.96;77.81;84.16;6.96;7.44;6.46;1.66;24.62;41.22;65.84;168.24;;;;;;;;;;;;;;;;;;;;;;;;;;;;;;;;
2059;228995541;111308845;117686696;2141033;2824224;-0.29;9.35;12.33;81;77.86;84.19;6.94;7.41;6.44;1.66;24.61;41.91;66.53;170.27;;;;;;;;;;;;;;;;;;;;;;;;;;;;;;;;
2060;228286347;110958642;117327705;2120842;2856059;-0.31;9.29;12.51;81.04;77.9;84.23;6.91;7.39;6.42;1.66;24.61;42.62;67.23;173.47;;;;;;;;;;;;;;;;;;;;;;;;;;;;;;;;
Faixas etárias;;;;;;;;;;;;;;;;;;;;;;;;;;;;;;;;;;;;;;;;;;;;;;;;;;;
Total;;;;;;;;;;;;;;;;;;;;;;;;;;;;;;;;;;;;;;;;;;;;;;;;;;;
Faixa/Ano;2010;2011;2012;2013;2014;2015;2016;2017;2018;2019;2020;2021;2022;2023;2024;2025;2026;2027;2028;2029;2030;2031;2032;2033;2034;2035;2036;2037;2038;2039;2040;2041;2042;2043;2044;2045;2046;2047;2048;2049;2050;2051;2052;2053;2054;2055;2056;2057;2058;2059;2060
Total;194890682;196603732;198314934;200004188;201717541;203475683;205156587;206804741;208494900;210147125;211755692;213317639;214828540;216284269;217684462;219029093;220316530;221545234;222713669;223821305;224868462;225854415;226777802;227638581;228437122;229173685;229847832;230459062;231007871;231494650;231919922;232284233;232588580;232834065;233020996;233149625;233220257;233233670;233190482;233090464;232933276;232719169;232448867;232122448;231739632;231300323;230805223;230255685;229652286;228995541;228286347
0-4;14858280;14697433;14624301;14567170;14570070;14677159;14715112;14720776;14787557;14798332;14730311;14703281;14675523;14569055;14452355;14326234;14192256;14053426;13912226;13770272;13629815;13491399;13354905;13221642;13092489;12967369;12846604;12730937;12620549;12514918;12413588;12316709;12225086;12138798;12057106;11979238;11904624;11832490;11761709;11691308;11620256;11547982;11473958;11397201;11317212;11233863;11147191;11057520;10965028;10870292;10774218
05/set;15865195;15600504;15387507;15203145;15029641;14824271;14664918;14593299;14537829;14542132;14650311;14689394;14695773;14762671;14773628;14705941;14679311;14652033;14546208;14430226;14304778;14171490;14033278;13892710;13751331;13611405;13473529;13337523;13204728;13076037;12951361;12830995;12715703;12605672;12500387;12399373;12302790;12211456;12125433;12043993;11966376;11891973;11820071;11749531;11679356;11608504;11536459;11462615;11386046;11306224;11223031
out/14;17397304;17216843;16880174;16495325;16131984;15840860;15577214;15365237;15182024;15009676;14805478;14647164;14576191;14520972;14525347;14633526;14672711;14679300;14746432;14757724;14690423;14664114;14637176;14531700;14416109;14291049;14158125;14020272;13880038;13738984;13599376;13461829;13326122;13193611;13065182;12940762;12820626;12705545;12595720;12490655;12389855;12293466;12202305;12116445;12035156;11957694;11883455;11811703;11741278;11671246;11600532
15-19;17219086;17238401;17315601;17402809;17424089;17334096;17155615;16821630;16439846;16079464;15790863;15529387;15318916;15136923;14965724;14762869;14605891;14536019;14481942;14487286;14596110;14635967;14643187;14710785;14722659;14656163;14630405;14603997;14499263;14384409;14260078;14127872;13990752;13851207;13710840;13571863;13434947;13299846;13167907;13040010;12916108;12796510;12681921;12572557;12467934;12367551;12271531;12180736;12095228;12014265;11937109
20-24;17476779;17396868;17296030;17195219;17124785;17100769;17122881;17203520;17294780;17319853;17233266;17057794;16726717;16347561;15989803;15703800;15444924;15236871;15057313;14888503;14688175;14533531;14465563;14413260;14420025;14529708;14570602;14578856;14647162;14659931;14594614;14569782;14544238;14440723;14327061;14203946;14072906;13936948;13798559;13659314;13521425;13385549;13251456;13120499;12993545;12870528;12751775;12637977;12529386;12425516;12325847
25-29;17334110;17423848;17454135;17436877;17391346;17331851;17256322;17161679;17068593;17004904;16985866;17011218;17092427;17182193;17206153;17119972;16946247;16618500;16243415;15889766;15607291;15351552;15146240;14969263;14802897;14605190;14452983;14386955;14336521;14344709;14455193;14497153;14506501;14575436;14589082;14524961;14501063;14476422;14374170;14261783;14139942;14010163;13875462;13738287;13600246;13463536;13328803;13195813;13065893;12939931;12817887
30-34;15955949;16275019;16567575;16822855;17028854;17178656;17271648;17306947;17296659;17258318;17205416;17135646;17044190;16951251;16886952;16867543;16892885;16974395;17065211;17091062;17007393;16836728;16512899;16141856;15792033;15512843;15259983;15057188;14882572;14718488;14523256;14373318;14309113;14260407;14269902;14381026;14423898;14434174;14503630;14518027;14455019;14431957;14408126;14307058;14195853;14075191;13946610;13813084;13677088;13540196;13404578
35-39;14075108;14350827;14689558;15066579;15441748;15787821;16107943;16402815;16661965;16872342;17026545;17123723;17161844;17152616;17115112;17063584;16995707;16906691;16816670;16755274;16738294;16765601;16848588;16940702;16968189;16886844;16719129;16399166;16032170;15686230;15410325;15160396;14960090;14787787;14625966;14433207;14285523;14223058;14175984;14186704;14298311;14341981;14353071;14422945;14437977;14376076;14353778;14330671;14230768;14120755;14001307
40-44;13184170;13311309;13414041;13519509;13668343;13884283;14161178;14500831;14879035;15255513;15602974;15924417;16219710;16478229;16688213;16842846;16941312;16981681;16975459;16941357;16893256;16828804;16743240;16656520;16598022;16583446;16612647;16696902;16790065;16818996;16739962;16575282;16259556;15897111;15555535;15283397;15036761;14839171;14669407;14510049;14320041;14174828;14114206;14068807;14080737;14192649;14236987;14248844;14318948;14334584;14273861
45-49;11992439;12218181;12426314;12615601;12784211;12933598;13064058;13171048;13281287;13434076;13652504;13930420;14269004;14644402;15017933;15363171;15683089;15977567;16236139;16446903;16602926;16703462;16746553;16743579;16713006;16668492;16607681;16525845;16442743;16387431;16375387;16406437;16491724;16585608;16615819;16539189;16377988;16067408;15710668;15374594;15107158;14864721;14670479;14503796;14347422;14160785;14018586;13960052;13916591;13929788;14041783
50-54;10276773;10574366;10868062;11152415;11419933;11666086;11892707;12102371;12293932;12465329;12617804;12751592;12861867;12974530;13128538;13346782;13623237;13959030;14330885;14700984;15043388;15361008;15653779;15911350;16121912;16278600;16380728;16426408;16426757;16399939;16359306;16302574;16224958;16146006;16094242;16084875;16117711;16203642;16297801;16329111;16255195;16098244;15794311;15445094;15116301;14855005;14618039;14428117;14265353;14112793;13930535
55-59;8387564;8679820;8977656;9278724;9579705;9877881;10172542;10463716;10746091;11012111;11257277;11483368;11692613;11883880;12055490;12208751;12343963;12456465;12571436;12726473;12943766;13217366;13548288;13914012;14277951;14615019;14928011;15216929;15471607;15680383;15836527;15939411;15987269;15990939;15968053;15931630;15879345;15806522;15732281;15684468;15677945;15712380;15798347;15891980;15924009;15853162;15701406;15406171;15066946;14747850;14494713
60-64;6596741;6859058;7119004;7379912;7647936;7926230;8211893;8503042;8797470;9091910;9383728;9672175;9957156;10233460;10493988;10734491;10956693;11162776;11351609;11521660;11673982;11809015;11922324;12038067;12192258;12406090;12673729;12996043;13351492;13705082;14032901;14337648;14619346;14868106;15072540;15226101;15328313;15377469;15384059;15365094;15332980;15285499;15218052;15149158;15105746;15102049;15137666;15222586;15314436;15346470;15279016
65-69;4905988;5095516;5318713;5565313;5819304;6071240;6322755;6572590;6823731;7081680;7349244;7623733;7903288;8185834;8468411;8748627;9025766;9299757;9565627;9816554;10048512;10263166;10462649;10645868;10811283;10959940;11092321;11204363;11318835;11469648;11676652;11934133;12242752;12582173;12919685;13232909;13524376;13794222;14032965;14229585;14377822;14477368;14526754;14535915;14520894;14493445;14451348;14390212;14327671;14289289;14288480
70-74;3792042;3889352;3974955;4063519;4175947;4323465;4501441;4709484;4938529;5174388;5408663;5642901;5876091;6110754;6351769;6601500;6857600;7118354;7381902;7645534;7907040;8165785;8421765;8670307;8905063;9122289;9323635;9511104;9683679;9839876;9980630;10106571;10214158;10324288;10467931;10663049;10904126;11191369;11506226;11819031;12109555;12380193;12631212;12853724;13037277;13176002;13269879;13317776;13328895;13317878;13295484
75-79;2597990;2688798;2797237;2913384;3023576;3121818;3211601;3292375;3376250;3480536;3614389;3774018;3959070;4161906;4370673;4578361;4786387;4994114;5203523;5418622;5641260;5869405;6101656;6336314;6571128;6804078;7034690;7263005;7484798;7694408;7888458;8068562;8236631;8391702;8532383;8659541;8773851;8872509;8973811;9104799;9280868;9496727;9752138;10030863;10307408;10564467;10804204;11027068;11224976;11388373;11511971
80-84;1689444;1727063;1764898;1807817;1861166;1926871;2004365;2095235;2191860;2283815;2366558;2443191;2513706;2587330;2677251;2790280;2923509;3076687;3243763;3415649;3586931;3758879;3931160;4105249;4284098;4468984;4658301;4850986;5045614;5240341;5433588;5624985;5814637;5998934;6173117;6334346;6484201;6624391;6754088;6872004;6978835;7075422;7159683;7246694;7358416;7506972;7687508;7899218;8128899;8356311;8567809
85-89;830529;901360;954570;996763;1032554;1065148;1097017;1129489;1165517;1208442;1259330;1318006;1385731;1457236;1525459;1587405;1645581;1700356;1758056;1827478;1913020;2012666;2126181;2249361;2375978;2502391;2629690;2757777;2887609;3021064;3158814;3299768;3443164;3587930;3732788;3876586;4019065;4160416;4297807;4427602;4547659;4659375;4764254;4861528;4950167;5030651;5103867;5168499;5235780;5321722;5434778
90+;455191;459166;484603;521252;562349;603580;645377;688657;731945;774304;815165;856211;898723;943466;991663;1043410;1099461;1161212;1225853;1289978;1352102;1414477;1478371;1546036;1620691;1703785;1795039;1894806;2001669;2113776;2229906;2350808;2476780;2607627;2743377;2883626;3028143;3176612;3328257;3482333;3637926;3794831;3953061;4110366;4263976;4412193;4556131;4697023;4833076;4962058;5083408
Homens;;;;;;;;;;;;;;;;;;;;;;;;;;;;;;;;;;;;;;;;;;;;;;;;;;;
Faixa/Ano;2010;2011;2012;2013;2014;2015;2016;2017;2018;2019;2020;2021;2022;2023;2024;2025;2026;2027;2028;2029;2030;2031;2032;2033;2034;2035;2036;2037;2038;2039;2040;2041;2042;2043;2044;2045;2046;2047;2048;2049;2050;2051;2052;2053;2054;2055;2056;2057;2058;2059;2060
Total;95513298;96322635;97132054;97931331;98744098;99581002;100379640;101163599;101971173;102760295;103527689;104271843;104990487;105681529;106345043;106981304;107589495;108168830;108718587;109238514;109728762;110189007;110618592;111017537;111386062;111724392;112032426;112309958;112557327;112774820;112962751;113121438;113251454;113353443;113427597;113474061;113493052;113485011;113450253;113388652;113300060;113184593;113042592;112874076;112678873;112456873;112208379;111934042;111634119;111308845;110958642
0-4;7594516;7513761;7477567;7449337;7451690;7507226;7527223;7530642;7565301;7571223;7536789;7523299;7509386;7455164;7395678;7331364;7263006;7192133;7120032;7047528;6975778;6905062;6835307;6767195;6701192;6637231;6575502;6516373;6459937;6405936;6354123;6304598;6257751;6213632;6171861;6132043;6093885;6056997;6020798;5984802;5948471;5911502;5873639;5834370;5793447;5750809;5706456;5660575;5613249;5564770;5515605
05/set;8094637;7962532;7856445;7764679;7678145;7574960;7495049;7459700;7432381;7435509;7491634;7512252;7516076;7550810;7556858;7522618;7509351;7495730;7441882;7382807;7318878;7250909;7180401;7108665;7036481;6965042;6894634;6825161;6757331;6691592;6627900;6566392;6507477;6451252;6397457;6345822;6296474;6249795;6205831;6164206;6124537;6086502;6049752;6013699;5977830;5941609;5904776;5867020;5827860;5787041;5744493
out/14;8842587;8760868;8596730;8405865;8224795;8080135;7948620;7843086;7751948;7666040;7563501;7484190;7449226;7422072;7425264;7481411;7502112;7506047;7540921;7547162;7513141;7500066;7486634;7433002;7374143;7310452;7242697;7172400;7100861;7028875;6957623;6887413;6818125;6750468;6684877;6621345;6559981;6501187;6445082;6391415;6339911;6290699;6244133;6200276;6158737;6119162;6081226;6044568;6008592;5972801;5936671
15-19;8673836;8693267;8745322;8804210;8829069;8795446;8715095;8552810;8364062;8185062;8042202;7912260;7807878;7717747;7632793;7531320;7453057;7418949;7392651;7396587;7453221;7474403;7478801;7514010;7520683;7487251;7474592;7461547;7408463;7350163;7287028;7219811;7150062;7079046;7007575;6936806;6867067;6798239;6731019;6665837;6602699;6541729;6483312;6427561;6374235;6323041;6274127;6227836;6184244;6142973;6103630
20-24;8746116;8711375;8663577;8614902;8583358;8578611;8600164;8654720;8716490;8744065;8712945;8634909;8475014;8288587;8111918;7971317;7843582;7741213;7653070;7570037;7470597;7394220;7361652;7336794;7341891;7399228;7421254;7426487;7462264;7469669;7437195;7425286;7412946;7360848;7303529;7241380;7175120;7106330;7036251;6965698;6895815;6826928;6758931;6692510;6628106;6565701;6505416;6447653;6392537;6339825;6289218
25-29;8574606;8629711;8657414;8662143;8651184;8630266;8598875;8555561;8512314;8485534;8484394;8508378;8563553;8624538;8651626;8621118;8544666;8387530;8204388;8031009;7893232;7767999;7667829;7581750;7500675;7403356;7328943;7297950;7274594;7280847;7338836;7361712;7367822;7404119;7412226;7380713;7369573;7357978;7306911;7250628;7189512;7124285;7056509;6987423;6917849;6848930;6780967;6713878;6648312;6584723;6523112
30-34;7821287;7982363;8131551;8263753;8373348;8457008;8514439;8545686;8555280;8549320;8532944;8505514;8464499;8421615;8394693;8393527;8417664;8473141;8534872;8563312;8534665;8460519;8306365;8126302;7955838;7820545;7697488;7599240;7514973;7435649;7340229;7267552;7237960;7215936;7223197;7281677;7305262;7312099;7348805;7357492;7326843;7316343;7305373;7255224;7199860;7139664;7075362;7008494;6940318;6871646;6803583
35-39;6857527;6990523;7155946;7341635;7527745;7700900;7862666;8013399;8148183;8260741;8347421;8407755;8440996;8451369;8446055;8430688;8404634;8365378;8324589;8299702;8300209;8325674;8382118;8444696;8474256;8447253;8375224;8223858;8046719;7879049;7746136;7625181;7528741;7446144;7368454;7274845;7203808;7175501;7154681;7162834;7221685;7245877;7253323;7290325;7299496;7269639;7259722;7249292;7200007;7145508;7086207
40-44;6405478;6465519;6511227;6557089;6624863;6727359;6861189;7027271;7213769;7400750;7574836;7737477;7888496;8022898;8135221;8222214;8283430;8318165;8330545;8327522;8314471;8290745;8253830;8215289;8192354;8194452;8221147;8278370;8341585;8372088;8346626;8276663;8128189;7954176;7789503;7659150;7540448;7445888;7365050;7289066;7197348;7128025;7100999;7081359;7090362;7149455;7174123;7182135;7219317;7228927;7199896
45-49;5768516;5880219;5985481;6082367;6167931;6241647;6303978;6352579;6401687;6472175;6576419;6711034;6876531;7061277;7246407;7419108;7580798;7731316;7865760;7978594;8066468;8128987;8165432;8179855;8179060;8168292;8146911;8112423;8076237;8055349;8059034;8086849;8144623;8208179;8239414;8215443;8147699;8002569;7832277;7671186;7543900;7427925;7335566;7256745;7182722;7093220;7025894;7000246;6981909;6991754;7050917
50-54;4900002;5040349;5178764;5313246;5441195;5561009;5673316;5779573;5877917;5965268;6041008;6105571;6156429;6207294;6278778;6383077;6516900;6680739;6863310;7046315;7217244;7377487;7526925;7660698;7773367;7861606;7925036;7962995;7979372;7980824;7972437;7953589;7921753;7888179;7869486;7874764;7903569;7961564;8025093;8056849;8034455;7969304;7828334;7662799;7506320;7382926;7270417;7180814;7104474;7032873;6946162
55-59;3954821;4089187;4227766;4368987;4510555;4650762;4789417;4926386;5059761;5186871;5306101;5418069;5523994;5622071;5709488;5785731;5851268;5903677;5956190;6028485;6132308;6264412;6425224;6603964;6783080;6950611;7107892;7254823;7386666;7498065;7585774;7649457;7688505;7706661;7710316;7704363;7688149;7659220;7628530;7612199;7619074;7648657;7706356;7769208;7801082;7780353;7718248;7582612;7423293;7272866;7154556
60-64;3081961;3198692;3313737;3429277;3548963;3674713;3805186;3939707;4076794;4214303;4350563;4485379;4618536;4748149;4871821;4988027;5097383;5201061;5297302;5383487;5458969;5524298;5577221;5630273;5702081;5803746;5932098;6087478;6259725;6432268;6593867;6745779;6887959;7015825;7124175;7209866;7272652;7311982;7331395;7336975;7333300;7319725;7293901;7266311;7252466;7260725;7290580;7347073;7408221;7439552;7420473
65-69;2253998;2339108;2439108;2549140;2661907;2773210;2883883;2993314;3103440;3217426;3337000;3460918;3588535;3718492;3848844;3978090;4106032;4232502;4355732;4473440;4584216;4688647;4787847;4880176;4963105;5036045;5099560;5151653;5203924;5273663;5371091;5493166;5640066;5802391;5964930;6117373;6260872;6395434;6516731;6619770;6701600;6762068;6800700;6820803;6827971;6826458;6815605;6793193;6769102;6757874;6767303
70-74;1689818;1732563;1770303;1809593;1859518;1924795;2003224;2094581;2194687;2297297;2398778;2499910;2600243;2701380;2806006;2915566;3028989;3145702;3264515;3383680;3501868;3618911;3734717;3847628;3955595;4057304;4153367;4244811;4330120;4406952;4474742;4534111;4583407;4633065;4698510;4788775;4900975;5035044;5182591;5330211;5468808;5599462;5722265;5833225;5927673;6002895;6058911;6095418;6115370;6123684;6124121
75-79;1105206;1144121;1190922;1240998;1288273;1330216;1368574;1403314;1439622;1484658;1542105;1610235;1688895;1774682;1862608;1949716;2036732;2123408;2210961;2301516;2396166;2494028;2594665;2697044;2799720;2901547;3002440;3102353;3199832;3293112;3381052;3464237;3543625;3617852;3684841;3744109;3796312;3840217;3884676;3942722;4021823;4119269;4234768;4361237;4487603;4606394;4718561;4824282;4920042;5001664;5066803
80-84;677628;692280;707304;724631;746369;773094;804695;841980;881564;919059;952619;983758;1012641;1042996;1079956;1126100;1180178;1242110;1309326;1378193;1446541;1514999;1583484;1652852;1724591;1799420;1876683;1956079;2036796;2117674;2197885;2277383;2356175;2433074;2506675;2576080;2641835;2704769;2763770;2817079;2864310;2906165;2941812;2978203;3025436;3089091;3166772;3257946;3357133;3456065;3549148
85-89;314944;340306;359247;374268;387076;398787;410381;422377;435871;452078;471252;493422;519178;546326;572074;595279;617114;637836;659812;686235;718616;756161;798785;844827;891952;938795;985869;1033177;1081264;1131002;1182750;1236101;1290875;1346482;1402163;1457337;1512013;1566262;1619219;1669886;1717634;1762927;1806456;1847353;1884307;1917047;1946213;1971377;1997388;2031094;2076107
90+;155814;155891;163643;175211;188114;200858;213666;226913;240102;252916;265178;277513;290381;304062;318955;335033;352599;372193;392729;412903;432174;451480;471355;492517;515998;542216;571089;602780;636664;672043;708423;746158;785393;826114;868408;912170;957358;1003936;1051543;1099797;1148335;1197201;1246463;1295445;1343371;1389754;1435003;1479630;1522751;1563205;1600637
Mulheres;;;;;;;;;;;;;;;;;;;;;;;;;;;;;;;;;;;;;;;;;;;;;;;;;;;
Faixa/Ano;2010;2011;2012;2013;2014;2015;2016;2017;2018;2019;2020;2021;2022;2023;2024;2025;2026;2027;2028;2029;2030;2031;2032;2033;2034;2035;2036;2037;2038;2039;2040;2041;2042;2043;2044;2045;2046;2047;2048;2049;2050;2051;2052;2053;2054;2055;2056;2057;2058;2059;2060
Total;99377384;100281097;101182880;102072857;102973443;103894681;104776947;105641142;106523727;107386830;108228003;109045796;109838053;110602740;111339419;112047789;112727035;113376404;113995082;114582791;115139700;115665408;116159210;116621044;117051060;117449293;117815406;118149104;118450544;118719830;118957171;119162795;119337126;119480622;119593399;119675564;119727205;119748659;119740229;119701812;119633216;119534576;119406275;119248372;119060759;118843450;118596844;118321643;118018167;117686696;117327705
0-4;7263764;7183672;7146734;7117833;7118380;7169933;7187889;7190134;7222256;7227109;7193522;7179982;7166137;7113891;7056677;6994870;6929250;6861293;6792194;6722744;6654037;6586337;6519598;6454447;6391297;6330138;6271102;6214564;6160612;6108982;6059465;6012111;5967335;5925166;5885245;5847195;5810739;5775493;5740911;5706506;5671785;5636480;5600319;5562831;5523765;5483054;5440735;5396945;5351779;5305522;5258613
05/set;7770558;7637972;7531062;7438466;7351496;7249311;7169869;7133599;7105448;7106623;7158677;7177142;7179697;7211861;7216770;7183323;7169960;7156303;7104326;7047419;6985900;6920581;6852877;6784045;6714850;6646363;6578895;6512362;6447397;6384445;6323461;6264603;6208226;6154420;6102930;6053551;6006316;5961661;5919602;5879787;5841839;5805471;5770319;5735832;5701526;5666895;5631683;5595595;5558186;5519183;5478538
out/14;8554717;8455975;8283444;8089460;7907189;7760725;7628594;7522151;7430076;7343636;7241977;7162974;7126965;7098900;7100083;7152115;7170599;7173253;7205511;7210562;7177282;7164048;7150542;7098698;7041966;6980597;6915428;6847872;6779177;6710109;6641753;6574416;6507997;6443143;6380305;6319417;6260645;6204358;6150638;6099240;6049944;6002767;5958172;5916169;5876419;5838532;5802229;5767135;5732686;5698445;5663861
15-19;8545250;8545134;8570279;8598599;8595020;8538650;8440520;8268820;8075784;7894402;7748661;7617127;7511038;7419176;7332931;7231549;7152834;7117070;7089291;7090699;7142889;7161564;7164386;7196775;7201976;7168912;7155813;7142450;7090800;7034246;6973050;6908061;6840690;6772161;6703265;6635057;6567880;6501607;6436888;6374173;6313409;6254781;6198609;6144996;6093699;6044510;5997404;5952900;5910984;5871292;5833479
20-24;8730663;8685493;8632453;8580317;8541427;8522158;8522717;8548800;8578290;8575788;8520321;8422885;8251703;8058974;7877885;7732483;7601342;7495658;7404243;7318466;7217578;7139311;7103911;7076466;7078134;7130480;7149348;7152369;7184898;7190262;7157419;7144496;7131292;7079875;7023532;6962566;6897786;6830618;6762308;6693616;6625610;6558621;6492525;6427989;6365439;6304827;6246359;6190324;6136849;6085691;6036629
25-29;8759504;8794137;8796721;8774734;8740162;8701585;8657447;8606118;8556279;8519370;8501472;8502840;8528874;8557655;8554527;8498854;8401581;8230970;8039027;7858757;7714059;7583553;7478411;7387513;7302222;7201834;7124040;7089005;7061927;7063862;7116357;7135441;7138679;7171317;7176856;7144248;7131490;7118444;7067259;7011155;6950430;6885878;6818953;6750864;6682397;6614606;6547836;6481935;6417581;6355208;6294775
30-34;8134662;8292656;8436024;8559102;8655506;8721648;8757209;8761261;8741379;8708998;8672472;8630132;8579691;8529636;8492259;8474016;8475221;8501254;8530339;8527750;8472728;8376209;8206534;8015554;7836195;7692298;7562495;7457948;7367599;7282839;7183027;7105766;7071153;7044471;7046705;7099349;7118636;7122075;7154825;7160535;7128176;7115614;7102753;7051834;6995993;6935527;6871248;6804590;6736770;6668550;6600995
35-39;7217581;7360304;7533612;7724944;7914003;8086921;8245277;8389416;8513782;8611601;8679124;8715968;8720848;8701247;8669057;8632896;8591073;8541313;8492081;8455572;8438085;8439927;8466470;8496006;8493933;8439591;8343905;8175308;7985451;7807181;7664189;7535215;7431349;7341643;7257512;7158362;7081715;7047557;7021303;7023870;7076626;7096104;7099748;7132620;7138481;7106437;7094056;7081379;7030761;6975247;6915100
40-44;6778692;6845790;6902814;6962420;7043480;7156924;7299989;7473560;7665266;7854763;8028138;8186940;8331214;8455331;8552992;8620632;8657882;8663516;8644914;8613835;8578785;8538059;8489410;8441231;8405668;8388994;8391500;8418532;8448480;8446908;8393336;8298619;8131367;7942935;7766032;7624247;7496313;7393283;7304357;7220983;7122693;7046803;7013207;6987448;6990375;7043194;7062864;7066709;7099631;7105657;7073965
45-49;6223923;6337962;6440833;6533234;6616280;6691951;6760080;6818469;6879600;6961901;7076085;7219386;7392473;7583125;7771526;7944063;8102291;8246251;8370379;8468309;8536458;8574475;8581121;8563724;8533946;8500200;8460770;8413422;8366506;8332082;8316353;8319588;8347101;8377429;8376405;8323746;8230289;8064839;7878391;7703408;7563258;7436796;7334913;7247051;7164700;7067565;6992692;6959806;6934682;6938034;6990866
50-54;5376771;5534017;5689298;5839169;5978738;6105077;6219391;6322798;6416015;6500061;6576796;6646021;6705438;6767236;6849760;6963705;7106337;7278291;7467575;7654669;7826144;7983521;8126854;8250652;8348545;8416994;8455692;8463413;8447385;8419115;8386869;8348985;8303205;8257827;8224756;8210111;8214142;8242078;8272708;8272262;8220740;8128940;7965977;7782295;7609981;7472079;7347622;7247303;7160879;7079920;6984373
55-59;4432743;4590633;4749890;4909737;5069150;5227119;5383125;5537330;5686330;5825240;5951176;6065299;6168619;6261809;6346002;6423020;6492695;6552788;6615246;6697988;6811458;6952954;7123064;7310048;7494871;7664408;7820119;7962106;8084941;8182318;8250753;8289954;8298764;8284278;8257737;8227267;8191196;8147302;8103751;8072269;8058871;8063723;8091991;8122772;8122927;8072809;7983158;7823559;7643653;7474984;7340157
60-64;3514780;3660366;3805267;3950635;4098973;4251517;4406707;4563335;4720676;4877607;5033165;5186796;5338620;5485311;5622167;5746464;5859310;5961715;6054307;6138173;6215013;6284717;6345103;6407794;6490177;6602344;6741631;6908565;7091767;7272814;7439034;7591869;7731387;7852281;7948365;8016235;8055661;8065487;8052664;8028119;7999680;7965774;7924151;7882847;7853280;7841324;7847086;7875513;7906215;7906918;7858543
65-69;2651990;2756408;2879605;3016173;3157397;3298030;3438872;3579276;3720291;3864254;4012244;4162815;4314753;4467342;4619567;4770537;4919734;5067255;5209895;5343114;5464296;5574519;5674802;5765692;5848178;5923895;5992761;6052710;6114911;6195985;6305561;6440967;6602686;6779782;6954755;7115536;7263504;7398788;7516234;7609815;7676222;7715300;7726054;7715112;7692923;7666987;7635743;7597019;7558569;7531415;7521177
70-74;2102224;2156789;2204652;2253926;2316429;2398670;2498217;2614903;2743842;2877091;3009885;3142991;3275848;3409374;3545763;3685934;3828611;3972652;4117387;4261854;4405172;4546874;4687048;4822679;4949468;5064985;5170268;5266293;5353559;5432924;5505888;5572460;5630751;5691223;5769421;5874274;6003151;6156325;6323635;6488820;6640747;6780731;6908947;7020499;7109604;7173107;7210968;7222358;7213525;7194194;7171363
75-79;1492784;1544677;1606315;1672386;1735303;1791602;1843027;1889061;1936628;1995878;2072284;2163783;2270175;2387224;2508065;2628645;2749655;2870706;2992562;3117106;3245094;3375377;3506991;3639270;3771408;3902531;4032250;4160652;4284966;4401296;4507406;4604325;4693006;4773850;4847542;4915432;4977539;5032292;5089135;5162077;5259045;5377458;5517370;5669626;5819805;5958073;6085643;6202786;6304934;6386709;6445168
80-84;1011816;1034783;1057594;1083186;1114797;1153777;1199670;1253255;1310296;1364756;1413939;1459433;1501065;1544334;1597295;1664180;1743331;1834577;1934437;2037456;2140390;2243880;2347676;2452397;2559507;2669564;2781618;2894907;3008818;3122667;3235703;3347602;3458462;3565860;3666442;3758266;3842366;3919622;3990318;4054925;4114525;4169257;4217871;4268491;4332980;4417881;4520736;4641272;4771766;4900246;5018661
85-89;515585;561054;595323;622495;645478;666361;686636;707112;729646;756364;788078;824584;866553;910910;953385;992126;1028467;1062520;1098244;1141243;1194404;1256505;1327396;1404534;1484026;1563596;1643821;1724600;1806345;1890062;1976064;2063667;2152289;2241448;2330625;2419249;2507052;2594154;2678588;2757716;2830025;2896448;2957798;3014175;3065860;3113604;3157654;3197122;3238392;3290628;3358671
90+;299377;303275;320960;346041;374235;402722;431711;461744;491843;521388;549987;578698;608342;639404;672708;708377;746862;789019;833124;877075;919928;962997;1007016;1053519;1104693;1161569;1223950;1292026;1365005;1441733;1521483;1604650;1691387;1781513;1874969;1971456;2070785;2172676;2276714;2382536;2489591;2597630;2706598;2814921;2920605;3022439;3121128;3217393;3310325;3398853;3482771
