Sergipe;;;;;;;;;;;;;;;;;;;;;;;;;;;;;;;;;;;;;;;;;;;;;;;;;;;
Dados;;;;;;;;;;;;;;;;;;;;;;;;;;;;;;;;;;;;;;;;;;;;;;;;;;;
Ano;População total;Homens;Mulheres;Nascimentos;Óbitos;Taxa de Crescimento Geométrico;Taxa Bruta de Natalidade;Taxa Bruta de Mortalidade;Esperança de Vida ao Nascer;Esperança de Vida ao Nascer - Homens;Esperança de Vida ao Nascer - Mulheres;Taxa de Mortalidade Infantil;Taxa de Mortalidade Infantil - Homens;Taxa de Mortalidade Infantil - Mulheres;Taxa de Fecundidade Total;Razão de Dependência - Jovens 0 a 14 anos;Razão de Dependência - Idosos 65 ou mais anos;Razão de Dependência;Índice de Envelhecimento;;;;;;;;;;;;;;;;;;;;;;;;;;;;;;;;
2010;2108297;1025034;1083263;34890;14468;x;16.55;6.86;71.02;66.93;75.24;22.58;25.02;20.01;1.82;41.08;9.17;50.25;22.34;;;;;;;;;;;;;;;;;;;;;;;;;;;;;;;;
2011;2130440;1034995;1095445;35804;14453;1.05;16.81;6.78;71.31;67.21;75.54;21.25;23.44;18.96;1.85;39.78;9.24;49.02;23.22;;;;;;;;;;;;;;;;;;;;;;;;;;;;;;;;
2012;2152329;1044825;1107504;34443;14489;1.03;16;6.73;71.6;67.47;75.84;20.05;22.02;17.98;1.76;38.48;9.34;47.82;24.23;;;;;;;;;;;;;;;;;;;;;;;;;;;;;;;;
2013;2173632;1054354;1119278;34768;14551;0.99;16;6.69;71.88;67.73;76.13;18.94;20.72;17.07;1.76;37.19;9.47;46.66;25.59;;;;;;;;;;;;;;;;;;;;;;;;;;;;;;;;
2014;2195015;1063925;1131090;34804;14652;0.98;15.86;6.68;72.15;67.99;76.41;17.94;19.55;16.24;1.75;36.05;9.62;45.68;26.72;;;;;;;;;;;;;;;;;;;;;;;;;;;;;;;;
2015;2216657;1073630;1143027;35543;14772;0.99;16.03;6.66;72.41;68.24;76.69;17.02;18.49;15.48;1.78;35.11;9.8;44.91;28.1;;;;;;;;;;;;;;;;;;;;;;;;;;;;;;;;
2016;2237132;1082741;1154391;32745;14890;0.92;14.64;6.66;72.67;68.48;76.95;16.19;17.53;14.78;1.63;34.23;10;44.23;29.11;;;;;;;;;;;;;;;;;;;;;;;;;;;;;;;;
2017;2257266;1091681;1165585;35167;15038;0.9;15.58;6.66;72.92;68.72;77.2;15.43;16.67;14.14;1.75;33.58;10.23;43.81;30.47;;;;;;;;;;;;;;;;;;;;;;;;;;;;;;;;
2018;2278308;1101092;1177216;34930;15222;0.93;15.33;6.68;73.17;68.96;77.45;14.75;15.89;13.56;1.74;33.05;10.49;43.54;31.74;;;;;;;;;;;;;;;;;;;;;;;;;;;;;;;;
2019;2298902;1110281;1188621;34679;15407;0.9;15.09;6.7;73.4;69.2;77.68;14.13;15.19;13.02;1.73;32.58;10.76;43.33;33.04;;;;;;;;;;;;;;;;;;;;;;;;;;;;;;;;
2020;2319032;1119242;1199790;34418;15602;0.88;14.84;6.73;73.64;69.42;77.91;13.58;14.56;12.54;1.72;32.11;11.04;43.15;34.38;;;;;;;;;;;;;;;;;;;;;;;;;;;;;;;;
2021;2338688;1127971;1210717;34175;15813;0.85;14.61;6.76;73.86;69.65;78.13;13.08;13.99;12.1;1.71;31.6;11.34;42.94;35.75;;;;;;;;;;;;;;;;;;;;;;;;;;;;;;;;
2022;2357840;1136455;1221385;33888;16041;0.82;14.37;6.8;74.08;69.87;78.34;12.62;13.49;11.71;1.71;31.16;11.66;42.82;37.61;;;;;;;;;;;;;;;;;;;;;;;;;;;;;;;;
2023;2376447;1144674;1231773;33593;16284;0.79;14.14;6.85;74.3;70.09;78.54;12.21;13.03;11.34;1.7;30.74;12;42.74;39.07;;;;;;;;;;;;;;;;;;;;;;;;;;;;;;;;
2024;2394484;1152617;1241867;33291;16545;0.76;13.9;6.91;74.5;70.3;78.74;11.84;12.62;11.02;1.69;30.35;12.37;42.73;40.85;;;;;;;;;;;;;;;;;;;;;;;;;;;;;;;;
2025;2411922;1160271;1251651;32965;16816;0.73;13.67;6.97;74.7;70.5;78.93;11.51;12.26;10.72;1.69;30.05;12.78;42.83;42.38;;;;;;;;;;;;;;;;;;;;;;;;;;;;;;;;
2026;2428742;1167627;1261115;32653;17104;0.7;13.44;7.04;74.9;70.71;79.11;11.22;11.93;10.46;1.68;29.75;13.22;42.96;44.23;;;;;;;;;;;;;;;;;;;;;;;;;;;;;;;;
2027;2444933;1174682;1270251;32335;17409;0.67;13.23;7.12;75.09;70.9;79.28;10.95;11.64;10.22;1.68;29.45;13.68;43.14;46.6;;;;;;;;;;;;;;;;;;;;;;;;;;;;;;;;
2028;2460470;1181423;1279047;32007;17728;0.64;13.01;7.21;75.27;71.1;79.45;10.71;11.38;10;1.68;29.19;14.18;43.38;48.53;;;;;;;;;;;;;;;;;;;;;;;;;;;;;;;;
2029;2475341;1187846;1287495;31690;18057;0.6;12.8;7.29;75.45;71.28;79.61;10.49;11.14;9.81;1.67;28.92;14.71;43.63;50.75;;;;;;;;;;;;;;;;;;;;;;;;;;;;;;;;
2030;2489543;1193951;1295592;31380;18402;0.57;12.6;7.39;75.62;71.47;79.76;10.3;10.94;9.63;1.67;28.61;15.26;43.86;53.27;;;;;;;;;;;;;;;;;;;;;;;;;;;;;;;;
2031;2503065;1199731;1303334;31048;18755;0.54;12.4;7.49;75.79;71.65;79.91;10.13;10.75;9.48;1.67;28.37;15.84;44.21;55.84;;;;;;;;;;;;;;;;;;;;;;;;;;;;;;;;
2032;2515898;1205179;1310719;30726;19126;0.51;12.21;7.6;75.94;71.82;80.05;9.97;10.58;9.33;1.67;28.13;16.45;44.58;58.46;;;;;;;;;;;;;;;;;;;;;;;;;;;;;;;;
2033;2528046;1210299;1317747;30433;19510;0.48;12.04;7.72;76.1;71.99;80.19;9.83;10.43;9.21;1.66;27.81;17.07;44.89;61.46;;;;;;;;;;;;;;;;;;;;;;;;;;;;;;;;
2034;2539516;1215097;1324419;30150;19908;0.45;11.87;7.84;76.25;72.16;80.32;9.71;10.3;9.09;1.66;27.5;17.69;45.2;64.55;;;;;;;;;;;;;;;;;;;;;;;;;;;;;;;;
2035;2550306;1219573;1330733;29880;20318;0.42;11.72;7.97;76.4;72.32;80.44;9.6;10.18;8.99;1.66;27.2;18.31;45.51;67.38;;;;;;;;;;;;;;;;;;;;;;;;;;;;;;;;
2036;2560404;1223724;1336680;29595;20737;0.4;11.56;8.1;76.54;72.48;80.56;9.5;10.07;8.9;1.66;26.9;18.92;45.82;70.65;;;;;;;;;;;;;;;;;;;;;;;;;;;;;;;;
2037;2569805;1227549;1342256;29337;21168;0.37;11.42;8.24;76.68;72.64;80.68;9.41;9.98;8.81;1.66;26.61;19.53;46.14;73.63;;;;;;;;;;;;;;;;;;;;;;;;;;;;;;;;
2038;2578518;1231055;1347463;29095;21612;0.34;11.28;8.38;76.81;72.79;80.79;9.33;9.89;8.74;1.66;26.34;20.13;46.47;76.11;;;;;;;;;;;;;;;;;;;;;;;;;;;;;;;;
2039;2586546;1234245;1352301;28863;22063;0.31;11.16;8.53;76.93;72.93;80.89;9.26;9.82;8.67;1.66;26.08;20.76;46.84;79.21;;;;;;;;;;;;;;;;;;;;;;;;;;;;;;;;
2040;2593896;1237124;1356772;28647;22522;0.28;11.04;8.68;77.06;73.08;80.99;9.2;9.75;8.61;1.66;25.84;21.43;47.27;82.86;;;;;;;;;;;;;;;;;;;;;;;;;;;;;;;;
2041;2600559;1239690;1360869;28419;22992;0.26;10.93;8.84;77.17;73.22;81.09;9.14;9.69;8.56;1.65;25.62;22.12;47.74;86.71;;;;;;;;;;;;;;;;;;;;;;;;;;;;;;;;
2042;2606540;1241947;1364593;28226;23466;0.23;10.83;9;77.29;73.35;81.18;9.09;9.63;8.51;1.65;25.43;22.85;48.28;90.06;;;;;;;;;;;;;;;;;;;;;;;;;;;;;;;;
2043;2611852;1243903;1367949;28040;23950;0.2;10.74;9.17;77.4;73.48;81.27;9.04;9.59;8.47;1.65;25.25;23.61;48.86;93.53;;;;;;;;;;;;;;;;;;;;;;;;;;;;;;;;
2044;2616494;1245557;1370937;27858;24438;0.18;10.65;9.34;77.51;73.61;81.35;9;9.54;8.43;1.65;25.1;24.4;49.5;97.02;;;;;;;;;;;;;;;;;;;;;;;;;;;;;;;;
2045;2620468;1246913;1373555;27689;24935;0.15;10.57;9.52;77.62;73.74;81.43;8.96;9.5;8.39;1.65;24.97;25.22;50.18;101.2;;;;;;;;;;;;;;;;;;;;;;;;;;;;;;;;
2046;2623766;1247968;1375798;27509;25440;0.13;10.48;9.7;77.71;73.86;81.51;8.93;9.47;8.36;1.65;24.85;26.05;50.91;104.85;;;;;;;;;;;;;;;;;;;;;;;;;;;;;;;;
2047;2626387;1248722;1377665;27345;25946;0.1;10.41;9.88;77.81;73.98;81.58;8.9;9.44;8.33;1.65;24.76;26.91;51.67;108.59;;;;;;;;;;;;;;;;;;;;;;;;;;;;;;;;
2048;2628337;1249179;1379158;27180;26454;0.07;10.34;10.06;77.91;74.09;81.66;8.88;9.41;8.31;1.65;24.68;27.79;52.47;112.35;;;;;;;;;;;;;;;;;;;;;;;;;;;;;;;;
2049;2629608;1249337;1380271;27009;26967;0.05;10.27;10.26;77.99;74.2;81.72;8.85;9.39;8.29;1.65;24.62;28.68;53.3;116.15;;;;;;;;;;;;;;;;;;;;;;;;;;;;;;;;
2050;2630195;1249196;1380999;26841;27483;0.02;10.2;10.45;78.08;74.31;81.79;8.83;9.37;8.27;1.65;24.58;29.58;54.16;120.75;;;;;;;;;;;;;;;;;;;;;;;;;;;;;;;;
2051;2630096;1248756;1381340;26668;27997;0;10.14;10.64;78.17;74.42;81.85;8.81;9.35;8.25;1.65;24.55;30.48;55.03;124.68;;;;;;;;;;;;;;;;;;;;;;;;;;;;;;;;
2052;2629311;1248019;1381292;26495;28511;-0.03;10.08;10.84;78.24;74.52;81.91;8.8;9.33;8.23;1.65;24.53;31.39;55.92;128.03;;;;;;;;;;;;;;;;;;;;;;;;;;;;;;;;
2053;2627834;1246983;1380851;26307;29019;-0.06;10.01;11.04;78.33;74.62;81.96;8.78;9.31;8.22;1.65;24.52;32.29;56.81;132.05;;;;;;;;;;;;;;;;;;;;;;;;;;;;;;;;
2054;2625660;1245646;1380014;26112;29521;-0.08;9.94;11.24;78.4;74.71;82.02;8.77;9.3;8.2;1.65;24.51;33.18;57.69;135.48;;;;;;;;;;;;;;;;;;;;;;;;;;;;;;;;
2055;2622791;1244009;1378782;25912;30013;-0.11;9.88;11.44;78.47;74.81;82.07;8.76;9.29;8.19;1.65;24.51;34.04;58.55;138.71;;;;;;;;;;;;;;;;;;;;;;;;;;;;;;;;
2056;2619237;1242076;1377161;25721;30500;-0.14;9.82;11.64;78.54;74.9;82.12;8.75;9.28;8.18;1.65;24.51;34.87;59.38;142.21;;;;;;;;;;;;;;;;;;;;;;;;;;;;;;;;
2057;2615013;1239854;1375159;25529;30973;-0.16;9.76;11.84;78.61;74.98;82.16;8.74;9.27;8.17;1.65;24.51;35.67;60.18;145.75;;;;;;;;;;;;;;;;;;;;;;;;;;;;;;;;
2058;2610119;1237343;1372776;25322;31440;-0.19;9.7;12.05;78.68;75.07;82.21;8.73;9.26;8.17;1.65;24.51;36.45;60.96;148.68;;;;;;;;;;;;;;;;;;;;;;;;;;;;;;;;
2059;2604560;1234544;1370016;25114;31888;-0.21;9.64;12.24;78.74;75.15;82.25;8.72;9.25;8.16;1.65;24.52;37.25;61.77;151.32;;;;;;;;;;;;;;;;;;;;;;;;;;;;;;;;
2060;2598353;1231465;1366888;24906;32321;-0.24;9.59;12.44;78.8;75.23;82.29;8.71;9.24;8.15;1.65;24.54;38.09;62.63;154.97;;;;;;;;;;;;;;;;;;;;;;;;;;;;;;;;
Faixas etárias;;;;;;;;;;;;;;;;;;;;;;;;;;;;;;;;;;;;;;;;;;;;;;;;;;;
Total;;;;;;;;;;;;;;;;;;;;;;;;;;;;;;;;;;;;;;;;;;;;;;;;;;;
Faixa/Ano;2010;2011;2012;2013;2014;2015;2016;2017;2018;2019;2020;2021;2022;2023;2024;2025;2026;2027;2028;2029;2030;2031;2032;2033;2034;2035;2036;2037;2038;2039;2040;2041;2042;2043;2044;2045;2046;2047;2048;2049;2050;2051;2052;2053;2054;2055;2056;2057;2058;2059;2060
Total;2108297;2130440;2152329;2173632;2195015;2216657;2237132;2257266;2278308;2298902;2319032;2338688;2357840;2376447;2394484;2411922;2428742;2444933;2460470;2475341;2489543;2503065;2515898;2528046;2539516;2550306;2560404;2569805;2578518;2586546;2593896;2600559;2606540;2611852;2616494;2620468;2623766;2626387;2628337;2629608;2630195;2630096;2629311;2627834;2625660;2622791;2619237;2615013;2610119;2604560;2598353
0-4;179065;176626;174782;172796;171333;171360;170354;169375;169979;170136;169642;169911;170087;168885;167627;166303;164903;163448;161954;160430;158900;157365;155810;154268;152758;151279;149842;148459;147126;145842;144611;143432;142311;141251;140240;139279;138359;137481;136624;135785;134948;134115;133284;132435;131562;130661;129734;128789;127826;126845;125856
05/set;186408;183669;182559;181557;180691;178832;176413;174585;172611;171157;171195;170200;169230;169837;169993;169507;169781;169960;168763;167511;166194;164801;163353;161868;160352;158833;157305;155759;154226;152724;151251;149821;148444;147116;145841;144612;143441;142322;141271;140260;139308;138393;137516;136663;135826;134992;134163;133338;132491;131620;130720
out/14;210938;208435;202881;196834;191202;186913;184172;183054;182051;181180;179317;176894;175061;173084;171627;171654;170653;169676;170273;170420;169927;170193;170366;169170;167920;166607;165224;163777;162299;160788;159273;157754;156211;154681;153184;151717;150291;148919;147589;146321;145094;143927;142813;141762;140755;139805;138895;138017;137167;136334;135503
15-19;204731;206131;208452;210836;211939;210964;208467;202935;196910;191299;187027;184298;183185;182180;181305;179449;177031;175199;173227;171771;171793;170789;169818;170414;170565;170080;170348;170529;169343;168103;166801;165426;163992;162522;161018;159513;158002;156466;154947;153459;151997;150579;149215;147893;146630;145410;144247;143139;142093;141092;140143
20-24;203434;203455;202903;202199;201996;202656;204080;206414;208810;209938;208998;206551;201085;195136;189602;185386;182708;181631;180656;179815;177994;175615;173813;171865;170436;170471;169487;168536;169143;169311;168840;169119;169307;168142;166922;165636;164279;162862;161409;159919;158432;156935;155413;153907;152436;150986;149580;148229;146922;145668;144462
25-29;192020;194423;196514;198209;199382;199975;200047;199556;198918;198772;199476;200938;203306;205729;206898;206017;203644;198279;192434;186998;182865;180255;179226;178295;177490;175709;173371;171606;169689;168286;168343;167383;166458;167078;167260;166809;167100;167303;166158;164961;163694;162360;160964;159533;158060;156592;155115;153611;152122;150671;149238
30-34;172642;176698;180460;183896;186998;189752;192168;194277;195987;197182;197810;197923;197473;196879;196770;197504;198981;201359;203789;204976;204136;201818;196537;190782;185424;181357;178794;177794;176898;176122;174377;172079;170348;168462;167089;167162;166228;165326;165958;166152;165723;166025;166239;165116;163941;162697;161384;160008;158594;157143;155693
35-39;150538;153835;157807;162222;166684;170936;174962;178698;182119;185212;187963;190377;192489;194210;195418;196068;196215;195794;195239;195159;195907;197394;199769;202198;203401;202597;200335;195140;189474;184203;180204;177692;176725;175864;175114;173408;171151;169453;167605;166265;166351;165442;164565;165208;165416;165005;165317;165542;164444;163288;162067
40-44;137747;140378;142325;143983;145956;148608;151884;155821;160192;164613;168830;172825;176538;179942;183024;185769;188178;190297;192023;193247;193921;194097;193716;193204;193159;193937;195442;197821;200253;201473;200710;198506;193405;187835;182657;178733;176277;175345;174515;173792;172128;169916;168254;166444;165135;165238;164355;163504;164152;164374;163984
45-49;115515;119849;124211;128407;132165;135344;137952;139894;141557;143531;146169;149416;153309;157629;162000;166163;170117;173792;177170;180229;182959;185361;187481;189217;190462;191168;191387;191055;190596;190593;191401;192921;195298;197725;198953;198227;196086;191095;185641;180578;176745;174359;173464;172670;171979;170355;168197;166575;164815;163543;163661
50-54;92020;95676;99650;103846;108121;112366;116596;120862;124970;128656;131783;134360;136300;137967;139941;142561;145771;149609;153854;158153;162250;166144;169774;173117;176155;178871;181270;183397;185145;186413;187154;187420;187141;186741;186788;187622;189153;191517;193928;195158;194478;192416;187565;182263;177346;173633;171331;170488;169730;169078;167506
55-59;74810;77259;79746;82368;85255;88487;92029;95881;99948;104092;108213;112325;116473;120471;124066;127132;129669;131597;133264;135227;137813;140970;144730;148883;153091;157108;160932;164497;167788;170788;173471;175849;177965;179713;180992;181762;182067;181845;181505;181598;182450;183976;186309;188685;189909;189274;187305;182621;177510;172768;169199
60-64;59757;61889;63994;66103;68278;70550;72906;75293;77813;80588;83690;87090;90781;94684;98661;102619;106574;110560;114414;117884;120855;123324;125222;126881;128824;131363;134442;138093;142115;146184;150078;153786;157251;160450;163374;165995;168325;170400;172124;173399;174182;174523;174357;174075;174215;175081;176586;178860;181171;182367;181777
65-69;44539;46337;48337;50456;52567;54606;56606;58594;60595;62653;64803;67026;69283;71664;74281;77205;80406;83885;87556;91300;95031;98760;102527;106176;109467;112299;114668;116514;118145;120042;122493;125445;128924;132749;136612;140317;143844;147146;150200;152997;155513;157751;159756;161429;162676;163460;163829;163724;163508;163693;164555
70-74;33087;34034;34976;35995;37193;38627;40250;42053;43958;45866;47714;49542;51369;53211;55113;57091;59129;61200;63381;65780;68455;71385;74558;77905;81324;84734;88148;91597;94942;97970;100585;102789;104531;106087;107894;110196;112947;116167;119691;123244;126653;129907;132954;135780;138373;140713;142801;144676;146250;147431;148192
75-79;22496;23146;23947;24829;25709;26550;27382;28213;29111;30162;31403;32800;34345;35978;37620;39215;40808;42410;44033;45704;47439;49219;51033;52939;55033;57365;59915;62674;65581;68548;71514;74486;77492;80412;83059;85356;87307;88875;90293;91934;94000;96439;99276;102366;105474;108462;111314;113992;116480;118772;120843
80-84;15054;15185;15334;15544;15855;16286;16824;17475;18187;18894;19576;20252;20937;21674;22528;23529;24645;25874;27171;28482;29760;31049;32355;33684;35050;36465;37912;39386;40931;42633;44519;46583;48813;51156;53548;55940;58342;60773;63138;65285;67155;68761;70070;71271;72656;74384;76403;78725;81237;83762;86192
85-89;7929;8268;8475;8617;8744;8870;9012;9169;9363;9623;9951;10347;10815;11323;11822;12305;12790;13287;13827;14441;15153;15938;16796;17702;18625;19526;20444;21381;22343;23326;24344;25378;26431;27537;28759;30109;31587;33173;34836;36536;38234;39941;41676;43360;44897;46230;47390;48357;49261;50302;51585
90+;5567;5147;4976;4935;4947;4975;5028;5117;5229;5348;5472;5613;5774;5964;6188;6445;6739;7076;7442;7814;8191;8588;9014;9478;9980;10537;11138;11790;12481;13197;13927;14690;15493;16331;17190;18075;18980;19919;20905;21965;23110;24331;25621;26974;28374;29813;31291;32818;34346;35809;37177
Homens;;;;;;;;;;;;;;;;;;;;;;;;;;;;;;;;;;;;;;;;;;;;;;;;;;;
Faixa/Ano;2010;2011;2012;2013;2014;2015;2016;2017;2018;2019;2020;2021;2022;2023;2024;2025;2026;2027;2028;2029;2030;2031;2032;2033;2034;2035;2036;2037;2038;2039;2040;2041;2042;2043;2044;2045;2046;2047;2048;2049;2050;2051;2052;2053;2054;2055;2056;2057;2058;2059;2060
Total;1025034;1034995;1044825;1054354;1063925;1073630;1082741;1091681;1101092;1110281;1119242;1127971;1136455;1144674;1152617;1160271;1167627;1174682;1181423;1187846;1193951;1199731;1205179;1210299;1215097;1219573;1223724;1227549;1231055;1234245;1237124;1239690;1241947;1243903;1245557;1246913;1247968;1248722;1249179;1249337;1249196;1248756;1248019;1246983;1245646;1244009;1242076;1239854;1237343;1234544;1231465
0-4;91382;90184;89278;88292;87567;87601;87100;86614;86935;87024;86781;86926;87023;86412;85774;85102;84389;83647;82886;82108;81326;80543;79749;78961;78190;77433;76699;75992;75311;74654;74025;73422;72848;72307;71789;71297;70827;70378;69940;69511;69083;68656;68231;67797;67350;66889;66415;65931;65439;64937;64432
05/set;94727;93416;92926;92485;92108;91211;90026;89127;88147;87429;87468;86974;86493;86816;86905;86665;86813;86914;86306;85672;85005;84295;83558;82801;82027;81253;80474;79685;78902;78135;77383;76653;75951;75272;74620;73993;73395;72822;72286;71768;71281;70815;70366;69931;69503;69077;68653;68231;67798;67354;66892
out/14;107296;106008;103121;99960;97028;94828;93518;93026;92587;92209;91311;90126;89225;88249;87530;87566;87072;86589;86909;86995;86754;86900;86998;86392;85760;85096;84392;83656;82903;82133;81360;80586;79798;79018;78255;77506;76779;76079;75400;74753;74127;73531;72961;72426;71910;71425;70961;70512;70079;69653;69230
15-19;102533;103455;104890;106363;107137;106775;105498;102634;99498;96589;94412;93119;92640;92206;91834;90946;89775;88882;87917;87208;87251;86760;86287;86611;86701;86468;86615;86719;86121;85497;84841;84145;83418;82672;81906;81142;80373;79593;78820;78064;77320;76598;75906;75232;74589;73969;73377;72812;72282;71768;71285
20-24;100262;100303;100084;99824;99862;100383;101326;102776;104263;105061;104733;103502;100698;97630;94789;92668;91422;90978;90578;90238;89385;88254;87390;86450;85766;85819;85347;84890;85223;85326;85105;85259;85371;84789;84183;83540;82859;82145;81414;80661;79911;79156;78387;77625;76883;76149;75438;74758;74094;73461;72850
25-29;93183;94367;95413;96275;96885;97212;97296;97127;96919;97004;97562;98536;100014;101524;102358;102079;100911;98194;95213;92458;90407;89220;88817;88454;88145;87324;86226;85392;84478;83818;83888;83438;83001;83344;83459;83255;83419;83545;82979;82391;81767;81104;80406;79693;78956;78223;77483;76730;75983;75257;74539
30-34;82747;84706;86521;88181;89686;91032;92230;93289;94166;94798;95154;95273;95140;94970;95086;95672;96660;98150;99669;100522;100280;99160;96514;93609;90918;88920;87768;87390;87054;86767;85977;84909;84103;83215;82578;82662;82233;81812;82167;82294;82105;82279;82416;81867;81297;80691;80045;79364;78666;77946;77227
35-39;71551;73036;74892;76995;79136;81177;83113;84913;86562;88061;89406;90605;91669;92556;93201;93575;93723;93615;93477;93617;94217;95216;96705;98223;99088;98874;97798;95216;92382;89757;87810;86700;86346;86035;85771;85009;83972;83194;82334;81721;81818;81409;81008;81372;81509;81334;81519;81664;81134;80581;79993
40-44;65766;66872;67602;68175;68924;70049;71519;73346;75420;77529;79545;81459;83242;84880;86371;87711;88908;89976;90869;91526;91919;92090;92011;91903;92068;92688;93697;95187;96704;97581;97397;96363;93853;91091;88533;86643;85574;85244;84956;84713;83980;82977;82226;81395;80807;80916;80526;80144;80516;80663;80503
45-49;54842;56878;58936;60906;62633;64039;65129;65858;66435;67188;68304;69756;71553;73592;75668;77650;79536;81295;82917;84393;85724;86916;87986;88887;89558;89972;90171;90125;90050;90243;90880;91898;93383;94894;95774;95614;94624;92193;89512;87032;85207;84183;83878;83614;83393;82690;81723;81002;80202;79640;79761
50-54;43272;44962;46782;48696;50654;52618;54584;56576;58487;60165;61540;62611;63344;63929;64687;65796;67226;68991;70980;73012;74953;76801;78532;80130;81593;82916;84107;85180;86090;86773;87213;87441;87431;87394;87620;88271;89293;90764;92260;93140;93009;92072;89736;87160;84779;83035;82068;81794;81557;81362;80694
55-59;34492;35591;36768;38042;39424;40921;42534;44275;46105;47979;49860;51749;53662;55503;57122;58460;59510;60240;60834;61591;62682;64081;65795;67729;69703;71591;73393;75085;76650;78090;79391;80570;81635;82545;83236;83695;83947;83974;83974;84226;84885;85901;87346;88813;89686;89582;88706;86484;84033;81769;80119
60-64;27844;28711;29491;30242;31061;32000;33037;34144;35343;36648;38059;39580;41220;42946;44717;46494;48284;50094;51842;53383;54663;55675;56395;56987;57737;58804;60157;61804;63657;65545;67355;69085;70715;72222;73615;74877;76026;77063;77957;78644;79109;79380;79440;79472;79746;80408;81402;82799;84215;85062;84982
65-69;20169;21039;22018;23040;24009;24876;25667;26385;27084;27841;28710;29667;30689;31795;32997;34298;35697;37210;38800;40432;42074;43728;45405;47030;48464;49665;50623;51320;51905;52636;53658;54939;56484;58222;59985;61681;63304;64836;66257;67573;68772;69864;70856;71717;72386;72845;73130;73221;73286;73578;74225
70-74;14396;14793;15192;15635;16173;16832;17585;18433;19316;20157;20912;21610;22249;22876;23559;24334;25186;26096;27076;28144;29298;30539;31878;33284;34733;36190;37662;39156;40604;41891;42971;43843;44494;45050;45742;46689;47859;49259;50822;52407;53932;55397;56782;58069;59265;60363;61364;62278;63077;63703;64143
75-79;9307;9559;9881;10236;10587;10917;11246;11578;11946;12392;12931;13544;14234;14952;15637;16257;16836;17372;17905;18482;19135;19850;20612;21431;22322;23283;24318;25432;26602;27806;29023;30252;31503;32718;33799;34713;35460;36032;36530;37147;37973;38978;40171;41495;42834;44123;45365;46543;47641;48667;49612
80-84;6016;5984;5972;5999;6080;6221;6412;6652;6916;7176;7422;7668;7921;8201;8537;8940;9395;9906;10435;10943;11403;11839;12249;12660;13105;13607;14152;14733;15358;16035;16762;17549;18394;19279;20191;21113;22048;23001;23928;24754;25455;26037;26492;26899;27400;28062;28854;29780;30801;31831;32826
85-89;3108;3208;3243;3246;3239;3230;3227;3240;3273;3339;3436;3561;3717;3884;4049;4205;4364;4529;4715;4933;5192;5480;5803;6137;6460;6753;7035;7302;7575;7871;8205;8562;8942;9350;9795;10270;10785;11334;11911;12506;13109;13720;14346;14954;15499;15958;16348;16663;16950;17304;17763
90+;2141;1923;1815;1762;1732;1708;1694;1688;1690;1692;1696;1705;1722;1753;1796;1853;1920;2004;2095;2189;2283;2384;2495;2620;2759;2917;3090;3285;3486;3687;3880;4076;4277;4486;4706;4943;5191;5454;5732;6032;6353;6699;7065;7452;7854;8270;8699;9144;9590;10008;10389
Mulheres;;;;;;;;;;;;;;;;;;;;;;;;;;;;;;;;;;;;;;;;;;;;;;;;;;;
Faixa/Ano;2010;2011;2012;2013;2014;2015;2016;2017;2018;2019;2020;2021;2022;2023;2024;2025;2026;2027;2028;2029;2030;2031;2032;2033;2034;2035;2036;2037;2038;2039;2040;2041;2042;2043;2044;2045;2046;2047;2048;2049;2050;2051;2052;2053;2054;2055;2056;2057;2058;2059;2060
Total;1083263;1095445;1107504;1119278;1131090;1143027;1154391;1165585;1177216;1188621;1199790;1210717;1221385;1231773;1241867;1251651;1261115;1270251;1279047;1287495;1295592;1303334;1310719;1317747;1324419;1330733;1336680;1342256;1347463;1352301;1356772;1360869;1364593;1367949;1370937;1373555;1375798;1377665;1379158;1380271;1380999;1381340;1381292;1380851;1380014;1378782;1377161;1375159;1372776;1370016;1366888
0-4;87683;86442;85504;84504;83766;83759;83254;82761;83044;83112;82861;82985;83064;82473;81853;81201;80514;79801;79068;78322;77574;76822;76061;75307;74568;73846;73143;72467;71815;71188;70586;70010;69463;68944;68451;67982;67532;67103;66684;66274;65865;65459;65053;64638;64212;63772;63319;62858;62387;61908;61424
05/set;91681;90253;89633;89072;88583;87621;86387;85458;84464;83728;83727;83226;82737;83021;83088;82842;82968;83046;82457;81839;81189;80506;79795;79067;78325;77580;76831;76074;75324;74589;73868;73168;72493;71844;71221;70619;70046;69500;68985;68492;68027;67578;67150;66732;66323;65915;65510;65107;64693;64266;63828
out/14;103642;102427;99760;96874;94174;92085;90654;90028;89464;88971;88006;86768;85836;84835;84097;84088;83581;83087;83364;83425;83173;83293;83368;82778;82160;81511;80832;80121;79396;78655;77913;77168;76413;75663;74929;74211;73512;72840;72189;71568;70967;70396;69852;69336;68845;68380;67934;67505;67088;66681;66273
15-19;102198;102676;103562;104473;104802;104189;102969;100301;97412;94710;92615;91179;90545;89974;89471;88503;87256;86317;85310;84563;84542;84029;83531;83803;83864;83612;83733;83810;83222;82606;81960;81281;80574;79850;79112;78371;77629;76873;76127;75395;74677;73981;73309;72661;72041;71441;70870;70327;69811;69324;68858
20-24;103172;103152;102819;102375;102134;102273;102754;103638;104547;104877;104265;103049;100387;97506;94813;92718;91286;90653;90078;89577;88609;87361;86423;85415;84670;84652;84140;83646;83920;83985;83735;83860;83936;83353;82739;82096;81420;80717;79995;79258;78521;77779;77026;76282;75553;74837;74142;73471;72828;72207;71612
25-29;98837;100056;101101;101934;102497;102763;102751;102429;101999;101768;101914;102402;103292;104205;104540;103938;102733;100085;97221;94540;92458;91035;90409;89841;89345;88385;87145;86214;85211;84468;84455;83945;83457;83734;83801;83554;83681;83758;83179;82570;81927;81256;80558;79840;79104;78369;77632;76881;76139;75414;74699
30-34;89895;91992;93939;95715;97312;98720;99938;100988;101821;102384;102656;102650;102333;101909;101684;101832;102321;103209;104120;104454;103856;102658;100023;97173;94506;92437;91026;90404;89844;89355;88400;87170;86245;85247;84511;84500;83995;83514;83791;83858;83618;83746;83823;83249;82644;82006;81339;80644;79928;79197;78466
35-39;78987;80799;82915;85227;87548;89759;91849;93785;95557;97151;98557;99772;100820;101654;102217;102493;102492;102179;101762;101542;101690;102178;103064;103975;104313;103723;102537;99924;97092;94446;92394;90992;90379;89829;89343;88399;87179;86259;85271;84544;84533;84033;83557;83836;83907;83671;83798;83878;83310;82707;82074
40-44;71981;73506;74723;75808;77032;78559;80365;82475;84772;87084;89285;91366;93296;95062;96653;98058;99270;100321;101154;101721;102002;102007;101705;101301;101091;101249;101745;102634;103549;103892;103313;102143;99552;96744;94124;92090;90703;90101;89559;89079;88148;86939;86028;85049;84328;84322;83829;83360;83636;83711;83481
45-49;60673;62971;65275;67501;69532;71305;72823;74036;75122;76343;77865;79660;81756;84037;86332;88513;90581;92497;94253;95836;97235;98445;99495;100330;100904;101196;101216;100930;100546;100350;100521;101023;101915;102831;103179;102613;101462;98902;96129;93546;91538;90176;89586;89056;88586;87665;86474;85573;84613;83903;83900
50-54;48748;50714;52868;55150;57467;59748;62012;64286;66483;68491;70243;71749;72956;74038;75254;76765;78545;80618;82874;85141;87297;89343;91242;92987;94562;95955;97163;98217;99055;99640;99941;99979;99710;99347;99168;99351;99860;100753;101668;102018;101469;100344;97829;95103;92567;90598;89263;88694;88173;87716;86812
55-59;40318;41668;42978;44326;45831;47566;49495;51606;53843;56113;58353;60576;62811;64968;66944;68672;70159;71357;72430;73636;75131;76889;78935;81154;83388;85517;87539;89412;91138;92698;94080;95279;96330;97168;97756;98067;98120;97871;97531;97372;97565;98075;98963;99872;100223;99692;98599;96137;93477;90999;89080
60-64;31913;33178;34503;35861;37217;38550;39869;41149;42470;43940;45631;47510;49561;51738;53944;56125;58290;60466;62572;64501;66192;67649;68827;69894;71087;72559;74285;76289;78458;80639;82723;84701;86536;88228;89759;91118;92299;93337;94167;94755;95073;95143;94917;94603;94469;94673;95184;96061;96956;97305;96795
65-69;24370;25298;26319;27416;28558;29730;30939;32209;33511;34812;36093;37359;38594;39869;41284;42907;44709;46675;48756;50868;52957;55032;57122;59146;61003;62634;64045;65194;66240;67406;68835;70506;72440;74527;76627;78636;80540;82310;83943;85424;86741;87887;88900;89712;90290;90615;90699;90503;90222;90115;90330
70-74;18691;19241;19784;20360;21020;21795;22665;23620;24642;25709;26802;27932;29120;30335;31554;32757;33943;35104;36305;37636;39157;40846;42680;44621;46591;48544;50486;52441;54338;56079;57614;58946;60037;61037;62152;63507;65088;66908;68869;70837;72721;74510;76172;77711;79108;80350;81437;82398;83173;83728;84049
75-79;13189;13587;14066;14593;15122;15633;16136;16635;17165;17770;18472;19256;20111;21026;21983;22958;23972;25038;26128;27222;28304;29369;30421;31508;32711;34082;35597;37242;38979;40742;42491;44234;45989;47694;49260;50643;51847;52843;53763;54787;56027;57461;59105;60871;62640;64339;65949;67449;68839;70105;71231
80-84;9038;9201;9362;9545;9775;10065;10412;10823;11271;11718;12154;12584;13016;13473;13991;14589;15250;15968;16736;17539;18357;19210;20106;21024;21945;22858;23760;24653;25573;26598;27757;29034;30419;31877;33357;34827;36294;37772;39210;40531;41700;42724;43578;44372;45256;46322;47549;48945;50436;51931;53366
85-89;4821;5060;5232;5371;5505;5640;5785;5929;6090;6284;6515;6786;7098;7439;7773;8100;8426;8758;9112;9508;9961;10458;10993;11565;12165;12773;13409;14079;14768;15455;16139;16816;17489;18187;18964;19839;20802;21839;22925;24030;25125;26221;27330;28406;29398;30272;31042;31694;32311;32998;33822
90+;3426;3224;3161;3173;3215;3267;3334;3429;3539;3656;3776;3908;4052;4211;4392;4592;4819;5072;5347;5625;5908;6204;6519;6858;7221;7620;8048;8505;8995;9510;10047;10614;11216;11845;12484;13132;13789;14465;15173;15933;16757;17632;18556;19522;20520;21543;22592;23674;24756;25801;26788
Brasil;;;;;;;;;;;;;;;;;;;;;;;;;;;;;;;;;;;;;;;;;;;;;;;;;;;
Dados;;;;;;;;;;;;;;;;;;;;;;;;;;;;;;;;;;;;;;;;;;;;;;;;;;;
Ano;População total;Homens;Mulheres;Nascimentos;Óbitos;Taxa de Crescimento Geométrico;Taxa Bruta de Natalidade;Taxa Bruta de Mortalidade;Esperança de Vida ao Nascer;Esperança de Vida ao Nascer - Homens;Esperança de Vida ao Nascer - Mulheres;Taxa de Mortalidade Infantil;Taxa de Mortalidade Infantil - Homens;Taxa de Mortalidade Infantil - Mulheres;Taxa de Fecundidade Total;Razão de Dependência - Jovens 0 a 14 anos;Razão de Dependência - Idosos 65 ou mais anos;Razão de Dependência;Índice de Envelhecimento;;;;;;;;;;;;;;;;;;;;;;;;;;;;;;;;
2010;194890682;95513298;99377384;2939435;1240083;x;15.08;6.36;73.86;70.21;77.6;17.22;18.76;15.59;1.75;36.32;10.77;47.09;29.55;;;;;;;;;;;;;;;;;;;;;;;;;;;;;;;;
2011;196603732;96322635;100281097;2974525;1247751;0.88;15.13;6.35;74.2;70.57;77.91;16.43;17.86;14.92;1.76;35.37;10.99;46.36;30.99;;;;;;;;;;;;;;;;;;;;;;;;;;;;;;;;
2012;198314934;97132054;101182880;2953890;1258235;0.87;14.89;6.34;74.52;70.91;78.22;15.69;17.03;14.29;1.75;34.45;11.24;45.68;32.63;;;;;;;;;;;;;;;;;;;;;;;;;;;;;;;;
2013;200004188;97931331;102072857;2953178;1270306;0.85;14.77;6.35;74.84;71.25;78.51;15.02;16.27;13.7;1.74;33.56;11.51;45.07;34.2;;;;;;;;;;;;;;;;;;;;;;;;;;;;;;;;
2014;201717541;98744098;102973443;3028202;1284346;0.86;15.01;6.37;75.14;71.57;78.78;14.4;15.58;13.16;1.78;32.78;11.81;44.59;36.12;;;;;;;;;;;;;;;;;;;;;;;;;;;;;;;;
2015;203475683;99581002;103894681;3070979;1299541;0.87;15.09;6.39;75.44;71.88;79.05;13.82;14.93;12.65;1.8;32.15;12.13;44.29;37.67;;;;;;;;;;;;;;;;;;;;;;;;;;;;;;;;
2016;205156587;100379640;104776947;2901053;1314164;0.83;14.14;6.41;75.72;72.18;79.31;13.29;14.35;12.19;1.7;31.57;12.49;44.05;39.73;;;;;;;;;;;;;;;;;;;;;;;;;;;;;;;;
2017;206804741;101163599;105641142;3020743;1330811;0.8;14.61;6.44;75.99;72.46;79.56;12.81;13.8;11.75;1.78;31.11;12.87;43.98;41.2;;;;;;;;;;;;;;;;;;;;;;;;;;;;;;;;
2018;208494900;101971173;106523727;3003585;1349693;0.82;14.41;6.47;76.25;72.74;79.8;12.35;13.31;11.35;1.77;30.75;13.28;44.03;43.19;;;;;;;;;;;;;;;;;;;;;;;;;;;;;;;;
2019;210147125;102760295;107386830;2984414;1368954;0.79;14.2;6.51;76.5;73;80.03;11.94;12.85;10.98;1.77;30.42;13.72;44.14;45.02;;;;;;;;;;;;;;;;;;;;;;;;;;;;;;;;
2020;211755692;103527689;108228003;2963516;1389144;0.77;13.99;6.56;76.74;73.26;80.25;11.56;12.43;10.64;1.76;30.11;14.18;44.29;46.89;;;;;;;;;;;;;;;;;;;;;;;;;;;;;;;;
2021;213317639;104271843;109045796;2940629;1410602;0.74;13.79;6.61;76.97;73.5;80.46;11.2;12.04;10.32;1.76;29.83;14.67;44.5;49.51;;;;;;;;;;;;;;;;;;;;;;;;;;;;;;;;
2022;214828540;104990487;109838053;2913688;1433605;0.71;13.56;6.67;77.19;73.74;80.67;10.88;11.68;10.03;1.75;29.63;15.19;44.82;51.22;;;;;;;;;;;;;;;;;;;;;;;;;;;;;;;;
2023;216284269;105681529;110602740;2885501;1458023;0.68;13.34;6.74;77.4;73.96;80.86;10.58;11.36;9.75;1.75;29.43;15.74;45.17;53.2;;;;;;;;;;;;;;;;;;;;;;;;;;;;;;;;
2024;217684462;106345043;111339419;2856690;1483777;0.65;13.12;6.82;77.6;74.17;81.05;10.3;11.05;9.5;1.74;29.26;16.31;45.56;55.72;;;;;;;;;;;;;;;;;;;;;;;;;;;;;;;;
2025;219029093;106981304;112047789;2827039;1510693;0.62;12.91;6.9;77.8;74.38;81.22;10.04;10.77;9.27;1.74;29.11;16.9;46.01;58.29;;;;;;;;;;;;;;;;;;;;;;;;;;;;;;;;
2026;220316530;107589495;112727035;2797674;1539159;0.59;12.7;6.99;77.98;74.57;81.39;9.8;10.51;9.05;1.74;28.95;17.51;46.45;60.61;;;;;;;;;;;;;;;;;;;;;;;;;;;;;;;;
2027;221545234;108168830;113376404;2768000;1569117;0.56;12.49;7.08;78.16;74.76;81.56;9.58;10.27;8.85;1.73;28.77;18.14;46.9;62.76;;;;;;;;;;;;;;;;;;;;;;;;;;;;;;;;
2028;222713669;108718587;113995082;2738355;1600375;0.53;12.3;7.19;78.32;74.94;81.71;9.37;10.05;8.66;1.73;28.59;18.78;47.37;65.46;;;;;;;;;;;;;;;;;;;;;;;;;;;;;;;;
2029;223821305;109238514;114582791;2710134;1632845;0.5;12.11;7.3;78.49;75.11;81.86;9.18;9.84;8.49;1.72;28.36;19.42;47.79;68.23;;;;;;;;;;;;;;;;;;;;;;;;;;;;;;;;
2030;224868462;109728762;115139700;2683440;1666427;0.47;11.93;7.41;78.64;75.28;82;9.01;9.65;8.33;1.72;28.08;20.06;48.14;71.05;;;;;;;;;;;;;;;;;;;;;;;;;;;;;;;;
2031;225854415;110189007;115665408;2655850;1700970;0.44;11.76;7.53;78.78;75.43;82.14;8.85;9.48;8.18;1.72;27.84;20.71;48.55;74.33;;;;;;;;;;;;;;;;;;;;;;;;;;;;;;;;
2032;226777802;110618592;116159210;2628742;1736861;0.41;11.59;7.66;78.92;75.58;82.27;8.7;9.32;8.05;1.72;27.61;21.36;48.97;77.3;;;;;;;;;;;;;;;;;;;;;;;;;;;;;;;;
2033;227638581;111017537;116621044;2603540;1773877;0.38;11.44;7.79;79.05;75.72;82.39;8.57;9.18;7.92;1.71;27.32;22.01;49.33;80.33;;;;;;;;;;;;;;;;;;;;;;;;;;;;;;;;
2034;228437122;111386062;117051060;2579544;1812136;0.35;11.29;7.93;79.18;75.86;82.51;8.44;9.04;7.81;1.71;27.04;22.65;49.69;83.43;;;;;;;;;;;;;;;;;;;;;;;;;;;;;;;;
2035;229173685;111724392;117449293;2557147;1851454;0.32;11.16;8.08;79.3;75.99;82.62;8.32;8.92;7.7;1.71;26.76;23.28;50.04;87.08;;;;;;;;;;;;;;;;;;;;;;;;;;;;;;;;
2036;229847832;112032426;117815406;2534413;1891832;0.29;11.03;8.23;79.42;76.11;82.73;8.22;8.8;7.6;1.7;26.48;23.9;50.39;90.34;;;;;;;;;;;;;;;;;;;;;;;;;;;;;;;;
2037;230459062;112309958;118149104;2513030;1933167;0.27;10.9;8.39;79.53;76.23;82.83;8.12;8.69;7.51;1.7;26.22;24.52;50.74;93.68;;;;;;;;;;;;;;;;;;;;;;;;;;;;;;;;
2038;231007871;112557327;118450544;2493021;1975283;0.24;10.79;8.55;79.63;76.34;82.93;8.02;8.59;7.42;1.7;25.97;25.13;51.1;96.51;;;;;;;;;;;;;;;;;;;;;;;;;;;;;;;;
2039;231494650;112774820;118719830;2473758;2017958;0.21;10.69;8.72;79.73;76.45;83.02;7.93;8.49;7.34;1.7;25.74;25.77;51.52;100;;;;;;;;;;;;;;;;;;;;;;;;;;;;;;;;
2040;231919922;112962751;118957171;2455519;2060782;0.18;10.59;8.89;79.83;76.55;83.11;7.85;8.4;7.27;1.69;25.54;26.46;51.99;103.57;;;;;;;;;;;;;;;;;;;;;;;;;;;;;;;;
2041;232284233;113121438;119162795;2437785;2103915;0.16;10.49;9.06;79.92;76.65;83.2;7.77;8.32;7.2;1.69;25.35;27.18;52.53;107.23;;;;;;;;;;;;;;;;;;;;;;;;;;;;;;;;
2042;232588580;113251454;119337126;2422219;2147419;0.13;10.41;9.23;80;76.74;83.28;7.7;8.24;7.13;1.69;25.19;27.93;53.13;110.3;;;;;;;;;;;;;;;;;;;;;;;;;;;;;;;;
2043;232834065;113353443;119480622;2407325;2191168;0.11;10.34;9.41;80.09;76.83;83.36;7.63;8.16;7.06;1.69;25.06;28.73;53.78;114.72;;;;;;;;;;;;;;;;;;;;;;;;;;;;;;;;
2044;233020996;113427597;119593399;2392409;2234730;0.08;10.27;9.59;80.17;76.92;83.43;7.56;8.09;7;1.69;24.94;29.55;54.49;118.63;;;;;;;;;;;;;;;;;;;;;;;;;;;;;;;;
2045;233149625;113474061;119675564;2377677;2278119;0.06;10.2;9.77;80.24;77;83.5;7.5;8.02;6.95;1.68;24.85;30.4;55.25;122.5;;;;;;;;;;;;;;;;;;;;;;;;;;;;;;;;
2046;233220257;113493052;119727205;2363150;2321466;0.03;10.13;9.95;80.31;77.08;83.57;7.44;7.96;6.9;1.68;24.77;31.27;56.04;125.79;;;;;;;;;;;;;;;;;;;;;;;;;;;;;;;;
2047;233233670;113485011;119748659;2349527;2364398;0.01;10.07;10.14;80.38;77.16;83.63;7.39;7.9;6.84;1.68;24.72;32.17;56.89;129.75;;;;;;;;;;;;;;;;;;;;;;;;;;;;;;;;
2048;233190482;113450253;119740229;2335541;2407046;-0.02;10.02;10.32;80.45;77.23;83.7;7.33;7.84;6.8;1.68;24.68;33.08;57.76;134.62;;;;;;;;;;;;;;;;;;;;;;;;;;;;;;;;
2049;233090464;113388652;119701812;2320604;2449148;-0.04;9.96;10.51;80.51;77.3;83.75;7.29;7.79;6.75;1.68;24.66;33.99;58.64;138.06;;;;;;;;;;;;;;;;;;;;;;;;;;;;;;;;
2050;232933276;113300060;119633216;2304717;2490559;-0.07;9.89;10.69;80.57;77.37;83.81;7.24;7.74;6.71;1.68;24.64;34.88;59.52;142.21;;;;;;;;;;;;;;;;;;;;;;;;;;;;;;;;
2051;232719169;113184593;119534576;2288973;2531362;-0.09;9.84;10.88;80.63;77.43;83.86;7.2;7.69;6.67;1.67;24.63;35.76;60.38;144.81;;;;;;;;;;;;;;;;;;;;;;;;;;;;;;;;
2052;232448867;113042592;119406275;2273127;2571362;-0.12;9.78;11.06;80.68;77.49;83.91;7.16;7.65;6.64;1.67;24.62;36.62;61.24;148.37;;;;;;;;;;;;;;;;;;;;;;;;;;;;;;;;
2053;232122448;112874076;119248372;2255972;2610595;-0.14;9.72;11.25;80.74;77.55;83.96;7.12;7.61;6.6;1.67;24.62;37.45;62.07;151.97;;;;;;;;;;;;;;;;;;;;;;;;;;;;;;;;
2054;231739632;112678873;119060759;2237804;2648830;-0.16;9.66;11.43;80.78;77.61;84;7.08;7.57;6.57;1.67;24.62;38.26;62.89;155.63;;;;;;;;;;;;;;;;;;;;;;;;;;;;;;;;
2055;231300323;112456873;118843450;2218450;2686056;-0.19;9.59;11.61;80.83;77.66;84.04;7.05;7.54;6.54;1.67;24.63;39.05;63.68;159.33;;;;;;;;;;;;;;;;;;;;;;;;;;;;;;;;
2056;230805223;112208379;118596844;2199622;2722232;-0.21;9.53;11.79;80.88;77.71;84.08;7.02;7.5;6.51;1.67;24.63;39.81;64.43;161.33;;;;;;;;;;;;;;;;;;;;;;;;;;;;;;;;
2057;230255685;111934042;118321643;2180831;2757317;-0.24;9.47;11.98;80.92;77.76;84.12;6.99;7.47;6.48;1.66;24.62;40.52;65.15;164.43;;;;;;;;;;;;;;;;;;;;;;;;;;;;;;;;
2058;229652286;111634119;118018167;2161015;2791329;-0.26;9.41;12.15;80.96;77.81;84.16;6.96;7.44;6.46;1.66;24.62;41.22;65.84;168.24;;;;;;;;;;;;;;;;;;;;;;;;;;;;;;;;
2059;228995541;111308845;117686696;2141033;2824224;-0.29;9.35;12.33;81;77.86;84.19;6.94;7.41;6.44;1.66;24.61;41.91;66.53;170.27;;;;;;;;;;;;;;;;;;;;;;;;;;;;;;;;
2060;228286347;110958642;117327705;2120842;2856059;-0.31;9.29;12.51;81.04;77.9;84.23;6.91;7.39;6.42;1.66;24.61;42.62;67.23;173.47;;;;;;;;;;;;;;;;;;;;;;;;;;;;;;;;
Faixas etárias;;;;;;;;;;;;;;;;;;;;;;;;;;;;;;;;;;;;;;;;;;;;;;;;;;;
Total;;;;;;;;;;;;;;;;;;;;;;;;;;;;;;;;;;;;;;;;;;;;;;;;;;;
Faixa/Ano;2010;2011;2012;2013;2014;2015;2016;2017;2018;2019;2020;2021;2022;2023;2024;2025;2026;2027;2028;2029;2030;2031;2032;2033;2034;2035;2036;2037;2038;2039;2040;2041;2042;2043;2044;2045;2046;2047;2048;2049;2050;2051;2052;2053;2054;2055;2056;2057;2058;2059;2060
Total;194890682;196603732;198314934;200004188;201717541;203475683;205156587;206804741;208494900;210147125;211755692;213317639;214828540;216284269;217684462;219029093;220316530;221545234;222713669;223821305;224868462;225854415;226777802;227638581;228437122;229173685;229847832;230459062;231007871;231494650;231919922;232284233;232588580;232834065;233020996;233149625;233220257;233233670;233190482;233090464;232933276;232719169;232448867;232122448;231739632;231300323;230805223;230255685;229652286;228995541;228286347
0-4;14858280;14697433;14624301;14567170;14570070;14677159;14715112;14720776;14787557;14798332;14730311;14703281;14675523;14569055;14452355;14326234;14192256;14053426;13912226;13770272;13629815;13491399;13354905;13221642;13092489;12967369;12846604;12730937;12620549;12514918;12413588;12316709;12225086;12138798;12057106;11979238;11904624;11832490;11761709;11691308;11620256;11547982;11473958;11397201;11317212;11233863;11147191;11057520;10965028;10870292;10774218
05/set;15865195;15600504;15387507;15203145;15029641;14824271;14664918;14593299;14537829;14542132;14650311;14689394;14695773;14762671;14773628;14705941;14679311;14652033;14546208;14430226;14304778;14171490;14033278;13892710;13751331;13611405;13473529;13337523;13204728;13076037;12951361;12830995;12715703;12605672;12500387;12399373;12302790;12211456;12125433;12043993;11966376;11891973;11820071;11749531;11679356;11608504;11536459;11462615;11386046;11306224;11223031
out/14;17397304;17216843;16880174;16495325;16131984;15840860;15577214;15365237;15182024;15009676;14805478;14647164;14576191;14520972;14525347;14633526;14672711;14679300;14746432;14757724;14690423;14664114;14637176;14531700;14416109;14291049;14158125;14020272;13880038;13738984;13599376;13461829;13326122;13193611;13065182;12940762;12820626;12705545;12595720;12490655;12389855;12293466;12202305;12116445;12035156;11957694;11883455;11811703;11741278;11671246;11600532
15-19;17219086;17238401;17315601;17402809;17424089;17334096;17155615;16821630;16439846;16079464;15790863;15529387;15318916;15136923;14965724;14762869;14605891;14536019;14481942;14487286;14596110;14635967;14643187;14710785;14722659;14656163;14630405;14603997;14499263;14384409;14260078;14127872;13990752;13851207;13710840;13571863;13434947;13299846;13167907;13040010;12916108;12796510;12681921;12572557;12467934;12367551;12271531;12180736;12095228;12014265;11937109
20-24;17476779;17396868;17296030;17195219;17124785;17100769;17122881;17203520;17294780;17319853;17233266;17057794;16726717;16347561;15989803;15703800;15444924;15236871;15057313;14888503;14688175;14533531;14465563;14413260;14420025;14529708;14570602;14578856;14647162;14659931;14594614;14569782;14544238;14440723;14327061;14203946;14072906;13936948;13798559;13659314;13521425;13385549;13251456;13120499;12993545;12870528;12751775;12637977;12529386;12425516;12325847
25-29;17334110;17423848;17454135;17436877;17391346;17331851;17256322;17161679;17068593;17004904;16985866;17011218;17092427;17182193;17206153;17119972;16946247;16618500;16243415;15889766;15607291;15351552;15146240;14969263;14802897;14605190;14452983;14386955;14336521;14344709;14455193;14497153;14506501;14575436;14589082;14524961;14501063;14476422;14374170;14261783;14139942;14010163;13875462;13738287;13600246;13463536;13328803;13195813;13065893;12939931;12817887
30-34;15955949;16275019;16567575;16822855;17028854;17178656;17271648;17306947;17296659;17258318;17205416;17135646;17044190;16951251;16886952;16867543;16892885;16974395;17065211;17091062;17007393;16836728;16512899;16141856;15792033;15512843;15259983;15057188;14882572;14718488;14523256;14373318;14309113;14260407;14269902;14381026;14423898;14434174;14503630;14518027;14455019;14431957;14408126;14307058;14195853;14075191;13946610;13813084;13677088;13540196;13404578
35-39;14075108;14350827;14689558;15066579;15441748;15787821;16107943;16402815;16661965;16872342;17026545;17123723;17161844;17152616;17115112;17063584;16995707;16906691;16816670;16755274;16738294;16765601;16848588;16940702;16968189;16886844;16719129;16399166;16032170;15686230;15410325;15160396;14960090;14787787;14625966;14433207;14285523;14223058;14175984;14186704;14298311;14341981;14353071;14422945;14437977;14376076;14353778;14330671;14230768;14120755;14001307
40-44;13184170;13311309;13414041;13519509;13668343;13884283;14161178;14500831;14879035;15255513;15602974;15924417;16219710;16478229;16688213;16842846;16941312;16981681;16975459;16941357;16893256;16828804;16743240;16656520;16598022;16583446;16612647;16696902;16790065;16818996;16739962;16575282;16259556;15897111;15555535;15283397;15036761;14839171;14669407;14510049;14320041;14174828;14114206;14068807;14080737;14192649;14236987;14248844;14318948;14334584;14273861
45-49;11992439;12218181;12426314;12615601;12784211;12933598;13064058;13171048;13281287;13434076;13652504;13930420;14269004;14644402;15017933;15363171;15683089;15977567;16236139;16446903;16602926;16703462;16746553;16743579;16713006;16668492;16607681;16525845;16442743;16387431;16375387;16406437;16491724;16585608;16615819;16539189;16377988;16067408;15710668;15374594;15107158;14864721;14670479;14503796;14347422;14160785;14018586;13960052;13916591;13929788;14041783
50-54;10276773;10574366;10868062;11152415;11419933;11666086;11892707;12102371;12293932;12465329;12617804;12751592;12861867;12974530;13128538;13346782;13623237;13959030;14330885;14700984;15043388;15361008;15653779;15911350;16121912;16278600;16380728;16426408;16426757;16399939;16359306;16302574;16224958;16146006;16094242;16084875;16117711;16203642;16297801;16329111;16255195;16098244;15794311;15445094;15116301;14855005;14618039;14428117;14265353;14112793;13930535
55-59;8387564;8679820;8977656;9278724;9579705;9877881;10172542;10463716;10746091;11012111;11257277;11483368;11692613;11883880;12055490;12208751;12343963;12456465;12571436;12726473;12943766;13217366;13548288;13914012;14277951;14615019;14928011;15216929;15471607;15680383;15836527;15939411;15987269;15990939;15968053;15931630;15879345;15806522;15732281;15684468;15677945;15712380;15798347;15891980;15924009;15853162;15701406;15406171;15066946;14747850;14494713
60-64;6596741;6859058;7119004;7379912;7647936;7926230;8211893;8503042;8797470;9091910;9383728;9672175;9957156;10233460;10493988;10734491;10956693;11162776;11351609;11521660;11673982;11809015;11922324;12038067;12192258;12406090;12673729;12996043;13351492;13705082;14032901;14337648;14619346;14868106;15072540;15226101;15328313;15377469;15384059;15365094;15332980;15285499;15218052;15149158;15105746;15102049;15137666;15222586;15314436;15346470;15279016
65-69;4905988;5095516;5318713;5565313;5819304;6071240;6322755;6572590;6823731;7081680;7349244;7623733;7903288;8185834;8468411;8748627;9025766;9299757;9565627;9816554;10048512;10263166;10462649;10645868;10811283;10959940;11092321;11204363;11318835;11469648;11676652;11934133;12242752;12582173;12919685;13232909;13524376;13794222;14032965;14229585;14377822;14477368;14526754;14535915;14520894;14493445;14451348;14390212;14327671;14289289;14288480
70-74;3792042;3889352;3974955;4063519;4175947;4323465;4501441;4709484;4938529;5174388;5408663;5642901;5876091;6110754;6351769;6601500;6857600;7118354;7381902;7645534;7907040;8165785;8421765;8670307;8905063;9122289;9323635;9511104;9683679;9839876;9980630;10106571;10214158;10324288;10467931;10663049;10904126;11191369;11506226;11819031;12109555;12380193;12631212;12853724;13037277;13176002;13269879;13317776;13328895;13317878;13295484
75-79;2597990;2688798;2797237;2913384;3023576;3121818;3211601;3292375;3376250;3480536;3614389;3774018;3959070;4161906;4370673;4578361;4786387;4994114;5203523;5418622;5641260;5869405;6101656;6336314;6571128;6804078;7034690;7263005;7484798;7694408;7888458;8068562;8236631;8391702;8532383;8659541;8773851;8872509;8973811;9104799;9280868;9496727;9752138;10030863;10307408;10564467;10804204;11027068;11224976;11388373;11511971
80-84;1689444;1727063;1764898;1807817;1861166;1926871;2004365;2095235;2191860;2283815;2366558;2443191;2513706;2587330;2677251;2790280;2923509;3076687;3243763;3415649;3586931;3758879;3931160;4105249;4284098;4468984;4658301;4850986;5045614;5240341;5433588;5624985;5814637;5998934;6173117;6334346;6484201;6624391;6754088;6872004;6978835;7075422;7159683;7246694;7358416;7506972;7687508;7899218;8128899;8356311;8567809
85-89;830529;901360;954570;996763;1032554;1065148;1097017;1129489;1165517;1208442;1259330;1318006;1385731;1457236;1525459;1587405;1645581;1700356;1758056;1827478;1913020;2012666;2126181;2249361;2375978;2502391;2629690;2757777;2887609;3021064;3158814;3299768;3443164;3587930;3732788;3876586;4019065;4160416;4297807;4427602;4547659;4659375;4764254;4861528;4950167;5030651;5103867;5168499;5235780;5321722;5434778
90+;455191;459166;484603;521252;562349;603580;645377;688657;731945;774304;815165;856211;898723;943466;991663;1043410;1099461;1161212;1225853;1289978;1352102;1414477;1478371;1546036;1620691;1703785;1795039;1894806;2001669;2113776;2229906;2350808;2476780;2607627;2743377;2883626;3028143;3176612;3328257;3482333;3637926;3794831;3953061;4110366;4263976;4412193;4556131;4697023;4833076;4962058;5083408
Homens;;;;;;;;;;;;;;;;;;;;;;;;;;;;;;;;;;;;;;;;;;;;;;;;;;;
Faixa/Ano;2010;2011;2012;2013;2014;2015;2016;2017;2018;2019;2020;2021;2022;2023;2024;2025;2026;2027;2028;2029;2030;2031;2032;2033;2034;2035;2036;2037;2038;2039;2040;2041;2042;2043;2044;2045;2046;2047;2048;2049;2050;2051;2052;2053;2054;2055;2056;2057;2058;2059;2060
Total;95513298;96322635;97132054;97931331;98744098;99581002;100379640;101163599;101971173;102760295;103527689;104271843;104990487;105681529;106345043;106981304;107589495;108168830;108718587;109238514;109728762;110189007;110618592;111017537;111386062;111724392;112032426;112309958;112557327;112774820;112962751;113121438;113251454;113353443;113427597;113474061;113493052;113485011;113450253;113388652;113300060;113184593;113042592;112874076;112678873;112456873;112208379;111934042;111634119;111308845;110958642
0-4;7594516;7513761;7477567;7449337;7451690;7507226;7527223;7530642;7565301;7571223;7536789;7523299;7509386;7455164;7395678;7331364;7263006;7192133;7120032;7047528;6975778;6905062;6835307;6767195;6701192;6637231;6575502;6516373;6459937;6405936;6354123;6304598;6257751;6213632;6171861;6132043;6093885;6056997;6020798;5984802;5948471;5911502;5873639;5834370;5793447;5750809;5706456;5660575;5613249;5564770;5515605
05/set;8094637;7962532;7856445;7764679;7678145;7574960;7495049;7459700;7432381;7435509;7491634;7512252;7516076;7550810;7556858;7522618;7509351;7495730;7441882;7382807;7318878;7250909;7180401;7108665;7036481;6965042;6894634;6825161;6757331;6691592;6627900;6566392;6507477;6451252;6397457;6345822;6296474;6249795;6205831;6164206;6124537;6086502;6049752;6013699;5977830;5941609;5904776;5867020;5827860;5787041;5744493
out/14;8842587;8760868;8596730;8405865;8224795;8080135;7948620;7843086;7751948;7666040;7563501;7484190;7449226;7422072;7425264;7481411;7502112;7506047;7540921;7547162;7513141;7500066;7486634;7433002;7374143;7310452;7242697;7172400;7100861;7028875;6957623;6887413;6818125;6750468;6684877;6621345;6559981;6501187;6445082;6391415;6339911;6290699;6244133;6200276;6158737;6119162;6081226;6044568;6008592;5972801;5936671
15-19;8673836;8693267;8745322;8804210;8829069;8795446;8715095;8552810;8364062;8185062;8042202;7912260;7807878;7717747;7632793;7531320;7453057;7418949;7392651;7396587;7453221;7474403;7478801;7514010;7520683;7487251;7474592;7461547;7408463;7350163;7287028;7219811;7150062;7079046;7007575;6936806;6867067;6798239;6731019;6665837;6602699;6541729;6483312;6427561;6374235;6323041;6274127;6227836;6184244;6142973;6103630
20-24;8746116;8711375;8663577;8614902;8583358;8578611;8600164;8654720;8716490;8744065;8712945;8634909;8475014;8288587;8111918;7971317;7843582;7741213;7653070;7570037;7470597;7394220;7361652;7336794;7341891;7399228;7421254;7426487;7462264;7469669;7437195;7425286;7412946;7360848;7303529;7241380;7175120;7106330;7036251;6965698;6895815;6826928;6758931;6692510;6628106;6565701;6505416;6447653;6392537;6339825;6289218
25-29;8574606;8629711;8657414;8662143;8651184;8630266;8598875;8555561;8512314;8485534;8484394;8508378;8563553;8624538;8651626;8621118;8544666;8387530;8204388;8031009;7893232;7767999;7667829;7581750;7500675;7403356;7328943;7297950;7274594;7280847;7338836;7361712;7367822;7404119;7412226;7380713;7369573;7357978;7306911;7250628;7189512;7124285;7056509;6987423;6917849;6848930;6780967;6713878;6648312;6584723;6523112
30-34;7821287;7982363;8131551;8263753;8373348;8457008;8514439;8545686;8555280;8549320;8532944;8505514;8464499;8421615;8394693;8393527;8417664;8473141;8534872;8563312;8534665;8460519;8306365;8126302;7955838;7820545;7697488;7599240;7514973;7435649;7340229;7267552;7237960;7215936;7223197;7281677;7305262;7312099;7348805;7357492;7326843;7316343;7305373;7255224;7199860;7139664;7075362;7008494;6940318;6871646;6803583
35-39;6857527;6990523;7155946;7341635;7527745;7700900;7862666;8013399;8148183;8260741;8347421;8407755;8440996;8451369;8446055;8430688;8404634;8365378;8324589;8299702;8300209;8325674;8382118;8444696;8474256;8447253;8375224;8223858;8046719;7879049;7746136;7625181;7528741;7446144;7368454;7274845;7203808;7175501;7154681;7162834;7221685;7245877;7253323;7290325;7299496;7269639;7259722;7249292;7200007;7145508;7086207
40-44;6405478;6465519;6511227;6557089;6624863;6727359;6861189;7027271;7213769;7400750;7574836;7737477;7888496;8022898;8135221;8222214;8283430;8318165;8330545;8327522;8314471;8290745;8253830;8215289;8192354;8194452;8221147;8278370;8341585;8372088;8346626;8276663;8128189;7954176;7789503;7659150;7540448;7445888;7365050;7289066;7197348;7128025;7100999;7081359;7090362;7149455;7174123;7182135;7219317;7228927;7199896
45-49;5768516;5880219;5985481;6082367;6167931;6241647;6303978;6352579;6401687;6472175;6576419;6711034;6876531;7061277;7246407;7419108;7580798;7731316;7865760;7978594;8066468;8128987;8165432;8179855;8179060;8168292;8146911;8112423;8076237;8055349;8059034;8086849;8144623;8208179;8239414;8215443;8147699;8002569;7832277;7671186;7543900;7427925;7335566;7256745;7182722;7093220;7025894;7000246;6981909;6991754;7050917
50-54;4900002;5040349;5178764;5313246;5441195;5561009;5673316;5779573;5877917;5965268;6041008;6105571;6156429;6207294;6278778;6383077;6516900;6680739;6863310;7046315;7217244;7377487;7526925;7660698;7773367;7861606;7925036;7962995;7979372;7980824;7972437;7953589;7921753;7888179;7869486;7874764;7903569;7961564;8025093;8056849;8034455;7969304;7828334;7662799;7506320;7382926;7270417;7180814;7104474;7032873;6946162
55-59;3954821;4089187;4227766;4368987;4510555;4650762;4789417;4926386;5059761;5186871;5306101;5418069;5523994;5622071;5709488;5785731;5851268;5903677;5956190;6028485;6132308;6264412;6425224;6603964;6783080;6950611;7107892;7254823;7386666;7498065;7585774;7649457;7688505;7706661;7710316;7704363;7688149;7659220;7628530;7612199;7619074;7648657;7706356;7769208;7801082;7780353;7718248;7582612;7423293;7272866;7154556
60-64;3081961;3198692;3313737;3429277;3548963;3674713;3805186;3939707;4076794;4214303;4350563;4485379;4618536;4748149;4871821;4988027;5097383;5201061;5297302;5383487;5458969;5524298;5577221;5630273;5702081;5803746;5932098;6087478;6259725;6432268;6593867;6745779;6887959;7015825;7124175;7209866;7272652;7311982;7331395;7336975;7333300;7319725;7293901;7266311;7252466;7260725;7290580;7347073;7408221;7439552;7420473
65-69;2253998;2339108;2439108;2549140;2661907;2773210;2883883;2993314;3103440;3217426;3337000;3460918;3588535;3718492;3848844;3978090;4106032;4232502;4355732;4473440;4584216;4688647;4787847;4880176;4963105;5036045;5099560;5151653;5203924;5273663;5371091;5493166;5640066;5802391;5964930;6117373;6260872;6395434;6516731;6619770;6701600;6762068;6800700;6820803;6827971;6826458;6815605;6793193;6769102;6757874;6767303
70-74;1689818;1732563;1770303;1809593;1859518;1924795;2003224;2094581;2194687;2297297;2398778;2499910;2600243;2701380;2806006;2915566;3028989;3145702;3264515;3383680;3501868;3618911;3734717;3847628;3955595;4057304;4153367;4244811;4330120;4406952;4474742;4534111;4583407;4633065;4698510;4788775;4900975;5035044;5182591;5330211;5468808;5599462;5722265;5833225;5927673;6002895;6058911;6095418;6115370;6123684;6124121
75-79;1105206;1144121;1190922;1240998;1288273;1330216;1368574;1403314;1439622;1484658;1542105;1610235;1688895;1774682;1862608;1949716;2036732;2123408;2210961;2301516;2396166;2494028;2594665;2697044;2799720;2901547;3002440;3102353;3199832;3293112;3381052;3464237;3543625;3617852;3684841;3744109;3796312;3840217;3884676;3942722;4021823;4119269;4234768;4361237;4487603;4606394;4718561;4824282;4920042;5001664;5066803
80-84;677628;692280;707304;724631;746369;773094;804695;841980;881564;919059;952619;983758;1012641;1042996;1079956;1126100;1180178;1242110;1309326;1378193;1446541;1514999;1583484;1652852;1724591;1799420;1876683;1956079;2036796;2117674;2197885;2277383;2356175;2433074;2506675;2576080;2641835;2704769;2763770;2817079;2864310;2906165;2941812;2978203;3025436;3089091;3166772;3257946;3357133;3456065;3549148
85-89;314944;340306;359247;374268;387076;398787;410381;422377;435871;452078;471252;493422;519178;546326;572074;595279;617114;637836;659812;686235;718616;756161;798785;844827;891952;938795;985869;1033177;1081264;1131002;1182750;1236101;1290875;1346482;1402163;1457337;1512013;1566262;1619219;1669886;1717634;1762927;1806456;1847353;1884307;1917047;1946213;1971377;1997388;2031094;2076107
90+;155814;155891;163643;175211;188114;200858;213666;226913;240102;252916;265178;277513;290381;304062;318955;335033;352599;372193;392729;412903;432174;451480;471355;492517;515998;542216;571089;602780;636664;672043;708423;746158;785393;826114;868408;912170;957358;1003936;1051543;1099797;1148335;1197201;1246463;1295445;1343371;1389754;1435003;1479630;1522751;1563205;1600637
Mulheres;;;;;;;;;;;;;;;;;;;;;;;;;;;;;;;;;;;;;;;;;;;;;;;;;;;
Faixa/Ano;2010;2011;2012;2013;2014;2015;2016;2017;2018;2019;2020;2021;2022;2023;2024;2025;2026;2027;2028;2029;2030;2031;2032;2033;2034;2035;2036;2037;2038;2039;2040;2041;2042;2043;2044;2045;2046;2047;2048;2049;2050;2051;2052;2053;2054;2055;2056;2057;2058;2059;2060
Total;99377384;100281097;101182880;102072857;102973443;103894681;104776947;105641142;106523727;107386830;108228003;109045796;109838053;110602740;111339419;112047789;112727035;113376404;113995082;114582791;115139700;115665408;116159210;116621044;117051060;117449293;117815406;118149104;118450544;118719830;118957171;119162795;119337126;119480622;119593399;119675564;119727205;119748659;119740229;119701812;119633216;119534576;119406275;119248372;119060759;118843450;118596844;118321643;118018167;117686696;117327705
0-4;7263764;7183672;7146734;7117833;7118380;7169933;7187889;7190134;7222256;7227109;7193522;7179982;7166137;7113891;7056677;6994870;6929250;6861293;6792194;6722744;6654037;6586337;6519598;6454447;6391297;6330138;6271102;6214564;6160612;6108982;6059465;6012111;5967335;5925166;5885245;5847195;5810739;5775493;5740911;5706506;5671785;5636480;5600319;5562831;5523765;5483054;5440735;5396945;5351779;5305522;5258613
05/set;7770558;7637972;7531062;7438466;7351496;7249311;7169869;7133599;7105448;7106623;7158677;7177142;7179697;7211861;7216770;7183323;7169960;7156303;7104326;7047419;6985900;6920581;6852877;6784045;6714850;6646363;6578895;6512362;6447397;6384445;6323461;6264603;6208226;6154420;6102930;6053551;6006316;5961661;5919602;5879787;5841839;5805471;5770319;5735832;5701526;5666895;5631683;5595595;5558186;5519183;5478538
out/14;8554717;8455975;8283444;8089460;7907189;7760725;7628594;7522151;7430076;7343636;7241977;7162974;7126965;7098900;7100083;7152115;7170599;7173253;7205511;7210562;7177282;7164048;7150542;7098698;7041966;6980597;6915428;6847872;6779177;6710109;6641753;6574416;6507997;6443143;6380305;6319417;6260645;6204358;6150638;6099240;6049944;6002767;5958172;5916169;5876419;5838532;5802229;5767135;5732686;5698445;5663861
15-19;8545250;8545134;8570279;8598599;8595020;8538650;8440520;8268820;8075784;7894402;7748661;7617127;7511038;7419176;7332931;7231549;7152834;7117070;7089291;7090699;7142889;7161564;7164386;7196775;7201976;7168912;7155813;7142450;7090800;7034246;6973050;6908061;6840690;6772161;6703265;6635057;6567880;6501607;6436888;6374173;6313409;6254781;6198609;6144996;6093699;6044510;5997404;5952900;5910984;5871292;5833479
20-24;8730663;8685493;8632453;8580317;8541427;8522158;8522717;8548800;8578290;8575788;8520321;8422885;8251703;8058974;7877885;7732483;7601342;7495658;7404243;7318466;7217578;7139311;7103911;7076466;7078134;7130480;7149348;7152369;7184898;7190262;7157419;7144496;7131292;7079875;7023532;6962566;6897786;6830618;6762308;6693616;6625610;6558621;6492525;6427989;6365439;6304827;6246359;6190324;6136849;6085691;6036629
25-29;8759504;8794137;8796721;8774734;8740162;8701585;8657447;8606118;8556279;8519370;8501472;8502840;8528874;8557655;8554527;8498854;8401581;8230970;8039027;7858757;7714059;7583553;7478411;7387513;7302222;7201834;7124040;7089005;7061927;7063862;7116357;7135441;7138679;7171317;7176856;7144248;7131490;7118444;7067259;7011155;6950430;6885878;6818953;6750864;6682397;6614606;6547836;6481935;6417581;6355208;6294775
30-34;8134662;8292656;8436024;8559102;8655506;8721648;8757209;8761261;8741379;8708998;8672472;8630132;8579691;8529636;8492259;8474016;8475221;8501254;8530339;8527750;8472728;8376209;8206534;8015554;7836195;7692298;7562495;7457948;7367599;7282839;7183027;7105766;7071153;7044471;7046705;7099349;7118636;7122075;7154825;7160535;7128176;7115614;7102753;7051834;6995993;6935527;6871248;6804590;6736770;6668550;6600995
35-39;7217581;7360304;7533612;7724944;7914003;8086921;8245277;8389416;8513782;8611601;8679124;8715968;8720848;8701247;8669057;8632896;8591073;8541313;8492081;8455572;8438085;8439927;8466470;8496006;8493933;8439591;8343905;8175308;7985451;7807181;7664189;7535215;7431349;7341643;7257512;7158362;7081715;7047557;7021303;7023870;7076626;7096104;7099748;7132620;7138481;7106437;7094056;7081379;7030761;6975247;6915100
40-44;6778692;6845790;6902814;6962420;7043480;7156924;7299989;7473560;7665266;7854763;8028138;8186940;8331214;8455331;8552992;8620632;8657882;8663516;8644914;8613835;8578785;8538059;8489410;8441231;8405668;8388994;8391500;8418532;8448480;8446908;8393336;8298619;8131367;7942935;7766032;7624247;7496313;7393283;7304357;7220983;7122693;7046803;7013207;6987448;6990375;7043194;7062864;7066709;7099631;7105657;7073965
45-49;6223923;6337962;6440833;6533234;6616280;6691951;6760080;6818469;6879600;6961901;7076085;7219386;7392473;7583125;7771526;7944063;8102291;8246251;8370379;8468309;8536458;8574475;8581121;8563724;8533946;8500200;8460770;8413422;8366506;8332082;8316353;8319588;8347101;8377429;8376405;8323746;8230289;8064839;7878391;7703408;7563258;7436796;7334913;7247051;7164700;7067565;6992692;6959806;6934682;6938034;6990866
50-54;5376771;5534017;5689298;5839169;5978738;6105077;6219391;6322798;6416015;6500061;6576796;6646021;6705438;6767236;6849760;6963705;7106337;7278291;7467575;7654669;7826144;7983521;8126854;8250652;8348545;8416994;8455692;8463413;8447385;8419115;8386869;8348985;8303205;8257827;8224756;8210111;8214142;8242078;8272708;8272262;8220740;8128940;7965977;7782295;7609981;7472079;7347622;7247303;7160879;7079920;6984373
55-59;4432743;4590633;4749890;4909737;5069150;5227119;5383125;5537330;5686330;5825240;5951176;6065299;6168619;6261809;6346002;6423020;6492695;6552788;6615246;6697988;6811458;6952954;7123064;7310048;7494871;7664408;7820119;7962106;8084941;8182318;8250753;8289954;8298764;8284278;8257737;8227267;8191196;8147302;8103751;8072269;8058871;8063723;8091991;8122772;8122927;8072809;7983158;7823559;7643653;7474984;7340157
60-64;3514780;3660366;3805267;3950635;4098973;4251517;4406707;4563335;4720676;4877607;5033165;5186796;5338620;5485311;5622167;5746464;5859310;5961715;6054307;6138173;6215013;6284717;6345103;6407794;6490177;6602344;6741631;6908565;7091767;7272814;7439034;7591869;7731387;7852281;7948365;8016235;8055661;8065487;8052664;8028119;7999680;7965774;7924151;7882847;7853280;7841324;7847086;7875513;7906215;7906918;7858543
65-69;2651990;2756408;2879605;3016173;3157397;3298030;3438872;3579276;3720291;3864254;4012244;4162815;4314753;4467342;4619567;4770537;4919734;5067255;5209895;5343114;5464296;5574519;5674802;5765692;5848178;5923895;5992761;6052710;6114911;6195985;6305561;6440967;6602686;6779782;6954755;7115536;7263504;7398788;7516234;7609815;7676222;7715300;7726054;7715112;7692923;7666987;7635743;7597019;7558569;7531415;7521177
70-74;2102224;2156789;2204652;2253926;2316429;2398670;2498217;2614903;2743842;2877091;3009885;3142991;3275848;3409374;3545763;3685934;3828611;3972652;4117387;4261854;4405172;4546874;4687048;4822679;4949468;5064985;5170268;5266293;5353559;5432924;5505888;5572460;5630751;5691223;5769421;5874274;6003151;6156325;6323635;6488820;6640747;6780731;6908947;7020499;7109604;7173107;7210968;7222358;7213525;7194194;7171363
75-79;1492784;1544677;1606315;1672386;1735303;1791602;1843027;1889061;1936628;1995878;2072284;2163783;2270175;2387224;2508065;2628645;2749655;2870706;2992562;3117106;3245094;3375377;3506991;3639270;3771408;3902531;4032250;4160652;4284966;4401296;4507406;4604325;4693006;4773850;4847542;4915432;4977539;5032292;5089135;5162077;5259045;5377458;5517370;5669626;5819805;5958073;6085643;6202786;6304934;6386709;6445168
80-84;1011816;1034783;1057594;1083186;1114797;1153777;1199670;1253255;1310296;1364756;1413939;1459433;1501065;1544334;1597295;1664180;1743331;1834577;1934437;2037456;2140390;2243880;2347676;2452397;2559507;2669564;2781618;2894907;3008818;3122667;3235703;3347602;3458462;3565860;3666442;3758266;3842366;3919622;3990318;4054925;4114525;4169257;4217871;4268491;4332980;4417881;4520736;4641272;4771766;4900246;5018661
85-89;515585;561054;595323;622495;645478;666361;686636;707112;729646;756364;788078;824584;866553;910910;953385;992126;1028467;1062520;1098244;1141243;1194404;1256505;1327396;1404534;1484026;1563596;1643821;1724600;1806345;1890062;1976064;2063667;2152289;2241448;2330625;2419249;2507052;2594154;2678588;2757716;2830025;2896448;2957798;3014175;3065860;3113604;3157654;3197122;3238392;3290628;3358671
90+;299377;303275;320960;346041;374235;402722;431711;461744;491843;521388;549987;578698;608342;639404;672708;708377;746862;789019;833124;877075;919928;962997;1007016;1053519;1104693;1161569;1223950;1292026;1365005;1441733;1521483;1604650;1691387;1781513;1874969;1971456;2070785;2172676;2276714;2382536;2489591;2597630;2706598;2814921;2920605;3022439;3121128;3217393;3310325;3398853;3482771
