São Paulo;;;;;;;;;;;;;;;;;;;;;;;;;;;;;;;;;;;;;;;;;;;;;;;;;;;
Dados;;;;;;;;;;;;;;;;;;;;;;;;;;;;;;;;;;;;;;;;;;;;;;;;;;;
Ano;População total;Homens;Mulheres;Nascimentos;Óbitos;Taxa de Crescimento Geométrico;Taxa Bruta de Natalidade;Taxa Bruta de Mortalidade;Esperança de Vida ao Nascer;Esperança de Vida ao Nascer - Homens;Esperança de Vida ao Nascer - Mulheres;Taxa de Mortalidade Infantil;Taxa de Mortalidade Infantil - Homens;Taxa de Mortalidade Infantil - Mulheres;Taxa de Fecundidade Total;Razão de Dependência - Jovens 0 a 14 anos;Razão de Dependência - Idosos 65 ou mais anos;Razão de Dependência;Índice de Envelhecimento;;;;;;;;;;;;;;;;;;;;;;;;;;;;;;;;
2010;42298906;20607272;21691634;600394;246231;x;14.19;5.82;76.1;72.6;79.55;11.98;13.03;10.87;1.67;32.02;11.09;43.11;34.38;;;;;;;;;;;;;;;;;;;;;;;;;;;;;;;;
2011;42707383;20805607;21901776;609189;248499;0.97;14.26;5.82;76.47;73.04;79.84;11.58;12.6;10.51;1.69;31.38;11.39;42.76;36.36;;;;;;;;;;;;;;;;;;;;;;;;;;;;;;;;
2012;43119841;21006793;22113048;614973;251306;0.97;14.26;5.83;76.82;73.46;80.11;11.19;12.18;10.16;1.7;30.76;11.72;42.48;37.96;;;;;;;;;;;;;;;;;;;;;;;;;;;;;;;;
2013;43528708;21206883;22321825;609461;254413;0.95;14;5.84;77.16;73.86;80.38;10.83;11.79;9.83;1.69;30.16;12.08;42.25;40.09;;;;;;;;;;;;;;;;;;;;;;;;;;;;;;;;
2014;43937755;21407763;22529992;623424;257855;0.94;14.19;5.87;77.48;74.24;80.63;10.49;11.41;9.51;1.73;29.64;12.48;42.12;42.11;;;;;;;;;;;;;;;;;;;;;;;;;;;;;;;;
2015;44356304;21614159;22742145;637209;261613;0.95;14.37;5.9;77.79;74.6;80.88;10.16;11.06;9.22;1.77;29.25;12.91;42.16;44.17;;;;;;;;;;;;;;;;;;;;;;;;;;;;;;;;
2016;44760305;21813699;22946606;603412;265394;0.91;13.48;5.93;78.08;74.94;81.11;9.85;10.72;8.94;1.68;28.86;13.36;42.22;46.31;;;;;;;;;;;;;;;;;;;;;;;;;;;;;;;;
2017;45149603;22006254;23143349;617221;269488;0.87;13.67;5.97;78.36;75.26;81.34;9.56;10.4;8.67;1.72;28.58;13.85;42.43;48.26;;;;;;;;;;;;;;;;;;;;;;;;;;;;;;;;
2018;45538936;22199331;23339605;613637;274009;0.86;13.47;6.02;78.62;75.56;81.56;9.28;10.1;8.42;1.72;28.39;14.38;42.77;50.75;;;;;;;;;;;;;;;;;;;;;;;;;;;;;;;;
2019;45919049;22388135;23530914;609658;278821;0.83;13.28;6.07;78.87;75.85;81.76;9.01;9.81;8.18;1.72;28.21;14.94;43.15;52.79;;;;;;;;;;;;;;;;;;;;;;;;;;;;;;;;
2020;46289333;22572327;23717006;605336;283825;0.81;13.08;6.13;79.11;76.12;81.96;8.77;9.54;7.95;1.72;28.03;15.53;43.56;55.38;;;;;;;;;;;;;;;;;;;;;;;;;;;;;;;;
2021;46649132;22751542;23897590;600602;289190;0.78;12.87;6.2;79.33;76.37;82.15;8.53;9.28;7.74;1.71;27.89;16.15;44.04;57.73;;;;;;;;;;;;;;;;;;;;;;;;;;;;;;;;
2022;46997428;22925220;24072208;595009;294962;0.75;12.66;6.28;79.54;76.61;82.34;8.31;9.04;7.53;1.71;27.8;16.8;44.61;60.42;;;;;;;;;;;;;;;;;;;;;;;;;;;;;;;;
2023;47333288;23092856;24240432;589159;301077;0.71;12.45;6.36;79.74;76.84;82.51;8.09;8.81;7.34;1.71;27.71;17.48;45.2;62.83;;;;;;;;;;;;;;;;;;;;;;;;;;;;;;;;
2024;47656295;23254217;24402078;583426;307543;0.68;12.24;6.45;79.93;77.05;82.68;7.89;8.59;7.16;1.71;27.6;18.18;45.78;66.14;;;;;;;;;;;;;;;;;;;;;;;;;;;;;;;;
2025;47966292;23409215;24557077;577872;314267;0.65;12.05;6.55;80.11;77.25;82.84;7.71;8.38;6.99;1.71;27.49;18.88;46.37;68.62;;;;;;;;;;;;;;;;;;;;;;;;;;;;;;;;
2026;48263115;23557726;24705389;572490;321411;0.62;11.86;6.66;80.28;77.43;82.99;7.52;8.19;6.83;1.71;27.35;19.59;46.94;71.51;;;;;;;;;;;;;;;;;;;;;;;;;;;;;;;;
2027;48546516;23699601;24846915;567276;328973;0.59;11.69;6.78;80.44;77.61;83.14;7.36;8;6.68;1.7;27.17;20.3;47.47;75;;;;;;;;;;;;;;;;;;;;;;;;;;;;;;;;
2028;48816331;23834769;24981562;562261;336812;0.56;11.52;6.9;80.59;77.77;83.28;7.2;7.83;6.53;1.7;26.98;21.02;48;78.02;;;;;;;;;;;;;;;;;;;;;;;;;;;;;;;;
2029;49072504;23963191;25109313;557539;344976;0.52;11.36;7.03;80.73;77.92;83.41;7.05;7.66;6.4;1.7;26.77;21.74;48.5;81.11;;;;;;;;;;;;;;;;;;;;;;;;;;;;;;;;
2030;49315046;24084837;25230209;553248;353522;0.49;11.22;7.17;80.86;78.07;83.54;6.91;7.51;6.27;1.7;26.49;22.44;48.94;84.83;;;;;;;;;;;;;;;;;;;;;;;;;;;;;;;;
2031;49544302;24199881;25344421;548994;362230;0.46;11.08;7.31;80.99;78.2;83.66;6.77;7.36;6.15;1.7;26.25;23.15;49.4;88.07;;;;;;;;;;;;;;;;;;;;;;;;;;;;;;;;
2032;49760463;24308429;25452034;544928;371393;0.44;10.95;7.46;81.11;78.33;83.78;6.64;7.22;6.04;1.7;26.04;23.87;49.91;91.38;;;;;;;;;;;;;;;;;;;;;;;;;;;;;;;;
2033;49963489;24410466;25553023;541212;380716;0.41;10.83;7.62;81.22;78.44;83.89;6.52;7.09;5.93;1.69;25.81;24.57;50.38;94.77;;;;;;;;;;;;;;;;;;;;;;;;;;;;;;;;
2034;50153386;24505982;25647404;537685;390409;0.38;10.72;7.78;81.32;78.55;84;6.41;6.96;5.83;1.69;25.58;25.27;50.85;98.82;;;;;;;;;;;;;;;;;;;;;;;;;;;;;;;;
2035;50330107;24594967;25735140;534482;400338;0.35;10.62;7.95;81.42;78.65;84.1;6.3;6.84;5.73;1.69;25.37;25.96;51.33;102.38;;;;;;;;;;;;;;;;;;;;;;;;;;;;;;;;
2036;50493492;24677360;25816132;531135;410530;0.32;10.52;8.13;81.51;78.75;84.19;6.2;6.73;5.64;1.69;25.16;26.65;51.81;106.02;;;;;;;;;;;;;;;;;;;;;;;;;;;;;;;;
2037;50643366;24753073;25890293;528036;420916;0.3;10.43;8.31;81.6;78.83;84.28;6.11;6.63;5.56;1.69;24.96;27.33;52.29;109.15;;;;;;;;;;;;;;;;;;;;;;;;;;;;;;;;
2038;50779824;24822171;25957653;525200;431428;0.27;10.34;8.5;81.68;78.92;84.37;6.02;6.53;5.48;1.69;24.79;28.01;52.8;112.96;;;;;;;;;;;;;;;;;;;;;;;;;;;;;;;;
2039;50902899;24884680;26018219;522421;442065;0.24;10.26;8.68;81.75;78.99;84.45;5.93;6.43;5.4;1.68;24.64;28.72;53.36;116.15;;;;;;;;;;;;;;;;;;;;;;;;;;;;;;;;
2040;51012645;24940624;26072021;519777;452661;0.22;10.19;8.87;81.83;79.06;84.53;5.85;6.34;5.33;1.68;24.51;29.47;53.98;120.13;;;;;;;;;;;;;;;;;;;;;;;;;;;;;;;;
2041;51109151;24990043;26119108;517139;463265;0.19;10.12;9.06;81.9;79.13;84.61;5.78;6.26;5.27;1.68;24.4;30.25;54.65;124.05;;;;;;;;;;;;;;;;;;;;;;;;;;;;;;;;
2042;51192586;25033036;26159550;514932;473959;0.16;10.06;9.26;81.96;79.19;84.68;5.71;6.18;5.2;1.68;24.32;31.07;55.38;127.39;;;;;;;;;;;;;;;;;;;;;;;;;;;;;;;;
2043;51263186;25069746;26193440;512853;484648;0.14;10;9.45;82.02;79.25;84.75;5.64;6.11;5.15;1.68;24.26;31.92;56.17;131.61;;;;;;;;;;;;;;;;;;;;;;;;;;;;;;;;
2044;51321077;25100231;26220846;510676;495122;0.11;9.95;9.65;82.07;79.3;84.81;5.57;6.04;5.09;1.68;24.22;32.8;57.01;135.71;;;;;;;;;;;;;;;;;;;;;;;;;;;;;;;;
2045;51366301;25124489;26241812;508421;505550;0.09;9.9;9.84;82.12;79.35;84.88;5.51;5.97;5.04;1.67;24.19;33.7;57.89;139.22;;;;;;;;;;;;;;;;;;;;;;;;;;;;;;;;
2046;51398888;25142542;26256346;506137;515856;0.06;9.85;10.04;82.17;79.4;84.93;5.46;5.91;4.99;1.67;24.19;34.63;58.82;143.42;;;;;;;;;;;;;;;;;;;;;;;;;;;;;;;;
2047;51419021;25154494;26264527;503976;526011;0.04;9.8;10.23;82.22;79.44;84.99;5.4;5.85;4.94;1.67;24.2;35.59;59.79;147.68;;;;;;;;;;;;;;;;;;;;;;;;;;;;;;;;
2048;51426883;25160421;26266462;501764;536026;0.02;9.76;10.42;82.26;79.48;85.04;5.35;5.79;4.9;1.67;24.23;36.57;60.79;150.33;;;;;;;;;;;;;;;;;;;;;;;;;;;;;;;;
2049;51422538;25160338;26262200;499335;545787;-0.01;9.71;10.61;82.3;79.52;85.1;5.31;5.74;4.86;1.67;24.26;37.53;61.79;154.67;;;;;;;;;;;;;;;;;;;;;;;;;;;;;;;;
2050;51405978;25154242;26251736;496571;555260;-0.03;9.66;10.8;82.34;79.56;85.14;5.26;5.69;4.82;1.67;24.29;38.46;62.76;158.39;;;;;;;;;;;;;;;;;;;;;;;;;;;;;;;;
2051;51377266;25142132;26235134;493794;564550;-0.06;9.61;10.99;82.38;79.59;85.19;5.22;5.64;4.78;1.67;24.33;39.37;63.7;161.07;;;;;;;;;;;;;;;;;;;;;;;;;;;;;;;;
2052;51336626;25124074;26212552;491003;573550;-0.08;9.56;11.17;82.42;79.62;85.23;5.19;5.6;4.75;1.66;24.37;40.25;64.62;164.86;;;;;;;;;;;;;;;;;;;;;;;;;;;;;;;;
2053;51284187;25100123;26184064;488019;582372;-0.1;9.52;11.36;82.45;79.65;85.28;5.15;5.56;4.72;1.66;24.41;41.09;65.49;168.71;;;;;;;;;;;;;;;;;;;;;;;;;;;;;;;;
2054;51220015;25070313;26149702;484875;590889;-0.13;9.47;11.54;82.47;79.67;85.31;5.11;5.52;4.69;1.66;24.44;41.87;66.31;171.43;;;;;;;;;;;;;;;;;;;;;;;;;;;;;;;;
2055;51144153;25034642;26109511;481430;599162;-0.15;9.41;11.72;82.5;79.7;85.35;5.08;5.48;4.66;1.66;24.46;42.58;67.04;174.66;;;;;;;;;;;;;;;;;;;;;;;;;;;;;;;;
2056;51056719;24993133;26063586;478067;607225;-0.17;9.36;11.89;82.53;79.72;85.39;5.05;5.44;4.63;1.66;24.47;43.22;67.69;176.71;;;;;;;;;;;;;;;;;;;;;;;;;;;;;;;;
2057;50958014;24945927;26012087;474786;615061;-0.19;9.32;12.07;82.55;79.74;85.42;5.02;5.41;4.61;1.66;24.47;43.75;68.23;179.31;;;;;;;;;;;;;;;;;;;;;;;;;;;;;;;;
2058;50848310;24893155;25955155;471387;622541;-0.22;9.27;12.24;82.58;79.76;85.45;4.99;5.38;4.58;1.65;24.46;44.23;68.69;180.69;;;;;;;;;;;;;;;;;;;;;;;;;;;;;;;;
2059;50727840;24834941;25892899;467988;629796;-0.24;9.23;12.42;82.6;79.77;85.49;4.97;5.35;4.56;1.65;24.44;44.69;69.13;182.07;;;;;;;;;;;;;;;;;;;;;;;;;;;;;;;;
2060;50596822;24771413;25825409;464536;636786;-0.26;9.18;12.59;82.62;79.79;85.51;4.94;5.32;4.54;1.65;24.43;45.17;69.6;184.72;;;;;;;;;;;;;;;;;;;;;;;;;;;;;;;;
Faixas etárias;;;;;;;;;;;;;;;;;;;;;;;;;;;;;;;;;;;;;;;;;;;;;;;;;;;
Total;;;;;;;;;;;;;;;;;;;;;;;;;;;;;;;;;;;;;;;;;;;;;;;;;;;
Faixa/Ano;2010;2011;2012;2013;2014;2015;2016;2017;2018;2019;2020;2021;2022;2023;2024;2025;2026;2027;2028;2029;2030;2031;2032;2033;2034;2035;2036;2037;2038;2039;2040;2041;2042;2043;2044;2045;2046;2047;2048;2049;2050;2051;2052;2053;2054;2055;2056;2057;2058;2059;2060
Total;42298906;42707383;43119841;43528708;43937755;44356304;44760305;45149603;45538936;45919049;46289333;46649132;46997428;47333288;47656295;47966292;48263115;48546516;48816331;49072504;49315046;49544302;49760463;49963489;50153386;50330107;50493492;50643366;50779824;50902899;51012645;51109151;51192586;51263186;51321077;51366301;51398888;51419021;51426883;51422538;51405978;51377266;51336626;51284187;51220015;51144153;51056719;50958014;50848310;50727840;50596822
0-4;2968754;2964099;2978553;2994081;3012089;3044325;3060670;3059848;3064017;3060153;3038361;3022036;3010422;2987966;2963497;2937496;2910525;2883382;2856802;2831096;2806471;2783005;2760663;2739519;2719596;2700783;2682938;2666003;2649965;2634704;2620079;2606067;2592831;2580406;2568642;2557353;2546421;2535671;2524866;2513861;2502465;2490568;2478104;2464931;2451004;2436379;2421114;2405315;2389070;2372483;2355755
05/set;3126834;3070415;3032286;3007729;2987299;2965962;2961456;2976031;2991677;3009786;3042098;3058542;3057837;3062089;3058324;3036641;3020396;3008858;2986483;2962094;2936173;2909267;2882169;2855634;2829972;2805405;2782000;2759708;2738614;2718750;2699997;2682210;2665319;2649314;2634094;2619500;2605515;2592311;2579912;2568165;2556898;2545981;2535262;2524498;2513532;2502162;2490284;2477834;2464672;2450763;2436159
out/14;3369319;3351745;3297434;3227780;3164764;3117424;3061270;3023386;2999044;2978818;2957679;2953362;2968103;2983913;3002174;3034621;3051213;3050654;3055056;3051437;3029901;3013804;3002383;2980094;2955772;2929910;2903059;2875999;2849493;2823858;2799327;2775965;2753714;2732654;2712815;2694073;2676296;2659420;2643430;2628234;2613663;2599696;2586502;2574117;2562386;2551138;2540246;2529543;2518785;2507820;2496463
15-19;3348032;3335551;3348412;3373212;3387897;3378837;3361265;3306995;3237404;3174445;3127121;3070987;3033059;3008633;2988311;2967082;2962634;2977196;2992816;3010886;3043116;3059561;3058969;3063388;3059838;3038419;3022393;3011036;2988831;2964584;2938786;2912003;2885021;2858592;2833029;2808551;2785233;2763034;2742018;2722213;2703516;2685787;2668958;2653010;2637849;2623305;2609369;2596195;2583829;2572115;2560877
20-24;3686268;3640865;3579280;3512600;3457198;3422740;3409406;3421271;3444987;3458597;3448513;3429921;3374722;3304235;3240326;3191979;3134842;3095832;3070267;3048788;3026408;3020954;3034818;3050028;3067910;3100104;3116598;3116093;3120599;3117136;3095836;3079922;3068652;3046547;3022410;2996728;2970053;2943168;2916837;2891356;2866971;2843742;2821614;2800672;2780939;2762305;2744627;2727848;2711950;2696855;2682362
25-29;3840403;3855371;3854821;3840241;3814221;3779508;3733167;3670693;3603105;3546685;3511090;3496503;3506974;3529227;3541389;3529921;3509943;3453454;3381699;3316486;3266768;3208417;3168416;3142136;3120271;3097871;3092556;3106496;3121774;3139717;3171916;3188457;3188042;3192604;3189226;3168056;3152237;3141052;3119054;3095027;3069451;3042884;3016103;2989865;2964480;2940197;2917053;2895003;2874127;2854447;2835877
30-34;3603941;3672267;3737442;3795464;3841181;3871426;3886229;3885538;3870857;3844758;3809963;3763557;3701048;3633386;3576820;3540955;3525986;3535944;3557621;3569226;3557248;3536795;3480037;3408187;3343026;3293519;3235535;3195804;3169736;3148057;3125846;3120663;3134670;3150011;3167988;3200185;3216759;3216413;3221030;3217731;3196675;3180957;3169860;3147968;3124044;3098575;3072115;3045435;3019305;2994017;2969813
35-39;3226646;3285871;3356614;3434403;3512187;3584868;3653533;3719044;3777409;3823504;3854180;3869470;3869319;3855209;3829700;3795518;3749737;3687891;3620892;3564916;3529504;3514844;3524974;3546753;3558491;3546764;3526614;3470288;3398917;3334199;3285066;3227480;3188046;3162207;3140738;3118739;3113698;3127760;3143139;3161135;3193303;3209887;3209607;3214277;3211043;3190128;3174529;3163509;3141733;3117940;3092602
40-44;3020480;3049089;3075191;3103188;3139659;3188319;3248192;3319418;3397581;3475713;3548754;3617789;3683675;3742428;3788967;3820160;3836048;3836586;3823237;3798526;3765162;3720217;3659268;3593155;3537945;3503154;3488956;3499343;3521264;3533162;3521714;3501886;3446070;3375280;3311114;3262444;3205359;3166282;3140713;3119487;3097741;3092859;3106951;3122337;3140328;3172399;3188954;3188732;3193434;3190276;3169532
45-49;2789891;2830014;2868067;2904046;2937668;2969191;2998883;3026069;3055073;3092380;3141667;3201967;3273423;3351686;3429882;3503019;3572155;3638153;3697081;3743885;3775447;3791841;3793015;3780398;3756488;3723934;3679865;3619939;3554880;3500636;3466599;3452928;3463557;3485545;3497544;3486378;3466908;3411748;3341758;3278351;3230304;3173927;3135345;3110136;3089240;3067822;3063110;3077191;3092535;3110452;3142345
50-54;2468639;2528277;2582180;2631222;2676970;2720504;2761663;2800713;2837660;2872236;2904703;2935322;2963428;2993282;3031239;3080909;3141351;3212697;3290667;3368530;3441387;3510272;3576027;3634790;3681563;3713265;3729990;3731702;3719800;3696732;3665119;3622137;3563518;3499846;3446825;3413717;3400648;3411460;3433401;3445433;3434582;3415553;3361291;3292429;3230096;3182923;3127544;3089634;3064892;3044415;3023438
55-59;2014539;2089281;2165276;2240441;2311724;2377238;2437302;2491800;2541542;2588005;2632224;2674059;2713763;2751343;2786553;2819654;2850927;2879719;2910179;2948505;2998225;3058378;3129081;3206158;3283077;3355045;3423092;3488078;3546192;3592510;3624035;3640880;3643046;3631887;3609784;3579286;3537633;3480665;3418777;3367341;3335422;3323076;3334011;3355728;3367663;3357157;3338668;3285639;3218356;3157523;3111544
60-64;1557537;1628143;1697478;1766390;1836606;1908918;1982583;2057463;2131564;2201933;2266765;2326367;2380621;2430281;2476723;2520917;2562742;2602440;2640025;2675302;2708504;2739916;2768899;2799467;2837582;2886641;2945696;3014857;3090092;3165127;3235357;3301772;3365196;3421927;3467181;3498071;3514741;3517224;3506822;3485814;3456637;3416669;3361885;3302391;3253094;3222727;3211263;3222204;3243428;3255079;3244955
65-69;1123897;1174680;1235351;1302828;1372344;1441004;1509111;1576108;1642778;1710711;1780635;1851855;1924245;1995899;2064029;2126938;2184910;2237855;2286445;2331931;2375217;2416174;2455055;2491874;2526452;2559026;2589882;2618423;2648472;2685690;2733265;2790274;2856786;2928963;3000879;3068185;3131827;3192621;3247017;3290420;3320076;3336184;3338840;3329253;3309559;3282080;3244342;3192548;3136360;3089971;3061656
70-74;867640;890093;910374;932316;961410;1000574;1048644;1105574;1168609;1233506;1297671;1361395;1424192;1486762;1550543;1616172;1683017;1750954;1818218;1882243;1941455;1996160;2046288;2092416;2135638;2176743;2215629;2252536;2287495;2320348;2351345;2380762;2408060;2436778;2472143;2517067;2570639;2632843;2700151;2767123;2829767;2888999;2945598;2996231;3036590;3064120;3079097;3081698;3073036;3055027;3029789
75-79;609359;629083;652663;678178;702855;725535;746834;766399;787462;814670;850465;893859;944807;1000959;1058711;1115864;1172700;1228825;1284845;1341988;1400770;1460644;1521501;1581777;1639204;1692388;1741636;1786936;1828758;1867978;1905219;1940433;1973860;2005522;2035301;2063444;2090209;2115145;2141402;2173591;2214220;2262396;2318031;2377989;2437532;2493191;2545804;2596099;2641044;2676754;2700969
80-84;401863;412588;422811;433675;446376;461452;478993;499510;521489;542741;562367;580946;598292;616948;640551;670980;707432;749858;796385;844176;891520;938663;985342;1032030;1079699;1128746;1178711;1229516;1279841;1327810;1372297;1413596;1451755;1487099;1520261;1551696;1581399;1609592;1636300;1661443;1685254;1707970;1729242;1751699;1779126;1813521;1854036;1900486;1950273;1999579;2045600
85-89;187052;209282;226014;239139;250009;259582;268555;277317;286565;297067;309125;322854;338660;355440;371651;386673;401014;414647;429355;447669;470837;498266;529884;564358;599709;634747;669708;704434;739273;774906;811570;848937;886943;924581;960465;993784;1024810;1053642;1080462;1105642;1129449;1151917;1173253;1193472;1212535;1230636;1247974;1264305;1281618;1302713;1328991
90+;87812;90669;99594;111775;125298;138897;152549;166426;180113;193341;205952;218341;230838;243602;256905;270793;285543;301571;318258;334820;350933;367124;383674;401327;421153;443643;468634;496175;525828;556995;589272;622779;657500;693423;730638;769044;808503;848970;889794;930171;969584;1008214;1046169;1083184;1118975;1153388;1186590;1218796;1249863;1279611;1308095
Homens;;;;;;;;;;;;;;;;;;;;;;;;;;;;;;;;;;;;;;;;;;;;;;;;;;;
Faixa/Ano;2010;2011;2012;2013;2014;2015;2016;2017;2018;2019;2020;2021;2022;2023;2024;2025;2026;2027;2028;2029;2030;2031;2032;2033;2034;2035;2036;2037;2038;2039;2040;2041;2042;2043;2044;2045;2046;2047;2048;2049;2050;2051;2052;2053;2054;2055;2056;2057;2058;2059;2060
Total;20607272;20805607;21006793;21206883;21407763;21614159;21813699;22006254;22199331;22388135;22572327;22751542;22925220;23092856;23254217;23409215;23557726;23699601;23834769;23963191;24084837;24199881;24308429;24410466;24505982;24594967;24677360;24753073;24822171;24884680;24940624;24990043;25033036;25069746;25100231;25124489;25142542;25154494;25160421;25160338;25154242;25142132;25124074;25100123;25070313;25034642;24993133;24945927;24893155;24834941;24771413
0-4;1518720;1516267;1523626;1531569;1540814;1557369;1565792;1565422;1567609;1565681;1554575;1546271;1540372;1528919;1516434;1503166;1489400;1475542;1461969;1448846;1436274;1424291;1412875;1402069;1391891;1382277;1373160;1364507;1356311;1348513;1341039;1333879;1327114;1320765;1314752;1308984;1303393;1297895;1292368;1286742;1280920;1274838;1268461;1261721;1254596;1247114;1239304;1231221;1222909;1214420;1205859
05/set;1599000;1570213;1550739;1538164;1527670;1516698;1514348;1521795;1529819;1539132;1555741;1564228;1563935;1566180;1564317;1553278;1545023;1539179;1527782;1515347;1502128;1488408;1474590;1461049;1447947;1435406;1423449;1412060;1401288;1391146;1381565;1372475;1363842;1355661;1347884;1340424;1333281;1326531;1320194;1314188;1308427;1302842;1297364;1291861;1286254;1280442;1274367;1267998;1261263;1254149;1246678
out/14;1710367;1704441;1679458;1646265;1615989;1593194;1564572;1545246;1532810;1522446;1511593;1509358;1516907;1525031;1534439;1551133;1559711;1559502;1561842;1560072;1549120;1540955;1535177;1523830;1511432;1498245;1484555;1470754;1457226;1444137;1431616;1419686;1408323;1397570;1387437;1377860;1368774;1360147;1351969;1344204;1336758;1329628;1322885;1316557;1310561;1304809;1299238;1293769;1288270;1282662;1276855
15-19;1689753;1683479;1690928;1705126;1714546;1712034;1706193;1681324;1648260;1618106;1595401;1566874;1547597;1535178;1524827;1513989;1511740;1519241;1527312;1536667;1553290;1561822;1561628;1563995;1562274;1551399;1543286;1537545;1526247;1513901;1500760;1487114;1473360;1459879;1446841;1434360;1422461;1411130;1400402;1390288;1380740;1371685;1363087;1354937;1347193;1339764;1332658;1325931;1319617;1313635;1307889
20-24;1859731;1839301;1808492;1773698;1744474;1726517;1719923;1726938;1740636;1749558;1746584;1740281;1715018;1681581;1651014;1627848;1598876;1579091;1566121;1555209;1543809;1541064;1548226;1556112;1565390;1581999;1590567;1590437;1592865;1591205;1580416;1572378;1566699;1555479;1543213;1530151;1516583;1502905;1489500;1476524;1464105;1452268;1440987;1430314;1420255;1410754;1401732;1393169;1385058;1377360;1369968
25-29;1906623;1920447;1927313;1927198;1920265;1907224;1886477;1855385;1820287;1790669;1772220;1765040;1771366;1784322;1792511;1788850;1781848;1755957;1721917;1690723;1666878;1637314;1617043;1603726;1592641;1581274;1578636;1585858;1593788;1603108;1619719;1628314;1628246;1630715;1629111;1618413;1610448;1604830;1593691;1581507;1568525;1555035;1541438;1528099;1515189;1502839;1491067;1479846;1469225;1459207;1449754
30-34;1764601;1801518;1837738;1871215;1899281;1920219;1934078;1940992;1940947;1934105;1921154;1900507;1869540;1834553;1804988;1786501;1779194;1785287;1797955;1805867;1801967;1794753;1768784;1734771;1703675;1680003;1650702;1630627;1617465;1606512;1595275;1592729;1599993;1607963;1617309;1633912;1642523;1642507;1645010;1643458;1632846;1624951;1619387;1608320;1596207;1583302;1569882;1556350;1543083;1530244;1517958
35-39;1569961;1598766;1633665;1672642;1712452;1750726;1787939;1824440;1858191;1886550;1907817;1922035;1929336;1929699;1923287;1910779;1890591;1860120;1825626;1796496;1778337;1771254;1777478;1790222;1798230;1794514;1787514;1761840;1728149;1697352;1673931;1644900;1625030;1612023;1601213;1590122;1587673;1594974;1602968;1612318;1628894;1637513;1637537;1640067;1638560;1628038;1620218;1614708;1603718;1591688;1578868
40-44;1463518;1478424;1490951;1503691;1520614;1544029;1573367;1608682;1647992;1688105;1726673;1764170;1800956;1834995;1863666;1885285;1899907;1907663;1908531;1902651;1890686;1871060;1841192;1807303;1778701;1760967;1754199;1760599;1773439;1781555;1778022;1771219;1745865;1712552;1682112;1658986;1630281;1610645;1597815;1587164;1576236;1573885;1581197;1589186;1598528;1615040;1623634;1623690;1626238;1624774;1614358
45-49;1326333;1347863;1369879;1391592;1411637;1429384;1445125;1458490;1472021;1489613;1513550;1543269;1578820;1618266;1658478;1697161;1734764;1771646;1805803;1834639;1856487;1871415;1879550;1880847;1875439;1863962;1844881;1815671;1782478;1754506;1737261;1730832;1737381;1750249;1758417;1755050;1748454;1723500;1690675;1660692;1637943;1609685;1590358;1577749;1567299;1556568;1554315;1561613;1569569;1578854;1595241
50-54;1164853;1191238;1215024;1237051;1258695;1280804;1303149;1325917;1348343;1369087;1387535;1403981;1418060;1432264;1450396;1474685;1504587;1540149;1579479;1619534;1658069;1695516;1732229;1766247;1795021;1816902;1831965;1840357;1842017;1837062;1826121;1807698;1779304;1746994;1719808;1703158;1697109;1703760;1716573;1724730;1721531;1715170;1690743;1658592;1629259;1607036;1579399;1560483;1548157;1537958;1527494
55-59;942726;976657;1010976;1044771;1076723;1106067;1132998;1157419;1180121;1202407;1225083;1247938;1271151;1293977;1315125;1334007;1350917;1365507;1380181;1398625;1423005;1452773;1487961;1526753;1566208;1604148;1641018;1677165;1710675;1739050;1760693;1775691;1784213;1786177;1781685;1771331;1753666;1726286;1695106;1668929;1653022;1647418;1654111;1666731;1674763;1671726;1665631;1641917;1610709;1582276;1560766
60-64;715369;747501;779484;811496;843984;877101;910597;944457;977824;1009434;1038561;1065393;1089828;1112608;1134962;1157638;1180446;1203552;1226244;1247306;1266161;1283097;1297789;1312532;1330844;1354795;1383853;1418045;1455631;1493829;1530572;1566272;1601270;1633722;1661215;1682222;1696855;1705300;1707462;1703408;1693692;1676943;1650864;1621170;1596327;1581366;1576263;1582881;1595097;1602856;1599963
65-69;505846;528119;554651;584203;614912;645648;676508;707276;738100;769372;801226;833435;865989;898077;928522;956652;982636;1006394;1028607;1050397;1072453;1094590;1116971;1138926;1159306;1177575;1194020;1208350;1222723;1240441;1263423;1291152;1323630;1359237;1395388;1430161;1463943;1497065;1527782;1553811;1573715;1587637;1595776;1598018;1594401;1585429;1569842;1545502;1517808;1494729;1480982
70-74;376619;386515;395523;405307;418188;435362;456296;480930;508197;536493;564841;593334;621784;650315;679265;708736;738528;768632;798311;826502;852590;876751;898926;919715;940103;960695;981333;1002166;1022578;1041526;1058529;1073868;1087296;1100776;1117304;1138597;1164158;1193942;1226488;1259483;1291211;1322033;1352266;1380294;1404022;1422142;1434838;1442351;1444547;1441397;1433338
75-79;249824;258405;268715;279863;290637;300550;309905;318588;327941;339840;355243;373721;395230;418895;443419;468002;492739;517484;542334;567552;593206;619136;645341;671175;695726;718467;739572;759020;777316;795268;813360;831471;849735;867609;884184;899060;912506;924337;936251;950813;969461;991719;1017505;1045565;1073959;1101257;1127778;1153807;1177918;1198277;1213761
80-84;152463;157018;161454;166199;171693;178105;185520;194200;203478;212443;220733;228618;236054;244042;253971;266543;281423;298582;317357;336782;356264;375885;395556;415336;435416;455832;476462;497318;517878;537410;555508;572336;587910;602608;617043;631571;646097;660731;675031;688267;700136;710885;720391;730015;741775;756769;774559;795025;817176;839546;861029
85-89;64406;72661;78955;83976;88207;91978;95564;99118;102886;107133;111936;117380;123656;130301;136710;142643;148326;153777;159648;166846;175798;186276;198245;211267;224708;238184;251773;265427;279179;293149;307341;321680;336183;350467;364018;376560;388244;399112;409411;419543;429722;439887;450127;460111;469321;477558;485033;491681;498472;506802;517392
90+;26559;26774;29222;32857;36982;41150;45348;49635;53869;57961;61861;65709;69621;73653;77886;82319;87070;92296;97750;103130;108315;113521;118868;124591;131030;138323;146415;155327;164918;175010;185473;196349;207642;219300;231297;243567;256093;268897;281725;294269;306358;318110;329590;340816;351844;362689;373375;383985;394321;404107;413260
Mulheres;;;;;;;;;;;;;;;;;;;;;;;;;;;;;;;;;;;;;;;;;;;;;;;;;;;
Faixa/Ano;2010;2011;2012;2013;2014;2015;2016;2017;2018;2019;2020;2021;2022;2023;2024;2025;2026;2027;2028;2029;2030;2031;2032;2033;2034;2035;2036;2037;2038;2039;2040;2041;2042;2043;2044;2045;2046;2047;2048;2049;2050;2051;2052;2053;2054;2055;2056;2057;2058;2059;2060
Total;21691634;21901776;22113048;22321825;22529992;22742145;22946606;23143349;23339605;23530914;23717006;23897590;24072208;24240432;24402078;24557077;24705389;24846915;24981562;25109313;25230209;25344421;25452034;25553023;25647404;25735140;25816132;25890293;25957653;26018219;26072021;26119108;26159550;26193440;26220846;26241812;26256346;26264527;26266462;26262200;26251736;26235134;26212552;26184064;26149702;26109511;26063586;26012087;25955155;25892899;25825409
0-4;1450034;1447832;1454927;1462512;1471275;1486956;1494878;1494426;1496408;1494472;1483786;1475765;1470050;1459047;1447063;1434330;1421125;1407840;1394833;1382250;1370197;1358714;1347788;1337450;1327705;1318506;1309778;1301496;1293654;1286191;1279040;1272188;1265717;1259641;1253890;1248369;1243028;1237776;1232498;1227119;1221545;1215730;1209643;1203210;1196408;1189265;1181810;1174094;1166161;1158063;1149896
05/set;1527834;1500202;1481547;1469565;1459629;1449264;1447108;1454236;1461858;1470654;1486357;1494314;1493902;1495909;1494007;1483363;1475373;1469679;1458701;1446747;1434045;1420859;1407579;1394585;1382025;1369999;1358551;1347648;1337326;1327604;1318432;1309735;1301477;1293653;1286210;1279076;1272234;1265780;1259718;1253977;1248471;1243139;1237898;1232637;1227278;1221720;1215917;1209836;1203409;1196614;1189481
out/14;1658952;1647304;1617976;1581515;1548775;1524230;1496698;1478140;1466234;1456372;1446086;1444004;1451196;1458882;1467735;1483488;1491502;1491152;1493214;1491365;1480781;1472849;1467206;1456264;1444340;1431665;1418504;1405245;1392267;1379721;1367711;1356279;1345391;1335084;1325378;1316213;1307522;1299273;1291461;1284030;1276905;1270068;1263617;1257560;1251825;1246329;1241008;1235774;1230515;1225158;1219608
15-19;1658279;1652072;1657484;1668086;1673351;1666803;1655072;1625671;1589144;1556339;1531720;1504113;1485462;1473455;1463484;1453093;1450894;1457955;1465504;1474219;1489826;1497739;1497341;1499393;1497564;1487020;1479107;1473491;1462584;1450683;1438026;1424889;1411661;1398713;1386188;1374191;1362772;1351904;1341616;1331925;1322776;1314102;1305871;1298073;1290656;1283541;1276711;1270264;1264212;1258480;1252988
20-24;1826537;1801564;1770788;1738902;1712724;1696223;1689483;1694333;1704351;1709039;1701929;1689640;1659704;1622654;1589312;1564131;1535966;1516741;1504146;1493579;1482599;1479890;1486592;1493916;1502520;1518105;1526031;1525656;1527734;1525931;1515420;1507544;1501953;1491068;1479197;1466577;1453470;1440263;1427337;1414832;1402866;1391474;1380627;1370358;1360684;1351551;1342895;1334679;1326892;1319495;1312394
25-29;1933780;1934924;1927508;1913043;1893956;1872284;1846690;1815308;1782818;1756016;1738870;1731463;1735608;1744905;1748878;1741071;1728095;1697497;1659782;1625763;1599890;1571103;1551373;1538410;1527630;1516597;1513920;1520638;1527986;1536609;1552197;1560143;1559796;1561889;1560115;1549643;1541789;1536222;1525363;1513520;1500926;1487849;1474665;1461766;1449291;1437358;1425986;1415157;1404902;1395240;1386123
30-34;1839340;1870749;1899704;1924249;1941900;1951207;1952151;1944546;1929910;1910653;1888809;1863050;1831508;1798833;1771832;1754454;1746792;1750657;1759666;1763359;1755281;1742042;1711253;1673416;1639351;1613516;1584833;1565177;1552271;1541545;1530571;1527934;1534677;1542048;1550679;1566273;1574236;1573906;1576020;1574273;1563829;1556006;1550473;1539648;1527837;1515273;1502233;1489085;1476222;1463773;1451855
35-39;1656685;1687105;1722949;1761761;1799735;1834142;1865594;1894604;1919218;1936954;1946363;1947435;1939983;1925510;1906413;1884739;1859146;1827771;1795266;1768420;1751167;1743590;1747496;1756531;1760261;1752250;1739100;1708448;1670768;1636847;1611135;1582580;1563016;1550184;1539525;1528617;1526025;1532786;1540171;1548817;1564409;1572374;1572070;1574210;1572483;1562090;1554311;1548801;1538015;1526252;1513734
40-44;1556962;1570665;1584240;1599497;1619045;1644290;1674825;1710736;1749589;1787608;1822081;1853619;1882719;1907433;1925301;1934875;1936141;1928923;1914706;1895875;1874476;1849157;1818076;1785852;1759244;1742187;1734757;1738744;1747825;1751607;1743692;1730667;1700205;1662728;1629002;1603458;1575078;1555637;1542898;1532323;1521505;1518974;1525754;1533151;1541800;1557359;1565320;1565042;1567196;1565502;1555174
45-49;1463558;1482151;1498188;1512454;1526031;1539807;1553758;1567579;1583052;1602767;1628117;1658698;1694603;1733420;1771404;1805858;1837391;1866507;1891278;1909246;1918960;1920426;1913465;1899551;1881049;1859972;1834984;1804268;1772402;1746130;1729338;1722096;1726176;1735296;1739127;1731328;1718454;1688248;1651083;1617659;1592361;1564242;1544987;1532387;1521941;1511254;1508795;1515578;1522966;1531598;1547104
50-54;1303786;1337039;1367156;1394171;1418275;1439700;1458514;1474796;1489317;1503149;1517168;1531341;1545368;1561018;1580843;1606224;1636764;1672548;1711188;1748996;1783318;1814756;1843798;1868543;1886542;1896363;1898025;1891345;1877783;1859670;1838998;1814439;1784214;1752852;1727017;1710559;1703539;1707700;1716828;1720703;1713051;1700383;1670548;1633837;1600837;1575887;1548145;1529151;1516735;1506457;1495944
55-59;1071813;1112624;1154300;1195670;1235001;1271171;1304304;1334381;1361421;1385598;1407141;1426121;1442612;1457366;1471428;1485647;1500010;1514212;1529998;1549880;1575220;1605605;1641120;1679405;1716869;1750897;1782074;1810913;1835517;1853460;1863342;1865189;1858833;1845710;1828099;1807955;1783967;1754379;1723671;1698412;1682400;1675658;1679900;1688997;1692900;1685431;1673037;1643722;1607647;1575247;1550778
60-64;842168;880642;917994;954894;992622;1031817;1071986;1113006;1153740;1192499;1228204;1260974;1290793;1317673;1341761;1363279;1382296;1398888;1413781;1427996;1442343;1456819;1471110;1486935;1506738;1531846;1561843;1596812;1634461;1671298;1704785;1735500;1763926;1788205;1805966;1815849;1817886;1811924;1799360;1782406;1762945;1739726;1711021;1681221;1656767;1641361;1635000;1639323;1648331;1652223;1644992
65-69;618051;646561;680700;718625;757432;795356;832603;868832;904678;941339;979409;1018420;1058256;1097822;1135507;1170286;1202274;1231461;1257838;1281534;1302764;1321584;1338084;1352948;1367146;1381451;1395862;1410073;1425749;1445249;1469842;1499122;1533156;1569726;1605491;1638024;1667884;1695556;1719235;1736609;1746361;1748547;1743064;1731235;1715158;1696651;1674500;1647046;1618552;1595242;1580674
70-74;491021;503578;514851;527009;543222;565212;592348;624644;660412;697013;732830;768061;802408;836447;871278;907436;944489;982322;1019907;1055741;1088865;1119409;1147362;1172701;1195535;1216048;1234296;1250370;1264917;1278822;1292816;1306894;1320764;1336002;1354839;1378470;1406481;1438901;1473663;1507640;1538556;1566966;1593332;1615937;1632568;1641978;1644259;1639347;1628489;1613630;1596451
75-79;359535;370678;383948;398315;412218;424985;436929;447811;459521;474830;495222;520138;549577;582064;615292;647862;679961;711341;742511;774436;807564;841508;876160;910602;943478;973921;1002064;1027916;1051442;1072710;1091859;1108962;1124125;1137913;1151117;1164384;1177703;1190808;1205151;1222778;1244759;1270677;1300526;1332424;1363573;1391934;1418026;1442292;1463126;1478477;1487208
80-84;249400;255570;261357;267476;274683;283347;293473;305310;318011;330298;341634;352328;362238;372906;386580;404437;426009;451276;479028;507394;535256;562778;589786;616694;644283;672914;702249;732198;761963;790400;816789;841260;863845;884491;903218;920125;935302;948861;961269;973176;985118;997085;1008851;1021684;1037351;1056752;1079477;1105461;1133097;1160033;1184571
85-89;122646;136621;147059;155163;161802;167604;172991;178199;183679;189934;197189;205474;215004;225139;234941;244030;252688;260870;269707;280823;295039;311990;331639;353091;375001;396563;417935;439007;460094;481757;504229;527257;550760;574114;596447;617224;636566;654530;671051;686099;699727;712030;723126;733361;743214;753078;762941;772624;783146;795911;811599
90+;61253;63895;70372;78918;88316;97747;107201;116791;126244;135380;144091;152632;161217;169949;179019;188474;198473;209275;220508;231690;242618;253603;264806;276736;290123;305320;322219;340848;360910;381985;403799;426430;449858;474123;499341;525477;552410;580073;608069;635902;663226;690104;716579;742368;767131;790699;813215;834811;855542;875504;894835
Brasil;;;;;;;;;;;;;;;;;;;;;;;;;;;;;;;;;;;;;;;;;;;;;;;;;;;
Dados;;;;;;;;;;;;;;;;;;;;;;;;;;;;;;;;;;;;;;;;;;;;;;;;;;;
Ano;População total;Homens;Mulheres;Nascimentos;Óbitos;Taxa de Crescimento Geométrico;Taxa Bruta de Natalidade;Taxa Bruta de Mortalidade;Esperança de Vida ao Nascer;Esperança de Vida ao Nascer - Homens;Esperança de Vida ao Nascer - Mulheres;Taxa de Mortalidade Infantil;Taxa de Mortalidade Infantil - Homens;Taxa de Mortalidade Infantil - Mulheres;Taxa de Fecundidade Total;Razão de Dependência - Jovens 0 a 14 anos;Razão de Dependência - Idosos 65 ou mais anos;Razão de Dependência;Índice de Envelhecimento;;;;;;;;;;;;;;;;;;;;;;;;;;;;;;;;
2010;194890682;95513298;99377384;2939435;1240083;x;15.08;6.36;73.86;70.21;77.6;17.22;18.76;15.59;1.75;36.32;10.77;47.09;29.55;;;;;;;;;;;;;;;;;;;;;;;;;;;;;;;;
2011;196603732;96322635;100281097;2974525;1247751;0.88;15.13;6.35;74.2;70.57;77.91;16.43;17.86;14.92;1.76;35.37;10.99;46.36;30.99;;;;;;;;;;;;;;;;;;;;;;;;;;;;;;;;
2012;198314934;97132054;101182880;2953890;1258235;0.87;14.89;6.34;74.52;70.91;78.22;15.69;17.03;14.29;1.75;34.45;11.24;45.68;32.63;;;;;;;;;;;;;;;;;;;;;;;;;;;;;;;;
2013;200004188;97931331;102072857;2953178;1270306;0.85;14.77;6.35;74.84;71.25;78.51;15.02;16.27;13.7;1.74;33.56;11.51;45.07;34.2;;;;;;;;;;;;;;;;;;;;;;;;;;;;;;;;
2014;201717541;98744098;102973443;3028202;1284346;0.86;15.01;6.37;75.14;71.57;78.78;14.4;15.58;13.16;1.78;32.78;11.81;44.59;36.12;;;;;;;;;;;;;;;;;;;;;;;;;;;;;;;;
2015;203475683;99581002;103894681;3070979;1299541;0.87;15.09;6.39;75.44;71.88;79.05;13.82;14.93;12.65;1.8;32.15;12.13;44.29;37.67;;;;;;;;;;;;;;;;;;;;;;;;;;;;;;;;
2016;205156587;100379640;104776947;2901053;1314164;0.83;14.14;6.41;75.72;72.18;79.31;13.29;14.35;12.19;1.7;31.57;12.49;44.05;39.73;;;;;;;;;;;;;;;;;;;;;;;;;;;;;;;;
2017;206804741;101163599;105641142;3020743;1330811;0.8;14.61;6.44;75.99;72.46;79.56;12.81;13.8;11.75;1.78;31.11;12.87;43.98;41.2;;;;;;;;;;;;;;;;;;;;;;;;;;;;;;;;
2018;208494900;101971173;106523727;3003585;1349693;0.82;14.41;6.47;76.25;72.74;79.8;12.35;13.31;11.35;1.77;30.75;13.28;44.03;43.19;;;;;;;;;;;;;;;;;;;;;;;;;;;;;;;;
2019;210147125;102760295;107386830;2984414;1368954;0.79;14.2;6.51;76.5;73;80.03;11.94;12.85;10.98;1.77;30.42;13.72;44.14;45.02;;;;;;;;;;;;;;;;;;;;;;;;;;;;;;;;
2020;211755692;103527689;108228003;2963516;1389144;0.77;13.99;6.56;76.74;73.26;80.25;11.56;12.43;10.64;1.76;30.11;14.18;44.29;46.89;;;;;;;;;;;;;;;;;;;;;;;;;;;;;;;;
2021;213317639;104271843;109045796;2940629;1410602;0.74;13.79;6.61;76.97;73.5;80.46;11.2;12.04;10.32;1.76;29.83;14.67;44.5;49.51;;;;;;;;;;;;;;;;;;;;;;;;;;;;;;;;
2022;214828540;104990487;109838053;2913688;1433605;0.71;13.56;6.67;77.19;73.74;80.67;10.88;11.68;10.03;1.75;29.63;15.19;44.82;51.22;;;;;;;;;;;;;;;;;;;;;;;;;;;;;;;;
2023;216284269;105681529;110602740;2885501;1458023;0.68;13.34;6.74;77.4;73.96;80.86;10.58;11.36;9.75;1.75;29.43;15.74;45.17;53.2;;;;;;;;;;;;;;;;;;;;;;;;;;;;;;;;
2024;217684462;106345043;111339419;2856690;1483777;0.65;13.12;6.82;77.6;74.17;81.05;10.3;11.05;9.5;1.74;29.26;16.31;45.56;55.72;;;;;;;;;;;;;;;;;;;;;;;;;;;;;;;;
2025;219029093;106981304;112047789;2827039;1510693;0.62;12.91;6.9;77.8;74.38;81.22;10.04;10.77;9.27;1.74;29.11;16.9;46.01;58.29;;;;;;;;;;;;;;;;;;;;;;;;;;;;;;;;
2026;220316530;107589495;112727035;2797674;1539159;0.59;12.7;6.99;77.98;74.57;81.39;9.8;10.51;9.05;1.74;28.95;17.51;46.45;60.61;;;;;;;;;;;;;;;;;;;;;;;;;;;;;;;;
2027;221545234;108168830;113376404;2768000;1569117;0.56;12.49;7.08;78.16;74.76;81.56;9.58;10.27;8.85;1.73;28.77;18.14;46.9;62.76;;;;;;;;;;;;;;;;;;;;;;;;;;;;;;;;
2028;222713669;108718587;113995082;2738355;1600375;0.53;12.3;7.19;78.32;74.94;81.71;9.37;10.05;8.66;1.73;28.59;18.78;47.37;65.46;;;;;;;;;;;;;;;;;;;;;;;;;;;;;;;;
2029;223821305;109238514;114582791;2710134;1632845;0.5;12.11;7.3;78.49;75.11;81.86;9.18;9.84;8.49;1.72;28.36;19.42;47.79;68.23;;;;;;;;;;;;;;;;;;;;;;;;;;;;;;;;
2030;224868462;109728762;115139700;2683440;1666427;0.47;11.93;7.41;78.64;75.28;82;9.01;9.65;8.33;1.72;28.08;20.06;48.14;71.05;;;;;;;;;;;;;;;;;;;;;;;;;;;;;;;;
2031;225854415;110189007;115665408;2655850;1700970;0.44;11.76;7.53;78.78;75.43;82.14;8.85;9.48;8.18;1.72;27.84;20.71;48.55;74.33;;;;;;;;;;;;;;;;;;;;;;;;;;;;;;;;
2032;226777802;110618592;116159210;2628742;1736861;0.41;11.59;7.66;78.92;75.58;82.27;8.7;9.32;8.05;1.72;27.61;21.36;48.97;77.3;;;;;;;;;;;;;;;;;;;;;;;;;;;;;;;;
2033;227638581;111017537;116621044;2603540;1773877;0.38;11.44;7.79;79.05;75.72;82.39;8.57;9.18;7.92;1.71;27.32;22.01;49.33;80.33;;;;;;;;;;;;;;;;;;;;;;;;;;;;;;;;
2034;228437122;111386062;117051060;2579544;1812136;0.35;11.29;7.93;79.18;75.86;82.51;8.44;9.04;7.81;1.71;27.04;22.65;49.69;83.43;;;;;;;;;;;;;;;;;;;;;;;;;;;;;;;;
2035;229173685;111724392;117449293;2557147;1851454;0.32;11.16;8.08;79.3;75.99;82.62;8.32;8.92;7.7;1.71;26.76;23.28;50.04;87.08;;;;;;;;;;;;;;;;;;;;;;;;;;;;;;;;
2036;229847832;112032426;117815406;2534413;1891832;0.29;11.03;8.23;79.42;76.11;82.73;8.22;8.8;7.6;1.7;26.48;23.9;50.39;90.34;;;;;;;;;;;;;;;;;;;;;;;;;;;;;;;;
2037;230459062;112309958;118149104;2513030;1933167;0.27;10.9;8.39;79.53;76.23;82.83;8.12;8.69;7.51;1.7;26.22;24.52;50.74;93.68;;;;;;;;;;;;;;;;;;;;;;;;;;;;;;;;
2038;231007871;112557327;118450544;2493021;1975283;0.24;10.79;8.55;79.63;76.34;82.93;8.02;8.59;7.42;1.7;25.97;25.13;51.1;96.51;;;;;;;;;;;;;;;;;;;;;;;;;;;;;;;;
2039;231494650;112774820;118719830;2473758;2017958;0.21;10.69;8.72;79.73;76.45;83.02;7.93;8.49;7.34;1.7;25.74;25.77;51.52;100;;;;;;;;;;;;;;;;;;;;;;;;;;;;;;;;
2040;231919922;112962751;118957171;2455519;2060782;0.18;10.59;8.89;79.83;76.55;83.11;7.85;8.4;7.27;1.69;25.54;26.46;51.99;103.57;;;;;;;;;;;;;;;;;;;;;;;;;;;;;;;;
2041;232284233;113121438;119162795;2437785;2103915;0.16;10.49;9.06;79.92;76.65;83.2;7.77;8.32;7.2;1.69;25.35;27.18;52.53;107.23;;;;;;;;;;;;;;;;;;;;;;;;;;;;;;;;
2042;232588580;113251454;119337126;2422219;2147419;0.13;10.41;9.23;80;76.74;83.28;7.7;8.24;7.13;1.69;25.19;27.93;53.13;110.3;;;;;;;;;;;;;;;;;;;;;;;;;;;;;;;;
2043;232834065;113353443;119480622;2407325;2191168;0.11;10.34;9.41;80.09;76.83;83.36;7.63;8.16;7.06;1.69;25.06;28.73;53.78;114.72;;;;;;;;;;;;;;;;;;;;;;;;;;;;;;;;
2044;233020996;113427597;119593399;2392409;2234730;0.08;10.27;9.59;80.17;76.92;83.43;7.56;8.09;7;1.69;24.94;29.55;54.49;118.63;;;;;;;;;;;;;;;;;;;;;;;;;;;;;;;;
2045;233149625;113474061;119675564;2377677;2278119;0.06;10.2;9.77;80.24;77;83.5;7.5;8.02;6.95;1.68;24.85;30.4;55.25;122.5;;;;;;;;;;;;;;;;;;;;;;;;;;;;;;;;
2046;233220257;113493052;119727205;2363150;2321466;0.03;10.13;9.95;80.31;77.08;83.57;7.44;7.96;6.9;1.68;24.77;31.27;56.04;125.79;;;;;;;;;;;;;;;;;;;;;;;;;;;;;;;;
2047;233233670;113485011;119748659;2349527;2364398;0.01;10.07;10.14;80.38;77.16;83.63;7.39;7.9;6.84;1.68;24.72;32.17;56.89;129.75;;;;;;;;;;;;;;;;;;;;;;;;;;;;;;;;
2048;233190482;113450253;119740229;2335541;2407046;-0.02;10.02;10.32;80.45;77.23;83.7;7.33;7.84;6.8;1.68;24.68;33.08;57.76;134.62;;;;;;;;;;;;;;;;;;;;;;;;;;;;;;;;
2049;233090464;113388652;119701812;2320604;2449148;-0.04;9.96;10.51;80.51;77.3;83.75;7.29;7.79;6.75;1.68;24.66;33.99;58.64;138.06;;;;;;;;;;;;;;;;;;;;;;;;;;;;;;;;
2050;232933276;113300060;119633216;2304717;2490559;-0.07;9.89;10.69;80.57;77.37;83.81;7.24;7.74;6.71;1.68;24.64;34.88;59.52;142.21;;;;;;;;;;;;;;;;;;;;;;;;;;;;;;;;
2051;232719169;113184593;119534576;2288973;2531362;-0.09;9.84;10.88;80.63;77.43;83.86;7.2;7.69;6.67;1.67;24.63;35.76;60.38;144.81;;;;;;;;;;;;;;;;;;;;;;;;;;;;;;;;
2052;232448867;113042592;119406275;2273127;2571362;-0.12;9.78;11.06;80.68;77.49;83.91;7.16;7.65;6.64;1.67;24.62;36.62;61.24;148.37;;;;;;;;;;;;;;;;;;;;;;;;;;;;;;;;
2053;232122448;112874076;119248372;2255972;2610595;-0.14;9.72;11.25;80.74;77.55;83.96;7.12;7.61;6.6;1.67;24.62;37.45;62.07;151.97;;;;;;;;;;;;;;;;;;;;;;;;;;;;;;;;
2054;231739632;112678873;119060759;2237804;2648830;-0.16;9.66;11.43;80.78;77.61;84;7.08;7.57;6.57;1.67;24.62;38.26;62.89;155.63;;;;;;;;;;;;;;;;;;;;;;;;;;;;;;;;
2055;231300323;112456873;118843450;2218450;2686056;-0.19;9.59;11.61;80.83;77.66;84.04;7.05;7.54;6.54;1.67;24.63;39.05;63.68;159.33;;;;;;;;;;;;;;;;;;;;;;;;;;;;;;;;
2056;230805223;112208379;118596844;2199622;2722232;-0.21;9.53;11.79;80.88;77.71;84.08;7.02;7.5;6.51;1.67;24.63;39.81;64.43;161.33;;;;;;;;;;;;;;;;;;;;;;;;;;;;;;;;
2057;230255685;111934042;118321643;2180831;2757317;-0.24;9.47;11.98;80.92;77.76;84.12;6.99;7.47;6.48;1.66;24.62;40.52;65.15;164.43;;;;;;;;;;;;;;;;;;;;;;;;;;;;;;;;
2058;229652286;111634119;118018167;2161015;2791329;-0.26;9.41;12.15;80.96;77.81;84.16;6.96;7.44;6.46;1.66;24.62;41.22;65.84;168.24;;;;;;;;;;;;;;;;;;;;;;;;;;;;;;;;
2059;228995541;111308845;117686696;2141033;2824224;-0.29;9.35;12.33;81;77.86;84.19;6.94;7.41;6.44;1.66;24.61;41.91;66.53;170.27;;;;;;;;;;;;;;;;;;;;;;;;;;;;;;;;
2060;228286347;110958642;117327705;2120842;2856059;-0.31;9.29;12.51;81.04;77.9;84.23;6.91;7.39;6.42;1.66;24.61;42.62;67.23;173.47;;;;;;;;;;;;;;;;;;;;;;;;;;;;;;;;
Faixas etárias;;;;;;;;;;;;;;;;;;;;;;;;;;;;;;;;;;;;;;;;;;;;;;;;;;;
Total;;;;;;;;;;;;;;;;;;;;;;;;;;;;;;;;;;;;;;;;;;;;;;;;;;;
Faixa/Ano;2010;2011;2012;2013;2014;2015;2016;2017;2018;2019;2020;2021;2022;2023;2024;2025;2026;2027;2028;2029;2030;2031;2032;2033;2034;2035;2036;2037;2038;2039;2040;2041;2042;2043;2044;2045;2046;2047;2048;2049;2050;2051;2052;2053;2054;2055;2056;2057;2058;2059;2060
Total;194890682;196603732;198314934;200004188;201717541;203475683;205156587;206804741;208494900;210147125;211755692;213317639;214828540;216284269;217684462;219029093;220316530;221545234;222713669;223821305;224868462;225854415;226777802;227638581;228437122;229173685;229847832;230459062;231007871;231494650;231919922;232284233;232588580;232834065;233020996;233149625;233220257;233233670;233190482;233090464;232933276;232719169;232448867;232122448;231739632;231300323;230805223;230255685;229652286;228995541;228286347
0-4;14858280;14697433;14624301;14567170;14570070;14677159;14715112;14720776;14787557;14798332;14730311;14703281;14675523;14569055;14452355;14326234;14192256;14053426;13912226;13770272;13629815;13491399;13354905;13221642;13092489;12967369;12846604;12730937;12620549;12514918;12413588;12316709;12225086;12138798;12057106;11979238;11904624;11832490;11761709;11691308;11620256;11547982;11473958;11397201;11317212;11233863;11147191;11057520;10965028;10870292;10774218
05/set;15865195;15600504;15387507;15203145;15029641;14824271;14664918;14593299;14537829;14542132;14650311;14689394;14695773;14762671;14773628;14705941;14679311;14652033;14546208;14430226;14304778;14171490;14033278;13892710;13751331;13611405;13473529;13337523;13204728;13076037;12951361;12830995;12715703;12605672;12500387;12399373;12302790;12211456;12125433;12043993;11966376;11891973;11820071;11749531;11679356;11608504;11536459;11462615;11386046;11306224;11223031
out/14;17397304;17216843;16880174;16495325;16131984;15840860;15577214;15365237;15182024;15009676;14805478;14647164;14576191;14520972;14525347;14633526;14672711;14679300;14746432;14757724;14690423;14664114;14637176;14531700;14416109;14291049;14158125;14020272;13880038;13738984;13599376;13461829;13326122;13193611;13065182;12940762;12820626;12705545;12595720;12490655;12389855;12293466;12202305;12116445;12035156;11957694;11883455;11811703;11741278;11671246;11600532
15-19;17219086;17238401;17315601;17402809;17424089;17334096;17155615;16821630;16439846;16079464;15790863;15529387;15318916;15136923;14965724;14762869;14605891;14536019;14481942;14487286;14596110;14635967;14643187;14710785;14722659;14656163;14630405;14603997;14499263;14384409;14260078;14127872;13990752;13851207;13710840;13571863;13434947;13299846;13167907;13040010;12916108;12796510;12681921;12572557;12467934;12367551;12271531;12180736;12095228;12014265;11937109
20-24;17476779;17396868;17296030;17195219;17124785;17100769;17122881;17203520;17294780;17319853;17233266;17057794;16726717;16347561;15989803;15703800;15444924;15236871;15057313;14888503;14688175;14533531;14465563;14413260;14420025;14529708;14570602;14578856;14647162;14659931;14594614;14569782;14544238;14440723;14327061;14203946;14072906;13936948;13798559;13659314;13521425;13385549;13251456;13120499;12993545;12870528;12751775;12637977;12529386;12425516;12325847
25-29;17334110;17423848;17454135;17436877;17391346;17331851;17256322;17161679;17068593;17004904;16985866;17011218;17092427;17182193;17206153;17119972;16946247;16618500;16243415;15889766;15607291;15351552;15146240;14969263;14802897;14605190;14452983;14386955;14336521;14344709;14455193;14497153;14506501;14575436;14589082;14524961;14501063;14476422;14374170;14261783;14139942;14010163;13875462;13738287;13600246;13463536;13328803;13195813;13065893;12939931;12817887
30-34;15955949;16275019;16567575;16822855;17028854;17178656;17271648;17306947;17296659;17258318;17205416;17135646;17044190;16951251;16886952;16867543;16892885;16974395;17065211;17091062;17007393;16836728;16512899;16141856;15792033;15512843;15259983;15057188;14882572;14718488;14523256;14373318;14309113;14260407;14269902;14381026;14423898;14434174;14503630;14518027;14455019;14431957;14408126;14307058;14195853;14075191;13946610;13813084;13677088;13540196;13404578
35-39;14075108;14350827;14689558;15066579;15441748;15787821;16107943;16402815;16661965;16872342;17026545;17123723;17161844;17152616;17115112;17063584;16995707;16906691;16816670;16755274;16738294;16765601;16848588;16940702;16968189;16886844;16719129;16399166;16032170;15686230;15410325;15160396;14960090;14787787;14625966;14433207;14285523;14223058;14175984;14186704;14298311;14341981;14353071;14422945;14437977;14376076;14353778;14330671;14230768;14120755;14001307
40-44;13184170;13311309;13414041;13519509;13668343;13884283;14161178;14500831;14879035;15255513;15602974;15924417;16219710;16478229;16688213;16842846;16941312;16981681;16975459;16941357;16893256;16828804;16743240;16656520;16598022;16583446;16612647;16696902;16790065;16818996;16739962;16575282;16259556;15897111;15555535;15283397;15036761;14839171;14669407;14510049;14320041;14174828;14114206;14068807;14080737;14192649;14236987;14248844;14318948;14334584;14273861
45-49;11992439;12218181;12426314;12615601;12784211;12933598;13064058;13171048;13281287;13434076;13652504;13930420;14269004;14644402;15017933;15363171;15683089;15977567;16236139;16446903;16602926;16703462;16746553;16743579;16713006;16668492;16607681;16525845;16442743;16387431;16375387;16406437;16491724;16585608;16615819;16539189;16377988;16067408;15710668;15374594;15107158;14864721;14670479;14503796;14347422;14160785;14018586;13960052;13916591;13929788;14041783
50-54;10276773;10574366;10868062;11152415;11419933;11666086;11892707;12102371;12293932;12465329;12617804;12751592;12861867;12974530;13128538;13346782;13623237;13959030;14330885;14700984;15043388;15361008;15653779;15911350;16121912;16278600;16380728;16426408;16426757;16399939;16359306;16302574;16224958;16146006;16094242;16084875;16117711;16203642;16297801;16329111;16255195;16098244;15794311;15445094;15116301;14855005;14618039;14428117;14265353;14112793;13930535
55-59;8387564;8679820;8977656;9278724;9579705;9877881;10172542;10463716;10746091;11012111;11257277;11483368;11692613;11883880;12055490;12208751;12343963;12456465;12571436;12726473;12943766;13217366;13548288;13914012;14277951;14615019;14928011;15216929;15471607;15680383;15836527;15939411;15987269;15990939;15968053;15931630;15879345;15806522;15732281;15684468;15677945;15712380;15798347;15891980;15924009;15853162;15701406;15406171;15066946;14747850;14494713
60-64;6596741;6859058;7119004;7379912;7647936;7926230;8211893;8503042;8797470;9091910;9383728;9672175;9957156;10233460;10493988;10734491;10956693;11162776;11351609;11521660;11673982;11809015;11922324;12038067;12192258;12406090;12673729;12996043;13351492;13705082;14032901;14337648;14619346;14868106;15072540;15226101;15328313;15377469;15384059;15365094;15332980;15285499;15218052;15149158;15105746;15102049;15137666;15222586;15314436;15346470;15279016
65-69;4905988;5095516;5318713;5565313;5819304;6071240;6322755;6572590;6823731;7081680;7349244;7623733;7903288;8185834;8468411;8748627;9025766;9299757;9565627;9816554;10048512;10263166;10462649;10645868;10811283;10959940;11092321;11204363;11318835;11469648;11676652;11934133;12242752;12582173;12919685;13232909;13524376;13794222;14032965;14229585;14377822;14477368;14526754;14535915;14520894;14493445;14451348;14390212;14327671;14289289;14288480
70-74;3792042;3889352;3974955;4063519;4175947;4323465;4501441;4709484;4938529;5174388;5408663;5642901;5876091;6110754;6351769;6601500;6857600;7118354;7381902;7645534;7907040;8165785;8421765;8670307;8905063;9122289;9323635;9511104;9683679;9839876;9980630;10106571;10214158;10324288;10467931;10663049;10904126;11191369;11506226;11819031;12109555;12380193;12631212;12853724;13037277;13176002;13269879;13317776;13328895;13317878;13295484
75-79;2597990;2688798;2797237;2913384;3023576;3121818;3211601;3292375;3376250;3480536;3614389;3774018;3959070;4161906;4370673;4578361;4786387;4994114;5203523;5418622;5641260;5869405;6101656;6336314;6571128;6804078;7034690;7263005;7484798;7694408;7888458;8068562;8236631;8391702;8532383;8659541;8773851;8872509;8973811;9104799;9280868;9496727;9752138;10030863;10307408;10564467;10804204;11027068;11224976;11388373;11511971
80-84;1689444;1727063;1764898;1807817;1861166;1926871;2004365;2095235;2191860;2283815;2366558;2443191;2513706;2587330;2677251;2790280;2923509;3076687;3243763;3415649;3586931;3758879;3931160;4105249;4284098;4468984;4658301;4850986;5045614;5240341;5433588;5624985;5814637;5998934;6173117;6334346;6484201;6624391;6754088;6872004;6978835;7075422;7159683;7246694;7358416;7506972;7687508;7899218;8128899;8356311;8567809
85-89;830529;901360;954570;996763;1032554;1065148;1097017;1129489;1165517;1208442;1259330;1318006;1385731;1457236;1525459;1587405;1645581;1700356;1758056;1827478;1913020;2012666;2126181;2249361;2375978;2502391;2629690;2757777;2887609;3021064;3158814;3299768;3443164;3587930;3732788;3876586;4019065;4160416;4297807;4427602;4547659;4659375;4764254;4861528;4950167;5030651;5103867;5168499;5235780;5321722;5434778
90+;455191;459166;484603;521252;562349;603580;645377;688657;731945;774304;815165;856211;898723;943466;991663;1043410;1099461;1161212;1225853;1289978;1352102;1414477;1478371;1546036;1620691;1703785;1795039;1894806;2001669;2113776;2229906;2350808;2476780;2607627;2743377;2883626;3028143;3176612;3328257;3482333;3637926;3794831;3953061;4110366;4263976;4412193;4556131;4697023;4833076;4962058;5083408
Homens;;;;;;;;;;;;;;;;;;;;;;;;;;;;;;;;;;;;;;;;;;;;;;;;;;;
Faixa/Ano;2010;2011;2012;2013;2014;2015;2016;2017;2018;2019;2020;2021;2022;2023;2024;2025;2026;2027;2028;2029;2030;2031;2032;2033;2034;2035;2036;2037;2038;2039;2040;2041;2042;2043;2044;2045;2046;2047;2048;2049;2050;2051;2052;2053;2054;2055;2056;2057;2058;2059;2060
Total;95513298;96322635;97132054;97931331;98744098;99581002;100379640;101163599;101971173;102760295;103527689;104271843;104990487;105681529;106345043;106981304;107589495;108168830;108718587;109238514;109728762;110189007;110618592;111017537;111386062;111724392;112032426;112309958;112557327;112774820;112962751;113121438;113251454;113353443;113427597;113474061;113493052;113485011;113450253;113388652;113300060;113184593;113042592;112874076;112678873;112456873;112208379;111934042;111634119;111308845;110958642
0-4;7594516;7513761;7477567;7449337;7451690;7507226;7527223;7530642;7565301;7571223;7536789;7523299;7509386;7455164;7395678;7331364;7263006;7192133;7120032;7047528;6975778;6905062;6835307;6767195;6701192;6637231;6575502;6516373;6459937;6405936;6354123;6304598;6257751;6213632;6171861;6132043;6093885;6056997;6020798;5984802;5948471;5911502;5873639;5834370;5793447;5750809;5706456;5660575;5613249;5564770;5515605
05/set;8094637;7962532;7856445;7764679;7678145;7574960;7495049;7459700;7432381;7435509;7491634;7512252;7516076;7550810;7556858;7522618;7509351;7495730;7441882;7382807;7318878;7250909;7180401;7108665;7036481;6965042;6894634;6825161;6757331;6691592;6627900;6566392;6507477;6451252;6397457;6345822;6296474;6249795;6205831;6164206;6124537;6086502;6049752;6013699;5977830;5941609;5904776;5867020;5827860;5787041;5744493
out/14;8842587;8760868;8596730;8405865;8224795;8080135;7948620;7843086;7751948;7666040;7563501;7484190;7449226;7422072;7425264;7481411;7502112;7506047;7540921;7547162;7513141;7500066;7486634;7433002;7374143;7310452;7242697;7172400;7100861;7028875;6957623;6887413;6818125;6750468;6684877;6621345;6559981;6501187;6445082;6391415;6339911;6290699;6244133;6200276;6158737;6119162;6081226;6044568;6008592;5972801;5936671
15-19;8673836;8693267;8745322;8804210;8829069;8795446;8715095;8552810;8364062;8185062;8042202;7912260;7807878;7717747;7632793;7531320;7453057;7418949;7392651;7396587;7453221;7474403;7478801;7514010;7520683;7487251;7474592;7461547;7408463;7350163;7287028;7219811;7150062;7079046;7007575;6936806;6867067;6798239;6731019;6665837;6602699;6541729;6483312;6427561;6374235;6323041;6274127;6227836;6184244;6142973;6103630
20-24;8746116;8711375;8663577;8614902;8583358;8578611;8600164;8654720;8716490;8744065;8712945;8634909;8475014;8288587;8111918;7971317;7843582;7741213;7653070;7570037;7470597;7394220;7361652;7336794;7341891;7399228;7421254;7426487;7462264;7469669;7437195;7425286;7412946;7360848;7303529;7241380;7175120;7106330;7036251;6965698;6895815;6826928;6758931;6692510;6628106;6565701;6505416;6447653;6392537;6339825;6289218
25-29;8574606;8629711;8657414;8662143;8651184;8630266;8598875;8555561;8512314;8485534;8484394;8508378;8563553;8624538;8651626;8621118;8544666;8387530;8204388;8031009;7893232;7767999;7667829;7581750;7500675;7403356;7328943;7297950;7274594;7280847;7338836;7361712;7367822;7404119;7412226;7380713;7369573;7357978;7306911;7250628;7189512;7124285;7056509;6987423;6917849;6848930;6780967;6713878;6648312;6584723;6523112
30-34;7821287;7982363;8131551;8263753;8373348;8457008;8514439;8545686;8555280;8549320;8532944;8505514;8464499;8421615;8394693;8393527;8417664;8473141;8534872;8563312;8534665;8460519;8306365;8126302;7955838;7820545;7697488;7599240;7514973;7435649;7340229;7267552;7237960;7215936;7223197;7281677;7305262;7312099;7348805;7357492;7326843;7316343;7305373;7255224;7199860;7139664;7075362;7008494;6940318;6871646;6803583
35-39;6857527;6990523;7155946;7341635;7527745;7700900;7862666;8013399;8148183;8260741;8347421;8407755;8440996;8451369;8446055;8430688;8404634;8365378;8324589;8299702;8300209;8325674;8382118;8444696;8474256;8447253;8375224;8223858;8046719;7879049;7746136;7625181;7528741;7446144;7368454;7274845;7203808;7175501;7154681;7162834;7221685;7245877;7253323;7290325;7299496;7269639;7259722;7249292;7200007;7145508;7086207
40-44;6405478;6465519;6511227;6557089;6624863;6727359;6861189;7027271;7213769;7400750;7574836;7737477;7888496;8022898;8135221;8222214;8283430;8318165;8330545;8327522;8314471;8290745;8253830;8215289;8192354;8194452;8221147;8278370;8341585;8372088;8346626;8276663;8128189;7954176;7789503;7659150;7540448;7445888;7365050;7289066;7197348;7128025;7100999;7081359;7090362;7149455;7174123;7182135;7219317;7228927;7199896
45-49;5768516;5880219;5985481;6082367;6167931;6241647;6303978;6352579;6401687;6472175;6576419;6711034;6876531;7061277;7246407;7419108;7580798;7731316;7865760;7978594;8066468;8128987;8165432;8179855;8179060;8168292;8146911;8112423;8076237;8055349;8059034;8086849;8144623;8208179;8239414;8215443;8147699;8002569;7832277;7671186;7543900;7427925;7335566;7256745;7182722;7093220;7025894;7000246;6981909;6991754;7050917
50-54;4900002;5040349;5178764;5313246;5441195;5561009;5673316;5779573;5877917;5965268;6041008;6105571;6156429;6207294;6278778;6383077;6516900;6680739;6863310;7046315;7217244;7377487;7526925;7660698;7773367;7861606;7925036;7962995;7979372;7980824;7972437;7953589;7921753;7888179;7869486;7874764;7903569;7961564;8025093;8056849;8034455;7969304;7828334;7662799;7506320;7382926;7270417;7180814;7104474;7032873;6946162
55-59;3954821;4089187;4227766;4368987;4510555;4650762;4789417;4926386;5059761;5186871;5306101;5418069;5523994;5622071;5709488;5785731;5851268;5903677;5956190;6028485;6132308;6264412;6425224;6603964;6783080;6950611;7107892;7254823;7386666;7498065;7585774;7649457;7688505;7706661;7710316;7704363;7688149;7659220;7628530;7612199;7619074;7648657;7706356;7769208;7801082;7780353;7718248;7582612;7423293;7272866;7154556
60-64;3081961;3198692;3313737;3429277;3548963;3674713;3805186;3939707;4076794;4214303;4350563;4485379;4618536;4748149;4871821;4988027;5097383;5201061;5297302;5383487;5458969;5524298;5577221;5630273;5702081;5803746;5932098;6087478;6259725;6432268;6593867;6745779;6887959;7015825;7124175;7209866;7272652;7311982;7331395;7336975;7333300;7319725;7293901;7266311;7252466;7260725;7290580;7347073;7408221;7439552;7420473
65-69;2253998;2339108;2439108;2549140;2661907;2773210;2883883;2993314;3103440;3217426;3337000;3460918;3588535;3718492;3848844;3978090;4106032;4232502;4355732;4473440;4584216;4688647;4787847;4880176;4963105;5036045;5099560;5151653;5203924;5273663;5371091;5493166;5640066;5802391;5964930;6117373;6260872;6395434;6516731;6619770;6701600;6762068;6800700;6820803;6827971;6826458;6815605;6793193;6769102;6757874;6767303
70-74;1689818;1732563;1770303;1809593;1859518;1924795;2003224;2094581;2194687;2297297;2398778;2499910;2600243;2701380;2806006;2915566;3028989;3145702;3264515;3383680;3501868;3618911;3734717;3847628;3955595;4057304;4153367;4244811;4330120;4406952;4474742;4534111;4583407;4633065;4698510;4788775;4900975;5035044;5182591;5330211;5468808;5599462;5722265;5833225;5927673;6002895;6058911;6095418;6115370;6123684;6124121
75-79;1105206;1144121;1190922;1240998;1288273;1330216;1368574;1403314;1439622;1484658;1542105;1610235;1688895;1774682;1862608;1949716;2036732;2123408;2210961;2301516;2396166;2494028;2594665;2697044;2799720;2901547;3002440;3102353;3199832;3293112;3381052;3464237;3543625;3617852;3684841;3744109;3796312;3840217;3884676;3942722;4021823;4119269;4234768;4361237;4487603;4606394;4718561;4824282;4920042;5001664;5066803
80-84;677628;692280;707304;724631;746369;773094;804695;841980;881564;919059;952619;983758;1012641;1042996;1079956;1126100;1180178;1242110;1309326;1378193;1446541;1514999;1583484;1652852;1724591;1799420;1876683;1956079;2036796;2117674;2197885;2277383;2356175;2433074;2506675;2576080;2641835;2704769;2763770;2817079;2864310;2906165;2941812;2978203;3025436;3089091;3166772;3257946;3357133;3456065;3549148
85-89;314944;340306;359247;374268;387076;398787;410381;422377;435871;452078;471252;493422;519178;546326;572074;595279;617114;637836;659812;686235;718616;756161;798785;844827;891952;938795;985869;1033177;1081264;1131002;1182750;1236101;1290875;1346482;1402163;1457337;1512013;1566262;1619219;1669886;1717634;1762927;1806456;1847353;1884307;1917047;1946213;1971377;1997388;2031094;2076107
90+;155814;155891;163643;175211;188114;200858;213666;226913;240102;252916;265178;277513;290381;304062;318955;335033;352599;372193;392729;412903;432174;451480;471355;492517;515998;542216;571089;602780;636664;672043;708423;746158;785393;826114;868408;912170;957358;1003936;1051543;1099797;1148335;1197201;1246463;1295445;1343371;1389754;1435003;1479630;1522751;1563205;1600637
Mulheres;;;;;;;;;;;;;;;;;;;;;;;;;;;;;;;;;;;;;;;;;;;;;;;;;;;
Faixa/Ano;2010;2011;2012;2013;2014;2015;2016;2017;2018;2019;2020;2021;2022;2023;2024;2025;2026;2027;2028;2029;2030;2031;2032;2033;2034;2035;2036;2037;2038;2039;2040;2041;2042;2043;2044;2045;2046;2047;2048;2049;2050;2051;2052;2053;2054;2055;2056;2057;2058;2059;2060
Total;99377384;100281097;101182880;102072857;102973443;103894681;104776947;105641142;106523727;107386830;108228003;109045796;109838053;110602740;111339419;112047789;112727035;113376404;113995082;114582791;115139700;115665408;116159210;116621044;117051060;117449293;117815406;118149104;118450544;118719830;118957171;119162795;119337126;119480622;119593399;119675564;119727205;119748659;119740229;119701812;119633216;119534576;119406275;119248372;119060759;118843450;118596844;118321643;118018167;117686696;117327705
0-4;7263764;7183672;7146734;7117833;7118380;7169933;7187889;7190134;7222256;7227109;7193522;7179982;7166137;7113891;7056677;6994870;6929250;6861293;6792194;6722744;6654037;6586337;6519598;6454447;6391297;6330138;6271102;6214564;6160612;6108982;6059465;6012111;5967335;5925166;5885245;5847195;5810739;5775493;5740911;5706506;5671785;5636480;5600319;5562831;5523765;5483054;5440735;5396945;5351779;5305522;5258613
05/set;7770558;7637972;7531062;7438466;7351496;7249311;7169869;7133599;7105448;7106623;7158677;7177142;7179697;7211861;7216770;7183323;7169960;7156303;7104326;7047419;6985900;6920581;6852877;6784045;6714850;6646363;6578895;6512362;6447397;6384445;6323461;6264603;6208226;6154420;6102930;6053551;6006316;5961661;5919602;5879787;5841839;5805471;5770319;5735832;5701526;5666895;5631683;5595595;5558186;5519183;5478538
out/14;8554717;8455975;8283444;8089460;7907189;7760725;7628594;7522151;7430076;7343636;7241977;7162974;7126965;7098900;7100083;7152115;7170599;7173253;7205511;7210562;7177282;7164048;7150542;7098698;7041966;6980597;6915428;6847872;6779177;6710109;6641753;6574416;6507997;6443143;6380305;6319417;6260645;6204358;6150638;6099240;6049944;6002767;5958172;5916169;5876419;5838532;5802229;5767135;5732686;5698445;5663861
15-19;8545250;8545134;8570279;8598599;8595020;8538650;8440520;8268820;8075784;7894402;7748661;7617127;7511038;7419176;7332931;7231549;7152834;7117070;7089291;7090699;7142889;7161564;7164386;7196775;7201976;7168912;7155813;7142450;7090800;7034246;6973050;6908061;6840690;6772161;6703265;6635057;6567880;6501607;6436888;6374173;6313409;6254781;6198609;6144996;6093699;6044510;5997404;5952900;5910984;5871292;5833479
20-24;8730663;8685493;8632453;8580317;8541427;8522158;8522717;8548800;8578290;8575788;8520321;8422885;8251703;8058974;7877885;7732483;7601342;7495658;7404243;7318466;7217578;7139311;7103911;7076466;7078134;7130480;7149348;7152369;7184898;7190262;7157419;7144496;7131292;7079875;7023532;6962566;6897786;6830618;6762308;6693616;6625610;6558621;6492525;6427989;6365439;6304827;6246359;6190324;6136849;6085691;6036629
25-29;8759504;8794137;8796721;8774734;8740162;8701585;8657447;8606118;8556279;8519370;8501472;8502840;8528874;8557655;8554527;8498854;8401581;8230970;8039027;7858757;7714059;7583553;7478411;7387513;7302222;7201834;7124040;7089005;7061927;7063862;7116357;7135441;7138679;7171317;7176856;7144248;7131490;7118444;7067259;7011155;6950430;6885878;6818953;6750864;6682397;6614606;6547836;6481935;6417581;6355208;6294775
30-34;8134662;8292656;8436024;8559102;8655506;8721648;8757209;8761261;8741379;8708998;8672472;8630132;8579691;8529636;8492259;8474016;8475221;8501254;8530339;8527750;8472728;8376209;8206534;8015554;7836195;7692298;7562495;7457948;7367599;7282839;7183027;7105766;7071153;7044471;7046705;7099349;7118636;7122075;7154825;7160535;7128176;7115614;7102753;7051834;6995993;6935527;6871248;6804590;6736770;6668550;6600995
35-39;7217581;7360304;7533612;7724944;7914003;8086921;8245277;8389416;8513782;8611601;8679124;8715968;8720848;8701247;8669057;8632896;8591073;8541313;8492081;8455572;8438085;8439927;8466470;8496006;8493933;8439591;8343905;8175308;7985451;7807181;7664189;7535215;7431349;7341643;7257512;7158362;7081715;7047557;7021303;7023870;7076626;7096104;7099748;7132620;7138481;7106437;7094056;7081379;7030761;6975247;6915100
40-44;6778692;6845790;6902814;6962420;7043480;7156924;7299989;7473560;7665266;7854763;8028138;8186940;8331214;8455331;8552992;8620632;8657882;8663516;8644914;8613835;8578785;8538059;8489410;8441231;8405668;8388994;8391500;8418532;8448480;8446908;8393336;8298619;8131367;7942935;7766032;7624247;7496313;7393283;7304357;7220983;7122693;7046803;7013207;6987448;6990375;7043194;7062864;7066709;7099631;7105657;7073965
45-49;6223923;6337962;6440833;6533234;6616280;6691951;6760080;6818469;6879600;6961901;7076085;7219386;7392473;7583125;7771526;7944063;8102291;8246251;8370379;8468309;8536458;8574475;8581121;8563724;8533946;8500200;8460770;8413422;8366506;8332082;8316353;8319588;8347101;8377429;8376405;8323746;8230289;8064839;7878391;7703408;7563258;7436796;7334913;7247051;7164700;7067565;6992692;6959806;6934682;6938034;6990866
50-54;5376771;5534017;5689298;5839169;5978738;6105077;6219391;6322798;6416015;6500061;6576796;6646021;6705438;6767236;6849760;6963705;7106337;7278291;7467575;7654669;7826144;7983521;8126854;8250652;8348545;8416994;8455692;8463413;8447385;8419115;8386869;8348985;8303205;8257827;8224756;8210111;8214142;8242078;8272708;8272262;8220740;8128940;7965977;7782295;7609981;7472079;7347622;7247303;7160879;7079920;6984373
55-59;4432743;4590633;4749890;4909737;5069150;5227119;5383125;5537330;5686330;5825240;5951176;6065299;6168619;6261809;6346002;6423020;6492695;6552788;6615246;6697988;6811458;6952954;7123064;7310048;7494871;7664408;7820119;7962106;8084941;8182318;8250753;8289954;8298764;8284278;8257737;8227267;8191196;8147302;8103751;8072269;8058871;8063723;8091991;8122772;8122927;8072809;7983158;7823559;7643653;7474984;7340157
60-64;3514780;3660366;3805267;3950635;4098973;4251517;4406707;4563335;4720676;4877607;5033165;5186796;5338620;5485311;5622167;5746464;5859310;5961715;6054307;6138173;6215013;6284717;6345103;6407794;6490177;6602344;6741631;6908565;7091767;7272814;7439034;7591869;7731387;7852281;7948365;8016235;8055661;8065487;8052664;8028119;7999680;7965774;7924151;7882847;7853280;7841324;7847086;7875513;7906215;7906918;7858543
65-69;2651990;2756408;2879605;3016173;3157397;3298030;3438872;3579276;3720291;3864254;4012244;4162815;4314753;4467342;4619567;4770537;4919734;5067255;5209895;5343114;5464296;5574519;5674802;5765692;5848178;5923895;5992761;6052710;6114911;6195985;6305561;6440967;6602686;6779782;6954755;7115536;7263504;7398788;7516234;7609815;7676222;7715300;7726054;7715112;7692923;7666987;7635743;7597019;7558569;7531415;7521177
70-74;2102224;2156789;2204652;2253926;2316429;2398670;2498217;2614903;2743842;2877091;3009885;3142991;3275848;3409374;3545763;3685934;3828611;3972652;4117387;4261854;4405172;4546874;4687048;4822679;4949468;5064985;5170268;5266293;5353559;5432924;5505888;5572460;5630751;5691223;5769421;5874274;6003151;6156325;6323635;6488820;6640747;6780731;6908947;7020499;7109604;7173107;7210968;7222358;7213525;7194194;7171363
75-79;1492784;1544677;1606315;1672386;1735303;1791602;1843027;1889061;1936628;1995878;2072284;2163783;2270175;2387224;2508065;2628645;2749655;2870706;2992562;3117106;3245094;3375377;3506991;3639270;3771408;3902531;4032250;4160652;4284966;4401296;4507406;4604325;4693006;4773850;4847542;4915432;4977539;5032292;5089135;5162077;5259045;5377458;5517370;5669626;5819805;5958073;6085643;6202786;6304934;6386709;6445168
80-84;1011816;1034783;1057594;1083186;1114797;1153777;1199670;1253255;1310296;1364756;1413939;1459433;1501065;1544334;1597295;1664180;1743331;1834577;1934437;2037456;2140390;2243880;2347676;2452397;2559507;2669564;2781618;2894907;3008818;3122667;3235703;3347602;3458462;3565860;3666442;3758266;3842366;3919622;3990318;4054925;4114525;4169257;4217871;4268491;4332980;4417881;4520736;4641272;4771766;4900246;5018661
85-89;515585;561054;595323;622495;645478;666361;686636;707112;729646;756364;788078;824584;866553;910910;953385;992126;1028467;1062520;1098244;1141243;1194404;1256505;1327396;1404534;1484026;1563596;1643821;1724600;1806345;1890062;1976064;2063667;2152289;2241448;2330625;2419249;2507052;2594154;2678588;2757716;2830025;2896448;2957798;3014175;3065860;3113604;3157654;3197122;3238392;3290628;3358671
90+;299377;303275;320960;346041;374235;402722;431711;461744;491843;521388;549987;578698;608342;639404;672708;708377;746862;789019;833124;877075;919928;962997;1007016;1053519;1104693;1161569;1223950;1292026;1365005;1441733;1521483;1604650;1691387;1781513;1874969;1971456;2070785;2172676;2276714;2382536;2489591;2597630;2706598;2814921;2920605;3022439;3121128;3217393;3310325;3398853;3482771
