Tocantins;;;;;;;;;;;;;;;;;;;;;;;;;;;;;;;;;;;;;;;;;;;;;;;;;;;
Dados;;;;;;;;;;;;;;;;;;;;;;;;;;;;;;;;;;;;;;;;;;;;;;;;;;;
Ano;População total;Homens;Mulheres;Nascimentos;Óbitos;Taxa de Crescimento Geométrico;Taxa Bruta de Natalidade;Taxa Bruta de Mortalidade;Esperança de Vida ao Nascer;Esperança de Vida ao Nascer - Homens;Esperança de Vida ao Nascer - Mulheres;Taxa de Mortalidade Infantil;Taxa de Mortalidade Infantil - Homens;Taxa de Mortalidade Infantil - Mulheres;Taxa de Fecundidade Total;Razão de Dependência - Jovens 0 a 14 anos;Razão de Dependência - Idosos 65 ou mais anos;Razão de Dependência;Índice de Envelhecimento;;;;;;;;;;;;;;;;;;;;;;;;;;;;;;;;
2010;1412989;717988;695001;25720;8767;x;18.2;6.2;71.56;68.69;74.87;19.39;19.62;19.15;2.03;45.24;8.91;54.15;19.8;;;;;;;;;;;;;;;;;;;;;;;;;;;;;;;;
2011;1431478;726648;704830;26189;8796;1.31;18.3;6.14;71.89;69.01;75.21;18.69;18.91;18.46;2.04;43.89;9.01;52.9;20.56;;;;;;;;;;;;;;;;;;;;;;;;;;;;;;;;
2012;1449779;735205;714574;25465;8847;1.28;17.56;6.1;72.21;69.32;75.54;18.04;18.25;17.82;1.97;42.56;9.12;51.68;21.35;;;;;;;;;;;;;;;;;;;;;;;;;;;;;;;;
2013;1467474;743446;724028;25127;8908;1.22;17.12;6.07;72.52;69.62;75.85;17.43;17.63;17.22;1.92;41.23;9.25;50.48;22.26;;;;;;;;;;;;;;;;;;;;;;;;;;;;;;;;
2014;1485318;751758;733560;25956;8998;1.22;17.48;6.06;72.82;69.91;76.15;16.86;17.06;16.65;1.97;40.03;9.41;49.43;23.51;;;;;;;;;;;;;;;;;;;;;;;;;;;;;;;;
2015;1503482;760230;743252;25992;9095;1.22;17.29;6.05;73.11;70.19;76.44;16.32;16.52;16.11;1.96;39;9.58;48.58;24.43;;;;;;;;;;;;;;;;;;;;;;;;;;;;;;;;
2016;1520448;768086;752362;23787;9185;1.13;15.64;6.04;73.39;70.46;76.71;15.82;16.01;15.61;1.78;38.05;9.79;47.84;25.68;;;;;;;;;;;;;;;;;;;;;;;;;;;;;;;;
2017;1537350;775907;761443;26112;9303;1.11;16.99;6.05;73.65;70.72;76.98;15.34;15.54;15.14;1.94;37.2;10.01;47.22;26.88;;;;;;;;;;;;;;;;;;;;;;;;;;;;;;;;
2018;1555229;784227;771002;26045;9450;1.16;16.75;6.08;73.91;70.97;77.23;14.91;15.1;14.7;1.93;36.47;10.25;46.72;28.11;;;;;;;;;;;;;;;;;;;;;;;;;;;;;;;;
2019;1572866;792423;780443;25958;9592;1.13;16.5;6.1;74.15;71.21;77.47;14.49;14.69;14.29;1.92;35.8;10.51;46.31;29.39;;;;;;;;;;;;;;;;;;;;;;;;;;;;;;;;
2020;1590248;800489;789759;25863;9739;1.11;16.26;6.12;74.39;71.44;77.7;14.11;14.3;13.9;1.91;35.15;10.77;45.93;30.71;;;;;;;;;;;;;;;;;;;;;;;;;;;;;;;;
2021;1607363;808419;798944;25770;9896;1.08;16.03;6.16;74.62;71.66;77.92;13.75;13.94;13.54;1.9;34.47;11.05;45.52;32.07;;;;;;;;;;;;;;;;;;;;;;;;;;;;;;;;
2022;1624183;816200;807983;25636;10064;1.05;15.78;6.2;74.83;71.88;78.13;13.41;13.6;13.2;1.89;33.93;11.34;45.27;33.33;;;;;;;;;;;;;;;;;;;;;;;;;;;;;;;;
2023;1640666;823811;816855;25485;10242;1.01;15.53;6.24;75.04;72.08;78.33;13.09;13.29;12.89;1.88;33.47;11.65;45.13;34.63;;;;;;;;;;;;;;;;;;;;;;;;;;;;;;;;
2024;1656791;831241;825550;25325;10429;0.98;15.29;6.29;75.23;72.27;78.53;12.81;13;12.6;1.87;33.04;11.99;45.03;36.4;;;;;;;;;;;;;;;;;;;;;;;;;;;;;;;;
2025;1672538;838481;834057;25146;10622;0.95;15.03;6.35;75.42;72.46;78.71;12.53;12.73;12.33;1.86;32.69;12.34;45.04;37.78;;;;;;;;;;;;;;;;;;;;;;;;;;;;;;;;
2026;1687892;845525;842367;24977;10826;0.92;14.8;6.41;75.6;72.64;78.88;12.28;12.47;12.07;1.85;32.34;12.72;45.06;39.46;;;;;;;;;;;;;;;;;;;;;;;;;;;;;;;;
2027;1702843;852367;850476;24793;11037;0.89;14.56;6.48;75.78;72.81;79.05;12.05;12.24;11.84;1.85;32.01;13.11;45.12;40.72;;;;;;;;;;;;;;;;;;;;;;;;;;;;;;;;
2028;1717358;858991;858367;24584;11264;0.85;14.32;6.56;75.94;72.97;79.2;11.82;12.02;11.62;1.84;31.73;13.53;45.26;42.66;;;;;;;;;;;;;;;;;;;;;;;;;;;;;;;;
2029;1731421;865389;866032;24387;11495;0.82;14.08;6.64;76.1;73.12;79.35;11.62;11.82;11.42;1.84;31.43;13.97;45.39;44.44;;;;;;;;;;;;;;;;;;;;;;;;;;;;;;;;
2030;1745035;871563;873472;24200;11736;0.79;13.87;6.73;76.24;73.27;79.5;11.43;11.63;11.23;1.83;31.08;14.41;45.49;46.26;;;;;;;;;;;;;;;;;;;;;;;;;;;;;;;;
2031;1758194;877511;880683;23988;11987;0.75;13.64;6.82;76.38;73.41;79.63;11.26;11.45;11.05;1.83;30.85;14.9;45.74;48.11;;;;;;;;;;;;;;;;;;;;;;;;;;;;;;;;
2032;1770890;883228;887662;23783;12247;0.72;13.43;6.92;76.52;73.55;79.76;11.1;11.29;10.89;1.82;30.6;15.41;46.01;50.48;;;;;;;;;;;;;;;;;;;;;;;;;;;;;;;;
2033;1783128;888719;894409;23606;12520;0.69;13.24;7.02;76.65;73.67;79.88;10.95;11.14;10.74;1.82;30.24;15.91;46.16;52.66;;;;;;;;;;;;;;;;;;;;;;;;;;;;;;;;
2034;1794915;893988;900927;23438;12802;0.66;13.06;7.13;76.78;73.79;80;10.8;11;10.6;1.82;29.89;16.43;46.31;54.9;;;;;;;;;;;;;;;;;;;;;;;;;;;;;;;;
2035;1806253;899036;907217;23282;13098;0.63;12.89;7.25;76.89;73.91;80.11;10.67;10.87;10.47;1.81;29.54;16.94;46.47;57.43;;;;;;;;;;;;;;;;;;;;;;;;;;;;;;;;
2036;1817130;903857;913273;23115;13399;0.6;12.72;7.37;77;74.02;80.21;10.56;10.75;10.35;1.81;29.19;17.44;46.64;59.8;;;;;;;;;;;;;;;;;;;;;;;;;;;;;;;;
2037;1827541;908450;919091;22963;13712;0.57;12.56;7.5;77.11;74.13;80.31;10.45;10.64;10.24;1.81;28.86;17.95;46.81;61.93;;;;;;;;;;;;;;;;;;;;;;;;;;;;;;;;
2038;1837489;912816;924673;22828;14036;0.54;12.42;7.64;77.21;74.23;80.41;10.34;10.54;10.14;1.81;28.54;18.47;47.01;64.95;;;;;;;;;;;;;;;;;;;;;;;;;;;;;;;;
2039;1846977;916957;930020;22699;14370;0.52;12.29;7.78;77.3;74.32;80.5;10.24;10.44;10.04;1.8;28.24;19.02;47.26;67.19;;;;;;;;;;;;;;;;;;;;;;;;;;;;;;;;
2040;1856004;920873;935131;22579;14708;0.49;12.17;7.92;77.4;74.41;80.58;10.15;10.35;9.95;1.8;27.97;19.63;47.6;70;;;;;;;;;;;;;;;;;;;;;;;;;;;;;;;;
2041;1864567;924562;940005;22458;15058;0.46;12.04;8.08;77.48;74.5;80.66;10.08;10.27;9.87;1.8;27.73;20.29;48.01;73.26;;;;;;;;;;;;;;;;;;;;;;;;;;;;;;;;
2042;1872665;928025;944640;22354;15412;0.43;11.94;8.23;77.56;74.58;80.74;10;10.19;9.79;1.8;27.51;20.99;48.5;76.22;;;;;;;;;;;;;;;;;;;;;;;;;;;;;;;;
2043;1880302;931265;949037;22256;15777;0.41;11.84;8.39;77.64;74.66;80.81;9.93;10.12;9.72;1.8;27.32;21.74;49.05;79.78;;;;;;;;;;;;;;;;;;;;;;;;;;;;;;;;
2044;1887474;934279;953195;22157;16145;0.38;11.74;8.55;77.71;74.73;80.87;9.86;10.06;9.66;1.79;27.15;22.5;49.65;82.87;;;;;;;;;;;;;;;;;;;;;;;;;;;;;;;;
2045;1894176;937067;957109;22056;16519;0.36;11.64;8.72;77.78;74.8;80.94;9.81;10;9.6;1.79;27;23.27;50.27;86.11;;;;;;;;;;;;;;;;;;;;;;;;;;;;;;;;
2046;1900401;939624;960777;21959;16900;0.33;11.55;8.89;77.85;74.87;81;9.75;9.94;9.54;1.79;26.87;24.05;50.91;89.33;;;;;;;;;;;;;;;;;;;;;;;;;;;;;;;;
2047;1906149;941951;964198;21869;17285;0.3;11.47;9.07;77.91;74.93;81.06;9.7;9.89;9.49;1.79;26.75;24.83;51.58;93.18;;;;;;;;;;;;;;;;;;;;;;;;;;;;;;;;
2048;1911418;944048;967370;21774;17673;0.28;11.39;9.25;77.97;74.99;81.11;9.65;9.85;9.45;1.79;26.66;25.61;52.27;96;;;;;;;;;;;;;;;;;;;;;;;;;;;;;;;;
2049;1916198;945911;970287;21673;18066;0.25;11.31;9.43;78.02;75.05;81.16;9.6;9.8;9.4;1.79;26.57;26.39;52.96;99.43;;;;;;;;;;;;;;;;;;;;;;;;;;;;;;;;
2050;1920482;947537;972945;21568;18460;0.22;11.23;9.61;78.08;75.1;81.21;9.56;9.76;9.36;1.79;26.5;27.17;53.67;102.91;;;;;;;;;;;;;;;;;;;;;;;;;;;;;;;;
2051;1924271;948928;975343;21470;18855;0.2;11.16;9.8;78.13;75.15;81.26;9.53;9.72;9.32;1.79;26.44;27.94;54.38;105.85;;;;;;;;;;;;;;;;;;;;;;;;;;;;;;;;
2052;1927565;950086;977479;21371;19253;0.17;11.09;9.99;78.18;75.2;81.3;9.5;9.69;9.29;1.79;26.39;28.69;55.08;108.82;;;;;;;;;;;;;;;;;;;;;;;;;;;;;;;;
2053;1930355;951006;979349;21258;19651;0.14;11.01;10.18;78.22;75.25;81.34;9.47;9.66;9.26;1.79;26.35;29.43;55.78;111.83;;;;;;;;;;;;;;;;;;;;;;;;;;;;;;;;
2054;1932631;951684;980947;21140;20050;0.12;10.94;10.37;78.26;75.29;81.38;9.44;9.63;9.23;1.79;26.31;30.17;56.48;114.88;;;;;;;;;;;;;;;;;;;;;;;;;;;;;;;;
2055;1934389;952117;982272;21015;20443;0.09;10.86;10.57;78.3;75.33;81.42;9.41;9.6;9.2;1.79;26.28;30.91;57.19;117.96;;;;;;;;;;;;;;;;;;;;;;;;;;;;;;;;
2056;1935636;952310;983326;20902;20833;0.06;10.8;10.76;78.34;75.37;81.45;9.38;9.58;9.18;1.78;26.26;31.64;57.9;120.48;;;;;;;;;;;;;;;;;;;;;;;;;;;;;;;;
2057;1936381;952269;984112;20788;21221;0.04;10.74;10.96;78.38;75.41;81.49;9.36;9.55;9.15;1.78;26.24;32.38;58.62;123.64;;;;;;;;;;;;;;;;;;;;;;;;;;;;;;;;
2058;1936619;951991;984628;20658;21604;0.01;10.67;11.16;78.41;75.44;81.52;9.34;9.53;9.13;1.78;26.23;33.11;59.34;126.06;;;;;;;;;;;;;;;;;;;;;;;;;;;;;;;;
2059;1936347;951475;984872;20530;21981;-0.01;10.6;11.35;78.45;75.47;81.55;9.32;9.51;9.11;1.78;26.23;33.85;60.08;128.66;;;;;;;;;;;;;;;;;;;;;;;;;;;;;;;;
2060;1935575;950727;984848;20401;22350;-0.04;10.54;11.55;78.48;75.51;81.58;9.3;9.49;9.09;1.78;26.23;34.59;60.82;131.9;;;;;;;;;;;;;;;;;;;;;;;;;;;;;;;;
Faixas etárias;;;;;;;;;;;;;;;;;;;;;;;;;;;;;;;;;;;;;;;;;;;;;;;;;;;
Total;;;;;;;;;;;;;;;;;;;;;;;;;;;;;;;;;;;;;;;;;;;;;;;;;;;
Faixa/Ano;2010;2011;2012;2013;2014;2015;2016;2017;2018;2019;2020;2021;2022;2023;2024;2025;2026;2027;2028;2029;2030;2031;2032;2033;2034;2035;2036;2037;2038;2039;2040;2041;2042;2043;2044;2045;2046;2047;2048;2049;2050;2051;2052;2053;2054;2055;2056;2057;2058;2059;2060
Total;1412989;1431478;1449779;1467474;1485318;1503482;1520448;1537350;1555229;1572866;1590248;1607363;1624183;1640666;1656791;1672538;1687892;1702843;1717358;1731421;1745035;1758194;1770890;1783128;1794915;1806253;1817130;1827541;1837489;1846977;1856004;1864567;1872665;1880302;1887474;1894176;1900401;1906149;1911418;1916198;1920482;1924271;1927565;1930355;1932631;1934389;1935636;1936381;1936619;1936347;1935575
0-4;131747;129395;127957;126607;125667;125808;124837;124055;124911;125433;125436;126415;127213;126749;126215;125599;124902;124135;123318;122447;121554;120629;119669;118710;117782;116882;116018;115197;114425;113691;112992;112334;111718;111145;110605;110088;109587;109110;108641;108170;107693;107217;106734;106235;105723;105188;104636;104071;103486;102891;102288
05/set;136769;136807;136184;134717;133441;131497;129164;127741;126403;125475;125619;124661;123886;124744;125269;125276;126257;127061;126596;126069;125454;124765;124007;123202;122338;121452;120532;119582;118628;117706;116812;115951;115139;114371;113640;112944;112291;111678;111107;110567;110058;109558;109083;108617;108147;107672;107198;106719;106225;105712;105179
out/14;146144;144720;142623;140704;138734;137310;137343;136717;135251;133973;132027;129692;128265;126923;125988;126124;125159;124379;125228;125744;125740;126711;127507;127034;126508;125895;125211;124456;123655;122797;121917;121000;120052;119103;118183;117291;116436;115626;114859;114134;113438;112786;112176;111610;111071;110565;110068;109590;109124;108659;108186
15-19;141135;142461;143892;145156;145848;145737;144332;142251;140351;138398;136994;137035;136418;134961;133694;131759;129437;128018;126687;125759;125899;124937;124161;125014;125532;125536;126504;127302;126836;126314;125705;125028;124278;123482;122629;121756;120845;119900;118955;118040;117150;116303;115499;114730;114010;113320;112669;112062;111501;110961;110459
20-24;133584;134522;135580;136751;138007;139314;140662;142122;143409;144130;144051;142687;140652;138799;136888;135521;135589;135003;133575;132336;130439;128154;126759;125448;124539;124684;123740;122979;123834;124356;124366;125338;126137;125679;125167;124565;123894;123153;122368;121522;120656;119752;118816;117881;116971;116089;115248;114450;113689;112975;112288
25-29;126807;128093;129150;130057;130923;131815;132785;133868;135066;136343;137673;139038;140517;141822;142567;142518;141195;139202;137395;135529;134195;134284;133727;132334;131124;129258;127009;125632;124347;123457;123615;122685;121941;122799;123328;123346;124319;125118;124668;124167;123578;122917;122184;121411;120577;119719;118827;117902;116975;116074;115201
30-34;115959;118910;121279;123168;124787;126270;127564;128630;129550;130427;131322;132300;133387;134584;135857;137183;138543;140018;141318;142061;142022;140720;138757;136977;135140;133835;133935;133400;132034;130848;129012;126797;125440;124175;123302;123470;122555;121824;122684;123215;123240;124211;125013;124572;124081;123501;122851;122126;121364;120543;119694
35-39;96636;99979;103959;108244;112289;115755;118684;121039;122917;124529;126007;127297;128358;129276;130152;131045;132016;133094;134282;135544;136856;138206;139671;140970;141715;141693;140421;138493;136744;134942;133662;133772;133253;131912;130747;128934;126749;125416;124169;123310;123483;122587;121865;122727;123257;123290;124256;125057;124625;124140;123570
40-44;86077;88054;89706;91321;93358;96068;99375;103313;107549;111552;114987;117887;120222;122093;123697;125167;126453;127512;128429;129301;130192;131159;132232;133419;134682;135997;137352;138820;140120;140873;140868;139626;137739;136025;134258;133010;133130;132625;131310;130168;128386;126233;124927;123701;122861;123039;122160;121452;122309;122841;122882
45-49;72221;74743;77381;80022;82490;84707;86673;88317;89929;91952;94634;97906;101797;105976;109931;113330;116202;118517;120375;121974;123437;124720;125781;126702;127583;128482;129457;130534;131727;132990;134303;135655;137116;138411;139170;139178;137969;136126;134451;132725;131507;131638;131147;129860;128743;126997;124884;123607;122404;121584;121766
50-54;58920;60993;63180;65464;67823;70231;72718;75318;77922;80356;82545;84489;86122;87725;89730;92373;95597;99426;103533;107420;110762;113592;115878;117719;119309;120771;122047;123112;124038;124924;125828;126807;127880;129070;130321;131626;132967;134412;135696;136451;136472;135296;133506;131884;130206;129028;129169;128696;127442;126354;124649
55-59;47900;49585;51255;52950;54738;56659;58684;60825;63057;65362;67721;70154;72698;75245;77624;79776;81683;83288;84870;86838;89428;92578;96318;100324;104118;107383;110154;112400;114209;115776;117221;118483;119540;120463;121346;122242;123215;124276;125451;126682;127966;129286;130700;131961;132712;132740;131604;129876;128314;126698;125569
60-64;37392;38880;40446;42067;43708;45339;46974;48593;50239;51972;53833;55792;57859;60015;62243;64517;66867;69326;71783;74085;76165;78014;79572;81111;83025;85531;88585;92193;96058;99718;102866;105544;107718;109470;110996;112404;113630;114664;115566;116436;117312;118266;119301;120443;121639;122882;124167;125533;126754;127479;127508
65-69;28673;29643;30734;31930;33204;34547;35958;37439;38975;40532;42077;43629;45168;46735;48380;50147;52003;53959;55997;58102;60252;62476;64806;67137;69319;71296;73048;74534;76004;77828;80210;83109;86528;90185;93642;96621;99156;101217;102882;104336;105680;106847;107842;108704;109540;110384;111297;112288;113376;114514;115697
70-74;22170;22728;23234;23755;24378;25158;26063;27075;28178;29350;30583;31880;33240;34647;36078;37493;38922;40337;41782;43297;44922;46625;48415;50280;52208;54176;56217;58356;60495;62496;64310;65914;67281;68639;70326;72519;75188;78322;81666;84825;87546;89861;91744;93273;94607;95849;96926;97846;98645;99425;100207
75-79;14778;15431;16141;16856;17510;18073;18577;19046;19524;20094;20791;21589;22483;23446;24467;25546;26677;27862;29089;30334;31568;32813;34056;35319;36647;38068;39554;41111;42730;44408;46120;47896;49763;51626;53366;54944;56335;57530;58723;60201;62123;64456;67188;70095;72834;75186;77189;78824;80155;81319;82408
80-84;8918;9268;9628;10017;10452;10935;11460;12033;12611;13138;13598;14020;14411;14822;15302;15875;16523;17252;18031;18858;19728;20641;21593;22584;23587;24584;25591;26598;27626;28704;29856;31056;32307;33609;34958;36339;37773;39278;40781;42182;43446;44562;45525;46492;47697;49262;51157;53365;55706;57902;59782
85-89;4349;4551;4756;4967;5191;5426;5678;5934;6218;6531;6872;7236;7640;8042;8411;8739;9045;9333;9638;9992;10408;10870;11391;11946;12530;13143;13786;14459;15160;15865;16567;17281;17995;18726;19492;20308;21156;22036;22952;23902;24875;25890;26952;28012;28993;29875;30652;31327;32017;32881;34008
90+;2810;2715;2694;2721;2770;2833;2917;3034;3169;3319;3478;3656;3847;4062;4298;4550;4822;5121;5432;5731;6014;6300;6590;6898;7229;7587;7969;8383;8819;9284;9774;10291;10840;11412;11998;12591;13206;13838;14489;15165;15873;16605;17363;18147;18962;19803;20678;21590;22508;23395;24234
Homens;;;;;;;;;;;;;;;;;;;;;;;;;;;;;;;;;;;;;;;;;;;;;;;;;;;
Faixa/Ano;2010;2011;2012;2013;2014;2015;2016;2017;2018;2019;2020;2021;2022;2023;2024;2025;2026;2027;2028;2029;2030;2031;2032;2033;2034;2035;2036;2037;2038;2039;2040;2041;2042;2043;2044;2045;2046;2047;2048;2049;2050;2051;2052;2053;2054;2055;2056;2057;2058;2059;2060
Total;717988;726648;735205;743446;751758;760230;768086;775907;784227;792423;800489;808419;816200;823811;831241;838481;845525;852367;858991;865389;871563;877511;883228;888719;893988;899036;903857;908450;912816;916957;920873;924562;928025;931265;934279;937067;939624;941951;944048;945911;947537;948928;950086;951006;951684;952117;952310;952269;951991;951475;950727
0-4;67442;66215;65461;64756;64268;64338;63843;63443;63884;64153;64155;64658;65066;64831;64559;64245;63889;63498;63080;62636;62180;61707;61216;60726;60251;59790;59347;58927;58532;58157;57798;57462;57146;56853;56576;56312;56055;55811;55571;55330;55085;54842;54594;54339;54076;53804;53520;53230;52931;52626;52317
05/set;69835;69927;69650;68917;68265;67254;66037;65294;64595;64113;64187;63700;63305;63746;64016;64021;64527;64938;64704;64434;64123;63773;63388;62976;62536;62084;61615;61130;60643;60170;59714;59272;58858;58465;58092;57733;57401;57086;56795;56518;56260;56003;55761;55522;55282;55037;54796;54552;54298;54035;53764
out/14;74749;73922;72764;71719;70676;69956;70047;69771;69042;68392;67383;66167;65426;64728;64245;64316;63828;63434;63872;64142;64143;64644;65052;64816;64546;64236;63889;63505;63096;62660;62211;61744;61260;60776;60305;59851;59411;59000;58607;58237;57878;57547;57235;56946;56669;56412;56158;55914;55676;55439;55196
15-19;71646;72421;73250;73976;74370;74300;73487;72342;71313;70285;69580;69679;69410;68690;68049;67052;65847;65114;64427;63950;64026;63543;63154;63597;63872;63878;64377;64785;64553;64287;63981;63638;63258;62853;62420;61976;61514;61031;60550;60083;59631;59195;58787;58395;58028;57673;57342;57033;56747;56470;56216
20-24;67266;67752;68311;68943;69643;70398;71189;72035;72776;73189;73140;72355;71244;70246;69251;68571;68687;68438;67739;67118;66147;64968;64252;63578;63115;63196;62726;62348;62793;63070;63081;63583;63993;63765;63507;63207;62869;62497;62099;61672;61232;60776;60301;59827;59364;58918;58488;58083;57697;57334;56982
25-29;63263;63944;64504;64985;65441;65908;66415;66994;67644;68358;69129;69933;70790;71545;71974;71946;71194;70117;69155;68194;67540;67672;67445;66770;66172;65225;64074;63375;62721;62274;62365;61906;61539;61989;62270;62287;62790;63199;62978;62728;62440;62110;61744;61356;60939;60507;60057;59593;59125;58669;58231
30-34;57525;58874;60025;61002;61865;62648;63338;63906;64397;64864;65336;65851;66435;67087;67800;68570;69372;70228;70979;71412;71394;70662;69609;68672;67731;67101;67240;67030;66375;65796;64872;63747;63064;62426;61991;62090;61643;61286;61738;62021;62042;62544;62955;62740;62500;62216;61898;61537;61157;60751;60325
35-39;48965;50465;52172;53977;55697;57219;58556;59699;60669;61527;62308;62996;63563;64053;64522;64995;65506;66085;66734;67439;68202;68998;69847;70597;71034;71028;70318;69290;68375;67459;66845;66991;66793;66154;65592;64685;63579;62914;62288;61863;61966;61532;61182;61634;61916;61943;62441;62851;62644;62408;62130
40-44;43479;44506;45427;46337;47390;48670;50144;51824;53600;55293;56795;58110;59239;60201;61049;61822;62505;63069;63554;64020;64488;64994;65570;66217;66922;67685;68484;69332;70084;70525;70531;69842;68841;67952;67058;66465;66619;66430;65809;65262;64375;63291;62645;62034;61621;61729;61305;60965;61413;61696;61728
45-49;36920;38096;39289;40473;41613;42698;43714;44624;45526;46567;47826;49278;50929;52671;54334;55814;57110;58225;59176;60016;60782;61460;62022;62508;62978;63450;63960;64540;65190;65893;66655;67450;68292;69039;69484;69499;68832;67861;67000;66134;65562;65722;65540;64939;64409;63545;62489;61861;61268;60866;60978
50-54;30022;31026;32127;33293;34471;35625;36780;37952;39116;40237;41306;42307;43206;44100;45128;46361;47787;49403;51109;52736;54187;55459;56558;57496;58329;59093;59767;60330;60817;61290;61763;62276;62853;63499;64194;64948;65735;66564;67301;67743;67767;67122;66187;65359;64524;63977;64140;63969;63386;62876;62039
55-59;24740;25490;26212;26940;27733;28625;29601;30672;31805;32949;34073;35198;36340;37473;38565;39612;40588;41468;42344;43350;44550;45938;47508;49164;50743;52154;53392;54468;55386;56202;56953;57616;58172;58656;59124;59592;60100;60667;61302;61982;62717;63490;64296;65016;65453;65480;64862;63965;63174;62375;61856
60-64;19528;20203;20920;21666;22416;23149;23871;24566;25268;26032;26889;27826;28850;29933;31028;32102;33179;34273;35356;36402;37406;38343;39189;40033;41004;42156;43490;44990;46571;48081;49428;50612;51645;52526;53313;54039;54676;55216;55684;56141;56597;57088;57638;58251;58905;59610;60356;61128;61819;62237;62262
65-69;15097;15514;15986;16507;17067;17663;18296;18966;19664;20366;21052;21728;22381;23044;23759;24563;25439;26394;27403;28423;29424;30430;31449;32463;33440;34381;35257;36054;36847;37759;38837;40086;41484;42955;44359;45614;46719;47684;48510;49250;49932;50532;51043;51484;51918;52353;52816;53335;53913;54527;55189
70-74;11603;11856;12083;12312;12580;12911;13295;13725;14197;14703;15239;15810;16412;17039;17671;18284;18894;19481;20081;20727;21451;22237;23094;23996;24909;25804;26706;27619;28531;29408;30253;31037;31756;32472;33298;34266;35390;36640;37952;39204;40324;41309;42173;42915;43580;44197;44738;45201;45600;45998;46393
75-79;7758;8062;8387;8710;9003;9255;9477;9682;9886;10125;10412;10741;11112;11510;11940;12395;12876;13387;13917;14449;14966;15481;15981;16489;17039;17652;18319;19041;19801;20570;21324;22084;22855;23627;24365;25080;25740;26351;26960;27661;28480;29430;30484;31587;32637;33575;34403;35131;35756;36319;36843
80-84;4647;4796;4952;5124;5318;5536;5770;6023;6273;6500;6698;6877;7040;7209;7401;7630;7888;8176;8485;8820;9170;9542;9934;10344;10753;11152;11548;11936;12331;12757;13234;13749;14304;14887;15477;16056;16641;17232;17827;18394;18941;19449;19919;20390;20936;21570;22305;23115;23961;24761;25475
85-89;2188;2314;2428;2532;2634;2729;2833;2938;3059;3191;3337;3489;3659;3824;3976;4109;4232;4345;4463;4597;4755;4928;5123;5330;5554;5786;6033;6294;6566;6837;7099;7362;7620;7884;8169;8488;8830;9198;9583;9972;10353;10740;11129;11524;11897;12258;12592;12903;13218;13582;14007
90+;1315;1265;1257;1277;1308;1348;1393;1451;1513;1579;1644;1716;1793;1881;1974;2073;2177;2294;2413;2524;2629;2732;2837;2947;3060;3185;3315;3456;3604;3762;3929;4105;4292;4487;4685;4879;5080;5284;5494;5716;5955;6206;6473;6748;7030;7313;7604;7903;8208;8506;8796
Mulheres;;;;;;;;;;;;;;;;;;;;;;;;;;;;;;;;;;;;;;;;;;;;;;;;;;;
Faixa/Ano;2010;2011;2012;2013;2014;2015;2016;2017;2018;2019;2020;2021;2022;2023;2024;2025;2026;2027;2028;2029;2030;2031;2032;2033;2034;2035;2036;2037;2038;2039;2040;2041;2042;2043;2044;2045;2046;2047;2048;2049;2050;2051;2052;2053;2054;2055;2056;2057;2058;2059;2060
Total;695001;704830;714574;724028;733560;743252;752362;761443;771002;780443;789759;798944;807983;816855;825550;834057;842367;850476;858367;866032;873472;880683;887662;894409;900927;907217;913273;919091;924673;930020;935131;940005;944640;949037;953195;957109;960777;964198;967370;970287;972945;975343;977479;979349;980947;982272;983326;984112;984628;984872;984848
0-4;64305;63180;62496;61851;61399;61470;60994;60612;61027;61280;61281;61757;62147;61918;61656;61354;61013;60637;60238;59811;59374;58922;58453;57984;57531;57092;56671;56270;55893;55534;55194;54872;54572;54292;54029;53776;53532;53299;53070;52840;52608;52375;52140;51896;51647;51384;51116;50841;50555;50265;49971
05/set;66934;66880;66534;65800;65176;64243;63127;62447;61808;61362;61432;60961;60581;60998;61253;61255;61730;62123;61892;61635;61331;60992;60619;60226;59802;59368;58917;58452;57985;57536;57098;56679;56281;55906;55548;55211;54890;54592;54312;54049;53798;53555;53322;53095;52865;52635;52402;52167;51927;51677;51415
out/14;71395;70798;69859;68985;68058;67354;67296;66946;66209;65581;64644;63525;62839;62195;61743;61808;61331;60945;61356;61602;61597;62067;62455;62218;61962;61659;61322;60951;60559;60137;59706;59256;58792;58327;57878;57440;57025;56626;56252;55897;55560;55239;54941;54664;54402;54153;53910;53676;53448;53220;52990
15-19;69489;70040;70642;71180;71478;71437;70845;69909;69038;68113;67414;67356;67008;66271;65645;64707;63590;62904;62260;61809;61873;61394;61007;61417;61660;61658;62127;62517;62283;62027;61724;61390;61020;60629;60209;59780;59331;58869;58405;57957;57519;57108;56712;56335;55982;55647;55327;55029;54754;54491;54243
20-24;66318;66770;67269;67808;68364;68916;69473;70087;70633;70941;70911;70332;69408;68553;67637;66950;66902;66565;65836;65218;64292;63186;62507;61870;61424;61488;61014;60631;61041;61286;61285;61755;62144;61914;61660;61358;61025;60656;60269;59850;59424;58976;58515;58054;57607;57171;56760;56367;55992;55641;55306
25-29;63544;64149;64646;65072;65482;65907;66370;66874;67422;67985;68544;69105;69727;70277;70593;70572;70001;69085;68240;67335;66655;66612;66282;65564;64952;64033;62935;62257;61626;61183;61250;60779;60402;60810;61058;61059;61529;61919;61690;61439;61138;60807;60440;60055;59638;59212;58770;58309;57850;57405;56970
30-34;58434;60036;61254;62166;62922;63622;64226;64724;65153;65563;65986;66449;66952;67497;68057;68613;69171;69790;70339;70649;70628;70058;69148;68305;67409;66734;66695;66370;65659;65052;64140;63050;62376;61749;61311;61380;60912;60538;60946;61194;61198;61667;62058;61832;61581;61285;60953;60589;60207;59792;59369
35-39;47671;49514;51787;54267;56592;58536;60128;61340;62248;63002;63699;64301;64795;65223;65630;66050;66510;67009;67548;68105;68654;69208;69824;70373;70681;70665;70103;69203;68369;67483;66817;66781;66460;65758;65155;64249;63170;62502;61881;61447;61517;61055;60683;61093;61341;61347;61815;62206;61981;61732;61440
40-44;42598;43548;44279;44984;45968;47398;49231;51489;53949;56259;58192;59777;60983;61892;62648;63345;63948;64443;64875;65281;65704;66165;66662;67202;67760;68312;68868;69488;70036;70348;70337;69784;68898;68073;67200;66545;66511;66195;65501;64906;64011;62942;62282;61667;61240;61310;60855;60487;60896;61145;61154
45-49;35301;36647;38092;39549;40877;42009;42959;43693;44403;45385;46808;48628;50868;53305;55597;57516;59092;60292;61199;61958;62655;63260;63759;64194;64605;65032;65497;65994;66537;67097;67648;68205;68824;69372;69686;69679;69137;68265;67451;66591;65945;65916;65607;64921;64334;63452;62395;61746;61136;60718;60788
50-54;28898;29967;31053;32171;33352;34606;35938;37366;38806;40119;41239;42182;42916;43625;44602;46012;47810;50023;52424;54684;56575;58133;59320;60223;60980;61678;62280;62782;63221;63634;64065;64531;65027;65571;66127;66678;67232;67848;68395;68708;68705;68174;67319;66525;65682;65051;65029;64727;64056;63478;62610
55-59;23160;24095;25043;26010;27005;28034;29083;30153;31252;32413;33648;34956;36358;37772;39059;40164;41095;41820;42526;43488;44878;46640;48810;51160;53375;55229;56762;57932;58823;59574;60268;60867;61368;61807;62222;62650;63115;63609;64149;64700;65249;65796;66404;66945;67259;67260;66742;65911;65140;64323;63713
60-64;17864;18677;19526;20401;21292;22190;23103;24027;24971;25940;26944;27966;29009;30082;31215;32415;33688;35053;36427;37683;38759;39671;40383;41078;42021;43375;45095;47203;49487;51637;53438;54932;56073;56944;57683;58365;58954;59448;59882;60295;60715;61178;61663;62192;62734;63272;63811;64405;64935;65242;65246
65-69;13576;14129;14748;15423;16137;16884;17662;18473;19311;20166;21025;21901;22787;23691;24621;25584;26564;27565;28594;29679;30828;32046;33357;34674;35879;36915;37791;38480;39157;40069;41373;43023;45044;47230;49283;51007;52437;53533;54372;55086;55748;56315;56799;57220;57622;58031;58481;58953;59463;59987;60508
70-74;10567;10872;11151;11443;11798;12247;12768;13350;13981;14647;15344;16070;16828;17608;18407;19209;20028;20856;21701;22570;23471;24388;25321;26284;27299;28372;29511;30737;31964;33088;34057;34877;35525;36167;37028;38253;39798;41682;43714;45621;47222;48552;49571;50358;51027;51652;52188;52645;53045;53427;53814
75-79;7020;7369;7754;8146;8507;8818;9100;9364;9638;9969;10379;10848;11371;11936;12527;13151;13801;14475;15172;15885;16602;17332;18075;18830;19608;20416;21235;22070;22929;23838;24796;25812;26908;27999;29001;29864;30595;31179;31763;32540;33643;35026;36704;38508;40197;41611;42786;43693;44399;45000;45565
80-84;4271;4472;4676;4893;5134;5399;5690;6010;6338;6638;6900;7143;7371;7613;7901;8245;8635;9076;9546;10038;10558;11099;11659;12240;12834;13432;14043;14662;15295;15947;16622;17307;18003;18722;19481;20283;21132;22046;22954;23788;24505;25113;25606;26102;26761;27692;28852;30250;31745;33141;34307
85-89;2161;2237;2328;2435;2557;2697;2845;2996;3159;3340;3535;3747;3981;4218;4435;4630;4813;4988;5175;5395;5653;5942;6268;6616;6976;7357;7753;8165;8594;9028;9468;9919;10375;10842;11323;11820;12326;12838;13369;13930;14522;15150;15823;16488;17096;17617;18060;18424;18799;19299;20001
90+;1495;1450;1437;1444;1462;1485;1524;1583;1656;1740;1834;1940;2054;2181;2324;2477;2645;2827;3019;3207;3385;3568;3753;3951;4169;4402;4654;4927;5215;5522;5845;6186;6548;6925;7313;7712;8126;8554;8995;9449;9918;10399;10890;11399;11932;12490;13074;13687;14300;14889;15438
Brasil;;;;;;;;;;;;;;;;;;;;;;;;;;;;;;;;;;;;;;;;;;;;;;;;;;;
Dados;;;;;;;;;;;;;;;;;;;;;;;;;;;;;;;;;;;;;;;;;;;;;;;;;;;
Ano;População total;Homens;Mulheres;Nascimentos;Óbitos;Taxa de Crescimento Geométrico;Taxa Bruta de Natalidade;Taxa Bruta de Mortalidade;Esperança de Vida ao Nascer;Esperança de Vida ao Nascer - Homens;Esperança de Vida ao Nascer - Mulheres;Taxa de Mortalidade Infantil;Taxa de Mortalidade Infantil - Homens;Taxa de Mortalidade Infantil - Mulheres;Taxa de Fecundidade Total;Razão de Dependência - Jovens 0 a 14 anos;Razão de Dependência - Idosos 65 ou mais anos;Razão de Dependência;Índice de Envelhecimento;;;;;;;;;;;;;;;;;;;;;;;;;;;;;;;;
2010;194890682;95513298;99377384;2939435;1240083;x;15.08;6.36;73.86;70.21;77.6;17.22;18.76;15.59;1.75;36.32;10.77;47.09;29.55;;;;;;;;;;;;;;;;;;;;;;;;;;;;;;;;
2011;196603732;96322635;100281097;2974525;1247751;0.88;15.13;6.35;74.2;70.57;77.91;16.43;17.86;14.92;1.76;35.37;10.99;46.36;30.99;;;;;;;;;;;;;;;;;;;;;;;;;;;;;;;;
2012;198314934;97132054;101182880;2953890;1258235;0.87;14.89;6.34;74.52;70.91;78.22;15.69;17.03;14.29;1.75;34.45;11.24;45.68;32.63;;;;;;;;;;;;;;;;;;;;;;;;;;;;;;;;
2013;200004188;97931331;102072857;2953178;1270306;0.85;14.77;6.35;74.84;71.25;78.51;15.02;16.27;13.7;1.74;33.56;11.51;45.07;34.2;;;;;;;;;;;;;;;;;;;;;;;;;;;;;;;;
2014;201717541;98744098;102973443;3028202;1284346;0.86;15.01;6.37;75.14;71.57;78.78;14.4;15.58;13.16;1.78;32.78;11.81;44.59;36.12;;;;;;;;;;;;;;;;;;;;;;;;;;;;;;;;
2015;203475683;99581002;103894681;3070979;1299541;0.87;15.09;6.39;75.44;71.88;79.05;13.82;14.93;12.65;1.8;32.15;12.13;44.29;37.67;;;;;;;;;;;;;;;;;;;;;;;;;;;;;;;;
2016;205156587;100379640;104776947;2901053;1314164;0.83;14.14;6.41;75.72;72.18;79.31;13.29;14.35;12.19;1.7;31.57;12.49;44.05;39.73;;;;;;;;;;;;;;;;;;;;;;;;;;;;;;;;
2017;206804741;101163599;105641142;3020743;1330811;0.8;14.61;6.44;75.99;72.46;79.56;12.81;13.8;11.75;1.78;31.11;12.87;43.98;41.2;;;;;;;;;;;;;;;;;;;;;;;;;;;;;;;;
2018;208494900;101971173;106523727;3003585;1349693;0.82;14.41;6.47;76.25;72.74;79.8;12.35;13.31;11.35;1.77;30.75;13.28;44.03;43.19;;;;;;;;;;;;;;;;;;;;;;;;;;;;;;;;
2019;210147125;102760295;107386830;2984414;1368954;0.79;14.2;6.51;76.5;73;80.03;11.94;12.85;10.98;1.77;30.42;13.72;44.14;45.02;;;;;;;;;;;;;;;;;;;;;;;;;;;;;;;;
2020;211755692;103527689;108228003;2963516;1389144;0.77;13.99;6.56;76.74;73.26;80.25;11.56;12.43;10.64;1.76;30.11;14.18;44.29;46.89;;;;;;;;;;;;;;;;;;;;;;;;;;;;;;;;
2021;213317639;104271843;109045796;2940629;1410602;0.74;13.79;6.61;76.97;73.5;80.46;11.2;12.04;10.32;1.76;29.83;14.67;44.5;49.51;;;;;;;;;;;;;;;;;;;;;;;;;;;;;;;;
2022;214828540;104990487;109838053;2913688;1433605;0.71;13.56;6.67;77.19;73.74;80.67;10.88;11.68;10.03;1.75;29.63;15.19;44.82;51.22;;;;;;;;;;;;;;;;;;;;;;;;;;;;;;;;
2023;216284269;105681529;110602740;2885501;1458023;0.68;13.34;6.74;77.4;73.96;80.86;10.58;11.36;9.75;1.75;29.43;15.74;45.17;53.2;;;;;;;;;;;;;;;;;;;;;;;;;;;;;;;;
2024;217684462;106345043;111339419;2856690;1483777;0.65;13.12;6.82;77.6;74.17;81.05;10.3;11.05;9.5;1.74;29.26;16.31;45.56;55.72;;;;;;;;;;;;;;;;;;;;;;;;;;;;;;;;
2025;219029093;106981304;112047789;2827039;1510693;0.62;12.91;6.9;77.8;74.38;81.22;10.04;10.77;9.27;1.74;29.11;16.9;46.01;58.29;;;;;;;;;;;;;;;;;;;;;;;;;;;;;;;;
2026;220316530;107589495;112727035;2797674;1539159;0.59;12.7;6.99;77.98;74.57;81.39;9.8;10.51;9.05;1.74;28.95;17.51;46.45;60.61;;;;;;;;;;;;;;;;;;;;;;;;;;;;;;;;
2027;221545234;108168830;113376404;2768000;1569117;0.56;12.49;7.08;78.16;74.76;81.56;9.58;10.27;8.85;1.73;28.77;18.14;46.9;62.76;;;;;;;;;;;;;;;;;;;;;;;;;;;;;;;;
2028;222713669;108718587;113995082;2738355;1600375;0.53;12.3;7.19;78.32;74.94;81.71;9.37;10.05;8.66;1.73;28.59;18.78;47.37;65.46;;;;;;;;;;;;;;;;;;;;;;;;;;;;;;;;
2029;223821305;109238514;114582791;2710134;1632845;0.5;12.11;7.3;78.49;75.11;81.86;9.18;9.84;8.49;1.72;28.36;19.42;47.79;68.23;;;;;;;;;;;;;;;;;;;;;;;;;;;;;;;;
2030;224868462;109728762;115139700;2683440;1666427;0.47;11.93;7.41;78.64;75.28;82;9.01;9.65;8.33;1.72;28.08;20.06;48.14;71.05;;;;;;;;;;;;;;;;;;;;;;;;;;;;;;;;
2031;225854415;110189007;115665408;2655850;1700970;0.44;11.76;7.53;78.78;75.43;82.14;8.85;9.48;8.18;1.72;27.84;20.71;48.55;74.33;;;;;;;;;;;;;;;;;;;;;;;;;;;;;;;;
2032;226777802;110618592;116159210;2628742;1736861;0.41;11.59;7.66;78.92;75.58;82.27;8.7;9.32;8.05;1.72;27.61;21.36;48.97;77.3;;;;;;;;;;;;;;;;;;;;;;;;;;;;;;;;
2033;227638581;111017537;116621044;2603540;1773877;0.38;11.44;7.79;79.05;75.72;82.39;8.57;9.18;7.92;1.71;27.32;22.01;49.33;80.33;;;;;;;;;;;;;;;;;;;;;;;;;;;;;;;;
2034;228437122;111386062;117051060;2579544;1812136;0.35;11.29;7.93;79.18;75.86;82.51;8.44;9.04;7.81;1.71;27.04;22.65;49.69;83.43;;;;;;;;;;;;;;;;;;;;;;;;;;;;;;;;
2035;229173685;111724392;117449293;2557147;1851454;0.32;11.16;8.08;79.3;75.99;82.62;8.32;8.92;7.7;1.71;26.76;23.28;50.04;87.08;;;;;;;;;;;;;;;;;;;;;;;;;;;;;;;;
2036;229847832;112032426;117815406;2534413;1891832;0.29;11.03;8.23;79.42;76.11;82.73;8.22;8.8;7.6;1.7;26.48;23.9;50.39;90.34;;;;;;;;;;;;;;;;;;;;;;;;;;;;;;;;
2037;230459062;112309958;118149104;2513030;1933167;0.27;10.9;8.39;79.53;76.23;82.83;8.12;8.69;7.51;1.7;26.22;24.52;50.74;93.68;;;;;;;;;;;;;;;;;;;;;;;;;;;;;;;;
2038;231007871;112557327;118450544;2493021;1975283;0.24;10.79;8.55;79.63;76.34;82.93;8.02;8.59;7.42;1.7;25.97;25.13;51.1;96.51;;;;;;;;;;;;;;;;;;;;;;;;;;;;;;;;
2039;231494650;112774820;118719830;2473758;2017958;0.21;10.69;8.72;79.73;76.45;83.02;7.93;8.49;7.34;1.7;25.74;25.77;51.52;100;;;;;;;;;;;;;;;;;;;;;;;;;;;;;;;;
2040;231919922;112962751;118957171;2455519;2060782;0.18;10.59;8.89;79.83;76.55;83.11;7.85;8.4;7.27;1.69;25.54;26.46;51.99;103.57;;;;;;;;;;;;;;;;;;;;;;;;;;;;;;;;
2041;232284233;113121438;119162795;2437785;2103915;0.16;10.49;9.06;79.92;76.65;83.2;7.77;8.32;7.2;1.69;25.35;27.18;52.53;107.23;;;;;;;;;;;;;;;;;;;;;;;;;;;;;;;;
2042;232588580;113251454;119337126;2422219;2147419;0.13;10.41;9.23;80;76.74;83.28;7.7;8.24;7.13;1.69;25.19;27.93;53.13;110.3;;;;;;;;;;;;;;;;;;;;;;;;;;;;;;;;
2043;232834065;113353443;119480622;2407325;2191168;0.11;10.34;9.41;80.09;76.83;83.36;7.63;8.16;7.06;1.69;25.06;28.73;53.78;114.72;;;;;;;;;;;;;;;;;;;;;;;;;;;;;;;;
2044;233020996;113427597;119593399;2392409;2234730;0.08;10.27;9.59;80.17;76.92;83.43;7.56;8.09;7;1.69;24.94;29.55;54.49;118.63;;;;;;;;;;;;;;;;;;;;;;;;;;;;;;;;
2045;233149625;113474061;119675564;2377677;2278119;0.06;10.2;9.77;80.24;77;83.5;7.5;8.02;6.95;1.68;24.85;30.4;55.25;122.5;;;;;;;;;;;;;;;;;;;;;;;;;;;;;;;;
2046;233220257;113493052;119727205;2363150;2321466;0.03;10.13;9.95;80.31;77.08;83.57;7.44;7.96;6.9;1.68;24.77;31.27;56.04;125.79;;;;;;;;;;;;;;;;;;;;;;;;;;;;;;;;
2047;233233670;113485011;119748659;2349527;2364398;0.01;10.07;10.14;80.38;77.16;83.63;7.39;7.9;6.84;1.68;24.72;32.17;56.89;129.75;;;;;;;;;;;;;;;;;;;;;;;;;;;;;;;;
2048;233190482;113450253;119740229;2335541;2407046;-0.02;10.02;10.32;80.45;77.23;83.7;7.33;7.84;6.8;1.68;24.68;33.08;57.76;134.62;;;;;;;;;;;;;;;;;;;;;;;;;;;;;;;;
2049;233090464;113388652;119701812;2320604;2449148;-0.04;9.96;10.51;80.51;77.3;83.75;7.29;7.79;6.75;1.68;24.66;33.99;58.64;138.06;;;;;;;;;;;;;;;;;;;;;;;;;;;;;;;;
2050;232933276;113300060;119633216;2304717;2490559;-0.07;9.89;10.69;80.57;77.37;83.81;7.24;7.74;6.71;1.68;24.64;34.88;59.52;142.21;;;;;;;;;;;;;;;;;;;;;;;;;;;;;;;;
2051;232719169;113184593;119534576;2288973;2531362;-0.09;9.84;10.88;80.63;77.43;83.86;7.2;7.69;6.67;1.67;24.63;35.76;60.38;144.81;;;;;;;;;;;;;;;;;;;;;;;;;;;;;;;;
2052;232448867;113042592;119406275;2273127;2571362;-0.12;9.78;11.06;80.68;77.49;83.91;7.16;7.65;6.64;1.67;24.62;36.62;61.24;148.37;;;;;;;;;;;;;;;;;;;;;;;;;;;;;;;;
2053;232122448;112874076;119248372;2255972;2610595;-0.14;9.72;11.25;80.74;77.55;83.96;7.12;7.61;6.6;1.67;24.62;37.45;62.07;151.97;;;;;;;;;;;;;;;;;;;;;;;;;;;;;;;;
2054;231739632;112678873;119060759;2237804;2648830;-0.16;9.66;11.43;80.78;77.61;84;7.08;7.57;6.57;1.67;24.62;38.26;62.89;155.63;;;;;;;;;;;;;;;;;;;;;;;;;;;;;;;;
2055;231300323;112456873;118843450;2218450;2686056;-0.19;9.59;11.61;80.83;77.66;84.04;7.05;7.54;6.54;1.67;24.63;39.05;63.68;159.33;;;;;;;;;;;;;;;;;;;;;;;;;;;;;;;;
2056;230805223;112208379;118596844;2199622;2722232;-0.21;9.53;11.79;80.88;77.71;84.08;7.02;7.5;6.51;1.67;24.63;39.81;64.43;161.33;;;;;;;;;;;;;;;;;;;;;;;;;;;;;;;;
2057;230255685;111934042;118321643;2180831;2757317;-0.24;9.47;11.98;80.92;77.76;84.12;6.99;7.47;6.48;1.66;24.62;40.52;65.15;164.43;;;;;;;;;;;;;;;;;;;;;;;;;;;;;;;;
2058;229652286;111634119;118018167;2161015;2791329;-0.26;9.41;12.15;80.96;77.81;84.16;6.96;7.44;6.46;1.66;24.62;41.22;65.84;168.24;;;;;;;;;;;;;;;;;;;;;;;;;;;;;;;;
2059;228995541;111308845;117686696;2141033;2824224;-0.29;9.35;12.33;81;77.86;84.19;6.94;7.41;6.44;1.66;24.61;41.91;66.53;170.27;;;;;;;;;;;;;;;;;;;;;;;;;;;;;;;;
2060;228286347;110958642;117327705;2120842;2856059;-0.31;9.29;12.51;81.04;77.9;84.23;6.91;7.39;6.42;1.66;24.61;42.62;67.23;173.47;;;;;;;;;;;;;;;;;;;;;;;;;;;;;;;;
Faixas etárias;;;;;;;;;;;;;;;;;;;;;;;;;;;;;;;;;;;;;;;;;;;;;;;;;;;
Total;;;;;;;;;;;;;;;;;;;;;;;;;;;;;;;;;;;;;;;;;;;;;;;;;;;
Faixa/Ano;2010;2011;2012;2013;2014;2015;2016;2017;2018;2019;2020;2021;2022;2023;2024;2025;2026;2027;2028;2029;2030;2031;2032;2033;2034;2035;2036;2037;2038;2039;2040;2041;2042;2043;2044;2045;2046;2047;2048;2049;2050;2051;2052;2053;2054;2055;2056;2057;2058;2059;2060
Total;194890682;196603732;198314934;200004188;201717541;203475683;205156587;206804741;208494900;210147125;211755692;213317639;214828540;216284269;217684462;219029093;220316530;221545234;222713669;223821305;224868462;225854415;226777802;227638581;228437122;229173685;229847832;230459062;231007871;231494650;231919922;232284233;232588580;232834065;233020996;233149625;233220257;233233670;233190482;233090464;232933276;232719169;232448867;232122448;231739632;231300323;230805223;230255685;229652286;228995541;228286347
0-4;14858280;14697433;14624301;14567170;14570070;14677159;14715112;14720776;14787557;14798332;14730311;14703281;14675523;14569055;14452355;14326234;14192256;14053426;13912226;13770272;13629815;13491399;13354905;13221642;13092489;12967369;12846604;12730937;12620549;12514918;12413588;12316709;12225086;12138798;12057106;11979238;11904624;11832490;11761709;11691308;11620256;11547982;11473958;11397201;11317212;11233863;11147191;11057520;10965028;10870292;10774218
05/set;15865195;15600504;15387507;15203145;15029641;14824271;14664918;14593299;14537829;14542132;14650311;14689394;14695773;14762671;14773628;14705941;14679311;14652033;14546208;14430226;14304778;14171490;14033278;13892710;13751331;13611405;13473529;13337523;13204728;13076037;12951361;12830995;12715703;12605672;12500387;12399373;12302790;12211456;12125433;12043993;11966376;11891973;11820071;11749531;11679356;11608504;11536459;11462615;11386046;11306224;11223031
out/14;17397304;17216843;16880174;16495325;16131984;15840860;15577214;15365237;15182024;15009676;14805478;14647164;14576191;14520972;14525347;14633526;14672711;14679300;14746432;14757724;14690423;14664114;14637176;14531700;14416109;14291049;14158125;14020272;13880038;13738984;13599376;13461829;13326122;13193611;13065182;12940762;12820626;12705545;12595720;12490655;12389855;12293466;12202305;12116445;12035156;11957694;11883455;11811703;11741278;11671246;11600532
15-19;17219086;17238401;17315601;17402809;17424089;17334096;17155615;16821630;16439846;16079464;15790863;15529387;15318916;15136923;14965724;14762869;14605891;14536019;14481942;14487286;14596110;14635967;14643187;14710785;14722659;14656163;14630405;14603997;14499263;14384409;14260078;14127872;13990752;13851207;13710840;13571863;13434947;13299846;13167907;13040010;12916108;12796510;12681921;12572557;12467934;12367551;12271531;12180736;12095228;12014265;11937109
20-24;17476779;17396868;17296030;17195219;17124785;17100769;17122881;17203520;17294780;17319853;17233266;17057794;16726717;16347561;15989803;15703800;15444924;15236871;15057313;14888503;14688175;14533531;14465563;14413260;14420025;14529708;14570602;14578856;14647162;14659931;14594614;14569782;14544238;14440723;14327061;14203946;14072906;13936948;13798559;13659314;13521425;13385549;13251456;13120499;12993545;12870528;12751775;12637977;12529386;12425516;12325847
25-29;17334110;17423848;17454135;17436877;17391346;17331851;17256322;17161679;17068593;17004904;16985866;17011218;17092427;17182193;17206153;17119972;16946247;16618500;16243415;15889766;15607291;15351552;15146240;14969263;14802897;14605190;14452983;14386955;14336521;14344709;14455193;14497153;14506501;14575436;14589082;14524961;14501063;14476422;14374170;14261783;14139942;14010163;13875462;13738287;13600246;13463536;13328803;13195813;13065893;12939931;12817887
30-34;15955949;16275019;16567575;16822855;17028854;17178656;17271648;17306947;17296659;17258318;17205416;17135646;17044190;16951251;16886952;16867543;16892885;16974395;17065211;17091062;17007393;16836728;16512899;16141856;15792033;15512843;15259983;15057188;14882572;14718488;14523256;14373318;14309113;14260407;14269902;14381026;14423898;14434174;14503630;14518027;14455019;14431957;14408126;14307058;14195853;14075191;13946610;13813084;13677088;13540196;13404578
35-39;14075108;14350827;14689558;15066579;15441748;15787821;16107943;16402815;16661965;16872342;17026545;17123723;17161844;17152616;17115112;17063584;16995707;16906691;16816670;16755274;16738294;16765601;16848588;16940702;16968189;16886844;16719129;16399166;16032170;15686230;15410325;15160396;14960090;14787787;14625966;14433207;14285523;14223058;14175984;14186704;14298311;14341981;14353071;14422945;14437977;14376076;14353778;14330671;14230768;14120755;14001307
40-44;13184170;13311309;13414041;13519509;13668343;13884283;14161178;14500831;14879035;15255513;15602974;15924417;16219710;16478229;16688213;16842846;16941312;16981681;16975459;16941357;16893256;16828804;16743240;16656520;16598022;16583446;16612647;16696902;16790065;16818996;16739962;16575282;16259556;15897111;15555535;15283397;15036761;14839171;14669407;14510049;14320041;14174828;14114206;14068807;14080737;14192649;14236987;14248844;14318948;14334584;14273861
45-49;11992439;12218181;12426314;12615601;12784211;12933598;13064058;13171048;13281287;13434076;13652504;13930420;14269004;14644402;15017933;15363171;15683089;15977567;16236139;16446903;16602926;16703462;16746553;16743579;16713006;16668492;16607681;16525845;16442743;16387431;16375387;16406437;16491724;16585608;16615819;16539189;16377988;16067408;15710668;15374594;15107158;14864721;14670479;14503796;14347422;14160785;14018586;13960052;13916591;13929788;14041783
50-54;10276773;10574366;10868062;11152415;11419933;11666086;11892707;12102371;12293932;12465329;12617804;12751592;12861867;12974530;13128538;13346782;13623237;13959030;14330885;14700984;15043388;15361008;15653779;15911350;16121912;16278600;16380728;16426408;16426757;16399939;16359306;16302574;16224958;16146006;16094242;16084875;16117711;16203642;16297801;16329111;16255195;16098244;15794311;15445094;15116301;14855005;14618039;14428117;14265353;14112793;13930535
55-59;8387564;8679820;8977656;9278724;9579705;9877881;10172542;10463716;10746091;11012111;11257277;11483368;11692613;11883880;12055490;12208751;12343963;12456465;12571436;12726473;12943766;13217366;13548288;13914012;14277951;14615019;14928011;15216929;15471607;15680383;15836527;15939411;15987269;15990939;15968053;15931630;15879345;15806522;15732281;15684468;15677945;15712380;15798347;15891980;15924009;15853162;15701406;15406171;15066946;14747850;14494713
60-64;6596741;6859058;7119004;7379912;7647936;7926230;8211893;8503042;8797470;9091910;9383728;9672175;9957156;10233460;10493988;10734491;10956693;11162776;11351609;11521660;11673982;11809015;11922324;12038067;12192258;12406090;12673729;12996043;13351492;13705082;14032901;14337648;14619346;14868106;15072540;15226101;15328313;15377469;15384059;15365094;15332980;15285499;15218052;15149158;15105746;15102049;15137666;15222586;15314436;15346470;15279016
65-69;4905988;5095516;5318713;5565313;5819304;6071240;6322755;6572590;6823731;7081680;7349244;7623733;7903288;8185834;8468411;8748627;9025766;9299757;9565627;9816554;10048512;10263166;10462649;10645868;10811283;10959940;11092321;11204363;11318835;11469648;11676652;11934133;12242752;12582173;12919685;13232909;13524376;13794222;14032965;14229585;14377822;14477368;14526754;14535915;14520894;14493445;14451348;14390212;14327671;14289289;14288480
70-74;3792042;3889352;3974955;4063519;4175947;4323465;4501441;4709484;4938529;5174388;5408663;5642901;5876091;6110754;6351769;6601500;6857600;7118354;7381902;7645534;7907040;8165785;8421765;8670307;8905063;9122289;9323635;9511104;9683679;9839876;9980630;10106571;10214158;10324288;10467931;10663049;10904126;11191369;11506226;11819031;12109555;12380193;12631212;12853724;13037277;13176002;13269879;13317776;13328895;13317878;13295484
75-79;2597990;2688798;2797237;2913384;3023576;3121818;3211601;3292375;3376250;3480536;3614389;3774018;3959070;4161906;4370673;4578361;4786387;4994114;5203523;5418622;5641260;5869405;6101656;6336314;6571128;6804078;7034690;7263005;7484798;7694408;7888458;8068562;8236631;8391702;8532383;8659541;8773851;8872509;8973811;9104799;9280868;9496727;9752138;10030863;10307408;10564467;10804204;11027068;11224976;11388373;11511971
80-84;1689444;1727063;1764898;1807817;1861166;1926871;2004365;2095235;2191860;2283815;2366558;2443191;2513706;2587330;2677251;2790280;2923509;3076687;3243763;3415649;3586931;3758879;3931160;4105249;4284098;4468984;4658301;4850986;5045614;5240341;5433588;5624985;5814637;5998934;6173117;6334346;6484201;6624391;6754088;6872004;6978835;7075422;7159683;7246694;7358416;7506972;7687508;7899218;8128899;8356311;8567809
85-89;830529;901360;954570;996763;1032554;1065148;1097017;1129489;1165517;1208442;1259330;1318006;1385731;1457236;1525459;1587405;1645581;1700356;1758056;1827478;1913020;2012666;2126181;2249361;2375978;2502391;2629690;2757777;2887609;3021064;3158814;3299768;3443164;3587930;3732788;3876586;4019065;4160416;4297807;4427602;4547659;4659375;4764254;4861528;4950167;5030651;5103867;5168499;5235780;5321722;5434778
90+;455191;459166;484603;521252;562349;603580;645377;688657;731945;774304;815165;856211;898723;943466;991663;1043410;1099461;1161212;1225853;1289978;1352102;1414477;1478371;1546036;1620691;1703785;1795039;1894806;2001669;2113776;2229906;2350808;2476780;2607627;2743377;2883626;3028143;3176612;3328257;3482333;3637926;3794831;3953061;4110366;4263976;4412193;4556131;4697023;4833076;4962058;5083408
Homens;;;;;;;;;;;;;;;;;;;;;;;;;;;;;;;;;;;;;;;;;;;;;;;;;;;
Faixa/Ano;2010;2011;2012;2013;2014;2015;2016;2017;2018;2019;2020;2021;2022;2023;2024;2025;2026;2027;2028;2029;2030;2031;2032;2033;2034;2035;2036;2037;2038;2039;2040;2041;2042;2043;2044;2045;2046;2047;2048;2049;2050;2051;2052;2053;2054;2055;2056;2057;2058;2059;2060
Total;95513298;96322635;97132054;97931331;98744098;99581002;100379640;101163599;101971173;102760295;103527689;104271843;104990487;105681529;106345043;106981304;107589495;108168830;108718587;109238514;109728762;110189007;110618592;111017537;111386062;111724392;112032426;112309958;112557327;112774820;112962751;113121438;113251454;113353443;113427597;113474061;113493052;113485011;113450253;113388652;113300060;113184593;113042592;112874076;112678873;112456873;112208379;111934042;111634119;111308845;110958642
0-4;7594516;7513761;7477567;7449337;7451690;7507226;7527223;7530642;7565301;7571223;7536789;7523299;7509386;7455164;7395678;7331364;7263006;7192133;7120032;7047528;6975778;6905062;6835307;6767195;6701192;6637231;6575502;6516373;6459937;6405936;6354123;6304598;6257751;6213632;6171861;6132043;6093885;6056997;6020798;5984802;5948471;5911502;5873639;5834370;5793447;5750809;5706456;5660575;5613249;5564770;5515605
05/set;8094637;7962532;7856445;7764679;7678145;7574960;7495049;7459700;7432381;7435509;7491634;7512252;7516076;7550810;7556858;7522618;7509351;7495730;7441882;7382807;7318878;7250909;7180401;7108665;7036481;6965042;6894634;6825161;6757331;6691592;6627900;6566392;6507477;6451252;6397457;6345822;6296474;6249795;6205831;6164206;6124537;6086502;6049752;6013699;5977830;5941609;5904776;5867020;5827860;5787041;5744493
out/14;8842587;8760868;8596730;8405865;8224795;8080135;7948620;7843086;7751948;7666040;7563501;7484190;7449226;7422072;7425264;7481411;7502112;7506047;7540921;7547162;7513141;7500066;7486634;7433002;7374143;7310452;7242697;7172400;7100861;7028875;6957623;6887413;6818125;6750468;6684877;6621345;6559981;6501187;6445082;6391415;6339911;6290699;6244133;6200276;6158737;6119162;6081226;6044568;6008592;5972801;5936671
15-19;8673836;8693267;8745322;8804210;8829069;8795446;8715095;8552810;8364062;8185062;8042202;7912260;7807878;7717747;7632793;7531320;7453057;7418949;7392651;7396587;7453221;7474403;7478801;7514010;7520683;7487251;7474592;7461547;7408463;7350163;7287028;7219811;7150062;7079046;7007575;6936806;6867067;6798239;6731019;6665837;6602699;6541729;6483312;6427561;6374235;6323041;6274127;6227836;6184244;6142973;6103630
20-24;8746116;8711375;8663577;8614902;8583358;8578611;8600164;8654720;8716490;8744065;8712945;8634909;8475014;8288587;8111918;7971317;7843582;7741213;7653070;7570037;7470597;7394220;7361652;7336794;7341891;7399228;7421254;7426487;7462264;7469669;7437195;7425286;7412946;7360848;7303529;7241380;7175120;7106330;7036251;6965698;6895815;6826928;6758931;6692510;6628106;6565701;6505416;6447653;6392537;6339825;6289218
25-29;8574606;8629711;8657414;8662143;8651184;8630266;8598875;8555561;8512314;8485534;8484394;8508378;8563553;8624538;8651626;8621118;8544666;8387530;8204388;8031009;7893232;7767999;7667829;7581750;7500675;7403356;7328943;7297950;7274594;7280847;7338836;7361712;7367822;7404119;7412226;7380713;7369573;7357978;7306911;7250628;7189512;7124285;7056509;6987423;6917849;6848930;6780967;6713878;6648312;6584723;6523112
30-34;7821287;7982363;8131551;8263753;8373348;8457008;8514439;8545686;8555280;8549320;8532944;8505514;8464499;8421615;8394693;8393527;8417664;8473141;8534872;8563312;8534665;8460519;8306365;8126302;7955838;7820545;7697488;7599240;7514973;7435649;7340229;7267552;7237960;7215936;7223197;7281677;7305262;7312099;7348805;7357492;7326843;7316343;7305373;7255224;7199860;7139664;7075362;7008494;6940318;6871646;6803583
35-39;6857527;6990523;7155946;7341635;7527745;7700900;7862666;8013399;8148183;8260741;8347421;8407755;8440996;8451369;8446055;8430688;8404634;8365378;8324589;8299702;8300209;8325674;8382118;8444696;8474256;8447253;8375224;8223858;8046719;7879049;7746136;7625181;7528741;7446144;7368454;7274845;7203808;7175501;7154681;7162834;7221685;7245877;7253323;7290325;7299496;7269639;7259722;7249292;7200007;7145508;7086207
40-44;6405478;6465519;6511227;6557089;6624863;6727359;6861189;7027271;7213769;7400750;7574836;7737477;7888496;8022898;8135221;8222214;8283430;8318165;8330545;8327522;8314471;8290745;8253830;8215289;8192354;8194452;8221147;8278370;8341585;8372088;8346626;8276663;8128189;7954176;7789503;7659150;7540448;7445888;7365050;7289066;7197348;7128025;7100999;7081359;7090362;7149455;7174123;7182135;7219317;7228927;7199896
45-49;5768516;5880219;5985481;6082367;6167931;6241647;6303978;6352579;6401687;6472175;6576419;6711034;6876531;7061277;7246407;7419108;7580798;7731316;7865760;7978594;8066468;8128987;8165432;8179855;8179060;8168292;8146911;8112423;8076237;8055349;8059034;8086849;8144623;8208179;8239414;8215443;8147699;8002569;7832277;7671186;7543900;7427925;7335566;7256745;7182722;7093220;7025894;7000246;6981909;6991754;7050917
50-54;4900002;5040349;5178764;5313246;5441195;5561009;5673316;5779573;5877917;5965268;6041008;6105571;6156429;6207294;6278778;6383077;6516900;6680739;6863310;7046315;7217244;7377487;7526925;7660698;7773367;7861606;7925036;7962995;7979372;7980824;7972437;7953589;7921753;7888179;7869486;7874764;7903569;7961564;8025093;8056849;8034455;7969304;7828334;7662799;7506320;7382926;7270417;7180814;7104474;7032873;6946162
55-59;3954821;4089187;4227766;4368987;4510555;4650762;4789417;4926386;5059761;5186871;5306101;5418069;5523994;5622071;5709488;5785731;5851268;5903677;5956190;6028485;6132308;6264412;6425224;6603964;6783080;6950611;7107892;7254823;7386666;7498065;7585774;7649457;7688505;7706661;7710316;7704363;7688149;7659220;7628530;7612199;7619074;7648657;7706356;7769208;7801082;7780353;7718248;7582612;7423293;7272866;7154556
60-64;3081961;3198692;3313737;3429277;3548963;3674713;3805186;3939707;4076794;4214303;4350563;4485379;4618536;4748149;4871821;4988027;5097383;5201061;5297302;5383487;5458969;5524298;5577221;5630273;5702081;5803746;5932098;6087478;6259725;6432268;6593867;6745779;6887959;7015825;7124175;7209866;7272652;7311982;7331395;7336975;7333300;7319725;7293901;7266311;7252466;7260725;7290580;7347073;7408221;7439552;7420473
65-69;2253998;2339108;2439108;2549140;2661907;2773210;2883883;2993314;3103440;3217426;3337000;3460918;3588535;3718492;3848844;3978090;4106032;4232502;4355732;4473440;4584216;4688647;4787847;4880176;4963105;5036045;5099560;5151653;5203924;5273663;5371091;5493166;5640066;5802391;5964930;6117373;6260872;6395434;6516731;6619770;6701600;6762068;6800700;6820803;6827971;6826458;6815605;6793193;6769102;6757874;6767303
70-74;1689818;1732563;1770303;1809593;1859518;1924795;2003224;2094581;2194687;2297297;2398778;2499910;2600243;2701380;2806006;2915566;3028989;3145702;3264515;3383680;3501868;3618911;3734717;3847628;3955595;4057304;4153367;4244811;4330120;4406952;4474742;4534111;4583407;4633065;4698510;4788775;4900975;5035044;5182591;5330211;5468808;5599462;5722265;5833225;5927673;6002895;6058911;6095418;6115370;6123684;6124121
75-79;1105206;1144121;1190922;1240998;1288273;1330216;1368574;1403314;1439622;1484658;1542105;1610235;1688895;1774682;1862608;1949716;2036732;2123408;2210961;2301516;2396166;2494028;2594665;2697044;2799720;2901547;3002440;3102353;3199832;3293112;3381052;3464237;3543625;3617852;3684841;3744109;3796312;3840217;3884676;3942722;4021823;4119269;4234768;4361237;4487603;4606394;4718561;4824282;4920042;5001664;5066803
80-84;677628;692280;707304;724631;746369;773094;804695;841980;881564;919059;952619;983758;1012641;1042996;1079956;1126100;1180178;1242110;1309326;1378193;1446541;1514999;1583484;1652852;1724591;1799420;1876683;1956079;2036796;2117674;2197885;2277383;2356175;2433074;2506675;2576080;2641835;2704769;2763770;2817079;2864310;2906165;2941812;2978203;3025436;3089091;3166772;3257946;3357133;3456065;3549148
85-89;314944;340306;359247;374268;387076;398787;410381;422377;435871;452078;471252;493422;519178;546326;572074;595279;617114;637836;659812;686235;718616;756161;798785;844827;891952;938795;985869;1033177;1081264;1131002;1182750;1236101;1290875;1346482;1402163;1457337;1512013;1566262;1619219;1669886;1717634;1762927;1806456;1847353;1884307;1917047;1946213;1971377;1997388;2031094;2076107
90+;155814;155891;163643;175211;188114;200858;213666;226913;240102;252916;265178;277513;290381;304062;318955;335033;352599;372193;392729;412903;432174;451480;471355;492517;515998;542216;571089;602780;636664;672043;708423;746158;785393;826114;868408;912170;957358;1003936;1051543;1099797;1148335;1197201;1246463;1295445;1343371;1389754;1435003;1479630;1522751;1563205;1600637
Mulheres;;;;;;;;;;;;;;;;;;;;;;;;;;;;;;;;;;;;;;;;;;;;;;;;;;;
Faixa/Ano;2010;2011;2012;2013;2014;2015;2016;2017;2018;2019;2020;2021;2022;2023;2024;2025;2026;2027;2028;2029;2030;2031;2032;2033;2034;2035;2036;2037;2038;2039;2040;2041;2042;2043;2044;2045;2046;2047;2048;2049;2050;2051;2052;2053;2054;2055;2056;2057;2058;2059;2060
Total;99377384;100281097;101182880;102072857;102973443;103894681;104776947;105641142;106523727;107386830;108228003;109045796;109838053;110602740;111339419;112047789;112727035;113376404;113995082;114582791;115139700;115665408;116159210;116621044;117051060;117449293;117815406;118149104;118450544;118719830;118957171;119162795;119337126;119480622;119593399;119675564;119727205;119748659;119740229;119701812;119633216;119534576;119406275;119248372;119060759;118843450;118596844;118321643;118018167;117686696;117327705
0-4;7263764;7183672;7146734;7117833;7118380;7169933;7187889;7190134;7222256;7227109;7193522;7179982;7166137;7113891;7056677;6994870;6929250;6861293;6792194;6722744;6654037;6586337;6519598;6454447;6391297;6330138;6271102;6214564;6160612;6108982;6059465;6012111;5967335;5925166;5885245;5847195;5810739;5775493;5740911;5706506;5671785;5636480;5600319;5562831;5523765;5483054;5440735;5396945;5351779;5305522;5258613
05/set;7770558;7637972;7531062;7438466;7351496;7249311;7169869;7133599;7105448;7106623;7158677;7177142;7179697;7211861;7216770;7183323;7169960;7156303;7104326;7047419;6985900;6920581;6852877;6784045;6714850;6646363;6578895;6512362;6447397;6384445;6323461;6264603;6208226;6154420;6102930;6053551;6006316;5961661;5919602;5879787;5841839;5805471;5770319;5735832;5701526;5666895;5631683;5595595;5558186;5519183;5478538
out/14;8554717;8455975;8283444;8089460;7907189;7760725;7628594;7522151;7430076;7343636;7241977;7162974;7126965;7098900;7100083;7152115;7170599;7173253;7205511;7210562;7177282;7164048;7150542;7098698;7041966;6980597;6915428;6847872;6779177;6710109;6641753;6574416;6507997;6443143;6380305;6319417;6260645;6204358;6150638;6099240;6049944;6002767;5958172;5916169;5876419;5838532;5802229;5767135;5732686;5698445;5663861
15-19;8545250;8545134;8570279;8598599;8595020;8538650;8440520;8268820;8075784;7894402;7748661;7617127;7511038;7419176;7332931;7231549;7152834;7117070;7089291;7090699;7142889;7161564;7164386;7196775;7201976;7168912;7155813;7142450;7090800;7034246;6973050;6908061;6840690;6772161;6703265;6635057;6567880;6501607;6436888;6374173;6313409;6254781;6198609;6144996;6093699;6044510;5997404;5952900;5910984;5871292;5833479
20-24;8730663;8685493;8632453;8580317;8541427;8522158;8522717;8548800;8578290;8575788;8520321;8422885;8251703;8058974;7877885;7732483;7601342;7495658;7404243;7318466;7217578;7139311;7103911;7076466;7078134;7130480;7149348;7152369;7184898;7190262;7157419;7144496;7131292;7079875;7023532;6962566;6897786;6830618;6762308;6693616;6625610;6558621;6492525;6427989;6365439;6304827;6246359;6190324;6136849;6085691;6036629
25-29;8759504;8794137;8796721;8774734;8740162;8701585;8657447;8606118;8556279;8519370;8501472;8502840;8528874;8557655;8554527;8498854;8401581;8230970;8039027;7858757;7714059;7583553;7478411;7387513;7302222;7201834;7124040;7089005;7061927;7063862;7116357;7135441;7138679;7171317;7176856;7144248;7131490;7118444;7067259;7011155;6950430;6885878;6818953;6750864;6682397;6614606;6547836;6481935;6417581;6355208;6294775
30-34;8134662;8292656;8436024;8559102;8655506;8721648;8757209;8761261;8741379;8708998;8672472;8630132;8579691;8529636;8492259;8474016;8475221;8501254;8530339;8527750;8472728;8376209;8206534;8015554;7836195;7692298;7562495;7457948;7367599;7282839;7183027;7105766;7071153;7044471;7046705;7099349;7118636;7122075;7154825;7160535;7128176;7115614;7102753;7051834;6995993;6935527;6871248;6804590;6736770;6668550;6600995
35-39;7217581;7360304;7533612;7724944;7914003;8086921;8245277;8389416;8513782;8611601;8679124;8715968;8720848;8701247;8669057;8632896;8591073;8541313;8492081;8455572;8438085;8439927;8466470;8496006;8493933;8439591;8343905;8175308;7985451;7807181;7664189;7535215;7431349;7341643;7257512;7158362;7081715;7047557;7021303;7023870;7076626;7096104;7099748;7132620;7138481;7106437;7094056;7081379;7030761;6975247;6915100
40-44;6778692;6845790;6902814;6962420;7043480;7156924;7299989;7473560;7665266;7854763;8028138;8186940;8331214;8455331;8552992;8620632;8657882;8663516;8644914;8613835;8578785;8538059;8489410;8441231;8405668;8388994;8391500;8418532;8448480;8446908;8393336;8298619;8131367;7942935;7766032;7624247;7496313;7393283;7304357;7220983;7122693;7046803;7013207;6987448;6990375;7043194;7062864;7066709;7099631;7105657;7073965
45-49;6223923;6337962;6440833;6533234;6616280;6691951;6760080;6818469;6879600;6961901;7076085;7219386;7392473;7583125;7771526;7944063;8102291;8246251;8370379;8468309;8536458;8574475;8581121;8563724;8533946;8500200;8460770;8413422;8366506;8332082;8316353;8319588;8347101;8377429;8376405;8323746;8230289;8064839;7878391;7703408;7563258;7436796;7334913;7247051;7164700;7067565;6992692;6959806;6934682;6938034;6990866
50-54;5376771;5534017;5689298;5839169;5978738;6105077;6219391;6322798;6416015;6500061;6576796;6646021;6705438;6767236;6849760;6963705;7106337;7278291;7467575;7654669;7826144;7983521;8126854;8250652;8348545;8416994;8455692;8463413;8447385;8419115;8386869;8348985;8303205;8257827;8224756;8210111;8214142;8242078;8272708;8272262;8220740;8128940;7965977;7782295;7609981;7472079;7347622;7247303;7160879;7079920;6984373
55-59;4432743;4590633;4749890;4909737;5069150;5227119;5383125;5537330;5686330;5825240;5951176;6065299;6168619;6261809;6346002;6423020;6492695;6552788;6615246;6697988;6811458;6952954;7123064;7310048;7494871;7664408;7820119;7962106;8084941;8182318;8250753;8289954;8298764;8284278;8257737;8227267;8191196;8147302;8103751;8072269;8058871;8063723;8091991;8122772;8122927;8072809;7983158;7823559;7643653;7474984;7340157
60-64;3514780;3660366;3805267;3950635;4098973;4251517;4406707;4563335;4720676;4877607;5033165;5186796;5338620;5485311;5622167;5746464;5859310;5961715;6054307;6138173;6215013;6284717;6345103;6407794;6490177;6602344;6741631;6908565;7091767;7272814;7439034;7591869;7731387;7852281;7948365;8016235;8055661;8065487;8052664;8028119;7999680;7965774;7924151;7882847;7853280;7841324;7847086;7875513;7906215;7906918;7858543
65-69;2651990;2756408;2879605;3016173;3157397;3298030;3438872;3579276;3720291;3864254;4012244;4162815;4314753;4467342;4619567;4770537;4919734;5067255;5209895;5343114;5464296;5574519;5674802;5765692;5848178;5923895;5992761;6052710;6114911;6195985;6305561;6440967;6602686;6779782;6954755;7115536;7263504;7398788;7516234;7609815;7676222;7715300;7726054;7715112;7692923;7666987;7635743;7597019;7558569;7531415;7521177
70-74;2102224;2156789;2204652;2253926;2316429;2398670;2498217;2614903;2743842;2877091;3009885;3142991;3275848;3409374;3545763;3685934;3828611;3972652;4117387;4261854;4405172;4546874;4687048;4822679;4949468;5064985;5170268;5266293;5353559;5432924;5505888;5572460;5630751;5691223;5769421;5874274;6003151;6156325;6323635;6488820;6640747;6780731;6908947;7020499;7109604;7173107;7210968;7222358;7213525;7194194;7171363
75-79;1492784;1544677;1606315;1672386;1735303;1791602;1843027;1889061;1936628;1995878;2072284;2163783;2270175;2387224;2508065;2628645;2749655;2870706;2992562;3117106;3245094;3375377;3506991;3639270;3771408;3902531;4032250;4160652;4284966;4401296;4507406;4604325;4693006;4773850;4847542;4915432;4977539;5032292;5089135;5162077;5259045;5377458;5517370;5669626;5819805;5958073;6085643;6202786;6304934;6386709;6445168
80-84;1011816;1034783;1057594;1083186;1114797;1153777;1199670;1253255;1310296;1364756;1413939;1459433;1501065;1544334;1597295;1664180;1743331;1834577;1934437;2037456;2140390;2243880;2347676;2452397;2559507;2669564;2781618;2894907;3008818;3122667;3235703;3347602;3458462;3565860;3666442;3758266;3842366;3919622;3990318;4054925;4114525;4169257;4217871;4268491;4332980;4417881;4520736;4641272;4771766;4900246;5018661
85-89;515585;561054;595323;622495;645478;666361;686636;707112;729646;756364;788078;824584;866553;910910;953385;992126;1028467;1062520;1098244;1141243;1194404;1256505;1327396;1404534;1484026;1563596;1643821;1724600;1806345;1890062;1976064;2063667;2152289;2241448;2330625;2419249;2507052;2594154;2678588;2757716;2830025;2896448;2957798;3014175;3065860;3113604;3157654;3197122;3238392;3290628;3358671
90+;299377;303275;320960;346041;374235;402722;431711;461744;491843;521388;549987;578698;608342;639404;672708;708377;746862;789019;833124;877075;919928;962997;1007016;1053519;1104693;1161569;1223950;1292026;1365005;1441733;1521483;1604650;1691387;1781513;1874969;1971456;2070785;2172676;2276714;2382536;2489591;2597630;2706598;2814921;2920605;3022439;3121128;3217393;3310325;3398853;3482771
